# https://github.com/mikedh/trimesh

o handle_right.obj
v 0.02041500 0.01874500 -0.15092700
v 0.02148700 0.01842000 -0.15106800
v 0.02205600 0.01700100 -0.15114300
v 0.02287700 0.01670600 -0.15125100
v 0.02330100 0.01495200 -0.15130700
v 0.02393000 0.01476300 -0.15139000
v 0.02409700 0.01268500 -0.15141200
v 0.02461200 0.01265800 -0.15147900
v 0.02440800 0.01030200 -0.15145300
v 0.02489900 0.01046300 -0.15151700
v 0.02422100 0.00790500 -0.15142800
v 0.02478100 0.00825200 -0.15150200
v 0.02354500 0.00560000 -0.15133900
v 0.02426200 0.00610000 -0.15143300
v 0.02240700 0.00348700 -0.15118900
v 0.00361400 0.01651300 -0.14871500
v 0.00391600 0.01773600 -0.14875500
v 0.00516200 0.01834100 -0.14891900
v 0.00548000 0.01929000 -0.14896100
v 0.00705200 0.01980500 -0.14916800
v 0.00730100 0.02052800 -0.14920000
v 0.00920400 0.02084000 -0.14945100
v 0.00931600 0.02140700 -0.14946600
v 0.01152100 0.02140200 -0.14975600
v 0.01145700 0.02189700 -0.14974700
v 0.01390400 0.02146500 -0.15007000
v 0.01365100 0.02198300 -0.15003600
v 0.01624800 0.02102700 -0.15037800
v 0.01582300 0.02166000 -0.15032200
v 0.01845000 0.02010700 -0.15066800
v 0.01789900 0.02094000 -0.15059600
v 0.01980900 0.01984800 -0.15084700
v 0.00560600 0.00125500 -0.14897700
v 0.00453400 0.00158000 -0.14883600
v 0.00396600 0.00299900 -0.14876100
v 0.00314400 0.00329400 -0.14865300
v 0.00272000 0.00504800 -0.14859700
v 0.00209100 0.00523700 -0.14851400
v 0.00192400 0.00731500 -0.14849200
v 0.00140900 0.00734200 -0.14842500
v 0.00161300 0.00969800 -0.14845100
v 0.00112200 0.00953700 -0.14838700
v 0.00180000 0.01209500 -0.14847600
v 0.00124000 0.01174800 -0.14840200
v 0.00247600 0.01440000 -0.14856500
v 0.00175900 0.01390000 -0.14847100
v 0.00266100 0.01591900 -0.14858900
v 0.02336000 0.00408100 -0.15131500
v 0.02210500 0.00226400 -0.15114900
v 0.02086000 0.00165900 -0.15098500
v 0.02054100 0.00071000 -0.15094300
v 0.01896900 0.00019500 -0.15073600
v 0.01872000 -0.00052800 -0.15070400
v 0.01681700 -0.00084000 -0.15045300
v 0.01670500 -0.00140700 -0.15043800
v 0.01450000 -0.00140200 -0.15014800
v 0.01456400 -0.00189700 -0.15015700
v 0.01211700 -0.00146500 -0.14983400
v 0.01237000 -0.00198300 -0.14986800
v 0.00977300 -0.00102700 -0.14952600
v 0.01019800 -0.00166000 -0.14958200
v 0.00757100 -0.00010700 -0.14923600
v 0.00812200 -0.00094000 -0.14930800
v 0.00621200 0.00015200 -0.14905700
v 0.01666600 0.01651300 -0.04957000
v 0.01571400 0.01591900 -0.04944500
v 0.01552900 0.01440000 -0.04942100
v 0.01481200 0.01390000 -0.04932600
v 0.01485200 0.01209500 -0.04933200
v 0.01429300 0.01174800 -0.04925800
v 0.01466500 0.00969800 -0.04930700
v 0.01417500 0.00953700 -0.04924200
v 0.01497700 0.00731500 -0.04934800
v 0.01446100 0.00734200 -0.04928000
v 0.01577300 0.00504800 -0.04945300
v 0.01514300 0.00523700 -0.04937000
v 0.01701800 0.00299900 -0.04961700
v 0.01619700 0.00329400 -0.04950900
v 0.01865900 0.00125500 -0.04983300
v 0.03546000 0.00348700 -0.05204500
v 0.03641300 0.00408100 -0.05217000
v 0.03659700 0.00560000 -0.05219400
v 0.03731500 0.00610000 -0.05228900
v 0.03727400 0.00790500 -0.05228300
v 0.03783400 0.00825200 -0.05235700
v 0.03746100 0.01030200 -0.05230800
v 0.03795200 0.01046300 -0.05237300
v 0.03715000 0.01268500 -0.05226700
v 0.03766500 0.01265800 -0.05233500
v 0.03635400 0.01495200 -0.05216200
v 0.03698300 0.01476300 -0.05224500
v 0.03510800 0.01700100 -0.05199800
v 0.03592900 0.01670600 -0.05210600
v 0.03346700 0.01874500 -0.05178200
v 0.01758700 0.00158000 -0.04969200
v 0.01926500 0.00015200 -0.04991300
v 0.02062400 -0.00010700 -0.05009100
v 0.02117500 -0.00094000 -0.05016400
v 0.02282600 -0.00102700 -0.05038100
v 0.02325100 -0.00166000 -0.05043700
v 0.02516900 -0.00146500 -0.05069000
v 0.02542300 -0.00198300 -0.05072300
v 0.02755200 -0.00140200 -0.05100400
v 0.02761700 -0.00189700 -0.05101200
v 0.02987000 -0.00084000 -0.05130900
v 0.02975800 -0.00140700 -0.05129400
v 0.03202100 0.00019500 -0.05159200
v 0.03177300 -0.00052800 -0.05155900
v 0.03391200 0.00165900 -0.05184100
v 0.03359400 0.00071000 -0.05179900
v 0.03515800 0.00226400 -0.05200500
v 0.03454000 0.01842000 -0.05192300
v 0.03286100 0.01984800 -0.05170300
v 0.03150300 0.02010700 -0.05152400
v 0.03095200 0.02094000 -0.05145100
v 0.02930100 0.02102700 -0.05123400
v 0.02887500 0.02166000 -0.05117800
v 0.02695700 0.02146500 -0.05092500
v 0.02670300 0.02198300 -0.05089200
v 0.02457400 0.02140200 -0.05061100
v 0.02450900 0.02189700 -0.05060300
v 0.02225600 0.02084000 -0.05030600
v 0.02236800 0.02140700 -0.05032100
v 0.02010500 0.01980500 -0.05002300
v 0.02035300 0.02052800 -0.05005600
v 0.01821400 0.01834100 -0.04977400
v 0.01853300 0.01929000 -0.04981600
v 0.01696800 0.01773600 -0.04961000
v 0.01802100 -0.00425800 -0.14758600
v 0.03029000 -0.00425800 -0.05439000
v 0.01534400 -0.00487200 -0.14723300
v 0.02761400 -0.00487200 -0.05403800
v 0.01260200 -0.00497800 -0.14687200
v 0.02487200 -0.00497800 -0.05367700
v 0.01146200 -0.00487200 -0.14672200
v 0.02373200 -0.00487200 -0.05352600
v 0.00988700 -0.00457500 -0.14651500
v 0.02215600 -0.00457500 -0.05331900
v 0.00771200 -0.00385900 -0.14622900
v 0.01998100 -0.00385900 -0.05303300
v 0.00729200 -0.00367500 -0.14617300
v 0.01956100 -0.00367500 -0.05297700
v 0.00490400 -0.00231000 -0.14585900
v 0.01717400 -0.00231000 -0.05266300
v 0.00435000 -0.00190100 -0.14578600
v 0.01661900 -0.00190100 -0.05259000
v 0.00280600 -0.00052500 -0.14558300
v 0.01507600 -0.00052500 -0.05238700
v 0.00160400 0.00086800 -0.14542400
v 0.01387400 0.00086800 -0.05222900
v 0.00106900 0.00161800 -0.14535400
v 0.01333900 0.00161800 -0.05215800
v -0.00024800 0.00404600 -0.14518100
v 0.01202200 0.00404600 -0.05198500
v -0.00033700 0.00425900 -0.14516900
v 0.01193200 0.00425900 -0.05197300
v -0.00110000 0.00667700 -0.14506800
v 0.01116900 0.00667700 -0.05187300
v -0.00134200 0.00804100 -0.14503700
v 0.01092700 0.00804100 -0.05184100
v -0.00145800 0.00942100 -0.14502100
v 0.01081100 0.00942100 -0.05182500
v -0.00134200 0.01195700 -0.14503700
v 0.01092700 0.01195700 -0.05184100
v -0.00131100 0.01218600 -0.14504100
v 0.01095900 0.01218600 -0.05184500
v -0.00066200 0.01487500 -0.14512600
v 0.01160700 0.01487500 -0.05193000
v -0.00033800 0.01573900 -0.14516900
v 0.01193200 0.01573900 -0.05197300
v 0.00046500 0.01739900 -0.14527500
v 0.01273500 0.01739900 -0.05207900
v 0.00160300 0.01913100 -0.14542400
v 0.01387200 0.01913100 -0.05222800
v 0.00203400 0.01967000 -0.14548100
v 0.01430300 0.01967000 -0.05228500
v 0.00398900 0.02161300 -0.14573800
v 0.01625800 0.02161300 -0.05254300
v 0.00434800 0.02190000 -0.14578600
v 0.01661700 0.02190000 -0.05259000
v 0.00626500 0.02316000 -0.14603800
v 0.01853400 0.02316000 -0.05284200
v 0.00771000 0.02385800 -0.14622800
v 0.01997900 0.02385800 -0.05303200
v 0.00878400 0.02425800 -0.14637000
v 0.02105300 0.02425800 -0.05317400
v 0.01146000 0.02487200 -0.14672200
v 0.02372900 0.02487200 -0.05352600
v 0.01420200 0.02497800 -0.14708300
v 0.02647200 0.02497800 -0.05388700
v 0.01534200 0.02487200 -0.14723300
v 0.02761200 0.02487200 -0.05403700
v 0.01691700 0.02457500 -0.14744000
v 0.02918700 0.02457500 -0.05424500
v 0.01909200 0.02385900 -0.14772700
v 0.03136200 0.02385900 -0.05453100
v 0.01951300 0.02367500 -0.14778200
v 0.03178200 0.02367500 -0.05458600
v 0.02190000 0.02231000 -0.14809600
v 0.03416900 0.02231000 -0.05490100
v 0.02245500 0.02190100 -0.14816900
v 0.03472400 0.02190100 -0.05497400
v 0.02399800 0.02052500 -0.14837300
v 0.03626700 0.02052500 -0.05517700
v 0.02520000 0.01913200 -0.14853100
v 0.03746900 0.01913200 -0.05533500
v 0.02573500 0.01838200 -0.14860100
v 0.03800400 0.01838200 -0.05540500
v 0.02705200 0.01595400 -0.14877500
v 0.03932100 0.01595400 -0.05557900
v 0.02714100 0.01574100 -0.14878600
v 0.03941100 0.01574100 -0.05559100
v 0.02790400 0.01332300 -0.14888700
v 0.04017400 0.01332300 -0.05569100
v 0.02814600 0.01195900 -0.14891900
v 0.04041600 0.01195900 -0.05572300
v 0.02826300 0.01057900 -0.14893400
v 0.04053200 0.01057900 -0.05573800
v 0.02814700 0.00804300 -0.14891900
v 0.04041600 0.00804300 -0.05572300
v 0.02811500 0.00781400 -0.14891500
v 0.04038500 0.00781400 -0.05571900
v 0.02746600 0.00512500 -0.14882900
v 0.03973600 0.00512500 -0.05563300
v 0.02714200 0.00426100 -0.14878700
v 0.03941200 0.00426100 -0.05559100
v 0.02633900 0.00260100 -0.14868100
v 0.03860800 0.00260100 -0.05548500
v 0.02520100 0.00086900 -0.14853100
v 0.03747100 0.00086900 -0.05533500
v 0.02477100 0.00033000 -0.14847400
v 0.03704000 0.00033000 -0.05527900
v 0.02281500 -0.00161300 -0.14821700
v 0.03508500 -0.00161300 -0.05502100
v 0.02245600 -0.00190000 -0.14817000
v 0.03472600 -0.00190000 -0.05497400
v 0.02053900 -0.00316000 -0.14791700
v 0.03280900 -0.00316000 -0.05472100
v 0.01909400 -0.00385800 -0.14772700
v 0.03136400 -0.00385800 -0.05453100
v 0.01253300 0.00052900 -0.14787200
v 0.02506400 0.00052900 -0.05269300
v 0.01450200 0.00058100 -0.14813100
v 0.02703200 0.00058100 -0.05295200
v 0.01641600 0.00104500 -0.14838300
v 0.02894700 0.00104500 -0.05320400
v 0.01732700 0.00142600 -0.14850300
v 0.02985800 0.00142600 -0.05332400
v 0.01819300 0.00190000 -0.14861700
v 0.03072400 0.00190000 -0.05343800
v 0.01975600 0.00310900 -0.14882300
v 0.03228600 0.00310900 -0.05364400
v 0.02103400 0.00462000 -0.14899100
v 0.03356500 0.00462000 -0.05381200
v 0.02154900 0.00546800 -0.14905900
v 0.03408000 0.00546800 -0.05388000
v 0.02197400 0.00636500 -0.14911500
v 0.03450400 0.00636500 -0.05393600
v 0.02253300 0.00826900 -0.14918800
v 0.03506300 0.00826900 -0.05401000
v 0.02268700 0.01024900 -0.14920900
v 0.03521800 0.01024900 -0.05403000
v 0.02261000 0.01124100 -0.14919800
v 0.03514000 0.01124100 -0.05402000
v 0.02243000 0.01221800 -0.14917500
v 0.03496000 0.01221800 -0.05399600
v 0.02177200 0.01409100 -0.14908800
v 0.03430300 0.01409100 -0.05391000
v 0.02074400 0.01578400 -0.14895300
v 0.03327400 0.01578400 -0.05377400
v 0.02010300 0.01654000 -0.14886900
v 0.03263400 0.01654000 -0.05369000
v 0.01938800 0.01722400 -0.14877400
v 0.03191900 0.01722400 -0.05359600
v 0.01776500 0.01834900 -0.14856100
v 0.03029600 0.01834900 -0.05338200
v 0.01594600 0.01910900 -0.14832100
v 0.02847600 0.01910900 -0.05314200
v 0.01498700 0.01934100 -0.14819500
v 0.02751800 0.01934100 -0.05301600
v 0.01401000 0.01947100 -0.14806600
v 0.02654000 0.01947100 -0.05288800
v 0.01204100 0.01941900 -0.14780700
v 0.02457200 0.01941900 -0.05262800
v 0.01012700 0.01895500 -0.14755500
v 0.02265700 0.01895500 -0.05237600
v 0.00921600 0.01857400 -0.14743500
v 0.02174700 0.01857400 -0.05225600
v 0.00835000 0.01810000 -0.14732100
v 0.02088000 0.01810000 -0.05214200
v 0.00678800 0.01689100 -0.14711500
v 0.01931800 0.01689100 -0.05193700
v 0.00550900 0.01538000 -0.14694700
v 0.01803900 0.01538000 -0.05176800
v 0.00499400 0.01453200 -0.14687900
v 0.01752400 0.01453200 -0.05170100
v 0.00457000 0.01363500 -0.14682300
v 0.01710000 0.01363500 -0.05164500
v 0.00401000 0.01173100 -0.14675000
v 0.01654100 0.01173100 -0.05157100
v 0.00385600 0.00975100 -0.14673000
v 0.01638700 0.00975100 -0.05155100
v 0.00393400 0.00875900 -0.14674000
v 0.01646400 0.00875900 -0.05156100
v 0.00411300 0.00778200 -0.14676300
v 0.01664400 0.00778200 -0.05158500
v 0.00477100 0.00590900 -0.14685000
v 0.01730100 0.00590900 -0.05167100
v 0.00580000 0.00421600 -0.14698500
v 0.01833000 0.00421600 -0.05180700
v 0.00644000 0.00346000 -0.14707000
v 0.01897100 0.00346000 -0.05189100
v 0.00715500 0.00277600 -0.14716400
v 0.01968600 0.00277600 -0.05198500
v 0.00877800 0.00165100 -0.14737800
v 0.02130900 0.00165100 -0.05219900
v 0.01059700 0.00089100 -0.14761700
v 0.02312800 0.00089100 -0.05243800
v 0.01155600 0.00065900 -0.14774300
v 0.02408600 0.00065900 -0.05256500
v 0.02465300 0.02064300 -0.05077500
v 0.02249000 0.02011900 -0.05049100
v 0.02468100 0.01999900 -0.05121600
v 0.02264800 0.01950700 -0.05094900
v 0.02465200 0.01957000 -0.05186700
v 0.02270700 0.01909800 -0.05161100
v 0.02048200 0.01915200 -0.05022600
v 0.01871700 0.01778600 -0.04999400
v 0.02076100 0.01859900 -0.05070000
v 0.01910300 0.01731500 -0.05048200
v 0.02090100 0.01823000 -0.05137300
v 0.01931400 0.01700100 -0.05116400
v 0.01727200 0.01607900 -0.04980400
v 0.01774500 0.01571200 -0.05030300
v 0.01801500 0.01546600 -0.05099300
v 0.01621000 0.01410700 -0.04966400
v 0.01557900 0.01195500 -0.04958100
v 0.01674800 0.01385900 -0.05017200
v 0.01615500 0.01183700 -0.05009400
v 0.01706100 0.01369300 -0.05086800
v 0.01649200 0.01175800 -0.05079300
v 0.01540400 0.00971800 -0.04955800
v 0.01599100 0.00973500 -0.05007200
v 0.01633600 0.00974700 -0.05077200
v 0.01569500 0.00749300 -0.04959600
v 0.01643800 0.00537800 -0.04969400
v 0.01626400 0.00764500 -0.05010800
v 0.01696200 0.00565700 -0.05020000
v 0.01659700 0.00774600 -0.05080700
v 0.01726500 0.00584400 -0.05089400
v 0.01760000 0.00346500 -0.04984700
v 0.01805400 0.00386000 -0.05034400
v 0.01831000 0.00412400 -0.05103200
v 0.01913200 0.00183700 -0.05004900
v 0.02096600 0.00056600 -0.05029000
v 0.01949300 0.00233000 -0.05053300
v 0.02121600 0.00113600 -0.05076000
v 0.01968800 0.00266000 -0.05121300
v 0.02133600 0.00151700 -0.05143100
v 0.02302100 -0.00029300 -0.05056100
v 0.02314700 0.00032900 -0.05101400
v 0.02318500 0.00074500 -0.05167400
v 0.02520900 -0.00070200 -0.05084900
v 0.02743300 -0.00064300 -0.05114100
v 0.02520300 -0.00005500 -0.05128500
v 0.02729300 0.00000100 -0.05156000
v 0.02515200 0.00037700 -0.05193300
v 0.02715200 0.00043000 -0.05219600
v 0.02959700 -0.00011900 -0.05142600
v 0.02932500 0.00049300 -0.05182800
v 0.02909700 0.00090200 -0.05245200
v 0.03160500 0.00084800 -0.05169100
v 0.03337000 0.00221400 -0.05192300
v 0.03121200 0.00140100 -0.05207600
v 0.03287000 0.00268500 -0.05229500
v 0.03090300 0.00177000 -0.05269000
v 0.03249000 0.00299900 -0.05289900
v 0.03481500 0.00392100 -0.05211300
v 0.03422800 0.00428800 -0.05247300
v 0.03378900 0.00453400 -0.05307000
v 0.03587600 0.00589300 -0.05225300
v 0.03650800 0.00804500 -0.05233600
v 0.03522500 0.00614100 -0.05260500
v 0.03581900 0.00816300 -0.05268300
v 0.03474400 0.00630700 -0.05319600
v 0.03531200 0.00824200 -0.05327000
v 0.03668200 0.01028200 -0.05235900
v 0.03598300 0.01026500 -0.05270400
v 0.03546800 0.01025300 -0.05329100
v 0.03639200 0.01250700 -0.05232100
v 0.03564900 0.01462200 -0.05222300
v 0.03571000 0.01235500 -0.05266800
v 0.03501200 0.01434300 -0.05257600
v 0.03520700 0.01225400 -0.05325700
v 0.03453900 0.01415600 -0.05316900
v 0.03448600 0.01653500 -0.05207000
v 0.03391900 0.01614000 -0.05243300
v 0.03349400 0.01587600 -0.05303100
v 0.03295500 0.01816300 -0.05186800
v 0.03112100 0.01943400 -0.05162700
v 0.03248000 0.01767000 -0.05224300
v 0.03075700 0.01886400 -0.05201600
v 0.03211600 0.01734000 -0.05285000
v 0.03046800 0.01848300 -0.05263300
v 0.02906500 0.02029300 -0.05135600
v 0.02882600 0.01967100 -0.05176200
v 0.02861900 0.01925500 -0.05238900
v 0.02687800 0.02070200 -0.05106800
v 0.02677000 0.02005500 -0.05149100
v 0.02665200 0.01962300 -0.05213000
v 0.00817100 0.01823000 -0.14807000
v 0.00658400 0.01700100 -0.14786100
v 0.00528500 0.01546600 -0.14769000
v 0.00433000 0.01369300 -0.14756400
v 0.00376200 0.01175800 -0.14748900
v 0.00360500 0.00974700 -0.14746800
v 0.00386700 0.00774600 -0.14750300
v 0.00453500 0.00584400 -0.14759100
v 0.00558000 0.00412400 -0.14772800
v 0.00695700 0.00266000 -0.14791000
v 0.00860600 0.00151700 -0.14812700
v 0.01045400 0.00074500 -0.14837000
v 0.01242200 0.00037700 -0.14862900
v 0.01442200 0.00043000 -0.14889200
v 0.01636700 0.00090200 -0.14914900
v 0.01817200 0.00177000 -0.14938600
v 0.01976000 0.00299900 -0.14959500
v 0.02105900 0.00453400 -0.14976600
v 0.02201300 0.00630700 -0.14989200
v 0.02258100 0.00824200 -0.14996700
v 0.02273800 0.01025300 -0.14998700
v 0.02247700 0.01225400 -0.14995300
v 0.02180900 0.01415600 -0.14986500
v 0.02076300 0.01587600 -0.14972700
v 0.01938600 0.01734000 -0.14954600
v 0.01773700 0.01848300 -0.14932900
v 0.01588900 0.01925500 -0.14908600
v 0.01392200 0.01962300 -0.14882700
v 0.01192200 0.01957000 -0.14856300
v 0.00997700 0.01909800 -0.14830700
v 0.01387100 0.02005500 -0.14947400
v 0.01592600 0.01967100 -0.14974500
v 0.01785800 0.01886400 -0.14999900
v 0.01958100 0.01767000 -0.15022600
v 0.02102000 0.01614000 -0.15041600
v 0.02211200 0.01434300 -0.15055900
v 0.02281000 0.01235500 -0.15065100
v 0.02308300 0.01026500 -0.15068700
v 0.02291900 0.00816300 -0.15066600
v 0.02232600 0.00614100 -0.15058800
v 0.02132800 0.00428800 -0.15045600
v 0.01997100 0.00268500 -0.15027700
v 0.01831200 0.00140100 -0.15005900
v 0.01642600 0.00049300 -0.14981100
v 0.01439300 0.00000100 -0.14954300
v 0.01230300 -0.00005500 -0.14926800
v 0.01024800 0.00032900 -0.14899700
v 0.00831600 0.00113600 -0.14874300
v 0.00659300 0.00233000 -0.14851600
v 0.00515400 0.00386000 -0.14832700
v 0.00406200 0.00565700 -0.14818300
v 0.00336400 0.00764500 -0.14809100
v 0.00309100 0.00973500 -0.14805500
v 0.00325500 0.01183700 -0.14807700
v 0.00384800 0.01385900 -0.14815500
v 0.00484600 0.01571200 -0.14828600
v 0.00620300 0.01731500 -0.14846500
v 0.00786200 0.01859900 -0.14868300
v 0.00974800 0.01950700 -0.14893200
v 0.01178100 0.01999900 -0.14919900
v 0.01386500 0.02070200 -0.14991100
v 0.01605200 0.02029300 -0.15019900
v 0.01810800 0.01943400 -0.15047000
v 0.01994200 0.01816300 -0.15071100
v 0.02147300 0.01653500 -0.15091300
v 0.02263600 0.01462200 -0.15106600
v 0.02337900 0.01250700 -0.15116300
v 0.02367000 0.01028200 -0.15120200
v 0.02349500 0.00804500 -0.15117900
v 0.02286300 0.00589300 -0.15109600
v 0.02180200 0.00392100 -0.15095600
v 0.02035700 0.00221400 -0.15076600
v 0.01859200 0.00084800 -0.15053300
v 0.01658400 -0.00011900 -0.15026900
v 0.01442000 -0.00064300 -0.14998400
v 0.01219600 -0.00070200 -0.14969100
v 0.01000800 -0.00029300 -0.14940300
v 0.00795300 0.00056600 -0.14913300
v 0.00611900 0.00183700 -0.14889100
v 0.00458700 0.00346500 -0.14869000
v 0.00342500 0.00537800 -0.14853600
v 0.00268200 0.00749300 -0.14843900
v 0.00239100 0.00971800 -0.14840000
v 0.00256600 0.01195500 -0.14842300
v 0.00319700 0.01410700 -0.14850700
v 0.00425900 0.01607900 -0.14864600
v 0.00570400 0.01778600 -0.14883600
v 0.00746900 0.01915200 -0.14906900
v 0.00947700 0.02011900 -0.14933300
v 0.01164000 0.02064300 -0.14961800
v 0.01655200 0.02143600 -0.05142300
v 0.01879300 0.02295900 -0.05171800
v 0.01462600 0.01952300 -0.05117000
v 0.01308200 0.01728600 -0.05096600
v 0.01197100 0.01480100 -0.05082000
v 0.01133200 0.01215200 -0.05073600
v 0.01118700 0.00943000 -0.05071700
v 0.01154000 0.00672800 -0.05076300
v 0.01237900 0.00413700 -0.05087400
v 0.01367600 0.00174500 -0.05104500
v 0.01538700 -0.00036500 -0.05127000
v 0.01745300 -0.00212300 -0.05154200
v 0.01980400 -0.00346700 -0.05185100
v 0.02236000 -0.00435300 -0.05218800
v 0.02503400 -0.00475000 -0.05254000
v 0.02773400 -0.00464500 -0.05289500
v 0.03037000 -0.00404100 -0.05324200
v 0.03285000 -0.00295900 -0.05356900
v 0.03509100 -0.00143600 -0.05386400
v 0.03701700 0.00047700 -0.05411800
v 0.03856100 0.00271400 -0.05432100
v 0.03967200 0.00519900 -0.05446700
v 0.04031000 0.00784800 -0.05455100
v 0.04045600 0.01057000 -0.05457000
v 0.04010300 0.01327200 -0.05452400
v 0.03926400 0.01586300 -0.05441300
v 0.03796600 0.01825500 -0.05424300
v 0.03625600 0.02036500 -0.05401700
v 0.03419000 0.02212300 -0.05374500
v 0.03183900 0.02346700 -0.05343600
v 0.02928300 0.02435300 -0.05309900
v 0.02660900 0.02475000 -0.05274700
v 0.02390900 0.02464500 -0.05239200
v 0.02127300 0.02404100 -0.05204500
v 0.02670200 0.02410100 -0.05177800
v 0.02925800 0.02372100 -0.05211400
v 0.03170100 0.02287400 -0.05243600
v 0.03394800 0.02158900 -0.05273200
v 0.03592400 0.01990900 -0.05299200
v 0.03755900 0.01789100 -0.05320700
v 0.03879900 0.01560500 -0.05337000
v 0.03960100 0.01312800 -0.05347600
v 0.03993900 0.01054500 -0.05352100
v 0.03980000 0.00794200 -0.05350200
v 0.03918900 0.00541000 -0.05342200
v 0.03812700 0.00303500 -0.05328200
v 0.03665100 0.00089600 -0.05308800
v 0.03481000 -0.00093200 -0.05284500
v 0.03266800 -0.00238900 -0.05256300
v 0.03029600 -0.00342300 -0.05225100
v 0.02777700 -0.00400000 -0.05191900
v 0.02519500 -0.00410100 -0.05158000
v 0.02263900 -0.00372100 -0.05124300
v 0.02019600 -0.00287400 -0.05092100
v 0.01794800 -0.00158900 -0.05062500
v 0.01597300 0.00009100 -0.05036500
v 0.01433800 0.00210900 -0.05015000
v 0.01309800 0.00439500 -0.04998700
v 0.01229600 0.00687200 -0.04988100
v 0.01195800 0.00945500 -0.04983700
v 0.01209700 0.01205800 -0.04985500
v 0.01270800 0.01459000 -0.04993600
v 0.01377000 0.01696500 -0.05007500
v 0.01524600 0.01910400 -0.05027000
v 0.01708700 0.02093200 -0.05051200
v 0.01922900 0.02238900 -0.05079400
v 0.02160100 0.02342300 -0.05110600
v 0.02412000 0.02400000 -0.05143800
v 0.02673500 0.02312900 -0.05112600
v 0.02911400 0.02277500 -0.05144000
v 0.03138900 0.02198700 -0.05173900
v 0.03348200 0.02079000 -0.05201500
v 0.03532100 0.01922600 -0.05225700
v 0.03684400 0.01734800 -0.05245700
v 0.03799800 0.01521900 -0.05260900
v 0.03874500 0.01291300 -0.05270700
v 0.03905900 0.01050700 -0.05274900
v 0.03893000 0.00808400 -0.05273200
v 0.03836100 0.00572700 -0.05265700
v 0.03737300 0.00351500 -0.05252700
v 0.03599800 0.00152400 -0.05234600
v 0.03428400 -0.00017900 -0.05212000
v 0.03229000 -0.00153500 -0.05185800
v 0.03008200 -0.00249800 -0.05156700
v 0.02773600 -0.00303500 -0.05125800
v 0.02533200 -0.00312900 -0.05094200
v 0.02295200 -0.00277500 -0.05062800
v 0.02067700 -0.00198700 -0.05032900
v 0.01858500 -0.00079000 -0.05005300
v 0.01674600 0.00077400 -0.04981100
v 0.01522300 0.00265200 -0.04961100
v 0.01406900 0.00478100 -0.04945900
v 0.01332200 0.00708700 -0.04936000
v 0.01300700 0.00949300 -0.04931900
v 0.01313700 0.01191600 -0.04933600
v 0.01370500 0.01427300 -0.04941100
v 0.01469400 0.01648500 -0.04954100
v 0.01606800 0.01847600 -0.04972200
v 0.01778200 0.02017900 -0.04994800
v 0.01977700 0.02153500 -0.05021000
v 0.02198500 0.02249800 -0.05050100
v 0.02433100 0.02303500 -0.05081000
v 0.02368700 0.02036500 -0.14949000
v 0.02753400 0.01327200 -0.14999600
v 0.02774100 0.00784800 -0.15002300
v 0.02599200 0.00271400 -0.14979300
v 0.00979100 -0.00435300 -0.14766000
v -0.00102900 0.00672800 -0.14623600
v -0.00123700 0.01215200 -0.14620800
v 0.00051300 0.01728600 -0.14643900
v 0.00205700 0.01952300 -0.14664200
v 0.01374200 0.02312900 -0.14981800
v 0.01133800 0.02303500 -0.14950100
v 0.00899200 0.02249800 -0.14919300
v 0.00678400 0.02153500 -0.14890200
v 0.01612100 0.02277500 -0.15013100
v 0.01643400 0.02372100 -0.14951600
v 0.01839600 0.02198700 -0.15043100
v 0.01887800 0.02287400 -0.14983800
v 0.01927000 0.02346700 -0.14890800
v 0.01387800 0.02410100 -0.14918000
v 0.01129700 0.02400000 -0.14884000
v 0.00877700 0.02342300 -0.14850800
v 0.00640600 0.02238900 -0.14819600
v 0.00001400 0.00949300 -0.14801100
v 0.00032900 0.00708700 -0.14805200
v -0.00086500 0.00945500 -0.14723900
v -0.00052700 0.00687200 -0.14728300
v -0.00138200 0.00943000 -0.14618900
v 0.00223000 0.00265200 -0.14830200
v 0.00375300 0.00077400 -0.14850300
v 0.00151500 0.00210900 -0.14755200
v 0.00315000 0.00009100 -0.14776800
v 0.00110700 0.00174500 -0.14651700
v 0.00281800 -0.00036500 -0.14674200
v 0.00559200 -0.00079000 -0.14874500
v 0.00512500 -0.00158900 -0.14802800
v 0.00488400 -0.00212300 -0.14701400
v 0.00768400 -0.00198700 -0.14902000
v 0.00737300 -0.00287400 -0.14832300
v 0.00723500 -0.00346700 -0.14732400
v 0.01708900 -0.00249800 -0.15025900
v 0.01929700 -0.00153500 -0.15054900
v 0.01747300 -0.00342300 -0.14965300
v 0.01984500 -0.00238900 -0.14996500
v 0.01780000 -0.00404100 -0.14871500
v 0.02028100 -0.00295900 -0.14904100
v 0.02129100 -0.00017900 -0.15081200
v 0.02198700 -0.00093200 -0.15024800
v 0.02252200 -0.00143600 -0.14933600
v 0.02300500 0.00152400 -0.15103700
v 0.02382800 0.00089600 -0.15049000
v 0.02444800 0.00047700 -0.14959000
v 0.02606600 0.01050700 -0.15144000
v 0.02575200 0.01291300 -0.15139900
v 0.02711500 0.01054500 -0.15092300
v 0.02677800 0.01312800 -0.15087800
v 0.02788700 0.01057000 -0.15004300
v 0.02385100 0.01734800 -0.15114900
v 0.02232800 0.01922600 -0.15094800
v 0.02473600 0.01789100 -0.15060900
v 0.02310000 0.01990900 -0.15039400
v 0.02539700 0.01825500 -0.14971500
v 0.01671400 0.02435300 -0.14857200
v 0.01404000 0.02475000 -0.14822000
v 0.01134000 0.02464500 -0.14786400
v 0.00870400 0.02404100 -0.14751700
v 0.00622400 0.02295900 -0.14719100
v 0.00398200 0.02143600 -0.14689500
v 0.00426300 0.02093200 -0.14791400
v 0.00478900 0.02017900 -0.14863900
v 0.00307500 0.01847600 -0.14841400
v 0.00242300 0.01910400 -0.14767200
v 0.00094600 0.01696500 -0.14747700
v 0.00170100 0.01648500 -0.14823300
v -0.00059800 0.01480100 -0.14629200
v -0.00011500 0.01459000 -0.14733800
v 0.00071200 0.01427300 -0.14810300
v 0.00014400 0.01191600 -0.14802800
v -0.00072600 0.01205800 -0.14725700
v -0.00019000 0.00413700 -0.14634600
v 0.00027500 0.00439500 -0.14738900
v 0.00107600 0.00478100 -0.14815000
v 0.00981600 -0.00372100 -0.14864500
v 0.00995900 -0.00277500 -0.14932000
v 0.01246400 -0.00475000 -0.14801200
v 0.01237200 -0.00410100 -0.14898200
v 0.01233900 -0.00312900 -0.14963300
v 0.01474300 -0.00303500 -0.14995000
v 0.01495400 -0.00400000 -0.14932200
v 0.01516500 -0.00464500 -0.14836800
v 0.02530400 0.00303500 -0.15068400
v 0.02438000 0.00351500 -0.15121800
v 0.02710200 0.00519900 -0.14993900
v 0.02636600 0.00541000 -0.15082400
v 0.02536800 0.00572700 -0.15134900
v 0.02593700 0.00808400 -0.15142300
v 0.02697600 0.00794200 -0.15090400
v 0.02669400 0.01586300 -0.14988600
v 0.02597600 0.01560500 -0.15077300
v 0.02500500 0.01521900 -0.15130100
v 0.02162100 0.02212300 -0.14921800
v 0.02112500 0.02158900 -0.15013400
v 0.02048900 0.02079000 -0.15070600
v 0.02589500 0.02008300 -0.02850000
v 0.02258700 0.02008300 -0.02850000
v 0.02589500 0.01691800 -0.02850000
v 0.02258700 0.01723900 -0.02850000
v 0.02262100 0.01652100 -0.02850000
v 0.02277400 0.01582000 -0.02850000
v 0.02301000 0.01538100 -0.02850000
v 0.02337400 0.01504200 -0.02850000
v 0.02427100 0.01477600 -0.02850000
v 0.02491300 0.01490300 -0.02850000
v 0.02543800 0.01529100 -0.02850000
v 0.02380300 0.01484300 -0.02850000
v 0.02581200 0.01606000 -0.02850000
v 0.02258700 0.02008300 -0.02890000
v 0.02589500 0.02008300 -0.02890000
v 0.02589500 0.01691800 -0.02890000
v 0.02543800 0.01529100 -0.02890000
v 0.02581200 0.01606000 -0.02890000
v 0.02427100 0.01477600 -0.02890000
v 0.02491300 0.01490300 -0.02890000
v 0.02337400 0.01504200 -0.02890000
v 0.02380300 0.01484300 -0.02890000
v 0.02277400 0.01582000 -0.02890000
v 0.02301000 0.01538100 -0.02890000
v 0.02258700 0.01723900 -0.02890000
v 0.02262100 0.01652100 -0.02890000
v 0.04593300 0.02100000 -0.03245000
v 0.04585400 0.02100000 -0.03255400
v 0.04567700 0.02198800 -0.03255400
v 0.04575000 0.02100000 -0.03263300
v 0.04567300 0.02100000 -0.03266900
v 0.04550800 0.02192500 -0.03266900
v 0.04300000 0.02350000 -0.03270000
v 0.04300000 0.02367300 -0.03266900
v 0.04392500 0.02350800 -0.03266900
v 0.04386500 0.02334500 -0.03270000
v 0.04489000 0.02289000 -0.03266900
v 0.04476800 0.02276800 -0.03270000
v 0.04534500 0.02186500 -0.03270000
v 0.04550000 0.02100000 -0.03270000
v 0.04600000 0.02100000 -0.03220000
v 0.04596900 0.02100000 -0.03237300
v 0.04581500 0.02203800 -0.03220000
v 0.04578600 0.02202800 -0.03237300
v 0.04559800 0.02250000 -0.03220000
v 0.04512100 0.02312100 -0.03220000
v 0.04509900 0.02309900 -0.03237300
v 0.04450000 0.02359800 -0.03220000
v 0.04402800 0.02378600 -0.03237300
v 0.04403800 0.02381500 -0.03220000
v 0.04300000 0.02396900 -0.03237300
v 0.04300000 0.02400000 -0.03220000
v 0.04300000 0.02385400 -0.03255400
v 0.04398800 0.02367700 -0.03255400
v 0.04501800 0.02301800 -0.03255400
v 0.03800500 0.02400000 -0.03220400
v 0.03800000 0.02400000 -0.03220000
v 0.03826600 0.02396400 -0.03238700
v 0.03849300 0.02387000 -0.03253600
v 0.03871400 0.02370100 -0.03265800
v 0.03886600 0.02350000 -0.03270000
v 0.00813400 0.02350000 -0.03270000
v 0.00400000 0.02350000 -0.03270000
v 0.00400000 0.02367300 -0.03266900
v 0.00828600 0.02370100 -0.03265800
v 0.00400000 0.02385400 -0.03255400
v 0.00850700 0.02387000 -0.03253600
v 0.00400000 0.02396900 -0.03237300
v 0.00873400 0.02396400 -0.03238700
v 0.00400000 0.02400000 -0.03220000
v 0.00900000 0.02400000 -0.03220000
v 0.00899500 0.02400000 -0.03220400
v 0.00829300 0.02370700 -0.03761600
v 0.00806200 0.02334600 -0.03761600
v 0.00806200 0.02334600 -0.03270000
v 0.00800000 0.02300000 -0.03761600
v 0.00800000 0.02300000 -0.03270000
v 0.00865400 0.02393800 -0.03761600
v 0.00900000 0.02400000 -0.03761600
v 0.03900000 0.02300000 -0.03346400
v 0.03893800 0.02334600 -0.03346400
v 0.03900000 0.02300000 -0.03270000
v 0.03893800 0.02334600 -0.03270000
v 0.03870700 0.02370700 -0.03346400
v 0.03834600 0.02393800 -0.03346400
v 0.03800000 0.02400000 -0.03346400
v 0.00125000 0.02100000 -0.03263300
v 0.00114600 0.02100000 -0.03255400
v 0.00132300 0.02198800 -0.03255400
v 0.00106700 0.02100000 -0.03245000
v 0.00103100 0.02100000 -0.03237300
v 0.00121400 0.02202800 -0.03237300
v 0.00150000 0.02100000 -0.03270000
v 0.00132700 0.02100000 -0.03266900
v 0.00149200 0.02192500 -0.03266900
v 0.00165500 0.02186500 -0.03270000
v 0.00211000 0.02289000 -0.03266900
v 0.00223200 0.02276800 -0.03270000
v 0.00307500 0.02350800 -0.03266900
v 0.00313500 0.02334500 -0.03270000
v 0.00296200 0.02381500 -0.03220000
v 0.00297200 0.02378600 -0.03237300
v 0.00250000 0.02359800 -0.03220000
v 0.00187900 0.02312100 -0.03220000
v 0.00190100 0.02309900 -0.03237300
v 0.00140200 0.02250000 -0.03220000
v 0.00118500 0.02203800 -0.03220000
v 0.00100000 0.02100000 -0.03220000
v 0.00198200 0.02301800 -0.03255400
v 0.00301200 0.02367700 -0.03255400
v 0.00150000 0.01924300 -0.03270000
v 0.00132700 0.01924300 -0.03266900
v 0.00125000 0.01924300 -0.03263300
v 0.00114600 0.01924300 -0.03255400
v 0.00106700 0.01924300 -0.03245000
v 0.00103100 0.01924300 -0.03237300
v 0.00100000 0.01924300 -0.03220000
v 0.00025500 0.01698700 -0.03259200
v 0.00022500 0.01701800 -0.03255400
v 0.00090700 0.01803900 -0.03255400
v 0.00077200 0.01809500 -0.03220000
v 0.00080000 0.01808300 -0.03237300
v 0.00012100 0.01712100 -0.03220000
v 0.00014300 0.01709900 -0.03237300
v 0.00123400 0.01790300 -0.03270000
v 0.00068700 0.01700000 -0.03270000
v 0.00041400 0.01700000 -0.03265600
v 0.00107400 0.01796900 -0.03266900
v -0.00005500 0.01688300 -0.03240500
v -0.00028900 0.01671100 -0.03220400
v -0.00029300 0.01670700 -0.03220000
v 0.00041400 0.01700000 -0.03798700
v 0.00003200 0.01692400 -0.03798700
v -0.00029300 0.01670700 -0.03798700
v 0.00581200 0.01859300 -0.03270000
v 0.00640700 0.01918800 -0.03270000
v 0.00781500 0.01896200 -0.03270000
v 0.00800000 0.02000000 -0.03270000
v 0.00662500 0.02000000 -0.03270000
v 0.00640700 0.02081300 -0.03270000
v 0.00581200 0.02140700 -0.03270000
v 0.00500000 0.02162500 -0.03270000
v 0.00418700 0.02140700 -0.03270000
v 0.00359300 0.02081300 -0.03270000
v 0.00712100 0.01787900 -0.03270000
v 0.00603800 0.01718500 -0.03270000
v 0.00500000 0.01837500 -0.03270000
v 0.00500000 0.01700000 -0.03270000
v 0.00418700 0.01859300 -0.03270000
v 0.00359300 0.01918800 -0.03270000
v 0.00337500 0.02000000 -0.03270000
v 0.04118800 0.02140700 -0.03270000
v 0.04200000 0.02162500 -0.03270000
v 0.04281300 0.02140700 -0.03270000
v 0.04340700 0.02081300 -0.03270000
v 0.04362500 0.02000000 -0.03270000
v 0.04340700 0.01918800 -0.03270000
v 0.04118800 0.01859300 -0.03270000
v 0.03987900 0.01787900 -0.03270000
v 0.04059300 0.01918800 -0.03270000
v 0.03918500 0.01896200 -0.03270000
v 0.04037500 0.02000000 -0.03270000
v 0.03900000 0.02000000 -0.03270000
v 0.04059300 0.02081300 -0.03270000
v 0.04550000 0.01686600 -0.03270000
v 0.04534600 0.01693800 -0.03270000
v 0.04281300 0.01859300 -0.03270000
v 0.04500000 0.01700000 -0.03270000
v 0.04200000 0.01837500 -0.03270000
v 0.04200000 0.01700000 -0.03270000
v 0.04096200 0.01718500 -0.03270000
v 0.02155000 0.01622900 -0.02890000
v 0.02700000 0.02140700 -0.02890000
v 0.01700000 0.02140700 -0.02890000
v 0.02144100 0.02008300 -0.02890000
v 0.01700000 0.02008300 -0.02890000
v 0.02505500 0.01351400 -0.02890000
v 0.02577900 0.01382800 -0.02890000
v 0.02634900 0.01430400 -0.02890000
v 0.02673100 0.01494000 -0.02890000
v 0.02695300 0.01594400 -0.02890000
v 0.02700000 0.01697300 -0.02890000
v 0.02144100 0.01854800 -0.02890000
v 0.02143400 0.01817900 -0.02890000
v 0.02139300 0.01781200 -0.02890000
v 0.02128500 0.01749900 -0.02890000
v 0.02183400 0.01508300 -0.02890000
v 0.02247700 0.01410100 -0.02890000
v 0.02330600 0.01357900 -0.02890000
v 0.02427100 0.01341200 -0.02890000
v 0.02112700 0.01720800 -0.02890000
v 0.02081900 0.01684600 -0.02890000
v 0.02132800 0.01581300 -0.02890000
v 0.02045800 0.01653600 -0.02890000
v 0.01700000 0.01425800 -0.02890000
v 0.01700000 0.01259300 -0.02890000
v 0.01908000 0.01558100 -0.02890000
v 0.01972200 0.01433300 -0.02890000
v 0.01978000 0.01604400 -0.02890000
v 0.02042100 0.01484000 -0.02890000
v 0.02105200 0.01543100 -0.02890000
v 0.00008500 0.01665500 -0.03915900
v 0.00028600 0.01657800 -0.03947800
v 0.00018800 0.01629300 -0.03957700
v 0.00011500 0.01687500 -0.03870700
v 0.00044300 0.01680400 -0.03932100
v 0.00036000 0.01670200 -0.03940400
v 0.00086200 0.01700000 -0.03889900
v 0.00064400 0.01695000 -0.03911700
v 0.00032300 0.01696800 -0.03859800
v 0.00054600 0.01700000 -0.03848100
v -0.00003700 0.01641500 -0.03925200
v -0.00006500 0.01672500 -0.03880200
v -0.00014700 0.01678600 -0.03841000
v 0.00003400 0.01690300 -0.03835900
v -0.00020700 0.01653000 -0.03887600
v 0.00080500 0.01601000 -0.04010400
v 0.00046900 0.01615100 -0.03986600
v 0.00082500 0.01627600 -0.04006900
v 0.00053800 0.01648500 -0.03977500
v 0.00067400 0.01675800 -0.03959800
v 0.00111300 0.01692300 -0.03956500
v 0.00107000 0.01700000 -0.03908200
v 0.00112700 0.01693400 -0.03954000
v 0.00130100 0.01700000 -0.03923500
v 0.00097100 0.01674500 -0.03981300
v 0.00090300 0.01659600 -0.03993300
v 0.00084500 0.01639000 -0.04003400
v 0.00500000 0.01700000 -0.04134300
v 0.00315000 0.01700000 -0.04029000
v 0.00608200 0.01720300 -0.04215100
v 0.00656300 0.01744000 -0.04249700
v 0.00711000 0.01786800 -0.04287300
v 0.00746700 0.01829400 -0.04310200
v 0.00787100 0.01913000 -0.04331400
v 0.00798900 0.01975300 -0.04320100
v 0.00800000 0.02000000 -0.04307000
v 0.00800000 0.02158700 -0.04101200
v 0.00800000 0.02157800 -0.04102800
v 0.00800000 0.02293500 -0.03797200
v 0.00800000 0.02281200 -0.03829300
v 0.00800000 0.02237900 -0.03935600
v 0.00800000 0.02174700 -0.04070700
v 0.00800000 0.02100400 -0.04200000
v 0.00800000 0.02065500 -0.04250600
v 0.00902800 0.02387100 -0.03832500
v 0.00863700 0.02380600 -0.03830000
v 0.00830300 0.02360600 -0.03822500
v 0.00808100 0.02329900 -0.03810900
v 0.03802300 0.02390600 -0.03407200
v 0.03839900 0.02382600 -0.03404700
v 0.03871500 0.02361800 -0.03398100
v 0.03892400 0.02331200 -0.03388300
v 0.03900000 0.02295300 -0.03376900
v 0.03900000 0.02159000 -0.03781800
v 0.03900000 0.02083700 -0.03981600
v 0.03900000 0.02000000 -0.04178100
v 0.03906100 0.01940000 -0.04280400
v 0.03914100 0.01909100 -0.04302300
v 0.03922600 0.01885700 -0.04305200
v 0.03998900 0.01777400 -0.04200900
v 0.03968000 0.01809800 -0.04250400
v 0.03938600 0.01852900 -0.04290100
v 0.03927500 0.01874500 -0.04301800
v 0.04200000 0.01700000 -0.03802700
v 0.04154000 0.01703500 -0.03899500
v 0.04107300 0.01714700 -0.03995800
v 0.04014000 0.01764600 -0.04174600
v 0.04342800 0.01700000 -0.03574400
v 0.04500000 0.01700000 -0.03293000
v 0.04496100 0.01700000 -0.03320400
v 0.04485000 0.01700000 -0.03345700
v 0.04592300 0.01600200 -0.03347800
v 0.04569900 0.01600400 -0.03398500
v 0.04563300 0.01638600 -0.03394400
v 0.04600000 0.01600000 -0.03293000
v 0.04584900 0.01638500 -0.03345700
v 0.04544900 0.01670800 -0.03382900
v 0.04564000 0.01670700 -0.03339800
v 0.04517300 0.01692300 -0.03365800
v 0.04532800 0.01692200 -0.03330900
v 0.04593800 0.01634600 -0.03293000
v 0.04570700 0.01670700 -0.03293000
v 0.04534600 0.01693800 -0.03293000
v 0.04575300 0.01665800 -0.03263100
v 0.04570100 0.01671400 -0.03265800
v 0.04587000 0.01649300 -0.03253600
v 0.04600000 0.01600000 -0.03220000
v 0.04600000 0.01600500 -0.03220400
v 0.04593500 0.01635400 -0.03244600
v 0.04300000 0.02400000 -0.02850000
v 0.04450000 0.02359800 -0.02850000
v 0.04559800 0.02250000 -0.02850000
v 0.04600000 0.02100000 -0.02850000
v 0.01625100 0.02400000 -0.03677500
v 0.00400000 0.02400000 -0.02850000
v 0.03070900 0.02400000 -0.03423800
v 0.02346600 0.02400000 -0.03544100
v 0.00100000 0.02100000 -0.02850000
v 0.00140200 0.02250000 -0.02850000
v 0.00250000 0.02359800 -0.02850000
v 0.00100000 0.01924300 -0.02850000
v 0.00077200 0.01809500 -0.02850000
v 0.00012100 0.01712100 -0.02850000
v -0.00112100 0.01587900 -0.03751500
v -0.00112100 0.01587900 -0.02850000
v 0.00500000 0.01837500 -0.02850000
v 0.00581200 0.01859300 -0.02850000
v 0.00640700 0.01918800 -0.02850000
v 0.00662500 0.02000000 -0.02850000
v 0.00640700 0.02081300 -0.02850000
v 0.00581200 0.02140700 -0.02850000
v 0.00500000 0.02162500 -0.02850000
v 0.00418700 0.02140700 -0.02850000
v 0.00359300 0.02081300 -0.02850000
v 0.00337500 0.02000000 -0.02850000
v 0.00359300 0.01918800 -0.02850000
v 0.00418700 0.01859300 -0.02850000
v 0.04200000 0.01837500 -0.02850000
v 0.04281300 0.01859300 -0.02850000
v 0.04340700 0.01918800 -0.02850000
v 0.04362500 0.02000000 -0.02850000
v 0.04340700 0.02081300 -0.02850000
v 0.04281300 0.02140700 -0.02850000
v 0.04200000 0.02162500 -0.02850000
v 0.04118800 0.02140700 -0.02850000
v 0.04059300 0.02081300 -0.02850000
v 0.04037500 0.02000000 -0.02850000
v 0.04059300 0.01918800 -0.02850000
v 0.04118800 0.01859300 -0.02850000
v 0.01700000 0.02008300 -0.02850000
v 0.02144100 0.02008300 -0.02850000
v 0.01700000 0.02140700 -0.02850000
v 0.02700000 0.02140700 -0.02850000
v 0.02700000 0.01697300 -0.02850000
v 0.02695300 0.01594400 -0.02850000
v 0.02673100 0.01494000 -0.02850000
v 0.02634900 0.01430400 -0.02850000
v 0.02577900 0.01382800 -0.02850000
v 0.02505500 0.01351400 -0.02850000
v 0.02427100 0.01341200 -0.02850000
v 0.02330600 0.01357900 -0.02850000
v 0.02247700 0.01410100 -0.02850000
v 0.02183400 0.01508300 -0.02850000
v 0.02155000 0.01622900 -0.02850000
v 0.02132800 0.01581300 -0.02850000
v 0.02105200 0.01543100 -0.02850000
v 0.02042100 0.01484000 -0.02850000
v 0.01972200 0.01433300 -0.02850000
v 0.01700000 0.01259300 -0.02850000
v 0.01700000 0.01425800 -0.02850000
v 0.01908000 0.01558100 -0.02850000
v 0.01978000 0.01604400 -0.02850000
v 0.02045800 0.01653600 -0.02850000
v 0.02081900 0.01684600 -0.02850000
v 0.02112700 0.01720800 -0.02850000
v 0.02128500 0.01749900 -0.02850000
v 0.02139300 0.01781200 -0.02850000
v 0.02143400 0.01817900 -0.02850000
v 0.02144100 0.01854800 -0.02850000
v -0.00175900 0.01492200 -0.03739400
v -0.00200000 0.01375700 -0.03734800
v -0.00200000 0.01375700 -0.02850000
v -0.00177200 0.01490500 -0.02850000
v -0.00092200 0.01415300 -0.03912400
v -0.00100400 0.01376400 -0.03907800
v -0.00141700 0.01376200 -0.03876000
v -0.00070800 0.01447300 -0.03924700
v -0.00130300 0.01438800 -0.03881700
v -0.00173300 0.01376100 -0.03834600
v -0.00158200 0.01460500 -0.03840500
v -0.00193100 0.01375900 -0.03786500
v -0.00173700 0.01478700 -0.03791900
v -0.00099900 0.01492100 -0.03897200
v -0.00117300 0.01532800 -0.03856600
v -0.00121400 0.01565600 -0.03806500
v 0.02085900 0.01930300 -0.06224000
v 0.02122700 0.01939800 -0.06135100
v 0.02122700 0.01500000 -0.06135100
v 0.02628200 0.01500000 -0.05999600
v 0.02628200 0.01989900 -0.05999600
v 0.02704900 0.01974300 -0.06058500
v 0.02763600 0.01500000 -0.06135100
v 0.02491500 0.02000000 -0.05953200
v 0.02443200 0.01500000 -0.05950100
v 0.02443200 0.01998800 -0.05950100
v 0.02347000 0.01989900 -0.05962800
v 0.02258200 0.01500000 -0.05999600
v 0.02258200 0.01974300 -0.05999600
v 0.02184300 0.01956700 -0.06055700
v 0.02073200 0.01930300 -0.06320100
v 0.02073200 0.01500000 -0.06320100
v 0.02087900 0.01940900 -0.06423400
v 0.02122700 0.01500000 -0.06505100
v 0.02122700 0.01955900 -0.06505100
v 0.02181400 0.01974300 -0.06581500
v 0.02258200 0.01500000 -0.06640500
v 0.02258200 0.01989900 -0.06640500
v 0.02394900 0.02000000 -0.06686900
v 0.02443200 0.01500000 -0.06690100
v 0.02443200 0.01998800 -0.06690100
v 0.02539300 0.01989900 -0.06677300
v 0.02628200 0.01500000 -0.06640500
v 0.02628200 0.01974300 -0.06640500
v 0.02763600 0.01500000 -0.06505100
v 0.02763600 0.01939800 -0.06505100
v 0.02701800 0.01956700 -0.06584600
v 0.02763600 0.01955900 -0.06135100
v 0.02798400 0.01940900 -0.06216700
v 0.02813200 0.01500000 -0.06320100
v 0.02813200 0.01930300 -0.06320100
v 0.02800400 0.01930300 -0.06416300
v 0.01563700 0.01930300 -0.10189700
v 0.01600600 0.01939800 -0.10100800
v 0.01600600 0.01500000 -0.10100800
v 0.02106100 0.01500000 -0.09965400
v 0.02106100 0.01989900 -0.09965400
v 0.02182800 0.01974300 -0.10024300
v 0.02241500 0.01500000 -0.10100800
v 0.01969300 0.02000000 -0.09919000
v 0.01921100 0.01500000 -0.09915800
v 0.01921100 0.01998800 -0.09915800
v 0.01824900 0.01989900 -0.09928500
v 0.01736100 0.01500000 -0.09965400
v 0.01736100 0.01974300 -0.09965400
v 0.01662200 0.01956700 -0.10021400
v 0.01551100 0.01930300 -0.10285800
v 0.01551100 0.01500000 -0.10285800
v 0.01565800 0.01940900 -0.10389200
v 0.01600600 0.01500000 -0.10470800
v 0.01600600 0.01955900 -0.10470800
v 0.01659300 0.01974300 -0.10547300
v 0.01736100 0.01500000 -0.10606300
v 0.01736100 0.01989900 -0.10606300
v 0.01872800 0.02000000 -0.10652700
v 0.01921100 0.01500000 -0.10655800
v 0.01921100 0.01998800 -0.10655800
v 0.02017200 0.01989900 -0.10643100
v 0.02106100 0.01500000 -0.10606300
v 0.02106100 0.01974300 -0.10606300
v 0.02241500 0.01500000 -0.10470800
v 0.02241500 0.01939800 -0.10470800
v 0.02179700 0.01956700 -0.10550400
v 0.02241500 0.01955900 -0.10100800
v 0.02276300 0.01940900 -0.10182500
v 0.02291100 0.01500000 -0.10285800
v 0.02291100 0.01930300 -0.10285800
v 0.02278300 0.01930300 -0.10382100
v 0.01041600 0.01930300 -0.14155500
v 0.01078500 0.01939800 -0.14066600
v 0.01078500 0.01500000 -0.14066600
v 0.01583900 0.01500000 -0.13931200
v 0.01583900 0.01989900 -0.13931200
v 0.01660700 0.01974300 -0.13990100
v 0.01719400 0.01500000 -0.14066600
v 0.01447200 0.02000000 -0.13884800
v 0.01398900 0.01500000 -0.13881600
v 0.01398900 0.01998800 -0.13881600
v 0.01302800 0.01989900 -0.13894300
v 0.01213900 0.01500000 -0.13931200
v 0.01213900 0.01974300 -0.13931200
v 0.01140100 0.01956700 -0.13987200
v 0.01028900 0.01930300 -0.14251600
v 0.01028900 0.01500000 -0.14251600
v 0.01043700 0.01940900 -0.14355000
v 0.01078500 0.01500000 -0.14436600
v 0.01078500 0.01955900 -0.14436600
v 0.01137200 0.01974300 -0.14513100
v 0.01213900 0.01500000 -0.14572000
v 0.01213900 0.01989900 -0.14572000
v 0.01350700 0.02000000 -0.14618500
v 0.01398900 0.01500000 -0.14621600
v 0.01398900 0.01998800 -0.14621600
v 0.01495100 0.01989900 -0.14608900
v 0.01583900 0.01500000 -0.14572000
v 0.01583900 0.01974300 -0.14572000
v 0.01719400 0.01500000 -0.14436600
v 0.01719400 0.01939800 -0.14436600
v 0.01657600 0.01956700 -0.14516200
v 0.01719400 0.01955900 -0.14066600
v 0.01754200 0.01940900 -0.14148300
v 0.01768900 0.01500000 -0.14251600
v 0.01768900 0.01930300 -0.14251600
v 0.01756200 0.01930300 -0.14347900
v -0.00018900 0.01524600 -0.03953000
v -0.00048800 0.01578000 -0.03911500
v -0.00059400 0.01621800 -0.03853000
v -0.00008400 0.01509900 -0.03960300
v 0.00043600 0.01587300 -0.03988300
v 0.00054200 0.01572600 -0.03995600
v 0.00265500 0.01601900 -0.04115900
v 0.00267500 0.01628300 -0.04112300
v 0.00275400 0.01660000 -0.04098500
v 0.00297700 0.01693500 -0.04059400
v 0.00282200 0.01674800 -0.04086600
v 0.00490500 0.01698000 -0.04151100
v 0.00482800 0.01693600 -0.04164500
v 0.00467400 0.01675100 -0.04191600
v 0.00460600 0.01660500 -0.04203600
v 0.00452700 0.01629100 -0.04217500
v 0.00450600 0.01602900 -0.04221200
v 0.00589500 0.01688800 -0.04271200
v 0.00798100 0.01941900 -0.04357000
v 0.00803400 0.02011200 -0.04330000
v 0.00825800 0.02029400 -0.04367300
v 0.00800000 0.01856700 -0.04398900
v 0.00711500 0.01734800 -0.04357200
v 0.00703000 0.01755000 -0.04336600
v 0.00809200 0.01942300 -0.04381900
v 0.00838900 0.02034700 -0.04378200
v 0.00740400 0.01728100 -0.04378400
v 0.00656800 0.01661100 -0.04335400
v 0.00589200 0.01661300 -0.04291100
v 0.00595100 0.01630600 -0.04302100
v 0.00557800 0.01618100 -0.04281500
v 0.00836700 0.01894400 -0.04419500
v 0.00830400 0.01874300 -0.04418100
v 0.00830200 0.01873700 -0.04418100
v 0.00857400 0.01988000 -0.04409200
v 0.00826400 0.01941000 -0.04402900
v 0.00785300 0.01866800 -0.04378000
v 0.00776800 0.01874800 -0.04353100
v 0.00700900 0.01770900 -0.04311300
v 0.00702300 0.01776900 -0.04297600
v 0.00802700 0.01812700 -0.04407300
v 0.00596100 0.01709200 -0.04244900
v 0.00601600 0.01716000 -0.04230200
v 0.00864800 0.02041000 -0.04391100
v 0.00889300 0.02127600 -0.04333400
v 0.00889300 0.02126800 -0.04334300
v 0.00872700 0.02134400 -0.04319100
v 0.00888500 0.02126100 -0.04335200
v 0.00858800 0.02086200 -0.04361200
v 0.00874700 0.02094400 -0.04362200
v 0.00892700 0.02184000 -0.04254400
v 0.00860500 0.02256400 -0.04112600
v 0.00897100 0.02260400 -0.04122700
v 0.00862800 0.02323100 -0.03972200
v 0.00900500 0.02329800 -0.03975100
v 0.00902100 0.02368900 -0.03879600
v 0.00807600 0.02208300 -0.04087900
v 0.00807200 0.02131200 -0.04220000
v 0.00805400 0.02051200 -0.04313800
v 0.00806900 0.02086500 -0.04282800
v 0.00857400 0.02176200 -0.04249300
v 0.00855400 0.02129100 -0.04315100
v 0.00844500 0.02081500 -0.04354800
v 0.00820700 0.02068300 -0.04336900
v 0.00826100 0.02111400 -0.04301700
v 0.00827100 0.02157800 -0.04237300
v 0.00828700 0.02237100 -0.04102700
v 0.00829900 0.02303300 -0.03963700
v 0.00891000 0.02156200 -0.04295100
v 0.00807900 0.02273300 -0.03950800
v 0.02206600 0.02393500 -0.03624000
v 0.02201500 0.02393500 -0.03625100
v 0.02044900 0.02393300 -0.03657400
v 0.01536800 0.02391700 -0.03748100
v 0.02781600 0.02393400 -0.03518200
v 0.03366900 0.02392200 -0.03442800
v 0.03810800 0.02157700 -0.04064100
v 0.03807600 0.02226700 -0.03887100
v 0.03844400 0.02167000 -0.04014500
v 0.03842100 0.02244400 -0.03812400
v 0.03872600 0.02223700 -0.03805000
v 0.03838000 0.02082300 -0.04220300
v 0.03822800 0.02086600 -0.04222500
v 0.03814200 0.02100900 -0.04196400
v 0.03845700 0.02125300 -0.04114800
v 0.03814100 0.02101200 -0.04196000
v 0.03811900 0.02134800 -0.04118900
v 0.03892900 0.02032700 -0.04194800
v 0.03893300 0.02076200 -0.04094300
v 0.03878100 0.02055600 -0.04206600
v 0.03874400 0.02104800 -0.04106300
v 0.03865400 0.02067300 -0.04212600
v 0.03853000 0.02075400 -0.04216800
v 0.03873800 0.02146400 -0.04006400
v 0.03893100 0.02117300 -0.03994900
v 0.03892800 0.02193800 -0.03794200
v 0.03895700 0.01925700 -0.04346400
v 0.03877100 0.01985800 -0.04315300
v 0.03890300 0.01975500 -0.04301400
v 0.03869200 0.01990000 -0.04321500
v 0.03849900 0.02024100 -0.04301100
v 0.03872200 0.01962900 -0.04345500
v 0.03922300 0.01857600 -0.04347100
v 0.03915700 0.01851100 -0.04360200
v 0.03915400 0.01852000 -0.04360500
v 0.03912000 0.01860100 -0.04362300
v 0.03898600 0.01893700 -0.04364700
v 0.03972000 0.01761600 -0.04306600
v 0.03943200 0.01801400 -0.04336700
v 0.03916800 0.01849000 -0.04359400
v 0.03996800 0.01733700 -0.04277600
v 0.03976100 0.01788500 -0.04280800
v 0.04032700 0.01736700 -0.04205400
v 0.04035900 0.01718300 -0.04218700
v 0.04097100 0.01680300 -0.04132000
v 0.04068300 0.01674000 -0.04183800
v 0.04157900 0.01656500 -0.04040400
v 0.04157900 0.01629000 -0.04053100
v 0.04247300 0.01608000 -0.03914700
v 0.04276800 0.01642000 -0.03850900
v 0.04284600 0.01605500 -0.03855800
v 0.04025300 0.01752300 -0.04190400
v 0.03909600 0.01918900 -0.04316200
v 0.03926400 0.01864100 -0.04332700
v 0.03903900 0.01922900 -0.04331800
v 0.03899500 0.01963200 -0.04286100
v 0.03885500 0.01927400 -0.04359400
v 0.04090200 0.01702800 -0.04119100
v 0.04147200 0.01682400 -0.04027900
v 0.04258200 0.01672600 -0.03839200
v 0.04231300 0.01692700 -0.03822300
v 0.04181200 0.01693300 -0.03917900
v 0.04129900 0.01702300 -0.04012200
v 0.04427600 0.01602700 -0.03627300
v 0.04420500 0.01640100 -0.03622800
v 0.04402000 0.01671600 -0.03611300
v 0.04374700 0.01692500 -0.03594300
v 0.04573800 0.01000000 -0.03396000
v 0.04593300 0.01000000 -0.03348200
v 0.04600000 0.01000000 -0.03297000
v 0.01298900 0.01500000 -0.14424800
v 0.01225700 0.01500000 -0.14351600
v 0.01198900 0.01500000 -0.14251600
v 0.01225700 0.01500000 -0.14151600
v 0.01298900 0.01500000 -0.14078400
v 0.01398900 0.01500000 -0.14051600
v 0.01498900 0.01500000 -0.14078400
v 0.01572200 0.01500000 -0.14151600
v 0.01598900 0.01500000 -0.14251600
v 0.01572200 0.01500000 -0.14351600
v 0.01498900 0.01500000 -0.14424800
v 0.01398900 0.01500000 -0.14451600
v 0.02094300 0.01500000 -0.10385800
v 0.02021100 0.01500000 -0.10459000
v 0.01921100 0.01500000 -0.10485800
v 0.01821100 0.01500000 -0.10459000
v 0.01747800 0.01500000 -0.10385800
v 0.01721100 0.01500000 -0.10285800
v 0.01747800 0.01500000 -0.10185800
v 0.01821100 0.01500000 -0.10112600
v 0.01921100 0.01500000 -0.10085800
v 0.02021100 0.01500000 -0.10112600
v 0.02094300 0.01500000 -0.10185800
v 0.02121100 0.01500000 -0.10285800
v 0.02443200 0.01500000 -0.06520100
v 0.02343200 0.01500000 -0.06493300
v 0.02270000 0.01500000 -0.06420100
v 0.02243200 0.01500000 -0.06320100
v 0.02270000 0.01500000 -0.06220100
v 0.02343200 0.01500000 -0.06146900
v 0.02443200 0.01500000 -0.06120100
v 0.02543200 0.01500000 -0.06146900
v 0.02616400 0.01500000 -0.06220100
v 0.02643200 0.01500000 -0.06320100
v 0.02616400 0.01500000 -0.06420100
v 0.02543200 0.01500000 -0.06493300
v 0.04600000 0.01000000 -0.02850000
v -0.00200000 0.01000000 -0.02850000
v -0.00200000 0.01000000 -0.03736000
v -0.00187300 0.01187900 -0.03805600
v -0.00188700 0.01000000 -0.03802300
v -0.00156600 0.01188000 -0.03859800
v -0.00156100 0.01000000 -0.03861000
v -0.00102000 0.01000000 -0.03908100
v -0.00101300 0.01188200 -0.03907900
v 0.01588200 0.01095700 -0.15789500
v 0.01599700 0.01000000 -0.15791000
v 0.00806600 0.01000000 -0.15686600
v 0.00818100 0.01095700 -0.15688100
v 0.00852000 0.01185900 -0.15692600
v 0.00906300 0.01265200 -0.15699700
v 0.00977900 0.01329200 -0.15709100
v 0.01062500 0.01374000 -0.15720300
v 0.01155400 0.01397100 -0.15732500
v 0.01343800 0.01374000 -0.15757300
v 0.01428400 0.01329200 -0.15768400
v 0.01500000 0.01265200 -0.15777900
v 0.01251000 0.01397100 -0.15745100
v 0.01554300 0.01185900 -0.15785000
v 0.00428100 0.01509000 -0.15031600
v 0.00539400 0.01663100 -0.15046200
v 0.00537000 0.01643600 -0.15232900
v 0.00649500 0.01770500 -0.15060700
v 0.00718300 0.01823000 -0.15069800
v 0.00710600 0.01798800 -0.15255800
v 0.01281500 0.02000000 -0.15143900
v 0.01401000 0.01992700 -0.15159700
v 0.01373300 0.01963600 -0.15343000
v 0.01913400 0.01770500 -0.15227100
v 0.02023600 0.01663100 -0.15241600
v 0.01977600 0.01643600 -0.15422600
v 0.02134900 0.01509000 -0.15256300
v 0.02159400 0.01464700 -0.15259500
v 0.02109400 0.01451100 -0.15439900
v 0.01787400 0.01000000 -0.15786100
v 0.01770500 0.01140100 -0.15783900
v 0.01964300 0.01000000 -0.15723400
v 0.01942700 0.01180100 -0.15720600
v 0.02113300 0.01000000 -0.15609100
v 0.02087800 0.01211900 -0.15605800
v 0.02219600 0.01000000 -0.15454400
v 0.02191600 0.01232300 -0.15450800
v 0.02272900 0.01000000 -0.15274400
v 0.02244100 0.01239300 -0.15270700
v 0.01720900 0.01272100 -0.15777300
v 0.01878900 0.01349800 -0.15712200
v 0.02012700 0.01411500 -0.15595900
v 0.01892500 0.01587100 -0.15580100
v 0.01776700 0.01499100 -0.15698700
v 0.01641400 0.01388200 -0.15766900
v 0.01844700 0.01823000 -0.15218100
v 0.01803900 0.01798800 -0.15399700
v 0.01734100 0.01728700 -0.15559200
v 0.01642000 0.01619400 -0.15681000
v 0.01536700 0.01481800 -0.15753100
v 0.01412800 0.01547400 -0.15736800
v 0.01482700 0.01703800 -0.15660000
v 0.01546700 0.01827900 -0.15534600
v 0.01598500 0.01907600 -0.15372700
v 0.01633000 0.01935000 -0.15190200
v 0.01277000 0.01581100 -0.15718900
v 0.01308100 0.01747200 -0.15637000
v 0.01341300 0.01879000 -0.15507500
v 0.01162000 0.01992700 -0.15128200
v 0.01141300 0.01963600 -0.15312500
v 0.01129600 0.01879000 -0.15479600
v 0.01128200 0.01747200 -0.15613300
v 0.01137000 0.01581100 -0.15700500
v 0.01001200 0.01547400 -0.15682600
v 0.00953500 0.01703800 -0.15590300
v 0.00924200 0.01827900 -0.15452600
v 0.00916000 0.01907600 -0.15282800
v 0.00929900 0.01935000 -0.15097600
v 0.00877300 0.01481800 -0.15666300
v 0.00794200 0.01619400 -0.15569400
v 0.00736800 0.01728700 -0.15427900
v 0.00578400 0.01587100 -0.15407100
v 0.00659600 0.01499100 -0.15551600
v 0.00772600 0.01388200 -0.15652500
v 0.00403600 0.01464700 -0.15028300
v 0.00405200 0.01451100 -0.15215600
v 0.00458200 0.01411500 -0.15391200
v 0.00557400 0.01349800 -0.15538200
v 0.00693100 0.01272100 -0.15642000
v 0.00643500 0.01140100 -0.15635500
v 0.00493600 0.01180100 -0.15529800
v 0.00383100 0.01211900 -0.15381400
v 0.00322900 0.01232300 -0.15204700
v 0.00318800 0.01239300 -0.15017200
v 0.00626600 0.01000000 -0.15633300
v 0.00471900 0.01000000 -0.15526900
v 0.00357600 0.01000000 -0.15378000
v 0.00294900 0.01000000 -0.15201000
v 0.00290000 0.01000000 -0.15013400
v 0.03574300 0.01000000 -0.05389300
v 0.03205200 0.01771500 -0.05405500
v 0.03242300 0.01737600 -0.05422800
v 0.03341300 0.01631800 -0.05436900
v 0.03396800 0.01560500 -0.05421100
v 0.03431600 0.01509200 -0.05405500
v 0.03473100 0.01437000 -0.05388000
v 0.03556800 0.01200000 -0.05367600
v 0.02925200 0.01940800 -0.05256300
v 0.02910300 0.01946200 -0.05251200
v 0.02773100 0.01983100 -0.05217800
v 0.02220100 0.01937100 -0.05339300
v 0.02372000 0.01978200 -0.05268600
v 0.02457600 0.01991900 -0.05240100
v 0.02574300 0.01999900 -0.05215800
v 0.02689800 0.01995000 -0.05210200
v 0.01932800 0.01792200 -0.05520800
v 0.01904400 0.01771800 -0.05540500
v 0.02176600 0.01921200 -0.05363600
v 0.01700500 0.01563600 -0.05632900
v 0.01774500 0.01655600 -0.05614500
v 0.01833800 0.01714200 -0.05586300
v 0.01659800 0.01499100 -0.05631700
v 0.01606900 0.01388500 -0.05612700
v 0.01570300 0.01281000 -0.05597800
v 0.01530300 0.01000000 -0.05592400
v 0.03094100 0.01856100 -0.05335400
v 0.03197300 0.01778400 -0.05400900
v 0.03247600 0.01882200 -0.04975700
v 0.03285400 0.01866800 -0.04971600
v 0.03194900 0.01833200 -0.05155300
v 0.01538600 0.01000000 -0.05451800
v 0.01522700 0.01000000 -0.05285200
v 0.01547300 0.01211100 -0.05300500
v 0.01480100 0.01000000 -0.05124800
v 0.01440100 0.01000000 -0.05028100
v 0.01462900 0.01239200 -0.05023500
v 0.01315400 0.01000000 -0.04831200
v 0.01279100 0.01000000 -0.04789000
v 0.01303300 0.01280700 -0.04783900
v 0.01195400 0.01000000 -0.04707100
v 0.01088600 0.01330700 -0.04605500
v 0.01062700 0.01000000 -0.04609500
v 0.01064100 0.01062000 -0.04607600
v 0.01085600 0.01309700 -0.04605300
v 0.01407900 0.01000000 -0.04966500
v 0.03677000 0.01000000 -0.05059600
v 0.03632900 0.01000000 -0.05158400
v 0.03651200 0.01201500 -0.05057600
v 0.03591700 0.01199900 -0.05207600
v 0.03609000 0.01400300 -0.05029900
v 0.03531300 0.01411100 -0.05192800
v 0.03431800 0.01614500 -0.05174700
v 0.03515100 0.01703700 -0.04952900
v 0.03547000 0.01613100 -0.04978000
v 0.03551500 0.01599600 -0.04981700
v 0.03581600 0.01501800 -0.05007100
v 0.03608100 0.01404000 -0.05029200
v 0.03514600 0.01705200 -0.04952500
v 0.03510500 0.01711200 -0.04952900
v 0.03484600 0.01742100 -0.04957300
v 0.03383200 0.01674300 -0.05184600
v 0.03446100 0.01778900 -0.04960900
v 0.03331600 0.01728000 -0.05183800
v 0.03277400 0.01776700 -0.05171000
v 0.03371900 0.01829200 -0.04962300
v 0.03393500 0.01817000 -0.04962100
v 0.02790400 0.01989500 -0.05103700
v 0.02997000 0.01930900 -0.05128800
v 0.02756900 0.02017000 -0.04987000
v 0.02924700 0.01984800 -0.04998000
v 0.03046700 0.01952000 -0.04993900
v 0.03120700 0.01928500 -0.04988300
v 0.01499600 0.01915600 -0.04711700
v 0.01590600 0.01794700 -0.04866200
v 0.01493000 0.01915000 -0.04710000
v 0.01393400 0.01900500 -0.04681300
v 0.01322200 0.01874200 -0.04662200
v 0.01476100 0.01727500 -0.04827500
v 0.01296400 0.01860100 -0.04655200
v 0.01405400 0.01645700 -0.04797400
v 0.01208100 0.01788700 -0.04626600
v 0.01428500 0.01682800 -0.04806600
v 0.01208800 0.01789700 -0.04626800
v 0.01208900 0.01790000 -0.04626900
v 0.01245200 0.01824200 -0.04639900
v 0.01217900 0.01799500 -0.04630300
v 0.01208800 0.01790500 -0.04626800
v 0.01130500 0.01542500 -0.04611100
v 0.01378800 0.01575500 -0.04792900
v 0.01175600 0.01698600 -0.04619700
v 0.01199800 0.01767200 -0.04624800
v 0.02144400 0.01912400 -0.05213700
v 0.02358200 0.01977900 -0.05167100
v 0.01795100 0.01691800 -0.05329500
v 0.01692400 0.01572700 -0.05340800
v 0.01651500 0.01508100 -0.05329800
v 0.01610200 0.01421000 -0.05315100
v 0.01949100 0.01811100 -0.05274500
v 0.01532300 0.01485100 -0.05033300
v 0.01556400 0.01543200 -0.05038000
v 0.01576300 0.01578300 -0.05046900
v 0.01615700 0.01628700 -0.05064400
v 0.01712400 0.01719100 -0.05083800
v 0.01881000 0.01826900 -0.05076800
v 0.02104000 0.01925400 -0.05066100
v 0.02342500 0.01987800 -0.05066300
v 0.02574200 0.02002100 -0.05148200
v 0.02574100 0.02008800 -0.05081000
v 0.02573900 0.02020000 -0.05014300
v 0.02325000 0.02007900 -0.04967400
v 0.02056300 0.01960000 -0.04924400
v 0.01793800 0.01879700 -0.04893600
v 0.01672600 0.01829300 -0.04882000
v 0.01526600 0.01923600 -0.04714600
v 0.01762000 0.01977800 -0.04747500
v 0.02028500 0.02016500 -0.04800700
v 0.02310500 0.02037200 -0.04875000
v 0.02570300 0.02035500 -0.04949500
v 0.00616100 0.01000000 -0.04337400
v 0.01000900 0.02097300 -0.04392300
v 0.01127200 0.02274500 -0.04104800
v 0.04260700 0.01000000 -0.03953400
v 0.04080900 0.01343900 -0.04228700
v 0.04332200 0.01311900 -0.03803300
v 0.03829600 0.01375800 -0.04654100
v 0.03956900 0.01000000 -0.04515700
v 0.03871500 0.01098700 -0.04659700
v 0.01487500 0.01970700 -0.04658900
v 0.01360200 0.01923900 -0.04654800
v 0.01750700 0.02038900 -0.04663000
v 0.01617600 0.02007200 -0.04661700
v 0.03137300 0.02056200 -0.04625300
v 0.02876600 0.02196200 -0.04252100
v 0.02516300 0.02209100 -0.04288300
v 0.03404000 0.01994300 -0.04627600
v 0.03729000 0.01772500 -0.04640900
v 0.03767200 0.01643400 -0.04645900
v 0.03800900 0.01511000 -0.04650400
v 0.04038900 0.01698600 -0.04223200
v 0.03588700 0.02126600 -0.04216400
v 0.03762700 0.02100900 -0.04214800
v 0.03235100 0.02168400 -0.04228200
v 0.02302300 0.02113000 -0.04653200
v 0.02156400 0.02206600 -0.04331500
v 0.01439000 0.02156700 -0.04383900
v 0.01087500 0.02110800 -0.04392000
v 0.00914000 0.02072700 -0.04391800
v 0.01208500 0.01789600 -0.04626700
v 0.00732600 0.01587700 -0.04382000
v 0.00694700 0.01230700 -0.04377000
v 0.01886200 0.02065500 -0.04662900
v 0.02023700 0.02086800 -0.04661200
v 0.01796300 0.02189000 -0.04363800
v 0.01568900 0.02291200 -0.04066400
v 0.01398900 0.01000000 -0.14451600
v 0.01498900 0.01000000 -0.14424800
v 0.01572200 0.01000000 -0.14351600
v 0.01598900 0.01000000 -0.14251600
v 0.01572200 0.01000000 -0.14151600
v 0.01498900 0.01000000 -0.14078400
v 0.01398900 0.01000000 -0.14051600
v 0.01298900 0.01000000 -0.14078400
v 0.01225700 0.01000000 -0.14151600
v 0.01198900 0.01000000 -0.14251600
v 0.01225700 0.01000000 -0.14351600
v 0.01298900 0.01000000 -0.14424800
v 0.01921100 0.01000000 -0.10485800
v 0.02021100 0.01000000 -0.10459000
v 0.02094300 0.01000000 -0.10385800
v 0.02121100 0.01000000 -0.10285800
v 0.02094300 0.01000000 -0.10185800
v 0.02021100 0.01000000 -0.10112600
v 0.01921100 0.01000000 -0.10085800
v 0.01821100 0.01000000 -0.10112600
v 0.01747800 0.01000000 -0.10185800
v 0.01721100 0.01000000 -0.10285800
v 0.01747800 0.01000000 -0.10385800
v 0.01821100 0.01000000 -0.10459000
v 0.02443200 0.01000000 -0.06520100
v 0.02543200 0.01000000 -0.06493300
v 0.02616400 0.01000000 -0.06420100
v 0.02643200 0.01000000 -0.06320100
v 0.02616400 0.01000000 -0.06220100
v 0.02543200 0.01000000 -0.06146900
v 0.02443200 0.01000000 -0.06120100
v 0.02343200 0.01000000 -0.06146900
v 0.02270000 0.01000000 -0.06220100
v 0.02243200 0.01000000 -0.06320100
v 0.02270000 0.01000000 -0.06420100
v 0.02343200 0.01000000 -0.06493300
v 0.02589500 -0.00391700 -0.02850000
v 0.02258700 -0.00391700 -0.02850000
v 0.02589500 -0.00708200 -0.02850000
v 0.02258700 -0.00676100 -0.02850000
v 0.02262100 -0.00747900 -0.02850000
v 0.02277400 -0.00818000 -0.02850000
v 0.02301000 -0.00861900 -0.02850000
v 0.02337400 -0.00895800 -0.02850000
v 0.02427100 -0.00922400 -0.02850000
v 0.02491300 -0.00909700 -0.02850000
v 0.02543800 -0.00870900 -0.02850000
v 0.02380300 -0.00915700 -0.02850000
v 0.02581200 -0.00794000 -0.02850000
v 0.02258700 -0.00391700 -0.02890000
v 0.02589500 -0.00391700 -0.02890000
v 0.02589500 -0.00708200 -0.02890000
v 0.02543800 -0.00870900 -0.02890000
v 0.02581200 -0.00794000 -0.02890000
v 0.02427100 -0.00922400 -0.02890000
v 0.02491300 -0.00909700 -0.02890000
v 0.02337400 -0.00895800 -0.02890000
v 0.02380300 -0.00915700 -0.02890000
v 0.02277400 -0.00818000 -0.02890000
v 0.02301000 -0.00861900 -0.02890000
v 0.02258700 -0.00676100 -0.02890000
v 0.02262100 -0.00747900 -0.02890000
v 0.03849300 -0.02387000 -0.03253600
v 0.03826600 -0.02396400 -0.03238700
v 0.03800000 -0.02400000 -0.03271000
v 0.03800500 -0.02400000 -0.03220400
v 0.03800000 -0.02400000 -0.03220000
v 0.03834600 -0.02393800 -0.03271000
v 0.03870700 -0.02370700 -0.03271000
v 0.03871400 -0.02370100 -0.03265800
v 0.03886600 -0.02350000 -0.03270000
v 0.03893800 -0.02334600 -0.03271000
v 0.03893800 -0.02334600 -0.03270000
v 0.03900000 -0.02300000 -0.03271000
v 0.03900000 -0.02300000 -0.03270000
v -0.00028900 -0.01671100 -0.03220400
v -0.00029300 -0.01670700 -0.03220000
v -0.00029300 -0.01670700 -0.03796700
v 0.00041400 -0.01700000 -0.03796700
v 0.00041400 -0.01700000 -0.03265600
v 0.00003400 -0.01692500 -0.03796700
v 0.00025500 -0.01698700 -0.03259200
v -0.00005500 -0.01688300 -0.03240500
v -0.00014100 -0.01683100 -0.03796700
v 0.00022500 -0.01701800 -0.03255400
v 0.00014300 -0.01709900 -0.03237300
v 0.00012100 -0.01712100 -0.03220000
v 0.00123400 -0.01790300 -0.03270000
v 0.00107400 -0.01796900 -0.03266900
v 0.00068700 -0.01700000 -0.03270000
v 0.00090700 -0.01803900 -0.03255400
v 0.00080000 -0.01808300 -0.03237300
v 0.00077200 -0.01809500 -0.03220000
v 0.00100000 -0.01924300 -0.03220000
v 0.00103100 -0.01924300 -0.03237300
v 0.00106700 -0.01924300 -0.03245000
v 0.00114600 -0.01924300 -0.03255400
v 0.00125000 -0.01924300 -0.03263300
v 0.00132700 -0.01924300 -0.03266900
v 0.00150000 -0.01924300 -0.03270000
v 0.00150000 -0.02100000 -0.03270000
v 0.00132700 -0.02100000 -0.03266900
v 0.00125000 -0.02100000 -0.03263300
v 0.00114600 -0.02100000 -0.03255400
v 0.00106700 -0.02100000 -0.03245000
v 0.00103100 -0.02100000 -0.03237300
v 0.00100000 -0.02100000 -0.03220000
v 0.00132300 -0.02198800 -0.03255400
v 0.00149200 -0.02192500 -0.03266900
v 0.00400000 -0.02350000 -0.03270000
v 0.00400000 -0.02367300 -0.03266900
v 0.00307500 -0.02350800 -0.03266900
v 0.00313500 -0.02334500 -0.03270000
v 0.00211000 -0.02289000 -0.03266900
v 0.00223200 -0.02276800 -0.03270000
v 0.00165500 -0.02186500 -0.03270000
v 0.00118500 -0.02203800 -0.03220000
v 0.00121400 -0.02202800 -0.03237300
v 0.00140200 -0.02250000 -0.03220000
v 0.00187900 -0.02312100 -0.03220000
v 0.00190100 -0.02309900 -0.03237300
v 0.00250000 -0.02359800 -0.03220000
v 0.00297200 -0.02378600 -0.03237300
v 0.00296200 -0.02381500 -0.03220000
v 0.00400000 -0.02396900 -0.03237300
v 0.00400000 -0.02400000 -0.03220000
v 0.00400000 -0.02385400 -0.03255400
v 0.00301200 -0.02367700 -0.03255400
v 0.00198200 -0.02301800 -0.03255400
v 0.00800000 -0.02300000 -0.03677600
v 0.00806200 -0.02334600 -0.03677600
v 0.00800000 -0.02300000 -0.03270000
v 0.00806200 -0.02334600 -0.03270000
v 0.00813400 -0.02350000 -0.03270000
v 0.00829300 -0.02370700 -0.03677600
v 0.00828600 -0.02370100 -0.03265800
v 0.00850700 -0.02387000 -0.03253600
v 0.00865400 -0.02393800 -0.03677600
v 0.00873400 -0.02396400 -0.03238700
v 0.00900000 -0.02400000 -0.03677600
v 0.00900000 -0.02400000 -0.03220000
v 0.00899500 -0.02400000 -0.03220400
v 0.04300000 -0.02350000 -0.03270000
v 0.04300000 -0.02367300 -0.03266900
v 0.04300000 -0.02385400 -0.03255400
v 0.04300000 -0.02396900 -0.03237300
v 0.04300000 -0.02400000 -0.03220000
v 0.00581200 -0.02140700 -0.03270000
v 0.00500000 -0.02162500 -0.03270000
v 0.00418700 -0.02140700 -0.03270000
v 0.00640700 -0.01918800 -0.03270000
v 0.00781500 -0.01896200 -0.03270000
v 0.00662500 -0.02000000 -0.03270000
v 0.00800000 -0.02000000 -0.03270000
v 0.00640700 -0.02081200 -0.03270000
v 0.00359300 -0.02081200 -0.03270000
v 0.00337500 -0.02000000 -0.03270000
v 0.00359300 -0.01918800 -0.03270000
v 0.00418700 -0.01859300 -0.03270000
v 0.00500000 -0.01837500 -0.03270000
v 0.00500000 -0.01700000 -0.03270000
v 0.00581200 -0.01859300 -0.03270000
v 0.00603800 -0.01718500 -0.03270000
v 0.00712100 -0.01787900 -0.03270000
v 0.02155000 -0.00777100 -0.02890000
v 0.02700000 -0.00259300 -0.02890000
v 0.01700000 -0.00259300 -0.02890000
v 0.02144100 -0.00391700 -0.02890000
v 0.01700000 -0.00391700 -0.02890000
v 0.02505500 -0.01048600 -0.02890000
v 0.02577900 -0.01017200 -0.02890000
v 0.02634900 -0.00969600 -0.02890000
v 0.02673100 -0.00906000 -0.02890000
v 0.02695300 -0.00805600 -0.02890000
v 0.02700000 -0.00702700 -0.02890000
v 0.02144100 -0.00545200 -0.02890000
v 0.02143400 -0.00582100 -0.02890000
v 0.02139300 -0.00618800 -0.02890000
v 0.02128500 -0.00650100 -0.02890000
v 0.02183400 -0.00891700 -0.02890000
v 0.02247700 -0.00989900 -0.02890000
v 0.02330600 -0.01042100 -0.02890000
v 0.02427100 -0.01058800 -0.02890000
v 0.02112700 -0.00679200 -0.02890000
v 0.02081900 -0.00715400 -0.02890000
v 0.02132800 -0.00818700 -0.02890000
v 0.02045800 -0.00746400 -0.02890000
v 0.01700000 -0.00974200 -0.02890000
v 0.01700000 -0.01140700 -0.02890000
v 0.01908000 -0.00841900 -0.02890000
v 0.01972200 -0.00966700 -0.02890000
v 0.01978000 -0.00795600 -0.02890000
v 0.02042100 -0.00916000 -0.02890000
v 0.02105200 -0.00856900 -0.02890000
v 0.04340700 -0.01918800 -0.03270000
v 0.04550000 -0.01686600 -0.03270000
v 0.04362500 -0.02000000 -0.03270000
v 0.04550000 -0.02100000 -0.03270000
v 0.04340700 -0.02081200 -0.03270000
v 0.04118800 -0.02140700 -0.03270000
v 0.04059300 -0.02081200 -0.03270000
v 0.04037500 -0.02000000 -0.03270000
v 0.03900000 -0.02000000 -0.03270000
v 0.04059300 -0.01918800 -0.03270000
v 0.04534500 -0.02186500 -0.03270000
v 0.04476800 -0.02276800 -0.03270000
v 0.04281300 -0.02140700 -0.03270000
v 0.04386500 -0.02334500 -0.03270000
v 0.04200000 -0.02162500 -0.03270000
v 0.03918500 -0.01896200 -0.03270000
v 0.03987900 -0.01787900 -0.03270000
v 0.04118800 -0.01859300 -0.03270000
v 0.04096200 -0.01718500 -0.03270000
v 0.04200000 -0.01837500 -0.03270000
v 0.04200000 -0.01700000 -0.03270000
v 0.04281300 -0.01859300 -0.03270000
v 0.04500000 -0.01700000 -0.03270000
v 0.04534600 -0.01693800 -0.03270000
v 0.04575000 -0.02100000 -0.03263300
v 0.04585400 -0.02100000 -0.03255400
v 0.04567700 -0.02198800 -0.03255400
v 0.04593300 -0.02100000 -0.03245000
v 0.04596900 -0.02100000 -0.03237300
v 0.04578600 -0.02202800 -0.03237300
v 0.04567300 -0.02100000 -0.03266900
v 0.04550800 -0.02192500 -0.03266900
v 0.04489000 -0.02289000 -0.03266900
v 0.04392500 -0.02350800 -0.03266900
v 0.04403800 -0.02381500 -0.03220000
v 0.04402800 -0.02378600 -0.03237300
v 0.04450000 -0.02359800 -0.03220000
v 0.04512100 -0.02312100 -0.03220000
v 0.04509900 -0.02309900 -0.03237300
v 0.04559800 -0.02250000 -0.03220000
v 0.04581500 -0.02203800 -0.03220000
v 0.04600000 -0.02100000 -0.03220000
v 0.04501800 -0.02301800 -0.03255400
v 0.04398800 -0.02367700 -0.03255400
v 0.04592100 -0.01600200 -0.03348200
v 0.04600000 -0.01600000 -0.03292600
v 0.04593800 -0.01634600 -0.03292600
v 0.04569100 -0.01600400 -0.03399400
v 0.04589000 -0.01624900 -0.03347300
v 0.04566300 -0.01625000 -0.03397700
v 0.04574800 -0.01657200 -0.03343200
v 0.04553800 -0.01657300 -0.03389800
v 0.04570700 -0.01670700 -0.03292600
v 0.04559700 -0.01674800 -0.03338800
v 0.04534600 -0.01693800 -0.03292600
v 0.04529600 -0.01693500 -0.03330100
v 0.04500000 -0.01700000 -0.03292600
v 0.04496000 -0.01700000 -0.03320400
v 0.04544200 -0.01670800 -0.03383700
v 0.04540500 -0.01674800 -0.03381300
v 0.04514000 -0.01693500 -0.03364600
v 0.04484500 -0.01700000 -0.03346000
v 0.04354700 -0.01700000 -0.03542200
v 0.04420700 -0.01700000 -0.03444800
v 0.04200000 -0.01700000 -0.03717600
v 0.04245600 -0.01700000 -0.03684900
v 0.04286100 -0.01700000 -0.03637800
v 0.04131200 -0.01708000 -0.03753500
v 0.04079600 -0.01725200 -0.03755700
v 0.04002800 -0.01773900 -0.03720000
v 0.03900000 -0.02000000 -0.03527000
v 0.03904900 -0.01946100 -0.03575000
v 0.03928400 -0.01872700 -0.03638600
v 0.03944600 -0.01842600 -0.03664000
v 0.03900000 -0.02128000 -0.03440600
v 0.03900000 -0.02256000 -0.03354100
v 0.03900000 -0.02287200 -0.03319600
v 0.03804500 -0.02349800 -0.03403200
v 0.03805700 -0.02311900 -0.03436800
v 0.03842400 -0.02306700 -0.03429000
v 0.03841400 -0.02343100 -0.03397300
v 0.03873000 -0.02294200 -0.03410600
v 0.03872200 -0.02326700 -0.03382800
v 0.03893000 -0.02276300 -0.03384100
v 0.03892700 -0.02302700 -0.03361800
v 0.03802400 -0.02387200 -0.03340200
v 0.03839900 -0.02379400 -0.03337400
v 0.03803200 -0.02375700 -0.03365600
v 0.03871500 -0.02359000 -0.03329800
v 0.03892400 -0.02328900 -0.03318700
v 0.00825500 -0.02278000 -0.03824900
v 0.00832000 -0.02281200 -0.03830900
v 0.00831500 -0.02318900 -0.03803100
v 0.00853700 -0.02288400 -0.03844500
v 0.00866900 -0.02291100 -0.03849500
v 0.00866000 -0.02333500 -0.03818400
v 0.00888500 -0.02293400 -0.03853900
v 0.00907400 -0.02293600 -0.03854200
v 0.00906100 -0.02337500 -0.03822700
v 0.00864700 -0.02365900 -0.03777300
v 0.00904300 -0.02371400 -0.03780600
v 0.00863300 -0.02385900 -0.03729100
v 0.00902300 -0.02392700 -0.03731000
v 0.00830900 -0.02347600 -0.03766400
v 0.00830100 -0.02365200 -0.03723400
v 0.00806600 -0.02263300 -0.03797100
v 0.00808400 -0.02296000 -0.03779000
v 0.00808200 -0.02319300 -0.03749400
v 0.00808000 -0.02333600 -0.03714700
v 0.00800000 -0.02246800 -0.03766200
v 0.00800000 -0.02268800 -0.03750400
v 0.00800000 -0.02285700 -0.03729300
v 0.00800000 -0.02296300 -0.03704400
v 0.00800000 -0.02000000 -0.03894500
v 0.00800000 -0.02123700 -0.03831000
v 0.00779600 -0.01891100 -0.03968000
v 0.00755000 -0.01842000 -0.04000300
v 0.00718200 -0.01794200 -0.04030900
v 0.00671400 -0.01753800 -0.04055300
v 0.00620100 -0.01725100 -0.04071300
v 0.00563400 -0.01706800 -0.04078300
v 0.00500000 -0.01700000 -0.04068700
v 0.00108500 -0.01700000 -0.03906000
v 0.00131800 -0.01700000 -0.03920900
v 0.00309300 -0.01700000 -0.04012600
v 0.00087300 -0.01700000 -0.03888100
v 0.00054900 -0.01700000 -0.03846400
v 0.00065700 -0.01695000 -0.03910500
v 0.00021000 -0.01629300 -0.03957000
v 0.00049800 -0.01615100 -0.03985500
v 0.00030700 -0.01657700 -0.03946900
v 0.00056500 -0.01648500 -0.03976300
v 0.00113600 -0.01692200 -0.03954500
v 0.00046100 -0.01680400 -0.03930900
v 0.00069800 -0.01675800 -0.03958400
v 0.00037800 -0.01670000 -0.03939500
v 0.00098100 -0.01670600 -0.03983000
v 0.00087700 -0.01638300 -0.04002000
v 0.00084100 -0.01601100 -0.04008800
v 0.00009900 -0.01665500 -0.03915000
v -0.00002300 -0.01641600 -0.03924500
v 0.00032800 -0.01696800 -0.03858300
v 0.00012100 -0.01687500 -0.03869400
v -0.00019900 -0.01653100 -0.03886600
v -0.00005800 -0.01672600 -0.03879000
v 0.00012100 -0.01712100 -0.02850000
v -0.00112100 -0.01587900 -0.02850000
v -0.00112100 -0.01587900 -0.03750800
v -0.00050100 -0.01649900 -0.03785300
v 0.00100000 -0.01924300 -0.02850000
v 0.00077200 -0.01809500 -0.02850000
v 0.00100000 -0.02100000 -0.02850000
v 0.00400000 -0.02400000 -0.02850000
v 0.00250000 -0.02359800 -0.02850000
v 0.00140200 -0.02250000 -0.02850000
v 0.04300000 -0.02400000 -0.02850000
v 0.02753200 -0.02400000 -0.03388400
v 0.01609600 -0.02400000 -0.03593900
v 0.04200000 -0.02162500 -0.02850000
v 0.04281300 -0.02140700 -0.02850000
v 0.04340700 -0.02081200 -0.02850000
v 0.04362500 -0.02000000 -0.02850000
v 0.04340700 -0.01918800 -0.02850000
v 0.04281300 -0.01859300 -0.02850000
v 0.04200000 -0.01837500 -0.02850000
v 0.04118800 -0.01859300 -0.02850000
v 0.04059300 -0.01918800 -0.02850000
v 0.04037500 -0.02000000 -0.02850000
v 0.04059300 -0.02081200 -0.02850000
v 0.04118800 -0.02140700 -0.02850000
v 0.00500000 -0.02162500 -0.02850000
v 0.00581200 -0.02140700 -0.02850000
v 0.00640700 -0.02081200 -0.02850000
v 0.00662500 -0.02000000 -0.02850000
v 0.00640700 -0.01918800 -0.02850000
v 0.00581200 -0.01859300 -0.02850000
v 0.00500000 -0.01837500 -0.02850000
v 0.00418700 -0.01859300 -0.02850000
v 0.00359300 -0.01918800 -0.02850000
v 0.00337500 -0.02000000 -0.02850000
v 0.00359300 -0.02081200 -0.02850000
v 0.00418700 -0.02140700 -0.02850000
v 0.01700000 -0.00391700 -0.02850000
v 0.02144100 -0.00391700 -0.02850000
v 0.01700000 -0.00259300 -0.02850000
v 0.02700000 -0.00259300 -0.02850000
v 0.02700000 -0.00702700 -0.02850000
v 0.02695300 -0.00805600 -0.02850000
v 0.02673100 -0.00906000 -0.02850000
v 0.02634900 -0.00969600 -0.02850000
v 0.02577900 -0.01017200 -0.02850000
v 0.02505500 -0.01048600 -0.02850000
v 0.02427100 -0.01058800 -0.02850000
v 0.02330600 -0.01042100 -0.02850000
v 0.02247700 -0.00989900 -0.02850000
v 0.02183400 -0.00891700 -0.02850000
v 0.02155000 -0.00777100 -0.02850000
v 0.02132800 -0.00818700 -0.02850000
v 0.02105200 -0.00856900 -0.02850000
v 0.02042100 -0.00916000 -0.02850000
v 0.01972200 -0.00966700 -0.02850000
v 0.01700000 -0.01140700 -0.02850000
v 0.01700000 -0.00974200 -0.02850000
v 0.01908000 -0.00841900 -0.02850000
v 0.01978000 -0.00795600 -0.02850000
v 0.02045800 -0.00746400 -0.02850000
v 0.02081900 -0.00715400 -0.02850000
v 0.02112700 -0.00679200 -0.02850000
v 0.02128500 -0.00650100 -0.02850000
v 0.02139300 -0.00618800 -0.02850000
v 0.02143400 -0.00582100 -0.02850000
v 0.02144100 -0.00545200 -0.02850000
v -0.00176000 -0.01492200 -0.03738900
v -0.00177200 -0.01490500 -0.02850000
v -0.00200000 -0.01375700 -0.02850000
v -0.00200000 -0.01375700 -0.03734500
v -0.00091100 -0.01415300 -0.03912600
v -0.00069400 -0.01447300 -0.03924800
v -0.00098900 -0.01492300 -0.03897400
v -0.00099400 -0.01376400 -0.03908000
v -0.00129600 -0.01438800 -0.03881900
v -0.00116700 -0.01533000 -0.03856600
v -0.00157800 -0.01460500 -0.03840600
v -0.00121200 -0.01565800 -0.03806200
v -0.00173600 -0.01478700 -0.03791700
v -0.00141100 -0.01376300 -0.03876200
v -0.00173000 -0.01376100 -0.03834800
v -0.00193100 -0.01375900 -0.03786400
v 0.04575300 -0.01665800 -0.03263100
v 0.04570100 -0.01671400 -0.03265800
v 0.04600000 -0.01600000 -0.03220000
v 0.04600000 -0.01600500 -0.03220400
v 0.04593500 -0.01635400 -0.03244600
v 0.04587000 -0.01649300 -0.03253600
v 0.04600000 -0.02100000 -0.02850000
v 0.04559800 -0.02250000 -0.02850000
v 0.04450000 -0.02359800 -0.02850000
v 0.01290700 0.00200000 -0.14189100
v 0.01336400 0.00200000 -0.14143400
v 0.01398900 0.00200000 -0.14251600
v 0.01398900 0.00200000 -0.14126600
v 0.01461400 0.00200000 -0.14143400
v 0.01336400 0.00200000 -0.14359900
v 0.01290700 0.00200000 -0.14314100
v 0.01273900 0.00200000 -0.14251600
v 0.01507200 0.00200000 -0.14314100
v 0.01461400 0.00200000 -0.14359900
v 0.01398900 0.00200000 -0.14376600
v 0.01507200 0.00200000 -0.14189100
v 0.01523900 0.00200000 -0.14251600
v 0.01812800 0.00200000 -0.10223300
v 0.01858600 0.00200000 -0.10177600
v 0.01921100 0.00200000 -0.10285800
v 0.01921100 0.00200000 -0.10160800
v 0.01983600 0.00200000 -0.10177600
v 0.01858600 0.00200000 -0.10394100
v 0.01812800 0.00200000 -0.10348300
v 0.01796100 0.00200000 -0.10285800
v 0.02029300 0.00200000 -0.10348300
v 0.01983600 0.00200000 -0.10394100
v 0.01921100 0.00200000 -0.10410800
v 0.02029300 0.00200000 -0.10223300
v 0.02046100 0.00200000 -0.10285800
v 0.02334900 0.00200000 -0.06257600
v 0.02380700 0.00200000 -0.06211800
v 0.02443200 0.00200000 -0.06320100
v 0.02443200 0.00200000 -0.06195100
v 0.02505700 0.00200000 -0.06211800
v 0.02380700 0.00200000 -0.06428300
v 0.02334900 0.00200000 -0.06382600
v 0.02318200 0.00200000 -0.06320100
v 0.02551400 0.00200000 -0.06382600
v 0.02505700 0.00200000 -0.06428300
v 0.02443200 0.00200000 -0.06445100
v 0.02551400 0.00200000 -0.06257600
v 0.02568200 0.00200000 -0.06320100
v 0.04576100 0.00023900 -0.03394400
v 0.04571700 -0.01241200 -0.03397600
v 0.04574900 -0.00609300 -0.03395400
v 0.04452300 -0.01692400 -0.03465700
v 0.04213500 -0.01696400 -0.03740100
v 0.04215400 -0.01695300 -0.03743300
v 0.04270200 -0.01694200 -0.03707700
v 0.04304800 -0.01652200 -0.03746400
v 0.04240900 -0.01660800 -0.03785700
v 0.04248400 -0.01634000 -0.03798200
v 0.04479300 -0.01671200 -0.03483500
v 0.04359300 -0.01641100 -0.03692000
v 0.04378700 -0.01603900 -0.03680800
v 0.04436800 -0.01602700 -0.03599400
v 0.04385500 -0.01692500 -0.03563700
v 0.04497400 -0.01639300 -0.03495500
v 0.04429800 -0.01640200 -0.03594500
v 0.04411900 -0.01671600 -0.03582100
v 0.04341700 -0.01672100 -0.03679000
v 0.04289900 -0.01677700 -0.03729800
v 0.04234800 -0.01673700 -0.03775500
v 0.04317100 -0.01619500 -0.03752500
v 0.04349500 -0.01604500 -0.03720000
v 0.04351100 -0.01604500 -0.03717900
v 0.04504200 -0.01601500 -0.03500000
v 0.04316000 -0.01692600 -0.03660000
v 0.03933100 -0.01852200 -0.03690800
v 0.03908600 -0.01906800 -0.03649000
v 0.03888700 -0.01915200 -0.03673800
v 0.03873000 -0.02038100 -0.03583600
v 0.03842500 -0.02050600 -0.03602100
v 0.04151100 -0.01673600 -0.03819900
v 0.04150700 -0.01653000 -0.03835000
v 0.04064000 -0.01681100 -0.03841200
v 0.04059800 -0.01703600 -0.03824300
v 0.04027100 -0.01697000 -0.03835500
v 0.03862000 -0.01917300 -0.03692900
v 0.03867600 -0.01842300 -0.03749100
v 0.03933700 -0.01794900 -0.03771700
v 0.03934900 -0.01761000 -0.03798900
v 0.03988800 -0.01744400 -0.03802400
v 0.04021100 -0.01700000 -0.03833900
v 0.04022700 -0.01699100 -0.03834400
v 0.03805800 -0.02050500 -0.03613400
v 0.03822900 -0.01940900 -0.03686100
v 0.03832300 -0.01913100 -0.03704000
v 0.04149600 -0.01690300 -0.03799700
v 0.04068400 -0.01716300 -0.03804000
v 0.04003900 -0.01754100 -0.03782500
v 0.03953400 -0.01801300 -0.03751900
v 0.03895300 -0.01963600 -0.03604200
v 0.03893100 -0.02020200 -0.03557000
v 0.04146000 -0.01701300 -0.03776100
v 0.04075100 -0.01723600 -0.03780700
v 0.04016200 -0.01758100 -0.03759000
v 0.03969200 -0.01801700 -0.03728100
v 0.03805800 -0.02055800 -0.03609800
v 0.03805700 -0.02183900 -0.03523300
v 0.03842400 -0.02178700 -0.03515600
v 0.03873000 -0.02166200 -0.03497200
v 0.03893000 -0.02148300 -0.03470600
v 0.01543600 -0.02301800 -0.03777600
v 0.01746400 -0.02303800 -0.03745500
v 0.01643200 -0.02343200 -0.03730100
v 0.01017600 -0.02295200 -0.03843500
v 0.01127000 -0.02296700 -0.03831900
v 0.01637000 -0.02374000 -0.03689400
v 0.01629800 -0.02393400 -0.03642400
v 0.03081100 -0.02376300 -0.03436700
v 0.03210600 -0.02311400 -0.03493100
v 0.02619700 -0.02309600 -0.03579700
v 0.02369700 -0.02346600 -0.03593200
v 0.02215600 -0.02307600 -0.03657000
v 0.02114700 -0.02306900 -0.03677700
v 0.02210600 -0.02307600 -0.03658100
v 0.02215100 -0.02307600 -0.03657100
v 0.02362000 -0.02375600 -0.03553500
v 0.00806500 -0.02139800 -0.03861800
v 0.00825100 -0.02154200 -0.03889600
v 0.00886300 -0.02044800 -0.03982900
v 0.00904900 -0.02045200 -0.03983600
v 0.00887500 -0.02169500 -0.03919000
v 0.00906200 -0.02169800 -0.03919500
v 0.00853000 -0.02164400 -0.03909300
v 0.00802100 -0.02009100 -0.03912400
v 0.00806400 -0.02015600 -0.03925300
v 0.00824700 -0.02029700 -0.03953100
v 0.00831100 -0.02032700 -0.03959100
v 0.00852300 -0.02039700 -0.03972900
v 0.00626200 -0.01722800 -0.04100300
v 0.00493900 -0.01694700 -0.04099900
v 0.00635300 -0.01712800 -0.04126800
v 0.00488300 -0.01679400 -0.04128400
v 0.00484000 -0.01655600 -0.04150200
v 0.00842500 -0.01906600 -0.04047900
v 0.00888700 -0.01935500 -0.04039200
v 0.00684100 -0.01685200 -0.04158200
v 0.00773400 -0.01748900 -0.04130200
v 0.00767900 -0.01784000 -0.04108600
v 0.00792100 -0.01767400 -0.04121700
v 0.00843600 -0.01834400 -0.04089500
v 0.00481400 -0.01627000 -0.04163200
v 0.00586700 -0.01646400 -0.04171700
v 0.00646600 -0.01695700 -0.04148400
v 0.00621500 -0.01658300 -0.04168700
v 0.00659100 -0.01673000 -0.04163100
v 0.00783900 -0.01897500 -0.03984200
v 0.00722700 -0.01797000 -0.04046000
v 0.00791100 -0.01902600 -0.03999900
v 0.00729000 -0.01798000 -0.04060700
v 0.00746100 -0.01794600 -0.04087600
v 0.00812900 -0.01908000 -0.04027700
v 0.00493800 -0.01694600 -0.04100200
v 0.00217100 -0.01601800 -0.04080100
v 0.00218000 -0.01602000 -0.04080600
v 0.00274800 -0.01644400 -0.04095200
v 0.00230200 -0.01604100 -0.04086700
v 0.00317600 -0.01615100 -0.04121500
v 0.00295400 -0.01693100 -0.04045900
v 0.00283300 -0.01673800 -0.04074800
v 0.00057400 -0.01572700 -0.03994500
v -0.00059000 -0.01624200 -0.03848200
v -0.00006200 -0.01509900 -0.03960000
v -0.00019600 -0.01528500 -0.03950600
v -0.00049000 -0.01581500 -0.03907700
v -0.00200000 -0.00187900 -0.03737200
v -0.00188000 -0.00187900 -0.03805300
v -0.00103400 -0.00188000 -0.03908400
v -0.00155500 -0.00188000 -0.03862900
v 0.01588200 0.00904300 -0.15789500
v 0.01343800 0.00626000 -0.15757300
v 0.01251000 0.00602900 -0.15745100
v 0.01155400 0.00602900 -0.15732500
v 0.01062500 0.00626000 -0.15720300
v 0.00977900 0.00670800 -0.15709100
v 0.01500000 0.00734800 -0.15777900
v 0.00906300 0.00734800 -0.15699700
v 0.00852000 0.00814100 -0.15692600
v 0.01428400 0.00670800 -0.15768400
v 0.01554300 0.00814100 -0.15785000
v 0.00818100 0.00904300 -0.15688100
v 0.03680100 0.00958000 -0.05057300
v 0.03900900 0.01000000 -0.04622700
v 0.04123900 0.00809900 -0.04221300
v 0.04129200 0.00469700 -0.04224200
v 0.03682400 0.00915600 -0.05054100
v 0.04131500 0.01000000 -0.04189300
v 0.01398900 0.01000000 -0.14126600
v 0.01461400 0.01000000 -0.14143400
v 0.01507200 0.01000000 -0.14189100
v 0.01523900 0.01000000 -0.14251600
v 0.01507200 0.01000000 -0.14314100
v 0.01461400 0.01000000 -0.14359900
v 0.01398900 0.01000000 -0.14376600
v 0.01336400 0.01000000 -0.14359900
v 0.01290700 0.01000000 -0.14314100
v 0.01273900 0.01000000 -0.14251600
v 0.01290700 0.01000000 -0.14189100
v 0.01336400 0.01000000 -0.14143400
v 0.01921100 0.01000000 -0.10160800
v 0.01983600 0.01000000 -0.10177600
v 0.02029300 0.01000000 -0.10223300
v 0.02046100 0.01000000 -0.10285800
v 0.02029300 0.01000000 -0.10348300
v 0.01983600 0.01000000 -0.10394100
v 0.01921100 0.01000000 -0.10410800
v 0.01858600 0.01000000 -0.10394100
v 0.01812800 0.01000000 -0.10348300
v 0.01796100 0.01000000 -0.10285800
v 0.01812800 0.01000000 -0.10223300
v 0.01858600 0.01000000 -0.10177600
v 0.02443200 0.01000000 -0.06195100
v 0.02505700 0.01000000 -0.06211800
v 0.02551400 0.01000000 -0.06257600
v 0.02568200 0.01000000 -0.06320100
v 0.02551400 0.01000000 -0.06382600
v 0.02505700 0.01000000 -0.06428300
v 0.02443200 0.01000000 -0.06445100
v 0.02380700 0.01000000 -0.06428300
v 0.02334900 0.01000000 -0.06382600
v 0.02318200 0.01000000 -0.06320100
v 0.02334900 0.01000000 -0.06257600
v 0.02380700 0.01000000 -0.06211800
v 0.02526900 -0.00473700 -0.04788600
v 0.02537100 -0.00472200 -0.04789400
v 0.02563400 -0.00736900 -0.04620800
v 0.02838600 -0.00409900 -0.04817100
v 0.03428400 -0.00172300 -0.04878900
v 0.03462200 -0.00130300 -0.04892600
v 0.03895500 -0.01127600 -0.04205700
v 0.04302700 -0.01360200 -0.03802700
v 0.00746200 -0.00831700 -0.04379100
v 0.00761900 -0.00937000 -0.04381200
v 0.00718200 -0.00618400 -0.04375400
v 0.00676300 -0.00183800 -0.04369900
v 0.00981700 -0.01159900 -0.04386000
v 0.00877500 -0.01122200 -0.04385200
v 0.01364400 -0.01789800 -0.04088700
v 0.02058400 -0.01266300 -0.04333700
v 0.01622500 -0.01238700 -0.04367900
v 0.02495000 -0.01272200 -0.04282400
v 0.02931800 -0.01255800 -0.04238800
v 0.03365400 -0.01218300 -0.04213100
v 0.03790600 -0.01161400 -0.04205000
v 0.03977800 -0.01050500 -0.04207400
v 0.04329900 -0.00828800 -0.03806300
v 0.03658500 0.00481000 -0.04997700
v 0.03682800 0.00733800 -0.05034200
v 0.03889400 0.00345300 -0.04637000
v 0.03841900 0.00004900 -0.04630800
v 0.03635800 0.00357800 -0.04979300
v 0.03651900 0.00440900 -0.04991700
v 0.03528900 0.00019500 -0.04932100
v 0.03537400 0.00039700 -0.04934800
v 0.03765400 -0.00321900 -0.04620700
v 0.03555500 0.00085000 -0.04940800
v 0.03613800 0.00266300 -0.04965900
v 0.03509000 -0.00043900 -0.04916100
v 0.03526100 0.00009200 -0.04929600
v 0.04018300 -0.00946400 -0.04209600
v 0.03528500 0.00018700 -0.04932000
v 0.03487000 -0.00090800 -0.04903800
v 0.03110200 -0.00323100 -0.04845000
v 0.03321800 -0.00231200 -0.04866700
v 0.03418100 -0.00180900 -0.04876300
v 0.03421400 -0.00179300 -0.04876400
v 0.02220200 -0.00728300 -0.04638700
v 0.01880700 -0.00687600 -0.04647100
v 0.01936700 -0.00474100 -0.04750200
v 0.02151000 -0.00496600 -0.04760900
v 0.02377300 -0.00492000 -0.04776200
v 0.02526100 -0.00473700 -0.04788500
v 0.00833500 -0.01764700 -0.04122500
v 0.01192700 -0.01190900 -0.04384300
v 0.01551900 -0.00617000 -0.04646100
v 0.01541800 -0.00349300 -0.04737900
v 0.01726100 -0.00422800 -0.04742700
v 0.01394300 -0.00215800 -0.04726600
v 0.01407300 -0.00236700 -0.04728600
v 0.00798200 -0.01041800 -0.04383400
v 0.01450000 -0.00285600 -0.04733400
v 0.01481900 -0.00312700 -0.04735600
v 0.01531000 -0.00343800 -0.04737600
v 0.01346900 -0.00139500 -0.04715100
v 0.01386500 -0.00201600 -0.04725200
v 0.01387900 -0.00203500 -0.04725600
v 0.01146700 0.00334500 -0.04655000
v 0.01185100 0.00209800 -0.04668300
v 0.01241300 0.00065100 -0.04685800
v 0.01263600 0.00015900 -0.04692400
v 0.00655000 0.00257700 -0.04367100
v 0.01115900 0.00461200 -0.04643000
v 0.01075800 0.00716800 -0.04623300
v 0.00655500 0.00701500 -0.04367200
v 0.01062700 0.01000000 -0.04609400
v 0.00481700 0.01000000 -0.04256400
v 0.04034100 -0.00841100 -0.04211700
v 0.04085900 -0.00411900 -0.04218500
v 0.04118100 0.00026500 -0.04222800
v 0.03612300 0.00974900 -0.05219400
v 0.03624600 0.01000000 -0.05180900
v 0.03574100 0.00992000 -0.05390800
v 0.02134900 0.00491000 -0.15256300
v 0.02023600 0.00336900 -0.15241600
v 0.01977600 0.00356400 -0.15422600
v 0.00649500 0.00229500 -0.15060700
v 0.00539400 0.00336900 -0.15046200
v 0.00537000 0.00356400 -0.15232900
v 0.00428100 0.00491000 -0.15031600
v 0.00403600 0.00535300 -0.15028300
v 0.00405200 0.00548900 -0.15215600
v 0.01001200 0.00452600 -0.15682600
v 0.01137000 0.00418900 -0.15700500
v 0.00953500 0.00296200 -0.15590300
v 0.01128200 0.00252800 -0.15613300
v 0.00924200 0.00172100 -0.15452600
v 0.01129600 0.00121000 -0.15479600
v 0.00916000 0.00092400 -0.15282800
v 0.01141300 0.00036400 -0.15312500
v 0.00929900 0.00065000 -0.15097600
v 0.01277000 0.00418900 -0.15718900
v 0.01412800 0.00452600 -0.15736800
v 0.01308100 0.00252800 -0.15637000
v 0.01482700 0.00296200 -0.15660000
v 0.01341300 0.00121000 -0.15507500
v 0.01546700 0.00172100 -0.15534600
v 0.01373300 0.00036400 -0.15343000
v 0.01598500 0.00092400 -0.15372700
v 0.01536700 0.00518200 -0.15753100
v 0.01642000 0.00380600 -0.15681000
v 0.01734100 0.00271300 -0.15559200
v 0.01803900 0.00201200 -0.15399700
v 0.00643500 0.00859900 -0.15635500
v 0.00493600 0.00819900 -0.15529800
v 0.00383100 0.00788100 -0.15381400
v 0.00322900 0.00767700 -0.15204700
v 0.00318800 0.00760700 -0.15017200
v 0.00693100 0.00727900 -0.15642000
v 0.00557400 0.00650200 -0.15538200
v 0.00458200 0.00588500 -0.15391200
v 0.00578400 0.00412900 -0.15407100
v 0.00659600 0.00500900 -0.15551600
v 0.00772600 0.00611800 -0.15652500
v 0.00718300 0.00177000 -0.15069800
v 0.00710600 0.00201200 -0.15255800
v 0.00736800 0.00271300 -0.15427900
v 0.00794200 0.00380600 -0.15569400
v 0.00877300 0.00518200 -0.15666300
v 0.01401000 0.00007300 -0.15159700
v 0.01281500 -0.00000000 -0.15143900
v 0.01162000 0.00007300 -0.15128200
v 0.01913400 0.00229500 -0.15227100
v 0.01844700 0.00177000 -0.15218100
v 0.01633000 0.00065000 -0.15190200
v 0.01892500 0.00412900 -0.15580100
v 0.01776700 0.00500900 -0.15698700
v 0.01641400 0.00611800 -0.15766900
v 0.02159400 0.00535300 -0.15259500
v 0.02109400 0.00548900 -0.15439900
v 0.02012700 0.00588500 -0.15595900
v 0.01878900 0.00650200 -0.15712200
v 0.01720900 0.00727900 -0.15777300
v 0.01770500 0.00859900 -0.15783900
v 0.01942700 0.00819900 -0.15720600
v 0.02087800 0.00788100 -0.15605800
v 0.02191600 0.00767700 -0.15450800
v 0.02244100 0.00760700 -0.15270700
v 0.01470000 0.01000000 -0.05096900
v 0.01394200 0.01000000 -0.04943400
v 0.01517600 0.01000000 -0.05256300
v 0.01296100 0.01000000 -0.04808400
v 0.01174800 0.01000000 -0.04689700
v 0.01538200 0.01000000 -0.05425900
v 0.01526300 0.01000000 -0.05303700
v 0.03133100 0.00142000 -0.05418900
v 0.03262700 0.00248600 -0.05430500
v 0.03317500 0.00177200 -0.05230900
v 0.03310600 -0.00034400 -0.05020000
v 0.01540400 0.00810900 -0.05320300
v 0.01257000 0.00386100 -0.04731000
v 0.01369800 0.00094800 -0.04763400
v 0.01505200 -0.00132900 -0.04793600
v 0.01753800 -0.00291700 -0.04806800
v 0.01621600 -0.00232400 -0.04801300
v 0.02194100 -0.00386200 -0.04831400
v 0.01895900 -0.00337800 -0.04813600
v 0.02496500 -0.00378600 -0.04855600
v 0.03193000 -0.00098500 -0.05008100
v 0.03066200 -0.00154400 -0.04995600
v 0.02792800 -0.00238600 -0.04968600
v 0.02499400 -0.00283000 -0.04942100
v 0.03402000 0.00076900 -0.05055600
v 0.03498300 0.00259200 -0.05082200
v 0.03631700 0.00730300 -0.05124400
v 0.03583600 0.00491300 -0.05105000
v 0.02732700 -0.00015700 -0.05385000
v 0.02509600 -0.00032300 -0.05386500
v 0.02535200 0.00000000 -0.05638400
v 0.02715700 0.00016200 -0.05622100
v 0.02821700 0.00041200 -0.05621800
v 0.02944100 0.00044000 -0.05397200
v 0.02876300 0.00059100 -0.05624300
v 0.03080800 0.00161400 -0.05649300
v 0.03174500 0.00230200 -0.05655100
v 0.03246700 0.00294100 -0.05642800
v 0.03389100 0.00395000 -0.05403200
v 0.03374500 0.00437600 -0.05581000
v 0.03402100 0.00476500 -0.05563700
v 0.03494600 0.00576800 -0.05367300
v 0.03478200 0.00608500 -0.05508100
v 0.03562800 0.00776100 -0.05332000
v 0.03525600 0.00725200 -0.05464300
v 0.03549900 0.00811200 -0.05436200
v 0.03430900 0.00334800 -0.05235000
v 0.03530000 0.00537400 -0.05231900
v 0.03591400 0.00754200 -0.05226000
v 0.03210100 0.00074800 -0.05204900
v 0.01447200 0.00487000 -0.04942300
v 0.01516400 0.00531200 -0.05069300
v 0.01551700 0.00247400 -0.04971400
v 0.01616600 0.00312800 -0.05100000
v 0.01674100 0.00063200 -0.04997200
v 0.01735000 0.00144400 -0.05127600
v 0.01772800 -0.00023400 -0.05001800
v 0.01833200 0.00057600 -0.05130800
v 0.01995400 -0.00127400 -0.05010900
v 0.02036100 -0.00045800 -0.05133800
v 0.02243800 -0.00187300 -0.05023400
v 0.02264600 -0.00109600 -0.05139000
v 0.02502200 -0.00199200 -0.05040000
v 0.02504800 -0.00128800 -0.05148000
v 0.02758900 -0.00102200 -0.05162900
v 0.01820100 -0.00178900 -0.04896700
v 0.01701600 -0.00121000 -0.04891100
v 0.01596800 -0.00030100 -0.04884900
v 0.01468600 0.00174100 -0.04858300
v 0.01360000 0.00438200 -0.04828700
v 0.02220200 -0.00280100 -0.04920200
v 0.01948300 -0.00225600 -0.04903400
v 0.03107900 0.00016800 -0.05193700
v 0.02997500 -0.00032700 -0.05182900
v 0.01588500 0.00644600 -0.05650400
v 0.01631100 0.00541900 -0.05678400
v 0.01689600 0.00446600 -0.05545500
v 0.01657400 0.00491100 -0.05693700
v 0.01671400 0.00466700 -0.05701400
v 0.01804400 0.00295100 -0.05589900
v 0.01602500 0.00627200 -0.05500800
v 0.01545800 0.00809500 -0.05615300
v 0.01779800 0.00318600 -0.05751300
v 0.01874300 0.00229000 -0.05762300
v 0.01935100 0.00182100 -0.05590700
v 0.01939900 0.00180300 -0.05754500
v 0.02110700 0.00083000 -0.05564300
v 0.02094400 0.00060600 -0.05413800
v 0.01915400 0.00161700 -0.05429300
v 0.01801000 0.00261900 -0.05428100
v 0.01686500 0.00413600 -0.05390800
v 0.01594900 0.00602100 -0.05351900
v 0.01456300 0.00773000 -0.05043500
v 0.01385000 0.00750700 -0.04917800
v 0.01296100 0.00726800 -0.04804200
v 0.01191700 0.00701700 -0.04704900
v 0.02296000 -0.00005900 -0.05398200
v 0.02069300 0.00017300 -0.05269200
v 0.01881100 0.00119800 -0.05274600
v 0.01777600 0.00211200 -0.05272600
v 0.01661900 0.00368600 -0.05241000
v 0.01566000 0.00569800 -0.05207000
v 0.02117800 0.00084000 -0.05717100
v 0.02182900 0.00059100 -0.05703300
v 0.02220300 0.00046900 -0.05695500
v 0.02521200 0.00000100 -0.05640500
vn -0.18882065 -0.06953083 -0.97954695
vn -0.05644988 0.07294999 -0.99573677
vn -0.20175768 -0.05548469 -0.97786261
vn -0.04454116 0.05800318 -0.99732227
vn -0.21193455 -0.03935068 -0.97649131
vn -0.03550439 0.04115090 -0.99852193
vn -0.21793138 -0.02144125 -0.97572854
vn -0.02890758 0.02292595 -0.99931914
vn -0.22028165 -0.00242496 -0.97543330
vn -0.02634373 0.00410252 -0.99964453
vn -0.21945732 0.01675706 -0.97547818
vn -0.02804988 -0.01493804 -0.99949490
vn -0.21311256 0.03462616 -0.97641388
vn -0.03243209 -0.03398164 -0.99889609
vn -0.20495982 0.05172836 -0.97740250
vn -0.05528288 -0.05191228 -0.99712031
vn -0.20840206 0.06673216 -0.97576401
vn -0.06710214 -0.06683586 -0.99550503
vn -0.19505692 0.08042239 -0.97748915
vn -0.08270523 -0.07761018 -0.99354743
vn -0.17925912 0.09139811 -0.97954712
vn -0.09957319 -0.08668558 -0.99124709
vn -0.16172943 0.09846441 -0.98191056
vn -0.11816564 -0.09026749 -0.98888253
vn -0.14318622 0.10336903 -0.98428276
vn -0.13689716 -0.09065015 -0.98642877
vn -0.12426517 0.10407597 -0.98677574
vn -0.15570077 -0.08750928 -0.98392042
vn -0.10559620 0.10081181 -0.98928581
vn -0.17368517 -0.08079979 -0.98148095
vn -0.08788541 0.09411106 -0.99167498
vn -0.07072618 0.08540324 -0.99383303
vn -0.07101084 0.06972989 -0.99503528
vn -0.20298337 -0.07257989 -0.97648856
vn -0.05804499 0.05563929 -0.99676228
vn -0.21508511 -0.05792587 -0.97487588
vn -0.04819713 0.03953209 -0.99805523
vn -0.22430367 -0.04116543 -0.97364946
vn -0.04137257 0.02130969 -0.99891652
vn -0.22952249 -0.02305566 -0.97303025
vn -0.03862582 0.00239118 -0.99925088
vn -0.23192740 -0.00390968 -0.97272524
vn -0.04085786 -0.01661947 -0.99902674
vn -0.23158746 0.01518605 -0.97269555
vn -0.04601330 -0.03526673 -0.99831810
vn -0.22660145 0.03342705 -0.97341379
vn -0.21951763 0.05143624 -0.97425167
vn -0.04047198 -0.05095677 -0.99788047
vn -0.05125878 -0.06698961 -0.99643611
vn -0.19220021 0.06607092 -0.97912906
vn -0.06489615 -0.08010555 -0.99467160
vn -0.17749667 0.07844314 -0.98099011
vn -0.08047648 -0.09057262 -0.99263293
vn -0.16029353 0.08607875 -0.98330892
vn -0.09803934 -0.09852452 -0.99029350
vn -0.14185033 0.09120574 -0.98567743
vn -0.11633291 -0.10240378 -0.98791706
vn -0.12266329 0.09195423 -0.98817920
vn -0.13533527 -0.10326016 -0.98540434
vn -0.10413549 0.08801886 -0.99066063
vn -0.15424492 -0.10087804 -0.98286933
vn -0.08727370 0.07962943 -0.99299670
vn -0.17241202 -0.09500508 -0.98043262
vn -0.18834148 -0.08498407 -0.97841974
vn 0.20471697 -0.05192957 0.97744273
vn 0.04029348 0.05107784 0.99788150
vn 0.21425397 -0.03521708 0.97614292
vn 0.03300295 0.03359258 0.99889056
vn 0.21945282 -0.01673118 0.97547964
vn 0.02848512 0.01506562 0.99948068
vn 0.22118142 0.00250285 0.97522947
vn 0.02739226 -0.00386622 0.99961728
vn 0.21830608 0.02134578 0.97564687
vn 0.02969795 -0.02308936 0.99929221
vn 0.21187954 0.03935594 0.97650303
vn 0.03543952 -0.04124642 0.99852029
vn 0.20183483 0.05560273 0.97783999
vn 0.04455713 -0.05799458 0.99732206
vn 0.18878055 0.06951993 0.97955545
vn 0.05512186 0.05171813 0.99713932
vn 0.21923081 -0.05128415 0.97432427
vn 0.04635381 0.03494500 0.99831366
vn 0.22751786 -0.03384871 0.97318543
vn 0.04091294 0.01663119 0.99902429
vn 0.23192760 -0.01513907 0.97261523
vn 0.03964468 -0.00232283 0.99921114
vn 0.23287499 0.00404461 0.97249827
vn 0.04184043 -0.02138456 0.99889543
vn 0.23008965 0.02293147 0.97289922
vn 0.04818322 -0.03939271 0.99806142
vn 0.22435359 0.04114557 0.97363880
vn 0.05776462 -0.05589853 0.99676407
vn 0.21503780 0.05790325 0.97488766
vn 0.07100259 -0.06928194 0.99506716
vn 0.05671776 -0.07262768 0.99574511
vn 0.07089915 -0.08521891 0.99383653
vn 0.17294386 0.08011767 0.98166775
vn 0.08730329 -0.09491241 0.99165002
vn 0.15589150 0.08803926 0.98384294
vn 0.10555878 -0.10082963 0.98928799
vn 0.13721487 0.09183399 0.98627511
vn 0.12429756 -0.10342824 0.98683976
vn 0.11803198 0.09084441 0.98884566
vn 0.14323249 -0.10233825 0.98438373
vn 0.09963931 0.08625958 0.99127761
vn 0.16172965 -0.09842430 0.98191455
vn 0.08231092 0.07845079 0.99351416
vn 0.17904751 -0.09093064 0.97962932
vn 0.06750998 0.06644589 0.99550356
vn 0.19496481 -0.08016027 0.97752906
vn 0.20837190 -0.06679255 0.97576632
vn 0.20313694 0.07289225 0.97643336
vn 0.18861979 0.08546792 0.97832398
vn 0.08675200 -0.08045994 0.99297547
vn 0.17203846 0.09432805 0.98056361
vn 0.10429268 -0.08749886 0.99069016
vn 0.15423125 0.10098541 0.98286045
vn 0.12299148 -0.09069844 0.98825447
vn 0.13535684 0.10384531 0.98533988
vn 0.14176279 -0.09016961 0.98578535
vn 0.11634437 0.10338237 0.98781379
vn 0.16020086 -0.08636595 0.98329884
vn 0.09785072 0.09886981 0.99027774
vn 0.17716306 -0.07758107 0.98111897
vn 0.08028760 0.09110482 0.99259952
vn 0.19259644 -0.06647672 0.97902373
vn 0.06478560 0.08042248 0.99465323
vn 0.05101313 0.06704611 0.99644492
vn 0.26839579 -0.95396592 -0.13383842
vn 0.29368766 -0.95403668 0.05967887
vn 0.11606098 -0.98670968 -0.11372714
vn 0.14166332 -0.98669208 0.07981380
vn -0.03925093 -0.99486827 -0.09325500
vn -0.01378186 -0.99487414 0.10017737
vn -0.15128750 -0.98415266 -0.09249666
vn -0.12928440 -0.98053238 0.14778967
vn -0.25696201 -0.96425116 -0.06473197
vn -0.22391487 -0.96539076 0.13372661
vn -0.36174868 -0.93048186 -0.05780490
vn -0.33437803 -0.93052944 0.14935291
vn -0.45305395 -0.89064561 -0.03863323
vn -0.42752961 -0.89066047 0.15473315
vn -0.54840629 -0.83580051 -0.02623061
vn -0.52266937 -0.83599973 0.16709634
vn -0.63353616 -0.77331108 -0.02493820
vn -0.60531732 -0.77346595 0.18799301
vn -0.71716665 -0.69684779 -0.00866844
vn -0.68772997 -0.70096159 0.18889241
vn -0.78153054 -0.62354756 -0.01996161
vn -0.75719598 -0.61843094 0.21023184
vn -0.84754798 -0.53055371 0.01323586
vn -0.82210254 -0.53059604 0.20643461
vn -0.90140120 -0.43251874 0.02008524
vn -0.87506067 -0.43439852 0.21346371
vn -0.93891721 -0.34345524 0.02174788
vn -0.91190048 -0.34525582 0.22189171
vn -0.97272855 -0.23082291 0.02280240
vn -0.94508078 -0.23900844 0.22292888
vn -0.98994875 -0.14120430 -0.00792607
vn -0.96218060 -0.12971237 0.23954792
vn -0.99926060 -0.01922951 0.03329394
vn -0.97377550 -0.01925213 0.22669504
vn -0.99557189 0.08931782 0.02930759
vn -0.96909702 0.09124919 0.22918235
vn -0.98222790 0.18514253 0.03083191
vn -0.95644205 0.18702573 0.22414276
vn -0.95529246 0.29438616 0.02744279
vn -0.92971140 0.29473061 0.22084064
vn -0.91834790 0.39564710 0.01002498
vn -0.88364325 0.40252159 0.23906272
vn -0.86925438 0.49412047 0.01554941
vn -0.84555211 0.48900573 0.21427793
vn -0.81050965 0.58572261 -0.00177175
vn -0.78246502 0.58562975 0.21162771
vn -0.74429570 0.66785013 -0.00035281
vn -0.71875618 0.66790376 0.19311685
vn -0.66630895 0.74560015 -0.01062082
vn -0.64082642 0.74555165 0.18301429
vn -0.58821764 0.80821838 -0.02798310
vn -0.56098351 0.80815179 0.17941063
vn -0.49069947 0.87042147 -0.03975532
vn -0.47067018 0.86754268 0.16074599
vn -0.40978911 0.90895667 -0.07662025
vn -0.37008496 0.91488873 0.16129392
vn -0.29376005 0.95401164 -0.05972298
vn -0.26820494 0.95403629 0.13371939
vn -0.14158413 0.98669744 -0.07988797
vn -0.11618859 0.98667953 0.11385836
vn 0.01377239 0.99486778 -0.10024182
vn 0.03930470 0.99486712 0.09324454
vn 0.12219534 0.98415831 -0.12845512
vn 0.16322321 0.98051530 0.10930654
vn 0.23147438 0.96427027 -0.12885050
vn 0.25090108 0.96539543 0.07113593
vn 0.33415001 0.93060806 -0.14937342
vn 0.36172751 0.93049379 0.05774526
vn 0.42733668 0.89076821 -0.15464591
vn 0.45307285 0.89063137 0.03873968
vn 0.52265202 0.83602769 -0.16701069
vn 0.54808263 0.83602053 0.02598285
vn 0.60532361 0.77349125 -0.18786860
vn 0.63333071 0.77348438 0.02478157
vn 0.69064907 0.69673302 -0.19382197
vn 0.71316250 0.70098532 0.00434035
vn 0.74972418 0.62351215 -0.22168953
vn 0.78588722 0.61832790 0.00720332
vn 0.82210479 0.53053387 -0.20658539
vn 0.84752616 0.53058915 -0.01321239
vn 0.87600028 0.43221461 -0.21404214
vn 0.90050803 0.43436142 -0.02038233
vn 0.91266243 0.34321252 -0.22192894
vn 0.93827439 0.34520039 -0.02186011
vn 0.94552171 0.23088319 -0.22952483
vn 0.97057503 0.23901598 -0.02924862
vn 0.95421791 0.14143638 -0.26356009
vn 0.99139658 0.12968982 -0.01770249
vn 0.97380841 0.01956299 -0.22652696
vn 0.99926185 0.01922415 -0.03325942
vn 0.96899020 -0.09131995 -0.22960542
vn 0.99557509 -0.08938220 -0.02900121
vn 0.95629969 -0.18717216 -0.22462745
vn 0.98225384 -0.18505514 -0.03052845
vn 0.92983946 -0.29431575 -0.22085474
vn 0.95528826 -0.29440198 -0.02741907
vn 0.88969684 -0.39551506 -0.22805122
vn 0.91548350 -0.40234813 0.00243657
vn 0.84369628 -0.49416093 -0.20971781
vn 0.87210899 -0.48916950 -0.01179415
vn 0.78270669 -0.58538266 -0.21141754
vn 0.81059308 -0.58560707 0.00179478
vn 0.71911385 -0.66755368 -0.19299574
vn 0.74425953 -0.66789044 0.00034505
vn 0.64076367 -0.74564482 -0.18285436
vn 0.66633560 -0.74557105 0.01098521
vn 0.56098201 -0.80817587 -0.17930684
vn 0.58825639 -0.80818719 0.02806928
vn 0.46367457 -0.87045092 -0.16529090
vn 0.49621067 -0.86755749 0.03345119
vn 0.37611370 -0.90888503 -0.18018458
vn 0.39924324 -0.91488487 0.05992091
vn 0.03877090 0.99375817 -0.10460167
vn 0.07340940 0.99393244 0.08191073
vn -0.14179971 0.98657920 -0.08095874
vn -0.11602203 0.98658662 0.11482911
vn -0.31792526 0.94638565 -0.05725149
vn -0.29220303 0.94642623 0.13745830
vn -0.43578502 0.89977787 -0.02216321
vn -0.43426248 0.89498693 0.10205141
vn -0.55011978 0.83464862 -0.02701702
vn -0.51752350 0.84063086 0.15971595
vn -0.69214122 0.72171471 -0.00827089
vn -0.66635761 0.72176932 0.18712717
vn -0.81116287 0.58477433 0.00733368
vn -0.78540266 0.58489551 0.20258309
vn -0.87880824 0.47580268 0.03616483
vn -0.87186740 0.46302045 0.15955972
vn -0.93386270 0.35682552 0.02399999
vn -0.90632749 0.36611790 0.21101698
vn -0.98297680 0.18120605 0.03034770
vn -0.95718908 0.18135644 0.22560787
vn -0.99947988 0.00026577 0.03224734
vn -0.97388261 -0.00003531 0.22705213
vn -0.99018213 -0.13012952 0.05104561
vn -0.97408466 -0.14612446 0.17264621
vn -0.96575437 -0.25798212 0.02763560
vn -0.94434459 -0.24817264 0.21592507
vn -0.90338920 -0.42839078 0.01921685
vn -0.87770212 -0.42835385 0.21483008
vn -0.81090891 -0.58511751 0.00801454
vn -0.78540053 -0.58487182 0.20265974
vn -0.72700289 -0.68643651 0.01648412
vn -0.70206517 -0.69880277 0.13703716
vn -0.63354778 -0.77353998 -0.01590925
vn -0.61718267 -0.76769748 0.17241270
vn -0.48366523 -0.87451435 -0.03595266
vn -0.45773094 -0.87458360 0.15995596
vn -0.31773626 -0.94643675 -0.05745564
vn -0.29205143 -0.94641492 0.13785778
vn -0.19047223 -0.98017689 -0.05453068
vn -0.15980094 -0.98492817 0.06618284
vn -0.06450634 -0.99377046 -0.09088017
vn -0.04972669 -0.99394399 0.09799285
vn 0.11604997 -0.98658397 -0.11482368
vn 0.14181885 -0.98658055 0.08090879
vn 0.29229318 -0.94639176 -0.13750396
vn 0.31801292 -0.94636677 0.05707639
vn 0.41519248 -0.89979703 -0.13409146
vn 0.44577423 -0.89504566 -0.01336392
vn 0.52450036 -0.83457884 -0.16845630
vn 0.54112767 -0.84069518 0.02030908
vn 0.66641733 -0.72174578 -0.18700526
vn 0.69207613 -0.72177870 0.00813218
vn 0.78545012 -0.58489419 -0.20240281
vn 0.81107173 -0.58489520 -0.00776233
vn 0.85833096 -0.47566266 -0.19238759
vn 0.88345464 -0.46299877 -0.07169412
vn 0.90820908 -0.35660425 -0.21906549
vn 0.93003103 -0.36613995 -0.03136574
vn 0.95724757 -0.18132456 -0.22538522
vn 0.98300349 -0.18117059 -0.02968752
vn 0.97370955 0.00020695 -0.22779303
vn 0.99947868 -0.00020496 -0.03228495
vn 0.96958323 0.13023133 -0.20723937
vn 0.98563561 0.14576989 -0.08528526
vn 0.94028077 0.25747746 -0.22265989
vn 0.96803978 0.24819141 -0.03605550
vn 0.87760240 0.42857637 -0.21479368
vn 0.90339343 0.42835830 -0.01973539
vn 0.78541148 0.58488329 -0.20258417
vn 0.81086181 0.58518762 -0.00765337
vn 0.70660450 0.68626984 -0.17246387
vn 0.71343426 0.69900401 -0.04904027
vn 0.60781636 0.77353429 -0.17945465
vn 0.64078056 0.76769102 0.00712597
vn 0.45786065 0.87450937 -0.15999058
vn 0.48360347 0.87453766 0.03621571
vn 0.29205633 0.94641265 -0.13786293
vn 0.31791031 0.94637163 0.05756534
vn 0.16984601 0.98018396 -0.10193991
vn 0.17144689 0.98493709 0.02246983
vn 0.16924523 -0.36813044 0.91424069
vn 0.24412417 -0.35039166 0.90422844
vn 0.18372455 -0.69470261 0.69543769
vn 0.32506512 -0.66008338 0.67721681
vn 0.16995077 -0.91418955 0.36793233
vn 0.35132371 -0.87278609 0.33884524
vn 0.31372330 -0.31664247 0.89516213
vn 0.37472225 -0.26954091 0.88709128
vn 0.45618739 -0.59743150 0.65952154
vn 0.57131052 -0.50815451 0.64450235
vn 0.52811421 -0.78615610 0.32102019
vn 0.67990097 -0.66872892 0.30089252
vn 0.42487893 -0.21064204 0.88040208
vn 0.66537871 -0.39660976 0.63243329
vn 0.80234289 -0.52739068 0.27947266
vn 0.46126337 -0.14200752 0.87582531
vn 0.48309093 -0.06757761 0.87295843
vn 0.73465980 -0.26785053 0.62332261
vn 0.77624160 -0.12769144 0.61736851
vn 0.89509543 -0.35284690 0.27258620
vn 0.94940756 -0.16791084 0.26538884
vn 0.48903655 0.00980939 0.87220814
vn 0.78717203 0.01855655 0.61645425
vn 0.96598815 0.01941097 0.25785676
vn 0.47909755 0.08674684 0.87346467
vn 0.45351052 0.15982318 0.87680372
vn 0.76856194 0.16351516 0.61852675
vn 0.71992707 0.30159437 0.62509668
vn 0.93940861 0.21522930 0.26681044
vn 0.87561066 0.39694155 0.27521515
vn 0.41327132 0.22601048 0.88211455
vn 0.64413206 0.42638821 0.63504881
vn 0.77975778 0.55885720 0.28223472
vn 0.36024265 0.28247547 0.88906290
vn 0.29703203 0.32668802 0.89724406
vn 0.54388350 0.53244151 0.64861142
vn 0.42471611 0.61570411 0.66372033
vn 0.64408538 0.70098346 0.30622901
vn 0.48679278 0.81015319 0.32662609
vn 0.22593541 0.35626916 0.90665621
vn 0.29030480 0.67135227 0.68191587
vn 0.31466912 0.88475284 0.34379611
vn 0.14999615 0.37009111 0.91680626
vn 0.07306767 0.36759334 0.92711178
vn 0.14749810 0.69823482 0.70050870
vn 0.00235149 0.69469755 0.71929812
vn 0.12222558 0.91911678 0.37454673
vn -0.06896122 0.91412697 0.39952000
vn -0.00162097 0.34994086 0.93677039
vn -0.13866834 0.66020761 0.73817139
vn -0.25163103 0.87278846 0.41823693
vn -0.07122222 0.31663519 0.94586973
vn -0.13229517 0.26933625 0.95391612
vn -0.26977952 0.59729687 0.75528502
vn -0.38516657 0.50826603 0.77026772
vn -0.42699808 0.78620057 0.44672285
vn -0.57886304 0.66868318 0.46666946
vn -0.18214239 0.21007833 0.96056819
vn -0.47924698 0.39672763 0.78289815
vn -0.70268577 0.52747024 0.47750168
vn -0.21947850 0.14233897 0.96517812
vn -0.24134819 0.06773396 0.96807188
vn -0.54887593 0.26833124 0.79166506
vn -0.58992770 0.12753846 0.79732004
vn -0.79385591 0.35282827 0.49528276
vn -0.84804225 0.16769047 0.50269698
vn -0.24706161 -0.00973724 0.96895085
vn -0.60099387 -0.01846455 0.79904032
vn -0.86638935 -0.01939513 0.49899230
vn -0.23681546 -0.08674939 0.96767400
vn -0.21119009 -0.15999799 0.96426106
vn -0.58202325 -0.16352266 0.79656090
vn -0.53362455 -0.30165285 0.79009518
vn -0.83814249 -0.21518518 0.50121104
vn -0.77457570 -0.39694656 0.49240827
vn -0.17128245 -0.22635099 0.95886785
vn -0.45800932 -0.42659988 0.77989743
vn -0.68016273 -0.55881616 0.47445037
vn -0.11805364 -0.28245771 0.95198791
vn -0.05436104 -0.32614466 0.94375555
vn -0.35784033 -0.53274797 0.76689627
vn -0.23827887 -0.61574295 0.75105513
vn -0.54315308 -0.70117753 0.46188180
vn -0.38567612 -0.81027955 0.44124935
vn 0.01672072 -0.35600497 0.93433446
vn -0.10402927 -0.67163671 0.73354076
vn -0.21485539 -0.88470733 0.41367874
vn 0.09237740 -0.37017601 0.92435715
vn 0.03886800 -0.69830726 0.71474209
vn -0.02118063 -0.91914731 0.39334414
vn 0.43538288 -0.78452341 -0.44154815
vn 0.57886890 -0.66864578 -0.46671577
vn 0.70158890 -0.52964681 -0.47670460
vn 0.79978367 -0.34712675 -0.48974391
vn 0.84841289 -0.16790475 -0.50199957
vn 0.86680682 0.01709925 -0.49835083
vn 0.83991973 0.22302751 -0.49476618
vn 0.77439155 0.39686673 -0.49276214
vn 0.68196903 0.55711372 -0.47385921
vn 0.53995183 0.70763256 -0.45575013
vn 0.38545245 0.81009513 -0.44178308
vn 0.21753032 0.88431748 -0.41311397
vn 0.01495706 0.92228125 -0.38622996
vn -0.17016635 0.91420924 -0.36778375
vn -0.34904472 0.87391094 -0.33830084
vn -0.53474685 0.78464001 -0.31366520
vn -0.67991217 0.66872144 -0.30088382
vn -0.80124249 0.52944729 -0.27874010
vn -0.89938248 0.34713057 -0.26572830
vn -0.94940401 0.16790474 -0.26540538
vn -0.96628047 -0.01677864 -0.25694459
vn -0.93932953 -0.22305623 -0.26058769
vn -0.87550804 -0.39690542 -0.27559345
vn -0.78129408 -0.55737670 -0.28091062
vn -0.63951889 -0.70767413 -0.30035464
vn -0.48660823 -0.81012623 -0.32696777
vn -0.31697563 -0.88434640 -0.34272131
vn -0.11459435 -0.92217928 -0.36939614
vn 0.06904657 -0.91418074 -0.39938222
vn 0.24965194 -0.87403584 -0.41681562
vn -0.14758714 -0.69843573 -0.70028963
vn -0.29042713 -0.67161567 -0.68160434
vn -0.42449642 -0.61585220 -0.66372348
vn -0.54425029 -0.53253074 -0.64823039
vn -0.64421154 -0.42648133 -0.63490564
vn -0.72006966 -0.30191091 -0.62477955
vn -0.76841499 -0.16349750 -0.61871397
vn -0.78744771 -0.01830522 -0.61610959
vn -0.77599810 0.12768906 -0.61767504
vn -0.73488203 0.26794962 -0.62301798
vn -0.66569584 0.39680945 -0.63197414
vn -0.57153947 0.50830700 -0.64417903
vn -0.45608901 0.59737798 -0.65963805
vn -0.32491113 0.66006165 -0.67731187
vn -0.18403665 0.69471708 -0.69534070
vn -0.03874263 0.69837077 -0.71468684
vn 0.10409989 0.67170461 -0.73346856
vn 0.23831249 0.61581238 -0.75098753
vn 0.35789138 0.53255737 -0.76700483
vn 0.45794613 0.42655763 -0.77995765
vn 0.53344467 0.30145794 -0.79029102
vn 0.58212431 0.16365607 -0.79645965
vn 0.60110995 0.01841486 -0.79895414
vn 0.58976638 -0.12768870 -0.79741533
vn 0.54863729 -0.26799217 -0.79194528
vn 0.47894216 -0.39664020 -0.78312895
vn 0.38470303 -0.50787352 -0.77075811
vn 0.27000914 -0.59735870 -0.75515406
vn 0.13851818 -0.65999260 -0.73839182
vn -0.00220550 -0.69470763 -0.71928884
vn -0.15001356 -0.37062920 -0.91658602
vn -0.22583250 -0.35601774 -0.90678060
vn -0.29694640 -0.32655097 -0.89732229
vn -0.36054397 -0.28270282 -0.88886847
vn -0.41341553 -0.22607483 -0.88203048
vn -0.45379926 -0.16021734 -0.87658236
vn -0.47971664 -0.08693270 -0.87310632
vn -0.48954689 -0.00966578 -0.87192340
vn -0.48319862 0.06772396 -0.87288748
vn -0.46142871 0.14207314 -0.87572756
vn -0.42478096 0.21028087 -0.88053568
vn -0.37466556 0.26929519 -0.88718984
vn -0.31358832 0.31656142 -0.89523809
vn -0.24407526 0.34995507 -0.90441070
vn -0.16931253 0.36807445 -0.91425077
vn -0.09232085 0.37012817 -0.92438196
vn -0.01643278 0.35642083 -0.93418101
vn 0.05463837 0.32661487 -0.94357691
vn 0.11808380 0.28264147 -0.95192963
vn 0.17084372 0.22598414 -0.95903263
vn 0.21118640 0.16002917 -0.96425669
vn 0.23667971 0.08670177 -0.96771148
vn 0.24682492 0.00979992 -0.96901054
vn 0.24085227 -0.06774081 -0.96819490
vn 0.21885767 -0.14208556 -0.96535642
vn 0.18270302 -0.21045682 -0.96037885
vn 0.13248491 -0.26966608 -0.95379660
vn 0.07148929 -0.31699336 -0.94572961
vn 0.00180510 -0.35011633 -0.93670449
vn -0.07313391 -0.36822230 -0.92685693
vn -0.53291663 0.71164691 0.45777565
vn -0.39138612 0.80790225 0.44058015
vn -0.64523293 0.59976182 0.47324436
vn -0.74916775 0.45236670 0.48385126
vn -0.81687998 0.29613051 0.49498870
vn -0.85632403 0.13733903 0.49784249
vn -0.86415080 -0.03042900 0.50231213
vn -0.84065219 -0.20943022 0.49944257
vn -0.79002502 -0.36937663 0.48930704
vn -0.71233559 -0.51019653 0.48195178
vn -0.60086456 -0.64818012 0.46778660
vn -0.46774929 -0.76101604 0.44951662
vn -0.33026158 -0.83980946 0.43086815
vn -0.16418583 -0.89911498 0.40575272
vn 0.00524738 -0.92225084 0.38655639
vn 0.16929587 -0.91750715 0.35988822
vn 0.32791008 -0.87944720 0.34503275
vn 0.49208578 -0.80795059 0.32414107
vn 0.63324931 -0.71169113 0.30412342
vn 0.74578606 -0.59977237 0.28995906
vn 0.84888288 -0.45239458 0.27338068
vn 0.91717359 -0.29607964 0.26670105
vn 0.95594372 -0.13726162 0.25948189
vn 0.96471860 0.03043375 0.26151828
vn 0.94130374 0.20941942 0.26474663
vn 0.88974992 0.36942004 0.26809311
vn 0.81281263 0.51021144 0.28110479
vn 0.70146490 0.64814152 0.29641114
vn 0.56806546 0.76095989 0.31343530
vn 0.43061257 0.83977840 0.33067364
vn 0.26364341 0.89912096 0.34939040
vn 0.09494493 0.92224107 0.37477577
vn -0.07043676 0.91747913 0.39149804
vn -0.22737113 0.87952998 0.41800644
vn 0.12959837 0.71178343 0.69033949
vn 0.25853502 0.69232483 0.67368091
vn 0.38198897 0.64976436 0.65718392
vn 0.49510215 0.58478959 0.64256905
vn 0.59498281 0.50012177 0.62918493
vn 0.67777599 0.39835545 0.61800700
vn 0.74007483 0.28293816 0.61011085
vn 0.78070425 0.15779950 0.60464881
vn 0.79760024 0.02758926 0.60255514
vn 0.79072770 -0.10394535 0.60327860
vn 0.75976195 -0.23169705 0.60751812
vn 0.70619412 -0.35160671 0.61454259
vn 0.63175573 -0.45948932 0.62430303
vn 0.53889284 -0.55166579 0.63659985
vn 0.43070677 -0.62537319 0.65069198
vn 0.31094544 -0.67750691 0.66655631
vn 0.18383079 -0.70649171 0.68342937
vn 0.05346826 -0.71176142 0.70038334
vn -0.07545176 -0.69257717 0.71738685
vn -0.19861507 -0.64974020 0.73375046
vn -0.31218436 -0.58492478 0.74860131
vn -0.41210965 -0.50012070 0.76160680
vn -0.49447644 -0.39820679 0.77260883
vn -0.55696176 -0.28290883 0.78086887
vn -0.59746872 -0.15792076 0.78618838
vn -0.61466841 -0.02749799 0.78830616
vn -0.60751081 0.10388462 0.78748880
vn -0.57669022 0.23174981 0.78340310
vn -0.52303594 0.35150402 0.77645240
vn -0.44866785 0.45965112 0.76643199
vn -0.35576637 0.55161885 0.75441828
vn -0.24767332 0.62541958 0.73993802
vn -0.12779692 0.67757362 0.72426648
vn -0.00077414 0.70658390 0.70762885
vn 0.14105006 0.39178286 0.90918154
vn 0.21192299 0.38104700 0.89993990
vn 0.27994344 0.35772204 0.89087969
vn 0.34230608 0.32200261 0.88268956
vn 0.39718537 0.27550318 0.87540949
vn 0.44277165 0.21935665 0.86938825
vn 0.47700428 0.15572817 0.86499460
vn 0.49941254 0.08682782 0.86200235
vn 0.50878521 0.01510584 0.86076096
vn 0.50490423 -0.05715512 0.86128103
vn 0.48788979 -0.12750918 0.86354210
vn 0.45856888 -0.19368919 0.86729411
vn 0.41745739 -0.25290034 0.87279479
vn 0.36632996 -0.30373135 0.87951670
vn 0.30679011 -0.34423986 0.88734365
vn 0.24086642 -0.37303002 0.89600891
vn 0.17086567 -0.38895628 0.90527230
vn 0.09907458 -0.39206749 0.91458587
vn 0.02811945 -0.38131163 0.92401880
vn -0.03976938 -0.35767687 0.93299821
vn -0.10187926 -0.32169544 0.94134619
vn -0.15682007 -0.27503512 0.94855846
vn -0.20255281 -0.21916850 0.95443047
vn -0.23690856 -0.15581069 0.95895639
vn -0.25921979 -0.08702188 0.96188996
vn -0.26889102 -0.01503911 0.96305319
vn -0.26467019 0.05711005 0.96264642
vn -0.24806311 0.12768330 0.96029249
vn -0.21834978 0.19348231 0.95649776
vn -0.17744292 0.25311347 0.95102449
vn -0.12632612 0.30387532 0.94429948
vn -0.06667998 0.34411836 0.93655557
vn -0.00066003 0.37304692 0.92781224
vn 0.06924167 0.38897211 0.91864372
vn 0.60591427 0.64557978 -0.46485982
vn 0.84520825 0.20357836 -0.49414459
vn 0.85605695 -0.13750895 -0.49825475
vn 0.74478300 -0.45596745 -0.48722887
vn -0.26959326 -0.89574966 -0.35348554
vn -0.94422141 -0.20345316 -0.25894545
vn -0.95597928 0.13724576 -0.25935924
vn -0.84546800 0.45598506 -0.27795951
vn -0.74585793 0.59968821 -0.28994827
vn -0.09914465 0.39172797 -0.91472375
vn -0.17076719 0.38894930 -0.90529388
vn -0.24088402 0.37319493 -0.89593551
vn -0.30679457 0.34426554 -0.88733214
vn -0.02812590 0.38131197 -0.92401846
vn 0.07549210 0.69237558 -0.71757717
vn 0.03977448 0.35794974 -0.93289334
vn 0.19868613 0.64991586 -0.73357563
vn 0.33028583 0.83981243 -0.43084377
vn -0.05361654 0.71169928 -0.70043516
vn -0.18382978 0.70654777 -0.68337168
vn -0.31102097 0.67768520 -0.66633980
vn -0.43075456 0.62540627 -0.65062855
vn -0.50892302 -0.01517931 -0.86067819
vn -0.49964549 -0.08723250 -0.86182648
vn -0.79784763 -0.02765758 -0.60222440
vn -0.78059698 -0.15790681 -0.60475928
vn -0.96488256 -0.03278286 -0.26062794
vn -0.44286199 -0.21940142 -0.86933093
vn -0.39717296 -0.27514340 -0.87552827
vn -0.67756543 -0.39813550 -0.61837951
vn -0.59507540 -0.50011514 -0.62910263
vn -0.81158932 -0.51238726 -0.28068143
vn -0.70546982 -0.64579984 -0.29198441
vn -0.34218017 -0.32188657 -0.88278070
vn -0.49524706 -0.58494891 -0.64231232
vn -0.56814814 -0.76096720 -0.31326763
vn -0.27991856 -0.35788329 -0.89082274
vn -0.38181671 -0.64981708 -0.65723190
vn -0.43059773 -0.83972514 -0.33082819
vn 0.00081702 -0.37301421 -0.92782527
vn 0.06687746 -0.34441808 -0.93643130
vn 0.12800299 -0.67761453 -0.72419181
vn 0.24768948 -0.62543992 -0.73991541
vn 0.22997706 -0.87901959 -0.41765430
vn 0.38787119 -0.81256483 -0.43507969
vn 0.12603600 -0.30357342 -0.94443534
vn 0.35571060 -0.55176473 -0.75433789
vn 0.53292321 -0.71183805 -0.45747071
vn 0.17714210 -0.25282149 -0.95115823
vn 0.44848394 -0.45936628 -0.76671036
vn 0.64541731 -0.59967000 -0.47310927
vn 0.26852425 0.01503979 -0.96315551
vn 0.25925031 0.08680773 -0.96190108
vn 0.61419178 0.02733565 -0.78868322
vn 0.59748400 0.15783706 -0.78619358
vn 0.86435925 0.03270363 -0.50181029
vn 0.20269989 0.21956818 -0.95430738
vn 0.15716325 0.27545450 -0.94837995
vn 0.49459127 0.39847361 -0.77239773
vn 0.41180313 0.50000023 -0.76185166
vn 0.71131876 0.51244546 -0.48106681
vn 0.16897044 0.89567107 -0.41136642
vn -0.00792580 0.92202170 -0.38705705
vn -0.16923742 0.91749330 -0.35995102
vn -0.33022644 0.87907179 -0.34377795
vn -0.48722611 0.81250463 -0.32007334
vn -0.63323073 0.71179004 -0.30393055
vn -0.53882444 0.55179865 -0.63654260
vn -0.36642448 0.30395767 -0.87939913
vn -0.41748829 0.25297120 -0.87275947
vn -0.63181436 0.45955460 -0.62419563
vn -0.70637720 0.35165987 -0.61430170
vn -0.45836422 0.19356624 -0.86742974
vn -0.91777259 0.29358593 -0.26739628
vn -0.75994216 0.23173713 -0.60727738
vn -0.48804137 0.12751325 -0.86345584
vn -0.50485113 0.05718880 -0.86130992
vn -0.79073847 0.10391781 -0.60326923
vn -0.88978112 -0.36920551 -0.26828502
vn -0.74007965 -0.28282061 -0.61015951
vn -0.47709210 -0.15564834 -0.86496053
vn -0.25867436 -0.69250197 -0.67344531
vn -0.21210532 -0.38139441 -0.89974976
vn -0.09257577 -0.92207821 -0.37576788
vn -0.12959138 -0.71172281 -0.69040330
vn -0.14104776 -0.39187042 -0.90914416
vn -0.06929286 -0.38895905 -0.91864539
vn 0.00074450 -0.70660501 -0.70760780
vn 0.07033980 -0.91752643 -0.39140460
vn 0.52304538 -0.35155353 -0.77642363
vn 0.21854166 -0.19366027 -0.95641792
vn 0.81740028 -0.29344635 -0.49572778
vn 0.57701466 -0.23165242 -0.78319298
vn 0.24761943 -0.12755685 -0.96042380
vn 0.26522557 -0.05701776 -0.96249902
vn 0.60762525 -0.10385103 -0.78740493
vn 0.79008817 0.36932927 -0.48924082
vn 0.55716277 0.28294818 -0.78071120
vn 0.23698128 0.15562485 -0.95896860
vn 0.46763400 0.76093240 -0.44977808
vn 0.31208948 0.58472197 -0.74879929
vn 0.10232578 0.32195840 -0.94120785
vn 0.57735027 0.57735027 0.57735027
vn -0.57735027 0.57735027 0.57735027
vn 0.71680292 -0.03458980 0.69641735
vn -0.71215430 -0.01685215 0.70182067
vn -0.71878014 -0.09477863 0.68874678
vn -0.69017907 -0.25512765 0.67717260
vn -0.58621952 -0.45225319 0.67217091
vn -0.41259053 -0.61343896 0.67339565
vn 0.01967951 -0.74102693 0.67118687
vn 0.30314377 -0.68641170 0.66101651
vn 0.57964676 -0.48182717 0.65715463
vn -0.20955163 -0.70670093 0.67576764
vn 0.71514938 -0.20143152 0.66931810
vn -0.30151134 0.30151134 0.90453403
vn 0.30151134 0.30151134 0.90453403
vn 0.69511226 -0.03354311 0.71811824
vn 0.49532364 -0.41173419 0.76493754
vn 0.63748847 -0.17955727 0.74924471
vn 0.01765150 -0.66466277 0.74693496
vn 0.26264486 -0.59470959 0.75982773
vn -0.37276034 -0.55421950 0.74423819
vn -0.19077995 -0.64339450 0.74138150
vn -0.63118411 -0.23331991 0.73970835
vn -0.52751274 -0.40696243 0.74572910
vn -0.70150571 -0.01660017 0.71247047
vn -0.68133480 -0.08984108 0.72643753
vn 0.85576687 0.07394066 -0.51205063
vn 0.70923043 0.06311666 -0.70214563
vn 0.66782581 0.26734556 -0.69464742
vn 0.52104664 0.04696623 -0.85223505
vn 0.30863715 0.02784034 -0.95077233
vn 0.35503416 0.14297204 -0.92385591
vn 0.00844023 0.09367736 -0.99556683
vn 0.03314720 0.37220970 -0.92755658
vn 0.14060958 0.35765614 -0.92320693
vn 0.03644615 0.09218310 -0.99507485
vn 0.27280284 0.27294408 -0.92254005
vn 0.07128689 0.07136531 -0.99489958
vn 0.09220956 0.03635524 -0.99507572
vn 0.09369971 0.00847984 -0.99556439
vn 0.99230619 0.08731290 -0.08777741
vn 0.95021627 0.08128922 -0.30080076
vn 0.94952260 0.30185051 -0.08539966
vn 0.87192958 0.31720297 -0.37298938
vn 0.79676517 0.52404446 -0.30090310
vn 0.71649815 0.69047064 -0.09940170
vn 0.67173191 0.64387336 -0.36633774
vn 0.51299312 0.82971232 -0.22003528
vn 0.31197336 0.87310676 -0.37464277
vn 0.30185051 0.94952260 -0.08539966
vn 0.08178495 0.92998235 -0.35839092
vn 0.08718770 0.99230979 -0.08786116
vn 0.06317776 0.71135000 -0.69999268
vn 0.26238263 0.66960013 -0.69483164
vn 0.51067814 0.51035378 -0.69191535
vn -0.00597089 0.99893542 -0.04574248
vn 0.00258975 0.99997692 -0.00628147
vn 0.10460624 0.98479911 -0.13866593
vn 0.25721728 0.91009945 -0.32489730
vn 0.42833945 0.73708348 -0.52271719
vn 0.57807674 0.44651471 -0.68297284
vn -0.57946409 0.44363534 -0.68367321
vn -0.00881418 0.09348170 -0.99558198
vn -0.03431135 0.37202121 -0.92758986
vn -0.42453008 0.73715118 -0.52572080
vn -0.06374887 0.71147956 -0.69980920
vn -0.25532721 0.91018616 -0.32614287
vn -0.08177131 0.93001265 -0.35831539
vn -0.11047715 0.98469539 -0.13479533
vn -0.08731290 0.99230619 -0.08777741
vn -0.00066023 0.99999977 -0.00016107
vn -0.02351880 0.99961278 -0.01487122
vn -0.69919034 0.71225218 -0.06188461
vn -0.92802405 0.37105094 -0.03305385
vn -0.64104950 0.20602573 -0.73933006
vn -0.99557176 0.09357299 -0.00899768
vn -0.68331929 0.06073853 -0.72758888
vn -0.35861142 0.92965595 -0.08448474
vn -0.08295372 0.99207757 -0.09434392
vn 0.99536360 0.09557123 -0.01083714
vn 0.93034246 0.36470061 -0.03816234
vn 0.68331929 0.06073853 -0.72758888
vn 0.64371926 0.20430286 -0.73748618
vn 0.70140278 0.71003926 -0.06227678
vn 0.35546036 0.93182026 -0.07320476
vn 0.09074631 0.99328907 -0.07170729
vn -0.52084201 0.04710972 -0.85235220
vn -0.70938615 0.06327437 -0.70197411
vn -0.66778460 0.26708682 -0.69478656
vn -0.85488596 0.07595117 -0.51322647
vn -0.95046129 0.08352265 -0.29941160
vn -0.87290441 0.31440476 -0.37307847
vn -0.09345934 0.00877456 -0.99558443
vn -0.30893079 0.02805304 -0.95067071
vn -0.35501720 0.14309804 -0.92384292
vn -0.09218310 0.03644615 -0.99507485
vn -0.27294408 0.27280284 -0.92254005
vn -0.07136531 0.07128689 -0.99489958
vn -0.14039991 0.35776772 -0.92319560
vn -0.03635524 0.09220956 -0.99507572
vn -0.30185051 0.94952260 -0.08539966
vn -0.31496437 0.87212544 -0.37442578
vn -0.52404446 0.79676517 -0.30090310
vn -0.69047064 0.71649815 -0.09940170
vn -0.64387336 0.67173191 -0.36633774
vn -0.82971232 0.51299312 -0.22003528
vn -0.94952260 0.30185051 -0.08539966
vn -0.99230619 0.08731290 -0.08777741
vn -0.51035378 0.51067814 -0.69191535
vn -0.26274798 0.66944845 -0.69483974
vn -0.08304594 0.00770104 -0.99651596
vn -0.29496744 0.02859471 -0.95507934
vn -0.51353947 0.04744122 -0.85675349
vn -0.69970695 0.06547733 -0.71142315
vn -0.85333647 0.07888826 -0.51535766
vn -0.94753378 0.08851436 -0.30715621
vn -0.99123203 0.09802628 -0.08859970
vn -0.43593574 0.77068433 -0.46476412
vn -0.60545762 0.43421974 -0.66698897
vn -0.63949732 0.26316593 -0.72234817
vn -0.92032626 0.38110811 -0.08806918
vn -0.85763045 0.35551168 -0.37159315
vn -0.77229007 0.62857356 -0.09199629
vn -0.72241458 0.59032837 -0.36004110
vn -0.07365199 0.02849900 -0.99687672
vn -0.07120453 0.74729761 -0.66066345
vn -0.22697097 0.79098935 -0.56817254
vn -0.31656282 0.12671591 -0.94006971
vn -0.60522982 0.78119351 -0.15308025
vn -0.69406751 0.71941888 -0.02658505
vn -0.70660196 0.70760853 -0.00195917
vn -0.10552143 0.99428729 -0.01606291
vn -0.38206798 0.92388500 -0.02146076
vn -0.66248607 0.74507942 -0.07725843
vn -0.31903642 0.55227568 -0.77019955
vn -0.55227568 0.31903642 -0.77019955
vn -0.69379890 0.27074325 -0.66733888
vn -0.72260894 0.06317338 -0.68836432
vn -0.63762479 0.00009821 -0.77034708
vn -0.55203750 -0.31909507 -0.77034599
vn -0.31886882 -0.55252186 -0.77009238
vn -0.00009821 -0.63762479 -0.77034708
vn 0.31892764 -0.55228376 -0.77023880
vn 0.55228376 -0.31892764 -0.77023880
vn -0.52854283 0.52837059 -0.66442983
vn -0.26991539 0.69473029 -0.66670497
vn -0.00009821 0.63762479 -0.77034708
vn -0.06418896 0.72321555 -0.68763293
vn 0.31909507 0.55203750 -0.77034599
vn 0.55252186 0.31886882 -0.77009238
vn 0.63762479 0.00009821 -0.77034708
vn 0.31886882 -0.55252186 -0.77009238
vn 0.00009821 -0.63762479 -0.77034708
vn -0.31892764 -0.55228376 -0.77023880
vn -0.55228376 -0.31892764 -0.77023880
vn -0.63762479 0.00009821 -0.77034708
vn -0.55252186 0.31886882 -0.77009238
vn 0.31903642 0.55227568 -0.77019955
vn 0.53075451 0.53069821 -0.66080183
vn 0.55227568 0.31903642 -0.77019955
vn 0.69389105 0.27372626 -0.66602488
vn 0.63762479 0.00009821 -0.77034708
vn 0.72242162 0.06283827 -0.68859157
vn 0.55203750 -0.31909507 -0.77034599
vn 0.44046844 0.56509630 -0.69760571
vn 0.20430286 0.64371926 -0.73748618
vn -0.31909507 0.55203750 -0.77034599
vn 0.06073853 0.68331929 -0.72758888
vn 0.00009821 0.63762479 -0.77034708
vn 0.06393167 0.72306963 -0.68781033
vn 0.27309516 0.69501435 -0.66511208
vn 0.02452065 0.19730939 0.98003456
vn -0.57735027 -0.57735027 0.57735027
vn 0.57735027 -0.57735027 0.57735027
vn 0.30151134 0.30151134 0.90453403
vn 0.57735027 0.57735027 0.57735027
vn -0.19580542 0.70943730 0.67702213
vn -0.38657356 0.62700098 0.67633620
vn -0.56292168 0.48184693 0.67152269
vn -0.68741121 0.27396153 0.67261498
vn -0.71917102 0.09521422 0.68827851
vn -0.71198517 0.01625164 0.70200642
vn 0.70492772 -0.00668570 0.70924764
vn 0.69494055 -0.04531275 0.71763806
vn 0.66379144 -0.14966094 0.73279092
vn 0.62921771 -0.27710411 0.72615314
vn 0.67940069 0.29636241 0.67125556
vn 0.52513756 0.53455793 0.66217699
vn 0.26744488 0.69643146 0.66592526
vn 0.01548935 0.73775321 0.67489279
vn 0.56256633 -0.38586152 0.73118398
vn 0.48804935 -0.48582741 0.72510659
vn -0.61226853 0.38210798 0.69218548
vn 0.43249502 -0.54743165 0.71642630
vn 0.69245936 -0.38022086 0.61313304
vn 0.40012721 0.73066825 0.55319266
vn 0.38371028 -0.59153419 0.70912180
vn -0.40183443 0.58970408 0.70055563
vn 0.39997038 -0.57710512 0.71202063
vn -0.45877551 0.55575425 0.69329809
vn -0.54602654 0.48073893 0.68610866
vn -0.61296309 0.65220945 -0.44598103
vn -0.59615482 0.53438695 -0.59919114
vn -0.62850652 0.34605525 -0.69658117
vn -0.42684881 0.86999186 -0.24680816
vn -0.39546892 0.83066516 -0.39191801
vn -0.49988611 0.69832027 -0.51231111
vn -0.05788891 0.99606933 -0.06704302
vn -0.21787565 0.94755386 -0.23382020
vn -0.22106774 0.96905994 -0.10978112
vn -0.07383282 0.99694832 -0.02535284
vn -0.68455581 0.47487209 -0.55306404
vn -0.63156613 0.70889746 -0.31398824
vn -0.73323799 0.65364568 -0.18737496
vn -0.40960134 0.90713824 -0.09657615
vn -0.72380115 0.57458498 -0.38205236
vn -0.51444469 0.08951811 -0.85283830
vn -0.60106559 0.20882230 -0.77143593
vn -0.51238143 0.24969727 -0.82165476
vn -0.55689832 0.46908565 -0.68543630
vn -0.38870645 0.76753737 -0.50969960
vn -0.24723690 0.90428171 -0.34806394
vn -0.07288377 0.99357783 -0.08655088
vn -0.23581764 0.94948153 -0.20706248
vn -0.04976964 0.99550495 -0.08057842
vn -0.33589989 0.76783546 -0.54552724
vn -0.42543006 0.59141435 -0.68500973
vn -0.48364366 0.40706813 -0.77484472
vn -0.12213391 0.99220938 -0.02457364
vn -0.04637040 0.99588478 -0.07786711
vn -0.36235878 0.93062505 -0.05131406
vn -0.48245034 0.86892323 0.11051737
vn -0.72419185 0.68690102 -0.06093564
vn -0.83263565 0.55351915 0.01828713
vn -0.93321872 0.35730009 0.03794038
vn -0.98892742 0.14098216 0.04633123
vn -0.99640884 0.06477545 -0.05453047
vn -0.99477353 0.08936900 -0.04938418
vn -0.99455252 0.09002506 -0.05254305
vn -0.99440901 0.10077795 -0.03153618
vn -0.99451929 0.09704653 -0.03890193
vn -0.99469731 0.09438177 -0.04085751
vn -0.99491092 0.09036726 -0.04456477
vn -0.99505134 0.08416484 -0.05281210
vn -0.99525760 0.07701662 -0.05942019
vn -0.06977814 0.95896705 -0.27479667
vn -0.36266048 0.89554885 -0.25781707
vn -0.68941337 0.69594303 -0.20092910
vn -0.91504692 0.38690888 -0.11397659
vn 0.12253278 0.96529530 -0.23063107
vn 0.39793596 0.89042655 -0.22087899
vn 0.71242442 0.68184223 -0.16595970
vn 0.92060888 0.37987061 -0.09043013
vn 0.99446918 0.10214662 -0.02443604
vn 0.99525826 0.09166417 -0.03253721
vn 0.99547994 0.08848293 -0.03450309
vn 0.98998333 0.13596282 -0.03804102
vn 0.96839419 0.24577329 -0.04252268
vn 0.94593843 0.32171230 -0.04125149
vn 0.78621937 0.45084570 0.42260769
vn 0.70344818 0.71065997 0.01109317
vn 0.81704363 0.57079330 -0.08145373
vn 0.87616380 0.47687364 -0.07020352
vn 0.91746615 0.39032036 -0.07684973
vn 0.13364932 0.99003119 -0.04445342
vn 0.25023340 0.96714556 -0.04486317
vn 0.44156517 0.89622043 -0.04253398
vn 0.64629773 0.76142897 -0.05025093
vn 0.08357255 0.99514353 -0.05200941
vn 0.09248284 0.99569065 -0.00685994
vn 0.10102581 0.99435009 -0.03258355
vn 0.09290671 0.99450423 -0.04826674
vn 0.95699722 0.09980628 -0.27238763
vn 0.87929645 0.10167983 -0.46529450
vn 0.81648912 0.38248258 -0.43249577
vn 0.99336768 0.09074138 -0.07061624
vn 0.88950111 0.38202531 -0.25068792
vn 0.62721091 0.70490984 -0.33122286
vn 0.68788273 0.69955320 -0.19350106
vn 0.34561807 0.92070794 -0.18123202
vn 0.38474550 0.91620280 -0.11199699
vn 0.93235724 0.35366734 -0.07502921
vn 0.72063851 0.69069588 -0.06016099
vn 0.35588494 0.93364911 -0.04056167
vn 0.77665507 0.33865949 -0.53114654
vn 0.68689924 0.42122007 -0.59223566
vn 0.89492544 0.26482039 -0.35913594
vn 0.99999977 0.00066023 -0.00016107
vn 0.99928250 0.03102278 -0.02172737
vn 0.97633150 0.13485792 -0.16908623
vn 0.08994115 0.72532229 0.68250873
vn 0.37420259 0.64951249 0.66189572
vn 0.64951249 0.37420259 0.66189572
vn 0.72532229 0.08994115 0.68250873
vn 0.01062422 0.99728837 -0.07282186
vn -0.08994115 0.72532229 0.68250873
vn 0.00898794 0.99800014 -0.06256945
vn 0.01109917 0.99814196 -0.05991184
vn -0.72532229 0.08994115 0.68250873
vn -0.64951249 0.37420259 0.66189572
vn -0.37420259 0.64951249 0.66189572
vn -0.68036404 0.06690887 0.72981366
vn -0.60708210 0.25140589 0.75382120
vn -0.52842035 0.43372426 0.72983231
vn -0.77468624 0.63018434 -0.05223904
vn -0.56266331 0.46178504 0.68568548
vn -0.00009821 0.63762479 0.77034708
vn -0.31903642 0.55227568 0.77019955
vn -0.55227568 0.31903642 0.77019955
vn -0.63762479 0.00009821 0.77034708
vn -0.55203750 -0.31909507 0.77034599
vn -0.31886882 -0.55252186 0.77009238
vn -0.00009821 -0.63762479 0.77034708
vn 0.31892764 -0.55228376 0.77023880
vn 0.55228376 -0.31892764 0.77023880
vn 0.63762479 0.00009821 0.77034708
vn 0.55252186 0.31886882 0.77009238
vn 0.31909507 0.55203750 0.77034599
vn 0.00009821 0.63762479 0.77034708
vn -0.31909507 0.55203750 0.77034599
vn -0.55252186 0.31886882 0.77009238
vn -0.63762479 0.00009821 0.77034708
vn -0.55228376 -0.31892764 0.77023880
vn -0.31892764 -0.55228376 0.77023880
vn 0.00009821 -0.63762479 0.77034708
vn 0.31886882 -0.55252186 0.77009238
vn 0.55203750 -0.31909507 0.77034599
vn 0.63762479 0.00009821 0.77034708
vn 0.55227568 0.31903642 0.77019955
vn 0.31903642 0.55227568 0.77019955
vn 0.30151134 0.30151134 0.90453403
vn 0.57735027 0.57735027 0.57735027
vn 0.30151134 -0.30151134 0.90453403
vn -0.30151134 -0.30151134 0.90453403
vn -0.70171334 0.01601717 0.71227933
vn -0.68074246 0.09012649 0.72695730
vn -0.61947076 0.24688447 0.74518725
vn -0.50547054 0.43267019 0.74652264
vn -0.35258660 0.57187601 0.74070272
vn -0.17898250 0.64848490 0.73988688
vn 0.01406214 0.66977558 0.74243042
vn 0.23569044 0.61374230 0.75350541
vn 0.45683813 0.46503329 0.75831587
vn 0.60952526 0.26588194 0.74685056
vn 0.10335010 0.83162344 0.54563835
vn -0.58637769 0.36594988 0.72266305
vn -0.51345647 0.45206321 0.72938420
vn -0.44082794 0.53401281 0.72145758
vn -0.39438714 0.57877496 0.71377751
vn 0.13195631 0.24096408 0.96152163
vn 0.48498674 -0.26630021 0.83298983
vn 0.38589748 -0.59490601 0.70510281
vn 0.40553217 -0.58513006 0.70225813
vn 0.44391176 -0.56188242 0.69801898
vn 0.51300959 -0.51067401 0.68995160
vn 0.60117412 -0.41234241 0.68451692
vn 0.66328536 -0.29210732 0.68900352
vn 0.71243386 -0.16062804 0.68310806
vn 0.71567729 -0.04666487 0.69687044
vn 0.70919689 -0.00672619 0.70497839
vn -0.92148775 0.38416013 -0.05728284
vn -0.99350352 0.09360946 -0.06471501
vn -0.72450521 0.07149550 0.68555130
vn -0.68972983 0.28539857 0.66544753
vn -0.55986765 0.03710219 -0.82775096
vn -0.56819060 0.00923478 -0.82284516
vn -0.71066788 0.03058709 -0.70286243
vn -0.55115201 0.06245624 -0.83206411
vn -0.70230234 0.12472369 -0.70086762
vn -0.86914582 0.06352066 -0.49045965
vn -0.84029756 0.22908587 -0.49134477
vn -0.96562836 0.07904821 -0.24761514
vn -0.91549509 0.31669993 -0.24813284
vn -0.65237553 0.24957789 -0.71562353
vn -0.75228489 0.41803741 -0.50922702
vn -0.79616452 0.55061078 -0.25089806
vn 0.41645515 0.89518866 -0.15875256
vn 0.33470520 0.85823545 -0.38910710
vn 0.65431082 0.65479203 -0.37831831
vn -0.37383660 0.66041425 -0.65122900
vn -0.19762396 0.76766591 -0.60961777
vn -0.31787623 0.77856089 -0.54110779
vn -0.64872732 0.66226338 -0.37491342
vn -0.11042490 0.74998592 -0.65217134
vn -0.00154977 0.66090053 -0.75047191
vn -0.02656690 0.74136202 -0.67057927
vn 0.05096518 0.76271858 -0.64471926
vn 0.38078916 0.65892006 -0.64870947
vn 0.16700462 0.77773382 -0.60600294
vn 0.28735188 0.81040697 -0.51055797
vn 0.44619269 0.89305608 0.05799079
vn 0.75313173 0.65783571 -0.00669160
vn 0.48700195 0.83064811 0.26991259
vn 0.64876127 0.66213240 0.37508598
vn 0.41393547 0.79980820 0.43470020
vn 0.31805941 0.77657585 0.54384571
vn 0.37373272 0.66048101 0.65122092
vn 0.20204942 0.76570484 0.61063257
vn 0.11051599 0.74875725 0.65356622
vn 0.00154915 0.66075801 0.75059740
vn 0.02600582 0.73964458 0.67249505
vn -0.05750953 0.75789310 0.64983898
vn -0.38092002 0.65893196 0.64862054
vn -0.16522736 0.77475680 0.61028831
vn -0.65418297 0.65483603 0.37846323
vn -0.38622754 0.83630014 0.38914055
vn -0.28379033 0.81178998 0.51035289
vn -0.41450391 0.79983577 -0.43410741
vn -0.44705014 0.84994482 -0.27881890
vn -0.75321981 0.65773495 0.00668225
vn -0.44444775 0.89413346 -0.05469512
vn -0.41496093 0.89462413 0.16569580
vn 0.41277322 0.89574072 -0.16512671
vn 0.38691602 0.83600437 -0.38909212
vn 0.65425488 0.65477028 -0.37845267
vn -0.37383941 0.66045203 -0.65118908
vn -0.20181460 0.76572320 -0.61068719
vn -0.31805652 0.77665927 -0.54372826
vn -0.64869906 0.66220762 -0.37506078
vn -0.11054043 0.74871264 -0.65361319
vn -0.00162055 0.66078975 -0.75056930
vn -0.02638173 0.73949699 -0.67264270
vn 0.05729100 0.75822193 -0.64947460
vn 0.38080779 0.65902020 -0.64859679
vn 0.16618872 0.77437280 -0.61051460
vn 0.28286714 0.81230528 -0.51004540
vn 0.44605194 0.89310754 0.05828021
vn 0.75312412 0.65784428 -0.00670518
vn 0.48693063 0.83066145 0.27000022
vn 0.64878957 0.66218816 0.37493858
vn 0.41410943 0.79972638 0.43468506
vn 0.31816830 0.77666420 0.54365582
vn 0.37372291 0.66043494 0.65127327
vn 0.20204942 0.76570480 0.61063262
vn 0.10979915 0.74899749 0.65341174
vn 0.00153744 0.66089257 0.75047894
vn 0.02558841 0.73929676 0.67289340
vn -0.05710002 0.75798801 0.64976439
vn -0.38092118 0.65887246 0.64868030
vn -0.16522383 0.77475979 0.61028547
vn -0.65422412 0.65487354 0.37832716
vn -0.38647832 0.83619581 0.38911576
vn -0.28382316 0.81191703 0.51013248
vn -0.41418546 0.79977806 -0.43451751
vn -0.48756959 0.83028314 -0.27001076
vn -0.75322744 0.65772635 0.00666864
vn -0.44113035 0.89541760 -0.06026061
vn -0.41481477 0.89467024 0.16581272
vn 0.41427519 0.89500091 -0.16537666
vn 0.38697079 0.83598853 -0.38907171
vn 0.65417446 0.65484491 -0.37846258
vn -0.37369110 0.66050584 -0.65121962
vn -0.20187263 0.76559566 -0.61082791
vn -0.31781960 0.77671733 -0.54378387
vn -0.64876074 0.66215609 -0.37504509
vn -0.11051615 0.74875738 -0.65356604
vn -0.00159585 0.66079043 -0.75056876
vn -0.02631679 0.73951526 -0.67262516
vn 0.05732879 0.75812476 -0.64958468
vn 0.38093955 0.65897228 -0.64856811
vn 0.16596158 0.77455138 -0.61034983
vn 0.28312007 0.81223183 -0.51002203
vn 0.44515925 0.89364116 0.05690985
vn 0.75321981 0.65773495 -0.00668225
vn 0.45854842 0.84494175 0.27533032
vn 0.64868408 0.66221799 0.37506839
vn 0.41376436 0.80043585 0.43370671
vn 0.31682382 0.78040643 0.53906258
vn 0.37386571 0.66048116 0.65114443
vn 0.19353098 0.76891425 0.60935756
vn 0.11204351 0.74948899 0.65246647
vn 0.00157428 0.66082404 0.75053921
vn 0.03950511 0.74725527 0.66336182
vn -0.05980431 0.77203467 0.63276055
vn -0.38080803 0.65902052 0.64859633
vn -0.16667904 0.77820242 0.60549079
vn -0.65426027 0.65476483 0.37845278
vn -0.35689812 0.84994557 0.38757742
vn -0.28703242 0.81050836 0.51057672
vn -0.41418457 0.79977861 -0.43451733
vn -0.48700004 0.83064921 -0.26991268
vn -0.75313173 0.65783571 0.00669160
vn -0.44571621 0.89327754 -0.05824337
vn -0.41494266 0.89501549 0.16361499
vn -0.59889907 0.11003305 -0.79322924
vn -0.71968667 0.31795283 -0.61721723
vn -0.75631228 0.56414376 -0.33126055
vn -0.52826934 0.03127972 -0.84850049
vn -0.54636613 0.11526116 -0.82957756
vn -0.51526172 0.04239392 -0.85598371
vn -0.49312675 0.09275745 -0.86499830
vn -0.47066459 0.30390857 -0.82832025
vn -0.40574148 0.57038909 -0.71416394
vn -0.17637950 0.93523294 -0.30696843
vn -0.31164882 0.77664573 -0.54744536
vn -0.16339073 0.97855743 -0.12541457
vn -0.25786217 0.91369261 -0.31412246
vn -0.35700710 0.77932462 -0.51497483
vn -0.44456827 0.57095737 -0.69019326
vn -0.48923793 0.30182631 -0.81825860
vn -0.49601372 0.09457822 -0.86314851
vn -0.55236144 0.61384133 -0.56399969
vn -0.92018160 0.23367524 -0.31410461
vn -0.95007947 0.16838134 -0.26267227
vn -0.77290277 0.28249217 -0.56817205
vn -0.65134580 0.18107192 -0.73685929
vn -0.61340770 0.26111823 -0.74535110
vn -0.70851199 0.45426068 -0.54005370
vn -0.81694958 0.24097164 -0.52395235
vn -0.59302169 0.35565882 -0.72237945
vn -0.52168143 0.09593443 -0.84772936
vn -0.51505884 0.09578255 -0.85178641
vn -0.54896451 0.32564143 -0.76980233
vn -0.51260660 0.11415060 -0.85100183
vn -0.50009142 0.10295049 -0.85983125
vn -0.51168235 0.14663315 -0.84656948
vn -0.52519880 0.13361195 -0.84042493
vn -0.53111430 0.14150080 -0.83540117
vn -0.47577351 0.28006603 -0.83378809
vn -0.62692000 0.22023082 -0.74730831
vn -0.79056416 0.29447213 -0.53693060
vn -0.87209793 0.33648898 -0.35527507
vn -0.72079795 0.62433173 -0.30109835
vn -0.59878107 0.76949870 -0.22211030
vn -0.51672982 0.08804902 -0.85160887
vn -0.50785698 0.79099661 -0.34118272
vn -0.41511417 0.89678428 -0.15316063
vn -0.40961112 0.41717372 -0.81128590
vn -0.17938175 0.76125654 -0.62314579
vn -0.13482819 0.78683046 -0.60226172
vn -0.28747940 0.74793244 -0.59829146
vn -0.19533803 0.75201410 -0.62953781
vn -0.41068693 0.55627456 -0.72242291
vn -0.30633602 0.62698589 -0.71627294
vn -0.14946002 0.84240007 -0.51771018
vn -0.39676852 0.81616078 -0.42006705
vn -0.11947893 0.87937532 -0.46089459
vn -0.37608607 0.84977745 -0.36937455
vn -0.09588994 0.91379091 -0.39470406
vn -0.07953510 0.92741160 -0.36548857
vn -0.92334628 0.34115251 -0.17620049
vn -0.92780167 0.31546574 -0.19916182
vn -0.94213425 0.20769766 -0.26314396
vn -0.92734917 0.28793130 -0.23899598
vn -0.42986080 0.76365229 -0.48172075
vn -0.48659788 0.67331976 -0.55665340
vn -0.58526431 0.51018889 -0.63021662
vn -0.79128889 0.38679804 -0.47354955
vn -0.73245221 0.51978047 -0.43970675
vn -0.72802234 0.57812463 -0.36844998
vn -0.71239042 0.62348649 -0.32212495
vn -0.70058178 0.65438777 -0.28453790
vn -0.16694424 0.81138002 -0.56017147
vn -0.92074127 0.35784541 -0.15550620
vn 0.03848483 0.98163548 -0.18684405
vn 0.03772955 0.98206242 -0.18474273
vn 0.02813553 0.98056517 -0.19416575
vn 0.02153239 0.97470163 -0.22247043
vn 0.03694997 0.97930177 -0.19900439
vn 0.02368476 0.97644323 -0.21447065
vn 0.20405509 0.90828764 -0.36520555
vn 0.16562482 0.92747185 -0.33520796
vn 0.44185837 0.83564235 -0.32628676
vn 0.40744491 0.86222406 -0.30092909
vn 0.72664465 0.64734942 -0.23005715
vn 0.37423381 0.79723020 -0.47368035
vn 0.26969757 0.85020936 -0.45211422
vn 0.26492801 0.85414476 -0.44749288
vn 0.45912737 0.81932780 -0.34337155
vn 0.32273068 0.83190810 -0.45141313
vn 0.20441474 0.90307356 -0.37772047
vn 0.93317832 0.32306202 -0.15750921
vn 0.93462189 0.32782759 -0.13788033
vn 0.79288903 0.53541495 -0.29096015
vn 0.74503022 0.61542852 -0.25725030
vn 0.65382019 0.66136343 -0.36758341
vn 0.52149895 0.73902222 -0.42647979
vn 0.73872150 0.62763021 -0.24570483
vn 0.93150083 0.33893203 -0.13202757
vn 0.92814643 0.35064284 -0.12487511
vn 0.78997050 0.40400623 -0.46122184
vn 0.72160797 0.54871125 -0.42213494
vn 0.83653909 0.44788087 -0.31560274
vn 0.56864152 0.61913857 -0.54158494
vn 0.62386203 0.68122142 -0.38305814
vn 0.64824634 0.53221951 -0.54453566
vn 0.84177071 0.28095423 -0.46096289
vn 0.82310385 0.16029973 -0.54479725
vn 0.82525001 0.15682758 -0.54255648
vn 0.79932295 0.25928795 -0.54208171
vn 0.79146040 0.32401078 -0.51827353
vn 0.83871899 0.21867352 -0.49873073
vn 0.82227059 0.19488680 -0.53468703
vn 0.81148043 0.20767323 -0.54623378
vn 0.83761665 0.22093691 -0.49958506
vn 0.86060173 0.40415391 -0.30987785
vn 0.80275320 0.49942092 -0.32583131
vn 0.82736251 0.33308628 -0.45224418
vn 0.82622223 0.34625441 -0.44437002
vn 0.83703626 0.16347203 -0.52215630
vn 0.80979664 0.36588731 -0.45864569
vn 0.84464687 0.15200415 -0.51328978
vn 0.84127166 0.13239413 -0.52415053
vn 0.77880293 0.41484223 -0.47050178
vn 0.84223884 0.13912485 -0.52084355
vn 0.73008719 0.66316102 -0.16489438
vn 0.92503422 0.33976769 -0.16991059
vn 0.88883681 0.35050201 -0.29515667
vn 0.86688144 0.37324962 -0.33045619
vn 0.93254927 0.32079109 -0.16566515
vn 0.70679173 0.43108521 -0.56090195
vn 0.77701583 0.53610621 -0.32990382
vn 0.69849466 0.63501905 -0.32993334
vn 0.59447519 0.72750920 -0.34253411
vn 0.32831020 0.92794923 -0.17641613
vn 0.39546717 0.90321489 -0.16675903
vn 0.54674908 0.81970027 -0.17075395
vn 0.84310183 0.11205708 -0.52594915
vn 0.77725778 0.40118150 -0.48468934
vn 0.59146968 0.71704770 -0.36879021
vn 0.32026874 0.92606770 -0.19956590
vn 0.89875886 0.00769478 -0.43837575
vn 0.96675961 0.00094571 -0.25568527
vn 0.99787063 0.00010362 -0.06522416
vn 0.31888064 0.77025576 0.55228724
vn 0.55228724 0.77025576 0.31888064
vn 0.63771321 0.77027389 -0.00000000
vn 0.55228724 0.77025576 -0.31888064
vn 0.31888064 0.77025576 -0.55228724
vn 0.00000000 0.77027389 -0.63771321
vn -0.31874462 0.77016878 -0.55248703
vn -0.55211170 0.77046171 -0.31868704
vn -0.63800036 0.77003606 0.00000000
vn -0.55211170 0.77046171 0.31868704
vn -0.31874462 0.77016878 0.55248703
vn 0.00000000 0.77027389 0.63771321
vn -0.55228724 0.77025576 0.31888064
vn -0.31888064 0.77025576 0.55228724
vn 0.00000000 0.77027389 0.63771321
vn 0.31874462 0.77016878 0.55248703
vn 0.55211170 0.77046171 0.31868704
vn 0.63800036 0.77003606 0.00000000
vn 0.55211170 0.77046171 -0.31868704
vn 0.31874462 0.77016878 -0.55248703
vn 0.00000000 0.77027389 -0.63771321
vn -0.31888064 0.77025576 -0.55228724
vn -0.55228724 0.77025576 -0.31888064
vn -0.63771321 0.77027389 0.00000000
vn 0.00000000 0.77027389 0.63771321
vn 0.31888064 0.77025576 0.55228724
vn 0.55228724 0.77025576 0.31888064
vn 0.63771321 0.77027389 -0.00000000
vn 0.55228724 0.77025576 -0.31888064
vn 0.31888064 0.77025576 -0.55228724
vn 0.00000000 0.77027389 -0.63771321
vn -0.31888064 0.77025576 -0.55228724
vn -0.55228724 0.77025576 -0.31888064
vn -0.63771321 0.77027389 -0.00000000
vn -0.55228724 0.77025576 0.31888064
vn -0.31888064 0.77025576 0.55228724
vn 0.70710678 -0.00000000 0.70710678
vn -0.70710678 0.00000000 0.70710678
vn -0.99638472 0.00092532 -0.08495075
vn -0.94076576 -0.00290184 -0.33904479
vn -0.94368225 0.00139060 -0.33085023
vn -0.77347310 -0.00184598 -0.63382644
vn -0.77689773 0.00141103 -0.62962523
vn -0.58706707 0.00181696 -0.80953626
vn -0.58704485 0.00311090 -0.80954844
vn -0.04878629 0.02025897 -0.99860376
vn -0.04637251 -0.00000509 -0.99892422
vn -0.21375304 0.00001924 -0.97688773
vn -0.21143660 0.02018087 -0.97718335
vn -0.20429373 0.03922180 -0.97812357
vn -0.19251017 0.05626886 -0.97968038
vn -0.17762142 0.06943324 -0.98164640
vn -0.15997360 0.07868902 -0.98397992
vn -0.13998797 0.08392775 -0.98658983
vn -0.10015564 0.07896023 -0.99183372
vn -0.08137834 0.07126358 -0.99413232
vn -0.06796141 0.05546964 -0.99614475
vn -0.12003635 0.08379953 -0.98922642
vn -0.05566710 0.03946342 -0.99766919
vn -0.84272935 0.53760899 0.02799658
vn -0.75592405 0.65433561 0.02058494
vn -0.74674363 0.62847104 -0.21771107
vn -0.64846236 0.76119677 0.00872052
vn -0.54391019 0.83912527 0.00552201
vn -0.57143955 0.78501639 -0.23917799
vn -0.01104942 0.99641437 -0.08388268
vn 0.14263749 0.98551824 -0.09169704
vn 0.07856106 0.94268503 -0.32430400
vn 0.62860830 0.76119833 -0.15946379
vn 0.73537691 0.65446474 -0.17577456
vn 0.66483443 0.62857680 -0.40359186
vn 0.82124007 0.53762106 -0.19112388
vn 0.88584652 0.42079705 -0.19546301
vn 0.79578587 0.43803246 -0.41815358
vn 0.19350392 0.00005301 -0.98109950
vn 0.18411825 0.07662536 -0.97991276
vn 0.48562767 -0.00000901 -0.87416576
vn 0.46842499 0.14233119 -0.87196322
vn 0.73018409 -0.00004715 -0.68325046
vn 0.70682314 0.19460068 -0.68009677
vn 0.90420231 0.00001331 -0.42710441
vn 0.87672700 0.22782123 -0.42361214
vn 0.97824819 0.00004093 -0.20743789
vn 0.94953999 0.23838991 -0.20382360
vn 0.15704468 0.14857149 -0.97635213
vn 0.41793298 0.27686586 -0.86526141
vn 0.63780932 0.37798294 -0.67106495
vn 0.52737903 0.53916222 -0.65663952
vn 0.33712992 0.39506715 -0.85455565
vn 0.11363390 0.21201021 -0.97063845
vn 0.52723715 0.83883168 -0.13558172
vn 0.49004357 0.78502300 -0.37894088
vn 0.38203680 0.66915154 -0.63740419
vn 0.23062261 0.49011136 -0.84059745
vn 0.05648370 0.26314283 -0.96310199
vn -0.01127629 0.29911511 -0.95415040
vn 0.10451593 0.55685179 -0.82401002
vn 0.20994284 0.76014991 -0.61489521
vn 0.29495990 0.89030200 -0.34693084
vn 0.33854870 0.93313265 -0.12102988
vn -0.08546619 0.31752253 -0.94439132
vn -0.03374499 0.59117320 -0.80583840
vn 0.02112154 0.80713794 -0.58998494
vn -0.15823546 0.98565439 -0.05871092
vn -0.15978906 0.94266369 -0.29300618
vn -0.17319465 0.80711602 -0.56441770
vn -0.17600288 0.59123821 -0.78705805
vn -0.16181641 0.31752233 -0.93434202
vn -0.23615667 0.29913585 -0.92452570
vn -0.31419811 0.55693519 -0.76883206
vn -0.36184223 0.76019338 -0.53960747
vn -0.37473242 0.89030287 -0.25872074
vn -0.36189623 0.93168157 -0.03163182
vn -0.30377409 0.26314999 -0.91568192
vn -0.44041983 0.49007488 -0.75223466
vn -0.53399178 0.66909747 -0.51687653
vn -0.67940266 0.53912638 -0.49774971
vn -0.54684671 0.39492776 -0.73823488
vn -0.36118062 0.21205670 -0.90806416
vn -0.90616860 0.42094179 0.04082254
vn -0.87679723 0.43821403 -0.19797749
vn -0.78970973 0.37799187 -0.48319839
vn -0.62764950 0.27683424 -0.72761179
vn -0.40454958 0.14871716 -0.90234297
vn -0.43147072 0.07668695 -0.89886157
vn -0.67809323 0.14254116 -0.72102121
vn -0.85862034 0.19464658 -0.47421916
vn -0.95645984 0.22795924 -0.18226122
vn -0.96985031 0.23866868 0.04927102
vn -0.44085043 -0.00005333 -0.89758058
vn -0.69532726 -0.00004843 -0.71869326
vn -0.88206652 0.00002587 -0.47112489
vn -0.98391266 0.00000044 -0.17865016
vn -0.99860237 0.00016010 0.05285142
vn 0.98118890 0.05992825 -0.18351282
vn 0.60814745 0.77962028 -0.14949549
vn 0.67000259 0.72745967 -0.14798300
vn 0.75622707 0.63433404 -0.16043982
vn 0.81799032 0.55024788 -0.16768754
vn 0.85814540 0.48594466 -0.16566308
vn 0.90402376 0.39191402 -0.17071743
vn 0.96252509 0.20693266 -0.17528354
vn 0.35200867 0.93155352 -0.09109298
vn 0.28217061 0.95686933 -0.06914349
vn 0.19168046 0.97980619 -0.05690720
vn -0.30044858 0.95358890 0.01997164
vn -0.21370832 0.97689740 0.00047312
vn -0.10531385 0.99398129 0.03016939
vn -0.01628352 0.99983779 -0.00769694
vn 0.07978404 0.99672859 -0.01290836
vn -0.54487820 0.83845310 0.01020535
vn -0.60054822 0.79937702 0.01839061
vn -0.40597142 0.91384067 0.00907943
vn -0.81432257 0.57920856 0.03736562
vn -0.74683153 0.66417376 0.03340486
vn -0.67571477 0.73653390 0.03045283
vn -0.87264504 0.48664287 0.04085773
vn -0.92402307 0.37929186 0.04815657
vn -0.96977173 0.23685918 0.05865589
vn -0.99552977 0.02760488 0.09032413
vn 0.47463996 0.87200937 -0.11965186
vn 0.56678638 0.80982590 -0.15144376
vn 0.36619259 0.84627101 -0.38694750
vn 0.38938960 0.82345523 -0.41267083
vn 0.45276958 0.85345117 -0.25811008
vn -0.72809117 -0.68516432 -0.02081115
vn -0.70475361 -0.69556645 -0.13967697
vn -0.96815670 0.17540145 -0.17862514
vn -0.67924054 -0.70116555 -0.21679291
vn -0.66101709 -0.68368083 -0.30925221
vn -0.88412676 0.14925351 -0.44276772
vn -0.57191177 -0.69593963 -0.43426369
vn -0.51037398 -0.69890746 -0.50104566
vn -0.71584441 0.11111489 -0.68936221
vn -0.45943674 -0.71793440 -0.52296087
vn -0.56738933 0.07723393 -0.81981965
vn -0.39569712 -0.70364496 -0.59017587
vn -0.55405802 0.04829335 -0.83107609
vn -0.53977740 0.06346006 -0.83941240
vn -0.61243042 -0.69510467 -0.37650827
vn 0.90120497 0.08520484 -0.42493499
vn 0.68852906 -0.68305005 -0.24366034
vn 0.89661406 0.18284068 -0.40330202
vn 0.93686959 0.19413380 -0.29083920
vn 0.86619999 0.26331005 -0.42469447
vn 0.88014878 0.35574796 -0.31429525
vn 0.79461943 0.49258110 -0.35488564
vn 0.73490567 0.41928812 -0.53302077
vn 0.76716515 0.39316408 -0.50683294
vn 0.78622242 0.37384782 -0.49202856
vn 0.81569053 0.35445659 -0.45717555
vn 0.84873392 0.30769109 -0.43008944
vn 0.67484767 0.40019822 -0.62001775
vn 0.70029346 0.47315067 -0.53452551
vn 0.65093979 0.54606571 -0.52734205
vn 0.71501552 0.60449680 -0.35119285
vn 0.56745694 0.64548510 -0.51121581
vn 0.63177707 0.70016238 -0.33261146
vn 0.54446627 0.78161314 -0.30436391
vn 0.41916880 0.78231645 -0.46073690
vn 0.47181770 0.73520553 -0.48668357
vn 0.17859104 0.97635555 -0.12179934
vn 0.33101536 0.92491337 -0.18698684
vn 0.11296801 0.96640489 -0.23086754
vn 0.19316736 0.93997597 -0.28130330
vn 0.29932111 0.90349518 -0.30676266
vn 0.31213225 0.88010128 -0.35776417
vn -0.26150067 0.66613421 -0.69848595
vn -0.46204983 0.62322614 -0.63095098
vn -0.26636000 0.65022561 -0.71151880
vn -0.35042703 0.51868354 -0.77985145
vn -0.40502114 0.41082940 -0.81680908
vn -0.58104132 0.41805466 -0.69829885
vn -0.44148394 0.33204432 -0.83356973
vn -0.66756323 0.22011276 -0.71127330
vn -0.50731475 0.14234639 -0.84992309
vn -0.64335416 0.27775831 -0.71340433
vn -0.45130733 -0.02763045 -0.89194072
vn -0.52546069 0.05493951 -0.84904224
vn -0.47600723 0.25589866 -0.84138754
vn -0.49577506 0.19310624 -0.84670956
vn -0.45811501 0.09222279 -0.88409592
vn -0.54847472 0.09684372 -0.83054005
vn -0.68915379 0.18546195 -0.70047906
vn -0.53108735 0.11522231 -0.83944627
vn -0.52316771 0.12693685 -0.84272331
vn -0.34944181 0.93142116 -0.10171054
vn -0.19169623 0.97866425 -0.07395165
vn -0.65635525 0.73848660 -0.15438692
vn -0.79459981 0.58106490 -0.17599639
vn -0.87355515 0.44907061 -0.18771515
vn -0.92567091 0.33252939 -0.18043718
vn -0.48970659 0.86131256 -0.13538144
vn -0.84900867 0.26503562 -0.45709998
vn -0.82131412 0.32204649 -0.47088128
vn -0.79203340 0.38726918 -0.47191703
vn -0.71544421 0.52632705 -0.45947734
vn -0.57320985 0.71047650 -0.40823230
vn -0.42827212 0.83928056 -0.33494944
vn -0.30676340 0.91741641 -0.25346271
vn -0.16907074 0.96894938 -0.18042221
vn -0.01606953 0.99770553 -0.06576812
vn -0.01398222 0.98996366 -0.14062878
vn -0.01866199 0.98037001 -0.19628136
vn -0.15128337 0.95150884 -0.26785120
vn -0.26139005 0.88961499 -0.37451357
vn -0.33656030 0.80744857 -0.48451416
vn -0.37720748 0.73796198 -0.55957720
vn -0.25590476 0.69128437 -0.67575046
vn -0.23328015 0.77023856 -0.59355955
vn -0.18973949 0.86882760 -0.45731557
vn -0.12168991 0.94054964 -0.31710873
vn -0.01646975 0.96848698 -0.24851905
vn -0.36433456 -0.69870153 -0.61569189
vn -0.15809889 0.72641384 -0.66882560
vn -0.01153236 0.91112299 -0.41197319
vn 0.62928290 -0.69075591 -0.35617313
vn 0.86202340 0.08864478 -0.49905686
vn 0.86841529 0.05092373 -0.49321564
vn 0.84966409 0.15678681 -0.50347675
vn 0.65226364 -0.67116072 -0.35227182
vn 0.88287984 0.13120923 -0.45089615
vn -0.22708299 0.66859290 -0.70810793
vn -0.30944049 0.51667191 -0.79830866
vn -0.17291089 0.80584280 -0.56632076
vn -0.20760018 0.75537978 -0.62153323
vn 0.16835639 0.93649711 -0.30761875
vn 0.08377819 0.96273957 -0.25712591
vn 0.03974240 0.96567037 -0.25671245
vn 0.20675733 0.89993647 -0.38388249
vn 0.77378664 0.26044739 -0.57742653
vn 0.79832605 0.23350582 -0.55511309
vn 0.81756522 0.21108020 -0.53575392
vn 0.80899735 0.52035792 -0.27340613
vn 0.13098526 0.92811483 -0.34849063
vn 0.15120659 0.90528441 -0.39698452
vn 0.09487780 0.95202134 -0.29095287
vn 0.00557251 0.94636457 -0.32305269
vn -0.00660266 0.95848778 -0.28505717
vn -0.07777701 0.88726148 -0.45466229
vn -0.09973417 0.82702537 -0.55324690
vn -0.26318021 0.57197314 -0.77690598
vn -0.40617891 0.04371651 -0.91274726
vn -0.49306146 0.04424949 -0.86886845
vn -0.50532952 0.03275752 -0.86230448
vn -0.15429441 0.86493944 -0.47756989
vn -0.08902875 0.91131929 -0.40195900
vn -0.03474378 0.93809937 -0.34461927
vn 0.00729498 0.94568430 -0.32500460
vn 0.00000000 -0.77027389 0.63771321
vn -0.31874462 -0.77016878 0.55248703
vn -0.55211170 -0.77046171 0.31868704
vn -0.63800036 -0.77003606 -0.00000000
vn -0.55211170 -0.77046171 -0.31868704
vn -0.31874462 -0.77016878 -0.55248703
vn 0.00000000 -0.77027389 -0.63771321
vn 0.31888064 -0.77025576 -0.55228724
vn 0.55228724 -0.77025576 -0.31888064
vn 0.63771321 -0.77027389 -0.00000000
vn 0.55228724 -0.77025576 0.31888064
vn 0.31888064 -0.77025576 0.55228724
vn 0.00000000 -0.77027389 0.63771321
vn -0.31888064 -0.77025576 0.55228724
vn -0.55228724 -0.77025576 0.31888064
vn -0.63771321 -0.77027389 0.00000000
vn -0.55228724 -0.77025576 -0.31888064
vn -0.31888064 -0.77025576 -0.55228724
vn 0.00000000 -0.77027389 -0.63771321
vn 0.31874462 -0.77016878 -0.55248703
vn 0.55211170 -0.77046171 -0.31868704
vn 0.63800036 -0.77003606 0.00000000
vn 0.55211170 -0.77046171 0.31868704
vn 0.31874462 -0.77016878 0.55248703
vn 0.00000000 -0.77027389 0.63771321
vn -0.31888064 -0.77025576 0.55228724
vn -0.55228724 -0.77025576 0.31888064
vn -0.63771321 -0.77027389 -0.00000000
vn -0.55228724 -0.77025576 -0.31888064
vn -0.31888064 -0.77025576 -0.55228724
vn 0.00000000 -0.77027389 -0.63771321
vn 0.31888064 -0.77025576 -0.55228724
vn 0.55228724 -0.77025576 -0.31888064
vn 0.63771321 -0.77027389 -0.00000000
vn 0.55228724 -0.77025576 0.31888064
vn 0.31888064 -0.77025576 0.55228724
vn 0.57735027 0.57735027 0.57735027
vn -0.57735027 0.57735027 0.57735027
vn 0.71680292 -0.03458980 0.69641735
vn -0.71215430 -0.01685215 0.70182067
vn -0.71878014 -0.09477863 0.68874678
vn -0.69017907 -0.25512765 0.67717260
vn -0.58621952 -0.45225319 0.67217091
vn -0.41259053 -0.61343896 0.67339565
vn 0.01967951 -0.74102693 0.67118687
vn 0.30314377 -0.68641170 0.66101651
vn 0.57964676 -0.48182717 0.65715463
vn -0.20955163 -0.70670093 0.67576764
vn 0.71514938 -0.20143152 0.66931810
vn -0.30151134 0.30151134 0.90453403
vn 0.30151134 0.30151134 0.90453403
vn 0.69511226 -0.03354311 0.71811824
vn 0.49532364 -0.41173419 0.76493754
vn 0.63748847 -0.17955727 0.74924471
vn 0.01765150 -0.66466277 0.74693496
vn 0.26264486 -0.59470959 0.75982773
vn -0.37276034 -0.55421950 0.74423819
vn -0.19077995 -0.64339450 0.74138150
vn -0.63118411 -0.23331991 0.73970835
vn -0.52751274 -0.40696243 0.74572910
vn -0.70150571 -0.01660017 0.71247047
vn -0.68133480 -0.08984108 0.72643753
vn 0.22898234 -0.90499841 -0.35853168
vn 0.11349003 -0.97830199 -0.17333561
vn 0.10130950 -0.99082460 -0.08945943
vn 0.02358227 -0.99960846 -0.01505986
vn 0.00066023 -0.99999977 -0.00016107
vn 0.31539978 -0.94876402 -0.01923068
vn 0.68625624 -0.72088532 -0.09683348
vn 0.43163183 -0.72945659 -0.53064776
vn 0.19528589 -0.19938387 -0.96026532
vn 0.93866759 -0.34014654 -0.05659933
vn 0.64371926 -0.20430286 -0.73748618
vn 0.99531759 -0.09570603 -0.01353721
vn 0.68331929 -0.06073853 -0.72758888
vn -0.69093445 -0.72261620 -0.02086657
vn -0.70710678 -0.70710678 0.00000000
vn -0.67560339 -0.72921828 -0.10863131
vn -0.10094353 -0.99486260 -0.00766922
vn -0.22831754 -0.78390355 -0.57737884
vn -0.35551940 -0.93325756 -0.05134470
vn -0.43744826 -0.76904118 -0.46606297
vn -0.60667172 -0.77776836 -0.16439525
vn -0.56046843 -0.82318720 -0.09076325
vn -0.60546527 -0.43418239 -0.66700634
vn -0.71782373 -0.59369493 -0.36366939
vn -0.77007003 -0.63175947 -0.08872492
vn -0.07335915 -0.02864728 -0.99689406
vn -0.31365012 -0.12670744 -0.94104667
vn -0.07103403 -0.74697952 -0.66104142
vn -0.64107963 -0.26286660 -0.72105344
vn -0.85917187 -0.35337230 -0.37006988
vn -0.92036260 -0.38100252 -0.08814627
vn -0.99123203 -0.09802628 -0.08859970
vn -0.94818607 -0.09412518 -0.30345284
vn -0.85106462 -0.08405288 -0.51828961
vn -0.70111903 -0.06924669 -0.70967388
vn -0.51162128 -0.05012196 -0.85774790
vn -0.29496744 -0.02859471 -0.95507934
vn -0.08304594 -0.00770104 -0.99651596
vn -0.09348170 -0.00881418 -0.99558198
vn -0.30891057 -0.02807720 -0.95067656
vn -0.52084201 -0.04710972 -0.85235220
vn -0.70938615 -0.06327437 -0.70197411
vn -0.85488596 -0.07595117 -0.51322647
vn -0.95046129 -0.08352265 -0.29941160
vn -0.99230619 -0.08731290 -0.08777741
vn -0.66782581 -0.26734556 -0.69464742
vn -0.35503416 -0.14297204 -0.92385591
vn -0.00844023 -0.09367736 -0.99556683
vn -0.03314720 -0.37220970 -0.92755658
vn -0.14060958 -0.35765614 -0.92320693
vn -0.03644615 -0.09218310 -0.99507485
vn -0.27280284 -0.27294408 -0.92254005
vn -0.07128689 -0.07136531 -0.99489958
vn -0.09220956 -0.03635524 -0.99507572
vn -0.94952260 -0.30185051 -0.08539966
vn -0.87192958 -0.31720297 -0.37298938
vn -0.79676517 -0.52404446 -0.30090310
vn -0.71649815 -0.69047064 -0.09940170
vn -0.67173191 -0.64387336 -0.36633774
vn -0.51299312 -0.82971232 -0.22003528
vn -0.31197336 -0.87310676 -0.37464277
vn -0.30185051 -0.94952260 -0.08539966
vn -0.08178495 -0.92998235 -0.35839092
vn -0.08718770 -0.99230979 -0.08786116
vn -0.06317776 -0.71135000 -0.69999268
vn -0.26238263 -0.66960013 -0.69483164
vn -0.51067814 -0.51035378 -0.69191535
vn -0.99531721 -0.09605248 -0.01084342
vn -0.92966640 -0.36699750 -0.03214356
vn -0.68331929 -0.06073853 -0.72758888
vn -0.64371926 -0.20430286 -0.73748618
vn -0.57994470 -0.44716139 -0.68096317
vn -0.70310224 -0.70928900 -0.05056030
vn -0.42806070 -0.73745371 -0.52242326
vn -0.25542681 -0.91065593 -0.32475056
vn -0.35816417 -0.93141856 -0.06463659
vn -0.10938582 -0.98473050 -0.13542741
vn -0.08500686 -0.99380237 -0.07162879
vn -0.00064552 -0.99999802 -0.00188332
vn -0.01474953 -0.99958132 -0.02489234
vn 0.00881418 -0.09348170 -0.99558198
vn 0.03431135 -0.37202121 -0.92758986
vn 0.06374887 -0.71147956 -0.69980920
vn 0.08177131 -0.93001265 -0.35831539
vn 0.08731290 -0.99230619 -0.08777741
vn -0.31903642 0.55227568 -0.77019955
vn -0.00009821 0.63762479 -0.77034708
vn 0.31909507 0.55203750 -0.77034599
vn -0.55227568 -0.31903642 -0.77019955
vn -0.69435735 -0.26940453 -0.66729984
vn -0.63757736 0.00000000 -0.77038634
vn -0.72306963 -0.06393167 -0.68781033
vn -0.55227568 0.31903642 -0.77019955
vn 0.55252186 0.31886882 -0.77009238
vn 0.63757736 0.00000000 -0.77038634
vn 0.55252186 -0.31886882 -0.77009238
vn 0.31909507 -0.55203750 -0.77034599
vn -0.00009821 -0.63762479 -0.77034708
vn -0.06259523 -0.72228768 -0.68875420
vn -0.31903642 -0.55227568 -0.77019955
vn -0.27053797 -0.69309935 -0.66814855
vn -0.52781237 -0.52810973 -0.66521742
vn 0.02452065 0.19730939 0.98003456
vn -0.57735027 -0.57735027 0.57735027
vn 0.57735027 -0.57735027 0.57735027
vn 0.30151134 0.30151134 0.90453403
vn 0.57735027 0.57735027 0.57735027
vn -0.19580542 0.70943730 0.67702213
vn -0.38657356 0.62700098 0.67633620
vn -0.56292168 0.48184693 0.67152269
vn -0.68741121 0.27396153 0.67261498
vn -0.71917102 0.09521422 0.68827851
vn -0.71198517 0.01625164 0.70200642
vn 0.70492772 -0.00668570 0.70924764
vn 0.69494055 -0.04531275 0.71763806
vn 0.66379144 -0.14966094 0.73279092
vn 0.62921771 -0.27710411 0.72615314
vn 0.67940069 0.29636241 0.67125556
vn 0.52513756 0.53455793 0.66217699
vn 0.26744488 0.69643146 0.66592526
vn 0.01548935 0.73775321 0.67489279
vn 0.56256633 -0.38586152 0.73118398
vn 0.48804935 -0.48582741 0.72510659
vn -0.61226853 0.38210798 0.69218548
vn 0.43249502 -0.54743165 0.71642630
vn 0.69245936 -0.38022086 0.61313304
vn 0.40012721 0.73066825 0.55319266
vn 0.38371028 -0.59153419 0.70912180
vn -0.40183443 0.58970408 0.70055563
vn 0.39997038 -0.57710512 0.71202063
vn -0.45877551 0.55575425 0.69329809
vn -0.54602654 0.48073893 0.68610866
vn -0.55252186 -0.31886882 -0.77009238
vn 0.45008439 -0.51870979 -0.72688664
vn -0.63757736 0.00000000 -0.77038634
vn 0.09345934 -0.00877456 -0.99558443
vn -0.55252186 0.31886882 -0.77009238
vn 0.31903642 0.55227568 -0.77019955
vn 0.55227568 0.31903642 -0.77019955
vn 0.63757736 0.00000000 -0.77038634
vn 0.72306963 -0.06393167 -0.68781033
vn 0.55227568 -0.31903642 -0.77019955
vn 0.09218310 -0.03644615 -0.99507485
vn 0.07136531 -0.07128689 -0.99489958
vn -0.31909507 0.55203750 -0.77034599
vn 0.03635524 -0.09220956 -0.99507572
vn 0.00009821 0.63762479 -0.77034708
vn 0.69363578 -0.26880561 -0.66829107
vn 0.52707493 -0.52875714 -0.66528784
vn 0.31903642 -0.55227568 -0.77019955
vn 0.27154681 -0.69246335 -0.66839871
vn 0.00009821 -0.63762479 -0.77034708
vn 0.06183126 -0.72189175 -0.68923813
vn -0.31909507 -0.55203750 -0.77034599
vn 0.06073853 -0.68331929 -0.72758888
vn 0.20430286 -0.64371926 -0.73748618
vn 0.52089225 -0.04723241 -0.85231471
vn 0.70934047 -0.06338537 -0.70201025
vn 0.66778460 -0.26708682 -0.69478656
vn 0.85491079 -0.07605839 -0.51316923
vn 0.95076527 -0.08240334 -0.29875590
vn 0.87290441 -0.31440476 -0.37307847
vn 0.30886267 -0.02815455 -0.95068984
vn 0.35501720 -0.14309804 -0.92384292
vn 0.27294408 -0.27280284 -0.92254005
vn 0.14039991 -0.35776772 -0.92319560
vn 0.30185051 -0.94952260 -0.08539966
vn 0.31496437 -0.87212544 -0.37442578
vn 0.52404446 -0.79676517 -0.30090310
vn 0.69047064 -0.71649815 -0.09940170
vn 0.64387336 -0.67173191 -0.36633774
vn 0.82971232 -0.51299312 -0.22003528
vn 0.94952260 -0.30185051 -0.08539966
vn 0.99233596 -0.08624526 -0.08849352
vn 0.51035378 -0.51067814 -0.69191535
vn 0.26274798 -0.66944845 -0.69483974
vn 0.95978930 -0.06996303 -0.27186335
vn 0.99366616 -0.08835602 -0.06943181
vn 0.93473884 -0.34882663 -0.06769997
vn 0.87667536 -0.06754194 -0.47631755
vn 0.92747691 -0.26435182 -0.26439496
vn 0.84616579 -0.27311320 -0.45761626
vn 0.80754172 -0.54173745 -0.23323144
vn 0.74424366 -0.53327761 -0.40213974
vn 0.70510810 -0.70744405 -0.04843018
vn 0.61621621 -0.76769085 -0.17586456
vn 0.36115916 -0.93181422 -0.03586524
vn 0.35187931 -0.93026539 -0.10386169
vn 0.09334555 -0.99560231 -0.00791495
vn 0.09590629 -0.99499826 -0.02793640
vn 0.63522410 -0.69125410 -0.34446786
vn 0.52717142 -0.80020209 -0.28594915
vn 0.31633349 -0.93301052 -0.17153569
vn 0.08513088 -0.99526122 -0.04698765
vn 0.08137805 -0.99506617 -0.05675329
vn 0.08299201 -0.99504045 -0.05483457
vn 0.09788176 -0.99409243 -0.04689772
vn 0.06271863 -0.99598300 -0.06390806
vn 0.07909964 -0.99511669 -0.05904257
vn 0.24380337 -0.96757427 -0.06602988
vn 0.40433528 -0.91124960 -0.07833997
vn 0.61878928 -0.78176271 -0.07711608
vn 0.99103716 -0.11339982 -0.07061038
vn 0.96346965 -0.25892933 -0.06842391
vn 0.88679678 -0.45925978 -0.05169062
vn 0.80366608 -0.59212367 -0.05924851
vn 0.99545522 -0.05340066 -0.07884972
vn 0.99491061 -0.06492708 -0.07705428
vn 0.99407395 -0.09577075 -0.05142900
vn 0.14752248 -0.74268595 -0.65318810
vn 0.15789838 -0.60850058 -0.77768576
vn 0.42166563 -0.55715949 -0.71538199
vn 0.41541907 -0.69528091 -0.58652489
vn 0.72695629 -0.42255751 -0.54127599
vn 0.71369134 -0.54051817 -0.44551630
vn 0.92758712 -0.23028330 -0.29419677
vn 0.92091943 -0.30014378 -0.24863853
vn 0.12282923 -0.94893562 -0.29057559
vn 0.40515071 -0.86154468 -0.30593083
vn 0.15250437 -0.86183097 -0.48372493
vn 0.70365073 -0.66627148 -0.24689667
vn 0.91737343 -0.37303270 -0.13882576
vn -0.79087774 -0.32379767 -0.51929517
vn -0.65043110 -0.40040044 -0.64546021
vn -0.67819815 -0.51632201 -0.52293293
vn -0.48741702 -0.46399192 -0.73968652
vn -0.30893959 -0.50147485 -0.80813323
vn -0.33482814 -0.66084491 -0.67169496
vn -0.12256737 -0.52661537 -0.84122143
vn 0.02835506 -0.52477423 -0.85076906
vn -0.02932316 -0.69418309 -0.71920094
vn -0.34749229 -0.80406479 -0.48241985
vn -0.05045127 -0.85350155 -0.51864225
vn -0.36408221 -0.89690745 -0.25100034
vn -0.07222923 -0.95888041 -0.27446546
vn -0.68367478 -0.62562021 -0.37575012
vn -0.69293809 -0.69511925 -0.19143153
vn -0.93337609 -0.18802673 -0.30570415
vn -0.91161653 -0.28822200 -0.29305865
vn -0.91290169 -0.34980941 -0.21034231
vn -0.91354697 -0.39259752 -0.10629734
vn -0.99526550 -0.05141215 -0.08248260
vn -0.99387085 -0.07868778 -0.07764638
vn -0.99367065 -0.09614915 -0.05808598
vn -0.99386264 -0.10650340 -0.02990121
vn -0.99238414 -0.12027683 -0.02659319
vn -0.99586862 -0.04425024 -0.07929441
vn -0.93106571 -0.36132464 -0.05060780
vn -0.86483856 -0.49236760 0.09812441
vn -0.70553329 -0.70752814 -0.04033241
vn -0.57294551 -0.81959193 0.00158724
vn -0.37938864 -0.92182018 -0.07944692
vn -0.20834678 -0.97765673 0.02790933
vn -0.07455505 -0.99409126 -0.07889309
vn -0.05306474 -0.99521953 -0.08198910
vn -0.05173848 -0.99463364 -0.08959376
vn -0.03848490 -0.99501178 -0.09203520
vn -0.06140727 -0.99638924 -0.05863122
vn -0.06446945 -0.99727109 -0.03597298
vn -0.23251817 -0.94429998 -0.23287945
vn -0.61137825 -0.32548850 -0.72130013
vn -0.60760406 -0.17738258 -0.77417875
vn -0.56828239 -0.54386606 -0.61746646
vn -0.53809977 -0.47115839 -0.69889800
vn -0.19287927 -0.92238123 -0.33467963
vn -0.39200859 -0.83183027 -0.39292196
vn -0.37610334 -0.76619623 -0.52104665
vn -0.49397616 -0.69609790 -0.52099450
vn -0.34325211 -0.70519118 -0.62038970
vn -0.44851374 -0.38386371 -0.80714564
vn -0.48422573 -0.11496931 -0.86735662
vn -0.58789120 -0.67082679 -0.45207894
vn -0.69435276 -0.45743921 -0.55553904
vn -0.23232344 -0.96438103 -0.12647151
vn -0.44596339 -0.86818197 -0.21766195
vn -0.73999763 -0.55846049 -0.37486716
vn -0.63505281 -0.72316114 -0.27156195
vn -0.52842035 -0.43372426 0.72983231
vn -0.56263832 -0.46179239 0.68570104
vn -0.77867748 -0.62490941 -0.05612141
vn -0.72501497 -0.68404992 -0.08018107
vn -0.68036404 -0.06690887 0.72981366
vn -0.60708210 -0.25140589 0.75382120
vn -0.72532229 -0.08994115 0.68250873
vn -0.08994115 -0.72532229 0.68250873
vn -0.37420259 -0.64951249 0.66189572
vn -0.64951249 -0.37420259 0.66189572
vn 0.08994115 -0.72532229 0.68250873
vn 0.01793766 -0.99312004 -0.11571872
vn 0.00923025 -0.99783325 -0.06514292
vn 0.00009821 0.63762479 0.77034708
vn -0.31909507 0.55203750 0.77034599
vn -0.55252186 0.31886882 0.77009238
vn -0.63757736 0.00000000 0.77038634
vn -0.55252186 -0.31886882 0.77009238
vn -0.31909507 -0.55203750 0.77034599
vn 0.00009821 -0.63762479 0.77034708
vn 0.31903642 -0.55227568 0.77019955
vn 0.55227568 -0.31903642 0.77019955
vn 0.63757736 -0.00000000 0.77038634
vn 0.55227568 0.31903642 0.77019955
vn 0.31903642 0.55227568 0.77019955
vn -0.00009821 0.63762479 0.77034708
vn -0.31903642 0.55227568 0.77019955
vn -0.55227568 0.31903642 0.77019955
vn -0.63757736 -0.00000000 0.77038634
vn -0.55227568 -0.31903642 0.77019955
vn -0.31903642 -0.55227568 0.77019955
vn -0.00009821 -0.63762479 0.77034708
vn 0.31909507 -0.55203750 0.77034599
vn 0.55252186 -0.31886882 0.77009238
vn 0.63757736 0.00000000 0.77038634
vn 0.55252186 0.31886882 0.77009238
vn 0.31909507 0.55203750 0.77034599
vn 0.30151134 0.30151134 0.90453403
vn 0.57735027 0.57735027 0.57735027
vn 0.30151134 -0.30151134 0.90453403
vn -0.30151134 -0.30151134 0.90453403
vn -0.70171334 0.01601717 0.71227933
vn -0.68074246 0.09012649 0.72695730
vn -0.61947076 0.24688447 0.74518725
vn -0.50547054 0.43267019 0.74652264
vn -0.35258660 0.57187601 0.74070272
vn -0.17898250 0.64848490 0.73988688
vn 0.01406214 0.66977558 0.74243042
vn 0.23569044 0.61374230 0.75350541
vn 0.45683813 0.46503329 0.75831587
vn 0.60952526 0.26588194 0.74685056
vn 0.10335010 0.83162344 0.54563835
vn -0.58637769 0.36594988 0.72266305
vn -0.51345647 0.45206321 0.72938420
vn -0.44082794 0.53401281 0.72145758
vn -0.39438714 0.57877496 0.71377751
vn 0.13195631 0.24096408 0.96152163
vn 0.48498674 -0.26630021 0.83298983
vn 0.38589748 -0.59490601 0.70510281
vn 0.40553217 -0.58513006 0.70225813
vn 0.44391176 -0.56188242 0.69801898
vn 0.51300959 -0.51067401 0.68995160
vn 0.60117412 -0.41234241 0.68451692
vn 0.66328536 -0.29210732 0.68900352
vn 0.71243386 -0.16062804 0.68310806
vn 0.71567729 -0.04666487 0.69687044
vn 0.70919689 -0.00672619 0.70497839
vn -0.91864222 -0.38882354 -0.07009078
vn -0.68969681 -0.28538909 0.66548582
vn -0.72449061 -0.07146865 0.68556953
vn -0.99296987 -0.09901384 -0.06486209
vn -0.55479437 -0.03983673 -0.83103324
vn -0.54344534 -0.05390571 -0.83771197
vn -0.67124689 -0.21212334 -0.71023327
vn -0.55690339 -0.01392617 -0.83046052
vn -0.70026696 -0.13127875 -0.70170655
vn -0.77632412 -0.39481937 -0.49136395
vn -0.83698789 -0.23756192 -0.49296613
vn -0.80976779 -0.53861861 -0.23273615
vn -0.91145281 -0.32624620 -0.25063358
vn -0.71156547 -0.03751949 -0.70161733
vn -0.86772853 -0.06546016 -0.49270901
vn -0.96386992 -0.08743039 -0.25161617
vn 0.80534871 -0.34104384 -0.48487374
vn 0.65957618 -0.47021033 -0.58639706
vn 1.00000000 0.00000000 0.00000000
vn 0.99925800 -0.02846567 -0.02594532
vn 0.97633652 -0.13483547 -0.16907512
vn 0.89489747 -0.26471326 -0.35928458
vn 0.72532229 -0.08994115 0.68250873
vn 0.64951249 -0.37420259 0.66189572
vn 0.37420259 -0.64951249 0.66189572
vn 0.65551646 0.65330049 -0.37880951
vn 0.37880951 0.65330049 -0.65551646
vn 0.00000000 1.00000000 0.00000000
vn -0.00000000 0.65307940 -0.75728944
vn -0.37840744 0.65340205 -0.65564745
vn 0.37878203 0.65306040 0.65577152
vn 0.65564745 0.65340205 0.37840744
vn 0.75728944 0.65307940 0.00000000
vn -0.65590262 0.65316185 0.37837991
vn -0.37837991 0.65316185 0.65590262
vn -0.00000000 0.65335667 0.75705024
vn -0.65577152 0.65306040 -0.37878203
vn -0.75705024 0.65335667 0.00000000
vn 0.65577152 0.65306040 -0.37878203
vn 0.37840744 0.65340205 -0.65564745
vn 0.00000000 1.00000000 0.00000000
vn -0.00000000 0.65307940 -0.75728944
vn -0.37880951 0.65330049 -0.65551646
vn 0.37837991 0.65316185 0.65590262
vn 0.65590262 0.65316185 0.37837991
vn 0.75705024 0.65335667 0.00000000
vn -0.65564745 0.65340205 0.37840744
vn -0.37878203 0.65306040 0.65577152
vn -0.00000000 0.65335667 0.75705024
vn -0.65551646 0.65330049 -0.37880951
vn -0.75728944 0.65307940 0.00000000
vn 0.65590262 0.65316185 -0.37837991
vn 0.37837991 0.65316185 -0.65590262
vn 0.00000000 1.00000000 0.00000000
vn 0.00000000 0.65335667 -0.75705024
vn -0.37878203 0.65306040 -0.65577152
vn 0.37840744 0.65340205 0.65564745
vn 0.65577152 0.65306040 0.37878203
vn 0.75705024 0.65335667 -0.00000000
vn -0.65551646 0.65330049 0.37880951
vn -0.37880951 0.65330049 0.65551646
vn 0.00000000 0.65307940 0.75728944
vn -0.65564745 0.65340205 -0.37840744
vn -0.75728944 0.65307940 -0.00000000
vn 0.91216187 0.00116817 -0.40982846
vn 0.88711134 -0.00616551 -0.46151431
vn 0.90151859 -0.00694856 -0.43268459
vn 0.31586245 -0.92516790 -0.21046440
vn 0.15006242 -0.97470410 -0.16562968
vn 0.23341999 -0.91752375 -0.32197094
vn 0.23448798 -0.93760528 -0.25673279
vn 0.58755654 -0.50926669 -0.62882808
vn 0.42103392 -0.57677353 -0.70004481
vn 0.48610293 -0.39393591 -0.78007592
vn 0.58146180 -0.71363050 -0.39068361
vn 0.71933147 -0.41428977 -0.55760759
vn 0.80298922 -0.14091334 -0.57909563
vn 0.81364220 -0.13067223 -0.56649019
vn 0.31013474 -0.92565462 -0.21674860
vn 0.76358298 -0.39344595 -0.51199738
vn 0.75042237 -0.40236824 -0.52437207
vn 0.57135079 -0.71721252 -0.39895423
vn 0.55000797 -0.72029351 -0.42269197
vn 0.42563338 -0.77575465 -0.46587654
vn 0.34740363 -0.76984817 -0.53539192
vn 0.68389054 -0.27302525 -0.67657294
vn 0.76410210 -0.15230510 -0.62685814
vn 0.78831518 -0.14391700 -0.59820320
vn 0.83007420 -0.11201383 -0.54628722
vn 0.30095703 -0.92593071 -0.22820428
vn 0.75988130 -0.61305696 -0.21619799
vn 0.81605319 -0.48242666 -0.31831071
vn 0.62308729 -0.57367362 -0.53165855
vn 0.73192340 -0.42058744 -0.53609173
vn 0.41614027 -0.53300185 -0.73670639
vn 0.30738206 -0.64458011 -0.70002339
vn 0.31917255 -0.49467935 -0.80834474
vn 0.18178018 -0.55858105 -0.80928560
vn 0.21551366 -0.68724199 -0.69372351
vn 0.10219982 -0.59298412 -0.79870209
vn 0.33783693 -0.59982662 -0.72530975
vn 0.11481744 -0.58021912 -0.80632669
vn 0.26832232 -0.66042679 -0.70131276
vn 0.10461246 -0.59144128 -0.79953327
vn 0.21614741 -0.69519975 -0.68554913
vn 0.09551089 -0.59630042 -0.79705927
vn 0.08860960 -0.59931761 -0.79559207
vn 0.14953984 -0.56142660 -0.81390294
vn 0.13388946 -0.56393694 -0.81489186
vn 0.13793027 -0.57375282 -0.80733075
vn 0.29041170 -0.81664677 -0.49874753
vn 0.30025436 -0.81455594 -0.49633249
vn 0.36400040 -0.79122543 -0.49139192
vn 0.47301990 -0.72634159 -0.49867832
vn 0.93681369 -0.31124732 -0.15970350
vn 0.92931747 -0.23948469 -0.28109808
vn 0.25395305 -0.92741645 -0.27460259
vn 0.36324857 -0.89390062 -0.26266359
vn 0.47172214 -0.83884855 -0.27168241
vn 0.59820034 -0.73317944 -0.32342581
vn 0.15836722 -0.55330263 -0.81778727
vn 0.15834545 -0.55279852 -0.81813233
vn 0.42450827 -0.50690365 -0.75022758
vn 0.73160348 -0.38170818 -0.56484973
vn 0.93071992 -0.20494417 -0.30291635
vn 0.10744732 -0.56855008 -0.81560155
vn 0.13056390 -0.57381472 -0.80851081
vn 0.10324059 -0.71756744 -0.68879485
vn 0.08093208 -0.52764930 -0.84559814
vn 0.08821405 -0.56490490 -0.82042717
vn 0.07306999 -0.86910810 -0.48919515
vn 0.03820587 -0.96622299 -0.25485968
vn 0.05847236 -0.87290000 -0.48438268
vn 0.08416201 -0.64799032 -0.75698435
vn 0.13408409 -0.60533937 -0.78459270
vn 0.11921336 -0.74058709 -0.66130094
vn 0.15193331 -0.58719323 -0.79505999
vn 0.14735187 -0.60172733 -0.78499149
vn 0.16509549 -0.57949881 -0.79807557
vn 0.17399700 -0.55909748 -0.81063867
vn 0.07805836 -0.89941102 -0.43007757
vn -0.93496553 -0.16618192 -0.31340552
vn -0.75489967 -0.30253995 -0.58189008
vn -0.17134195 -0.46033577 -0.87105276
vn 0.01137943 -0.45931111 -0.88820257
vn -0.16663567 -0.45303146 -0.87578254
vn 0.02960009 -0.45990387 -0.88747522
vn -0.46938291 -0.40503285 -0.78461970
vn -0.97703510 -0.16294803 -0.13729662
vn -0.91367999 -0.25204514 -0.31884498
vn -0.79237977 -0.33501142 -0.50980550
vn -0.65627353 -0.39120706 -0.64518376
vn -0.45109769 -0.44092395 -0.77594906
vn -0.34869497 -0.89370558 -0.28231568
vn -0.11709055 -0.97036650 -0.21137326
vn -0.26058531 -0.77401007 -0.57706473
vn -0.17667615 -0.78025976 -0.59998353
vn -0.17868518 -0.54711195 -0.81776532
vn -0.28416319 -0.51428879 -0.80917138
vn -0.03287918 -0.45103519 -0.89190034
vn -0.04187799 -0.44896745 -0.89256622
vn -0.04791193 -0.45703986 -0.88815484
vn -0.21646743 -0.57313882 -0.79035040
vn -0.05082678 -0.45872004 -0.88712601
vn -0.03328325 -0.45995333 -0.88731908
vn -0.20313004 -0.33780744 -0.91903445
vn -0.12750095 -0.45020283 -0.88377651
vn -0.14858078 -0.60331664 -0.78353863
vn -0.06755113 -0.44832188 -0.89131607
vn -0.04455322 -0.45105817 -0.89138182
vn -0.89568752 -0.41396885 -0.16239968
vn -0.70068113 -0.69571593 -0.15819387
vn -0.79096383 -0.49088050 -0.36525684
vn -0.60716421 -0.72112569 -0.33366054
vn -0.43567901 -0.69067424 -0.57719399
vn -0.59086883 -0.53033240 -0.60796511
vn -0.14855814 -0.91892492 -0.36538673
vn -0.47540183 -0.16282072 -0.86457071
vn -0.50052601 -0.21784080 -0.83786580
vn -0.34427876 -0.44775994 -0.82521704
vn -0.44486791 -0.19220781 -0.87472779
vn -0.31517351 -0.26065497 -0.91253748
vn -0.13988996 -0.92783637 -0.34576071
vn -0.25267762 -0.73275212 -0.63184520
vn -0.53681661 -0.06106650 -0.84148607
vn -0.74385532 -0.58928886 -0.31530603
vn -0.50334475 -0.05196307 -0.86252183
vn -0.55050597 -0.15047465 -0.82115806
vn -0.70296661 -0.36474322 -0.61057377
vn -0.99619607 -0.00013199 -0.08714000
vn -0.94145082 0.00025939 -0.33715025
vn -0.58701851 -0.00107754 -0.80957279
vn -0.77534760 0.00072805 -0.63153430
vn -0.04881987 -0.02030578 -0.99860117
vn -0.10033681 -0.07837422 -0.99186189
vn -0.11997375 -0.08321524 -0.98928334
vn -0.14007597 -0.08404550 -0.98656732
vn -0.15981586 -0.07859262 -0.98401326
vn -0.17772473 -0.06938727 -0.98163095
vn -0.06738169 -0.05589769 -0.99616021
vn -0.19269766 -0.05638471 -0.97963686
vn -0.20423366 -0.03933904 -0.97813141
vn -0.08243543 -0.07017622 -0.99412258
vn -0.05584926 -0.03925669 -0.99766716
vn -0.21137873 -0.02012433 -0.97719703
vn 0.89911026 0.00992655 -0.43760965
vn 0.61396641 0.72193940 -0.31913751
vn 0.88447521 0.03076883 -0.46557156
vn 0.87686294 -0.00227060 -0.48073509
vn 0.85125795 -0.00832796 -0.52468138
vn 0.61272604 0.72037280 -0.32500742
vn 0.00000000 0.77046411 -0.63748337
vn -0.31892634 0.77002142 -0.55258755
vn -0.55198672 0.77049021 -0.31883459
vn -0.63794295 0.77008363 0.00000000
vn -0.55230668 0.77035091 0.31861703
vn -0.31861703 0.77035091 0.55230668
vn -0.00000000 0.77008363 0.63794295
vn 0.31883459 0.77049021 0.55198672
vn 0.55258755 0.77002142 0.31892634
vn 0.63748337 0.77046411 0.00000000
vn 0.55226765 0.77016067 -0.31914415
vn 0.31914415 0.77016067 -0.55226765
vn 0.00000000 0.77046411 -0.63748337
vn -0.31914415 0.77016067 -0.55226765
vn -0.55226765 0.77016067 -0.31914415
vn -0.63748337 0.77046411 -0.00000000
vn -0.55258755 0.77002142 0.31892634
vn -0.31883459 0.77049021 0.55198672
vn -0.00000000 0.77008363 0.63794295
vn 0.31861703 0.77035091 0.55230668
vn 0.55230668 0.77035091 0.31861703
vn 0.63794295 0.77008363 0.00000000
vn 0.55198672 0.77049021 -0.31883459
vn 0.31892634 0.77002142 -0.55258755
vn 0.00000000 0.77008363 -0.63794295
vn -0.31883459 0.77049021 -0.55198672
vn -0.55258755 0.77002142 -0.31892634
vn -0.63748337 0.77046411 -0.00000000
vn -0.55226765 0.77016067 0.31914415
vn -0.31914415 0.77016067 0.55226765
vn -0.00000000 0.77046411 0.63748337
vn 0.31892634 0.77002142 0.55258755
vn 0.55198672 0.77049021 0.31883459
vn 0.63794295 0.77008363 -0.00000000
vn 0.55230668 0.77035091 -0.31861703
vn 0.31861703 0.77035091 -0.55230668
vn -0.04808184 -0.57689298 -0.81540335
vn 0.02963165 -0.58295389 -0.81196473
vn 0.03733318 -0.52924550 -0.84764700
vn 0.08444441 -0.59734541 -0.79752593
vn 0.26466549 -0.51359498 -0.81619383
vn 0.32685459 -0.47330380 -0.81801564
vn 0.26621261 -0.46465588 -0.84452695
vn 0.80917290 -0.04694189 -0.58569248
vn -0.44395929 -0.04624312 -0.89485291
vn -0.40997424 -0.07830917 -0.90872922
vn -0.46095846 -0.03962955 -0.88653640
vn -0.49178920 -0.02574763 -0.87033353
vn -0.08663261 -0.35050775 -0.93254443
vn -0.18494423 -0.27197306 -0.94436555
vn 0.07411648 -0.47509096 -0.87680974
vn 0.06352239 -0.51550391 -0.85452947
vn 0.01717259 -0.46653838 -0.88433423
vn 0.09801244 -0.54344772 -0.83370147
vn 0.10129327 -0.55373379 -0.82650987
vn 0.09027086 -0.55448720 -0.82728176
vn 0.12604310 -0.52891557 -0.83926245
vn 0.49496900 -0.33486019 -0.80179445
vn 0.84849656 -0.03259867 -0.52819590
vn 0.79836136 -0.19338683 -0.57028122
vn 0.85886513 -0.09177752 -0.50391228
vn 0.83676002 -0.08596012 -0.54078048
vn 0.75277576 -0.15930087 -0.63871112
vn 0.72423123 -0.23275873 -0.64908590
vn 0.76447679 -0.24564000 -0.59601697
vn 0.54718130 -0.34399933 -0.76305772
vn 0.56434144 -0.34161995 -0.75154145
vn 0.67198519 -0.20301178 -0.71219528
vn 0.64448586 -0.31248588 -0.69784708
vn 0.68347405 -0.28249995 -0.67309509
vn 0.48723184 -0.38855784 -0.78206645
vn 0.53505574 -0.34605408 -0.77068926
vn 0.67458249 -0.19083569 -0.71310602
vn 0.53626223 -0.34715540 -0.76935424
vn 0.38900384 -0.44097337 -0.80883775
vn 0.13592445 -0.58806546 -0.79731020
vn 0.18876756 -0.56178889 -0.80545642
vn 0.22222415 -0.54276641 -0.80995127
vn 0.23200163 -0.52770135 -0.81713311
vn -0.00375439 -0.48425813 -0.87491712
vn -0.05199262 -0.42165290 -0.90526549
vn -0.10142338 -0.44114698 -0.89168528
vn -0.07615521 -0.49847153 -0.86355458
vn -0.02206909 -0.52729752 -0.84939407
vn -0.05314112 -0.56504851 -0.82334452
vn 0.01638357 -0.42578078 -0.90467801
vn -0.03411832 -0.40113615 -0.91538283
vn -0.10617674 -0.35275094 -0.92967375
vn -0.17706231 -0.33716149 -0.92464646
vn -0.15063207 -0.37777038 -0.91356419
vn -0.39097834 -0.14122844 -0.90950012
vn -0.35726816 -0.17379744 -0.91768944
vn -0.31099934 -0.16754319 -0.93552589
vn -0.29512259 -0.22091245 -0.92956998
vn -0.24731908 -0.26397495 -0.93228241
vn -0.20756321 -0.30762214 -0.92859363
vn -0.42745934 -0.11436636 -0.89677135
vn -0.41442854 -0.11524739 -0.90275524
vn -0.40853863 -0.12414255 -0.90425927
vn -0.51818258 -0.05313117 -0.85361812
vn -0.49394467 -0.07553529 -0.86620614
vn -0.47629999 -0.08480621 -0.87518354
vn -0.45748674 -0.10140375 -0.88341562
vn -0.51148930 -0.01056147 -0.85922474
vn -0.52843066 -0.03444883 -0.84827727
vn -0.54662211 -0.00065123 -0.83737915
vn -0.52124439 0.00818587 -0.85336819
vn -0.38143255 0.72091833 -0.57860693
vn -0.36517780 0.71094220 -0.60100446
vn 0.75819564 -0.11641255 -0.64155085
vn 0.81648847 -0.08519813 -0.57104103
vn 0.85862567 -0.04244129 -0.51084313
vn 0.95494475 -0.07987103 -0.28583412
vn 0.60137943 0.76280641 -0.23763241
vn 0.98264386 -0.03984606 -0.18117211
vn 0.82120797 -0.53777046 -0.19084130
vn 0.73552520 -0.65438221 -0.17546115
vn 0.66481323 -0.62858382 -0.40361585
vn -0.65396325 -0.75652533 0.00122456
vn -0.75599494 -0.65424844 0.02075166
vn -0.74670343 -0.62852128 -0.21770389
vn -0.84263049 -0.53776063 0.02805979
vn -0.90612453 -0.42107842 0.04038927
vn -0.87682517 -0.43815388 -0.19798685
vn -0.23607715 -0.29917260 -0.92453412
vn -0.16182275 -0.31755141 -0.93433104
vn -0.31419459 -0.55697203 -0.76880681
vn -0.17598857 -0.59123424 -0.78706423
vn -0.36186277 -0.76017905 -0.53961389
vn -0.17322031 -0.80708922 -0.56444815
vn -0.37470186 -0.89030133 -0.25877027
vn -0.15631822 -0.94368977 -0.29157202
vn -0.36073627 -0.93214858 -0.03111853
vn -0.08549228 -0.31752279 -0.94438888
vn -0.01126893 -0.29902704 -0.95417810
vn -0.03379432 -0.59118108 -0.80583055
vn 0.10452824 -0.55684910 -0.82401027
vn 0.02114907 -0.80712593 -0.59000038
vn 0.20989760 -0.76016672 -0.61488987
vn 0.07395578 -0.94527568 -0.31778048
vn 0.29504442 -0.89029701 -0.34687177
vn 0.05643600 -0.26321487 -0.96308510
vn 0.23061110 -0.49009692 -0.84060902
vn 0.38209540 -0.66912440 -0.63739755
vn 0.49003098 -0.78506607 -0.37886793
vn -0.43159327 -0.07664212 -0.89880656
vn -0.67804955 -0.14241628 -0.72108697
vn -0.85863844 -0.19468242 -0.47417168
vn -0.95645329 -0.22798616 -0.18226193
vn -0.96990159 -0.23858949 0.04864108
vn -0.40450579 -0.14870390 -0.90236479
vn -0.62762315 -0.27692635 -0.72759946
vn -0.78971439 -0.37798764 -0.48319408
vn -0.67939997 -0.53911442 -0.49776634
vn -0.54690599 -0.39488628 -0.73821316
vn -0.36106257 -0.21203714 -0.90811567
vn -0.53994844 -0.84166336 -0.00764623
vn -0.57148229 -0.78496283 -0.23925165
vn -0.53397843 -0.66915535 -0.51681539
vn -0.44036919 -0.49006766 -0.75226902
vn -0.30389240 -0.26310950 -0.91565430
vn 0.12897424 -0.98621546 -0.10365668
vn -0.00307805 -0.99467771 -0.10298925
vn -0.15872513 -0.98562694 -0.05784347
vn 0.63205157 -0.75647957 -0.16807579
vn 0.51976750 -0.84151655 -0.14728081
vn 0.34045404 -0.93211789 -0.12347988
vn 0.52738248 -0.53922587 -0.65658449
vn 0.33707260 -0.39500259 -0.85460811
vn 0.11381740 -0.21198313 -0.97062287
vn 0.88580789 -0.42084590 -0.19553288
vn 0.79578430 -0.43806984 -0.41811741
vn 0.63779377 -0.37797284 -0.67108542
vn 0.41790738 -0.27685770 -0.86527639
vn 0.15699482 -0.14870386 -0.97634000
vn 0.18401122 -0.07660297 -0.97993462
vn 0.46855032 -0.14235311 -0.87189230
vn 0.70678456 -0.19452231 -0.68015929
vn 0.87673262 -0.22780461 -0.42360945
vn 0.94952283 -0.23838155 -0.20391329
vn -0.64668772 0.71944346 -0.25336949
vn -0.59235058 0.72172094 -0.35810568
vn -0.68498532 0.70765725 -0.17325222
vn -0.52133713 0.72397663 -0.45173602
vn -0.43910884 0.72633868 -0.52878687
vn -0.70892951 0.70499152 -0.02014698
vn -0.71177231 0.69501043 -0.10168909
vn 0.50294201 -0.80924830 -0.30358939
vn 0.67934052 -0.67287534 -0.29280580
vn 0.62309655 -0.60112173 -0.50040319
vn 0.34904167 -0.60815728 -0.71296187
vn -0.97666951 -0.12878474 -0.17184631
vn -0.59197181 -0.09473371 -0.80037173
vn -0.53588478 -0.15765315 -0.82944137
vn -0.41863290 -0.25367192 -0.87200749
vn -0.21146040 -0.45000480 -0.86762906
vn -0.27819566 -0.37683275 -0.88351811
vn -0.09117384 -0.56164292 -0.82234090
vn -0.16538041 -0.49475359 -0.85315193
vn -0.20434190 -0.61958431 -0.75786521
vn 0.26133952 -0.67696365 -0.68805659
vn 0.19858566 -0.70599341 -0.67980662
vn 0.09746939 -0.72092201 -0.68612767
vn -0.02483282 -0.70144300 -0.71229282
vn 0.52620633 -0.50000496 -0.68782406
vn 0.69571382 -0.37261996 -0.61411453
vn 0.88178446 -0.14047138 -0.45024878
vn 0.80017385 -0.28067191 -0.53004253
vn 0.16145176 -0.95213183 -0.25957333
vn -0.01819117 -0.96601210 -0.25785599
vn 0.04969297 -0.99638963 -0.06883548
vn 0.16491249 -0.98266024 -0.08475091
vn 0.26832349 -0.95899612 -0.09126304
vn 0.33299603 -0.89857657 -0.28578626
vn 0.36932294 -0.92286975 -0.10914203
vn 0.50805509 -0.85209320 -0.12576646
vn 0.62697611 -0.76692173 -0.13686498
vn 0.72252520 -0.67563610 -0.14653735
vn 0.80759666 -0.51949839 -0.27912194
vn 0.80686107 -0.57045692 -0.15347351
vn 0.86133317 -0.48548741 -0.14969014
vn 0.89906231 -0.35566498 -0.25532212
vn 0.91373012 -0.37657869 -0.15259671
vn 0.95415802 -0.19622743 -0.22600280
vn 0.94873015 -0.28412980 -0.13849679
vn 0.97426137 -0.15769454 -0.16108142
vn 0.76652752 -0.45599602 -0.45222030
vn 0.86157579 -0.31802120 -0.39566358
vn 0.92331884 -0.16548701 -0.34654922
vn 0.45374340 -0.72145423 -0.52308769
vn -0.78320141 -0.19613604 -0.59002221
vn -0.85342119 -0.24047452 -0.46243299
vn -0.71895125 -0.30894288 -0.62262620
vn -0.78503541 -0.37448439 -0.49343778
vn -0.59308506 -0.45263335 -0.66586272
vn -0.65723221 -0.53231705 -0.53355822
vn -0.42079078 -0.59578653 -0.68408591
vn -0.47601587 -0.68606858 -0.55019887
vn -0.26701180 -0.70178173 -0.66045977
vn -0.31464296 -0.78593188 -0.53226956
vn -0.14322791 -0.76485993 -0.62807250
vn -0.17264967 -0.85543529 -0.48828532
vn -0.01512692 -0.79949551 -0.60048156
vn -0.01212018 -0.88453434 -0.46631759
vn 0.13183958 -0.86544989 -0.48333716
vn -0.27758062 -0.56218025 -0.77903939
vn -0.36342826 -0.49257935 -0.79074995
vn -0.51290266 -0.36123794 -0.77874130
vn -0.63509887 -0.23637502 -0.73537492
vn -0.69571270 -0.14746760 -0.70302002
vn -0.11977239 -0.67164972 -0.73112327
vn -0.21051272 -0.61449964 -0.76031217
vn 0.34668955 -0.78870939 -0.50768480
vn 0.26026943 -0.83021250 -0.49295743
vn -0.93327093 -0.35008197 0.08029936
vn -0.89428820 -0.43565743 0.10223125
vn -0.85716869 -0.51319639 -0.04348917
vn -0.86591014 -0.49406555 0.07809524
vn -0.82568828 -0.55992123 0.06875377
vn -0.73625534 -0.67396459 -0.06082605
vn -0.92628414 -0.37630239 -0.01985472
vn -0.98370181 -0.16915458 0.06097112
vn -0.74347574 -0.66609430 0.05968427
vn -0.64211827 -0.76518875 0.04658656
vn -0.56610002 -0.82033668 -0.08110790
vn -0.54002749 -0.84109068 0.03060677
vn -0.41781357 -0.90376168 -0.09298738
vn -0.37299464 -0.89321050 -0.25109759
vn -0.55275527 -0.79507022 -0.24964969
vn -0.72845019 -0.64546092 -0.22965306
vn -0.85545685 -0.47666464 -0.20244604
vn -0.92792228 -0.32042045 -0.19050191
vn -0.89842664 -0.11534856 -0.42370307
vn -0.81831435 -0.08698020 -0.56815145
vn -0.73029442 -0.05805873 -0.68066088
vn -0.62714567 -0.02933193 -0.77834951
vn -0.20065712 -0.94528514 -0.25724060
vn -0.35507039 -0.84677239 -0.39610799
vn -0.52138224 -0.75093427 -0.40528791
vn -0.70282404 -0.59710269 -0.38666103
vn -0.83078803 -0.43087812 -0.35232839
vn -0.89717630 -0.30892792 -0.31565524
vn -0.41717627 -0.90870679 0.01469424
vn -0.34213265 -0.93964264 -0.00411690
vn -0.22787858 -0.97282957 -0.04091426
vn -0.06620277 -0.99593373 -0.06109983
f 1//1 2//2 3//3
f 3//3 2//2 4//4
f 3//3 4//4 5//5
f 5//5 4//4 6//6
f 5//5 6//6 7//7
f 7//7 6//6 8//8
f 7//7 8//8 9//9
f 9//9 8//8 10//10
f 9//9 10//10 11//11
f 11//11 10//10 12//12
f 11//11 12//12 13//13
f 13//13 12//12 14//14
f 13//13 14//14 15//15
f 16//16 17//17 18//18
f 18//18 17//17 19//19
f 18//18 19//19 20//20
f 20//20 19//19 21//21
f 20//20 21//21 22//22
f 22//22 21//21 23//23
f 22//22 23//23 24//24
f 24//24 23//23 25//25
f 24//24 25//25 26//26
f 26//26 25//25 27//27
f 26//26 27//27 28//28
f 28//28 27//27 29//29
f 28//28 29//29 30//30
f 30//30 29//29 31//31
f 30//30 31//31 1//1
f 1//1 31//31 32//32
f 1//1 32//32 2//2
f 33//33 34//34 35//35
f 35//35 34//34 36//36
f 35//35 36//36 37//37
f 37//37 36//36 38//38
f 37//37 38//38 39//39
f 39//39 38//38 40//40
f 39//39 40//40 41//41
f 41//41 40//40 42//42
f 41//41 42//42 43//43
f 43//43 42//42 44//44
f 43//43 44//44 45//45
f 45//45 44//44 46//46
f 45//45 46//46 16//16
f 16//16 46//46 47//47
f 16//16 47//47 17//17
f 14//14 48//48 15//15
f 15//15 48//48 49//49
f 15//15 49//49 50//50
f 50//50 49//49 51//51
f 50//50 51//51 52//52
f 52//52 51//51 53//53
f 52//52 53//53 54//54
f 54//54 53//53 55//55
f 54//54 55//55 56//56
f 56//56 55//55 57//57
f 56//56 57//57 58//58
f 58//58 57//57 59//59
f 58//58 59//59 60//60
f 60//60 59//59 61//61
f 60//60 61//61 62//62
f 62//62 61//61 63//63
f 62//62 63//63 33//33
f 33//33 63//63 64//64
f 33//33 64//64 34//34
f 65//65 66//66 67//67
f 67//67 66//66 68//68
f 67//67 68//68 69//69
f 69//69 68//68 70//70
f 69//69 70//70 71//71
f 71//71 70//70 72//72
f 71//71 72//72 73//73
f 73//73 72//72 74//74
f 73//73 74//74 75//75
f 75//75 74//74 76//76
f 75//75 76//76 77//77
f 77//77 76//76 78//78
f 77//77 78//78 79//79
f 80//80 81//81 82//82
f 82//82 81//81 83//83
f 82//82 83//83 84//84
f 84//84 83//83 85//85
f 84//84 85//85 86//86
f 86//86 85//85 87//87
f 86//86 87//87 88//88
f 88//88 87//87 89//89
f 88//88 89//89 90//90
f 90//90 89//89 91//91
f 90//90 91//91 92//92
f 92//92 91//91 93//93
f 92//92 93//93 94//94
f 78//78 95//95 79//79
f 79//79 95//95 96//96
f 79//79 96//96 97//97
f 97//97 96//96 98//98
f 97//97 98//98 99//99
f 99//99 98//98 100//100
f 99//99 100//100 101//101
f 101//101 100//100 102//102
f 101//101 102//102 103//103
f 103//103 102//102 104//104
f 103//103 104//104 105//105
f 105//105 104//104 106//106
f 105//105 106//106 107//107
f 107//107 106//106 108//108
f 107//107 108//108 109//109
f 109//109 108//108 110//110
f 109//109 110//110 80//80
f 80//80 110//110 111//111
f 80//80 111//111 81//81
f 93//93 112//112 94//94
f 94//94 112//112 113//113
f 94//94 113//113 114//114
f 114//114 113//113 115//115
f 114//114 115//115 116//116
f 116//116 115//115 117//117
f 116//116 117//117 118//118
f 118//118 117//117 119//119
f 118//118 119//119 120//120
f 120//120 119//119 121//121
f 120//120 121//121 122//122
f 122//122 121//121 123//123
f 122//122 123//123 124//124
f 124//124 123//123 125//125
f 124//124 125//125 126//126
f 126//126 125//125 127//127
f 126//126 127//127 65//65
f 65//65 127//127 128//128
f 65//65 128//128 66//66
f 129//129 130//130 131//131
f 131//131 130//130 132//132
f 131//131 132//132 133//133
f 133//133 132//132 134//134
f 133//133 134//134 135//135
f 135//135 134//134 136//136
f 135//135 136//136 137//137
f 137//137 136//136 138//138
f 137//137 138//138 139//139
f 139//139 138//138 140//140
f 139//139 140//140 141//141
f 141//141 140//140 142//142
f 141//141 142//142 143//143
f 143//143 142//142 144//144
f 143//143 144//144 145//145
f 145//145 144//144 146//146
f 145//145 146//146 147//147
f 147//147 146//146 148//148
f 147//147 148//148 149//149
f 149//149 148//148 150//150
f 149//149 150//150 151//151
f 151//151 150//150 152//152
f 151//151 152//152 153//153
f 153//153 152//152 154//154
f 153//153 154//154 155//155
f 155//155 154//154 156//156
f 155//155 156//156 157//157
f 157//157 156//156 158//158
f 157//157 158//158 159//159
f 159//159 158//158 160//160
f 159//159 160//160 161//161
f 161//161 160//160 162//162
f 161//161 162//162 163//163
f 163//163 162//162 164//164
f 163//163 164//164 165//165
f 165//165 164//164 166//166
f 165//165 166//166 167//167
f 167//167 166//166 168//168
f 167//167 168//168 169//169
f 169//169 168//168 170//170
f 169//169 170//170 171//171
f 171//171 170//170 172//172
f 171//171 172//172 173//173
f 173//173 172//172 174//174
f 173//173 174//174 175//175
f 175//175 174//174 176//176
f 175//175 176//176 177//177
f 177//177 176//176 178//178
f 177//177 178//178 179//179
f 179//179 178//178 180//180
f 179//179 180//180 181//181
f 181//181 180//180 182//182
f 181//181 182//182 183//183
f 183//183 182//182 184//184
f 183//183 184//184 185//185
f 185//185 184//184 186//186
f 185//185 186//186 187//187
f 187//187 186//186 188//188
f 187//187 188//188 189//189
f 189//189 188//188 190//190
f 189//189 190//190 191//191
f 191//191 190//190 192//192
f 191//191 192//192 193//193
f 193//193 192//192 194//194
f 193//193 194//194 195//195
f 195//195 194//194 196//196
f 195//195 196//196 197//197
f 197//197 196//196 198//198
f 197//197 198//198 199//199
f 199//199 198//198 200//200
f 199//199 200//200 201//201
f 201//201 200//200 202//202
f 201//201 202//202 203//203
f 203//203 202//202 204//204
f 203//203 204//204 205//205
f 205//205 204//204 206//206
f 205//205 206//206 207//207
f 207//207 206//206 208//208
f 207//207 208//208 209//209
f 209//209 208//208 210//210
f 209//209 210//210 211//211
f 211//211 210//210 212//212
f 211//211 212//212 213//213
f 213//213 212//212 214//214
f 213//213 214//214 215//215
f 215//215 214//214 216//216
f 215//215 216//216 217//217
f 217//217 216//216 218//218
f 217//217 218//218 219//219
f 219//219 218//218 220//220
f 219//219 220//220 221//221
f 221//221 220//220 222//222
f 221//221 222//222 223//223
f 223//223 222//222 224//224
f 223//223 224//224 225//225
f 225//225 224//224 226//226
f 225//225 226//226 227//227
f 227//227 226//226 228//228
f 227//227 228//228 229//229
f 229//229 228//228 230//230
f 229//229 230//230 231//231
f 231//231 230//230 232//232
f 231//231 232//232 233//233
f 233//233 232//232 234//234
f 233//233 234//234 235//235
f 235//235 234//234 236//236
f 235//235 236//236 237//237
f 237//237 236//236 238//238
f 237//237 238//238 239//239
f 239//239 238//238 240//240
f 239//239 240//240 129//129
f 129//129 240//240 130//130
f 241//241 242//242 243//243
f 243//243 242//242 244//244
f 243//243 244//244 245//245
f 245//245 244//244 246//246
f 245//245 246//246 247//247
f 247//247 246//246 248//248
f 247//247 248//248 249//249
f 249//249 248//248 250//250
f 249//249 250//250 251//251
f 251//251 250//250 252//252
f 251//251 252//252 253//253
f 253//253 252//252 254//254
f 253//253 254//254 255//255
f 255//255 254//254 256//256
f 255//255 256//256 257//257
f 257//257 256//256 258//258
f 257//257 258//258 259//259
f 259//259 258//258 260//260
f 259//259 260//260 261//261
f 261//261 260//260 262//262
f 261//261 262//262 263//263
f 263//263 262//262 264//264
f 263//263 264//264 265//265
f 265//265 264//264 266//266
f 265//265 266//266 267//267
f 267//267 266//266 268//268
f 267//267 268//268 269//269
f 269//269 268//268 270//270
f 269//269 270//270 271//271
f 271//271 270//270 272//272
f 271//271 272//272 273//273
f 273//273 272//272 274//274
f 273//273 274//274 275//275
f 275//275 274//274 276//276
f 275//275 276//276 277//277
f 277//277 276//276 278//278
f 277//277 278//278 279//279
f 279//279 278//278 280//280
f 279//279 280//280 281//281
f 281//281 280//280 282//282
f 281//281 282//282 283//283
f 283//283 282//282 284//284
f 283//283 284//284 285//285
f 285//285 284//284 286//286
f 285//285 286//286 287//287
f 287//287 286//286 288//288
f 287//287 288//288 289//289
f 289//289 288//288 290//290
f 289//289 290//290 291//291
f 291//291 290//290 292//292
f 291//291 292//292 293//293
f 293//293 292//292 294//294
f 293//293 294//294 295//295
f 295//295 294//294 296//296
f 295//295 296//296 297//297
f 297//297 296//296 298//298
f 297//297 298//298 299//299
f 299//299 298//298 300//300
f 299//299 300//300 301//301
f 301//301 300//300 302//302
f 301//301 302//302 303//303
f 303//303 302//302 304//304
f 303//303 304//304 305//305
f 305//305 304//304 306//306
f 305//305 306//306 307//307
f 307//307 306//306 308//308
f 307//307 308//308 309//309
f 309//309 308//308 310//310
f 309//309 310//310 311//311
f 311//311 310//310 312//312
f 311//311 312//312 313//313
f 313//313 312//312 314//314
f 313//313 314//314 315//315
f 315//315 314//314 316//316
f 315//315 316//316 317//317
f 317//317 316//316 318//318
f 317//317 318//318 319//319
f 319//319 318//318 320//320
f 319//319 320//320 241//241
f 241//241 320//320 242//242
f 120//120 122//122 321//321
f 321//321 122//122 322//322
f 321//321 322//322 323//323
f 323//323 322//322 324//324
f 323//323 324//324 325//325
f 325//325 324//324 326//326
f 124//124 126//126 327//327
f 327//327 126//126 328//328
f 327//327 328//328 329//329
f 329//329 328//328 330//330
f 329//329 330//330 331//331
f 331//331 330//330 332//332
f 126//126 65//65 328//328
f 328//328 65//65 333//333
f 328//328 333//333 330//330
f 330//330 333//333 334//334
f 330//330 334//334 332//332
f 332//332 334//334 335//335
f 67//67 69//69 336//336
f 336//336 69//69 337//337
f 336//336 337//337 338//338
f 338//338 337//337 339//339
f 338//338 339//339 340//340
f 340//340 339//339 341//341
f 69//69 71//71 337//337
f 337//337 71//71 342//342
f 337//337 342//342 339//339
f 339//339 342//342 343//343
f 339//339 343//343 341//341
f 341//341 343//343 344//344
f 73//73 75//75 345//345
f 345//345 75//75 346//346
f 345//345 346//346 347//347
f 347//347 346//346 348//348
f 347//347 348//348 349//349
f 349//349 348//348 350//350
f 75//75 77//77 346//346
f 346//346 77//77 351//351
f 346//346 351//351 348//348
f 348//348 351//351 352//352
f 348//348 352//352 350//350
f 350//350 352//352 353//353
f 79//79 97//97 354//354
f 354//354 97//97 355//355
f 354//354 355//355 356//356
f 356//356 355//355 357//357
f 356//356 357//357 358//358
f 358//358 357//357 359//359
f 97//97 99//99 355//355
f 355//355 99//99 360//360
f 355//355 360//360 357//357
f 357//357 360//360 361//361
f 357//357 361//361 359//359
f 359//359 361//361 362//362
f 101//101 103//103 363//363
f 363//363 103//103 364//364
f 363//363 364//364 365//365
f 365//365 364//364 366//366
f 365//365 366//366 367//367
f 367//367 366//366 368//368
f 103//103 105//105 364//364
f 364//364 105//105 369//369
f 364//364 369//369 366//366
f 366//366 369//369 370//370
f 366//366 370//370 368//368
f 368//368 370//370 371//371
f 107//107 109//109 372//372
f 372//372 109//109 373//373
f 372//372 373//373 374//374
f 374//374 373//373 375//375
f 374//374 375//375 376//376
f 376//376 375//375 377//377
f 109//109 80//80 373//373
f 373//373 80//80 378//378
f 373//373 378//378 375//375
f 375//375 378//378 379//379
f 375//375 379//379 377//377
f 377//377 379//379 380//380
f 82//82 84//84 381//381
f 381//381 84//84 382//382
f 381//381 382//382 383//383
f 383//383 382//382 384//384
f 383//383 384//384 385//385
f 385//385 384//384 386//386
f 84//84 86//86 382//382
f 382//382 86//86 387//387
f 382//382 387//387 384//384
f 384//384 387//387 388//388
f 384//384 388//388 386//386
f 386//386 388//388 389//389
f 88//88 90//90 390//390
f 390//390 90//90 391//391
f 390//390 391//391 392//392
f 392//392 391//391 393//393
f 392//392 393//393 394//394
f 394//394 393//393 395//395
f 90//90 92//92 391//391
f 391//391 92//92 396//396
f 391//391 396//396 393//393
f 393//393 396//396 397//397
f 393//393 397//397 395//395
f 395//395 397//397 398//398
f 94//94 114//114 399//399
f 399//399 114//114 400//400
f 399//399 400//400 401//401
f 401//401 400//400 402//402
f 401//401 402//402 403//403
f 403//403 402//402 404//404
f 114//114 116//116 400//400
f 400//400 116//116 405//405
f 400//400 405//405 402//402
f 402//402 405//405 406//406
f 402//402 406//406 404//404
f 404//404 406//406 407//407
f 118//118 120//120 408//408
f 408//408 120//120 321//321
f 408//408 321//321 409//409
f 409//409 321//321 323//323
f 409//409 323//323 410//410
f 410//410 323//323 325//325
f 290//290 288//288 326//326
f 335//335 292//292 332//332
f 332//332 292//292 290//290
f 332//332 290//290 331//331
f 331//331 290//290 326//326
f 331//331 326//326 329//329
f 329//329 326//326 324//324
f 329//329 324//324 327//327
f 327//327 324//324 322//322
f 327//327 322//322 124//124
f 124//124 322//322 122//122
f 298//298 296//296 335//335
f 335//335 296//296 294//294
f 335//335 294//294 292//292
f 344//344 300//300 341//341
f 341//341 300//300 298//298
f 341//341 298//298 340//340
f 340//340 298//298 335//335
f 340//340 335//335 338//338
f 338//338 335//335 334//334
f 338//338 334//334 336//336
f 336//336 334//334 333//333
f 336//336 333//333 67//67
f 67//67 333//333 65//65
f 306//306 304//304 344//344
f 344//344 304//304 302//302
f 344//344 302//302 300//300
f 353//353 308//308 350//350
f 350//350 308//308 306//306
f 350//350 306//306 349//349
f 349//349 306//306 344//344
f 349//349 344//344 347//347
f 347//347 344//344 343//343
f 347//347 343//343 345//345
f 345//345 343//343 342//342
f 345//345 342//342 73//73
f 73//73 342//342 71//71
f 314//314 312//312 353//353
f 353//353 312//312 310//310
f 353//353 310//310 308//308
f 362//362 316//316 359//359
f 359//359 316//316 314//314
f 359//359 314//314 358//358
f 358//358 314//314 353//353
f 358//358 353//353 356//356
f 356//356 353//353 352//352
f 356//356 352//352 354//354
f 354//354 352//352 351//351
f 354//354 351//351 79//79
f 79//79 351//351 77//77
f 242//242 320//320 362//362
f 362//362 320//320 318//318
f 362//362 318//318 316//316
f 371//371 244//244 368//368
f 368//368 244//244 242//242
f 368//368 242//242 367//367
f 367//367 242//242 362//362
f 367//367 362//362 365//365
f 365//365 362//362 361//361
f 365//365 361//361 363//363
f 363//363 361//361 360//360
f 363//363 360//360 101//101
f 101//101 360//360 99//99
f 250//250 248//248 371//371
f 371//371 248//248 246//246
f 371//371 246//246 244//244
f 380//380 252//252 377//377
f 377//377 252//252 250//250
f 377//377 250//250 376//376
f 376//376 250//250 371//371
f 376//376 371//371 374//374
f 374//374 371//371 370//370
f 374//374 370//370 372//372
f 372//372 370//370 369//369
f 372//372 369//369 107//107
f 107//107 369//369 105//105
f 258//258 256//256 380//380
f 380//380 256//256 254//254
f 380//380 254//254 252//252
f 389//389 260//260 386//386
f 386//386 260//260 258//258
f 386//386 258//258 385//385
f 385//385 258//258 380//380
f 385//385 380//380 383//383
f 383//383 380//380 379//379
f 383//383 379//379 381//381
f 381//381 379//379 378//378
f 381//381 378//378 82//82
f 82//82 378//378 80//80
f 266//266 264//264 389//389
f 389//389 264//264 262//262
f 389//389 262//262 260//260
f 398//398 268//268 395//395
f 395//395 268//268 266//266
f 395//395 266//266 394//394
f 394//394 266//266 389//389
f 394//394 389//389 392//392
f 392//392 389//389 388//388
f 392//392 388//388 390//390
f 390//390 388//388 387//387
f 390//390 387//387 88//88
f 88//88 387//387 86//86
f 274//274 272//272 398//398
f 398//398 272//272 270//270
f 398//398 270//270 268//268
f 407//407 276//276 404//404
f 404//404 276//276 274//274
f 404//404 274//274 403//403
f 403//403 274//274 398//398
f 403//403 398//398 401//401
f 401//401 398//398 397//397
f 401//401 397//397 399//399
f 399//399 397//397 396//396
f 399//399 396//396 94//94
f 94//94 396//396 92//92
f 282//282 280//280 407//407
f 407//407 280//280 278//278
f 407//407 278//278 276//276
f 288//288 286//286 326//326
f 326//326 286//286 284//284
f 326//326 284//284 325//325
f 325//325 284//284 282//282
f 325//325 282//282 410//410
f 410//410 282//282 407//407
f 410//410 407//407 409//409
f 409//409 407//407 406//406
f 409//409 406//406 408//408
f 408//408 406//406 405//405
f 408//408 405//405 118//118
f 118//118 405//405 116//116
f 411//411 291//291 412//412
f 412//412 291//291 293//293
f 412//412 293//293 413//413
f 413//413 293//293 295//295
f 413//413 295//295 414//414
f 295//295 297//297 414//414
f 414//414 297//297 299//299
f 414//414 299//299 415//415
f 415//415 299//299 301//301
f 415//415 301//301 416//416
f 416//416 301//301 303//303
f 416//416 303//303 417//417
f 303//303 305//305 417//417
f 417//417 305//305 307//307
f 417//417 307//307 418//418
f 418//418 307//307 309//309
f 418//418 309//309 419//419
f 419//419 309//309 311//311
f 419//419 311//311 420//420
f 311//311 313//313 420//420
f 420//420 313//313 315//315
f 420//420 315//315 421//421
f 421//421 315//315 317//317
f 421//421 317//317 422//422
f 422//422 317//317 319//319
f 422//422 319//319 423//423
f 319//319 241//241 423//423
f 423//423 241//241 243//243
f 423//423 243//243 424//424
f 424//424 243//243 245//245
f 424//424 245//245 425//425
f 425//425 245//245 247//247
f 425//425 247//247 426//426
f 247//247 249//249 426//426
f 426//426 249//249 251//251
f 426//426 251//251 427//427
f 427//427 251//251 253//253
f 427//427 253//253 428//428
f 428//428 253//253 255//255
f 428//428 255//255 429//429
f 255//255 257//257 429//429
f 429//429 257//257 259//259
f 429//429 259//259 430//430
f 430//430 259//259 261//261
f 430//430 261//261 431//431
f 431//431 261//261 263//263
f 431//431 263//263 432//432
f 263//263 265//265 432//432
f 432//432 265//265 267//267
f 432//432 267//267 433//433
f 433//433 267//267 269//269
f 433//433 269//269 434//434
f 434//434 269//269 271//271
f 434//434 271//271 435//435
f 271//271 273//273 435//435
f 435//435 273//273 275//275
f 435//435 275//275 436//436
f 436//436 275//275 277//277
f 436//436 277//277 437//437
f 437//437 277//277 279//279
f 437//437 279//279 438//438
f 279//279 281//281 438//438
f 438//438 281//281 283//283
f 438//438 283//283 439//439
f 439//439 283//283 285//285
f 439//439 285//285 440//440
f 440//440 285//285 287//287
f 440//440 287//287 411//411
f 411//411 287//287 289//289
f 411//411 289//289 291//291
f 439//439 441//441 438//438
f 438//438 441//441 442//442
f 438//438 442//442 437//437
f 437//437 442//442 443//443
f 437//437 443//443 436//436
f 436//436 443//443 444//444
f 436//436 444//444 435//435
f 435//435 444//444 445//445
f 435//435 445//445 434//434
f 434//434 445//445 446//446
f 434//434 446//446 433//433
f 433//433 446//446 447//447
f 433//433 447//447 432//432
f 432//432 447//447 448//448
f 432//432 448//448 431//431
f 431//431 448//448 449//449
f 431//431 449//449 430//430
f 430//430 449//449 450//450
f 430//430 450//450 429//429
f 429//429 450//450 451//451
f 429//429 451//451 428//428
f 428//428 451//451 452//452
f 428//428 452//452 427//427
f 427//427 452//452 453//453
f 427//427 453//453 426//426
f 426//426 453//453 454//454
f 426//426 454//454 425//425
f 425//425 454//454 455//455
f 425//425 455//455 424//424
f 424//424 455//455 456//456
f 424//424 456//456 423//423
f 423//423 456//456 457//457
f 423//423 457//457 422//422
f 422//422 457//457 458//458
f 422//422 458//458 421//421
f 421//421 458//458 459//459
f 421//421 459//459 420//420
f 420//420 459//459 460//460
f 420//420 460//460 419//419
f 419//419 460//460 461//461
f 419//419 461//461 418//418
f 418//418 461//461 462//462
f 418//418 462//462 417//417
f 417//417 462//462 463//463
f 417//417 463//463 416//416
f 416//416 463//463 464//464
f 416//416 464//464 415//415
f 415//415 464//464 465//465
f 415//415 465//465 414//414
f 414//414 465//465 466//466
f 414//414 466//466 413//413
f 413//413 466//466 467//467
f 413//413 467//467 412//412
f 412//412 467//467 468//468
f 412//412 468//468 411//411
f 411//411 468//468 469//469
f 411//411 469//469 440//440
f 440//440 469//469 470//470
f 440//440 470//470 439//439
f 439//439 470//470 441//441
f 470//470 471//471 441//441
f 441//441 471//471 472//472
f 441//441 472//472 442//442
f 442//442 472//472 473//473
f 442//442 473//473 443//443
f 443//443 473//473 474//474
f 443//443 474//474 444//444
f 444//444 474//474 475//475
f 444//444 475//475 445//445
f 445//445 475//475 476//476
f 445//445 476//476 446//446
f 446//446 476//476 477//477
f 446//446 477//477 447//447
f 447//447 477//477 478//478
f 447//447 478//478 448//448
f 448//448 478//478 479//479
f 448//448 479//479 449//449
f 449//449 479//479 480//480
f 449//449 480//480 450//450
f 450//450 480//480 481//481
f 450//450 481//481 451//451
f 451//451 481//481 482//482
f 451//451 482//482 452//452
f 452//452 482//482 483//483
f 452//452 483//483 453//453
f 453//453 483//483 484//484
f 453//453 484//484 454//454
f 454//454 484//484 485//485
f 454//454 485//485 455//455
f 455//455 485//485 486//486
f 455//455 486//486 456//456
f 456//456 486//486 487//487
f 456//456 487//487 457//457
f 457//457 487//487 488//488
f 457//457 488//488 458//458
f 458//458 488//488 489//489
f 458//458 489//489 459//459
f 459//459 489//489 490//490
f 459//459 490//490 460//460
f 460//460 490//490 491//491
f 460//460 491//491 461//461
f 461//461 491//491 492//492
f 461//461 492//492 462//462
f 462//462 492//492 493//493
f 462//462 493//493 463//463
f 463//463 493//493 494//494
f 463//463 494//494 464//464
f 464//464 494//494 495//495
f 464//464 495//495 465//465
f 465//465 495//495 496//496
f 465//465 496//496 466//466
f 466//466 496//496 497//497
f 466//466 497//497 467//467
f 467//467 497//497 498//498
f 467//467 498//498 468//468
f 468//468 498//498 499//499
f 468//468 499//499 469//469
f 469//469 499//499 500//500
f 469//469 500//500 470//470
f 470//470 500//500 471//471
f 500//500 26//26 471//471
f 471//471 26//26 28//28
f 471//471 28//28 472//472
f 472//472 28//28 30//30
f 472//472 30//30 473//473
f 473//473 30//30 1//1
f 473//473 1//1 474//474
f 474//474 1//1 3//3
f 474//474 3//3 475//475
f 475//475 3//3 5//5
f 475//475 5//5 476//476
f 476//476 5//5 7//7
f 476//476 7//7 477//477
f 477//477 7//7 9//9
f 477//477 9//9 478//478
f 478//478 9//9 11//11
f 478//478 11//11 479//479
f 479//479 11//11 13//13
f 479//479 13//13 480//480
f 480//480 13//13 15//15
f 480//480 15//15 481//481
f 481//481 15//15 50//50
f 481//481 50//50 482//482
f 482//482 50//50 52//52
f 482//482 52//52 483//483
f 483//483 52//52 54//54
f 483//483 54//54 484//484
f 484//484 54//54 56//56
f 484//484 56//56 485//485
f 485//485 56//56 58//58
f 485//485 58//58 486//486
f 486//486 58//58 60//60
f 486//486 60//60 487//487
f 487//487 60//60 62//62
f 487//487 62//62 488//488
f 488//488 62//62 33//33
f 488//488 33//33 489//489
f 489//489 33//33 35//35
f 489//489 35//35 490//490
f 490//490 35//35 37//37
f 490//490 37//37 491//491
f 491//491 37//37 39//39
f 491//491 39//39 492//492
f 492//492 39//39 41//41
f 492//492 41//41 493//493
f 493//493 41//41 43//43
f 493//493 43//43 494//494
f 494//494 43//43 45//45
f 494//494 45//45 495//495
f 495//495 45//45 16//16
f 495//495 16//16 496//496
f 496//496 16//16 18//18
f 496//496 18//18 497//497
f 497//497 18//18 20//20
f 497//497 20//20 498//498
f 498//498 20//20 22//22
f 498//498 22//22 499//499
f 499//499 22//22 24//24
f 499//499 24//24 500//500
f 500//500 24//24 26//26
f 180//180 501//501 502//502
f 180//180 178//178 501//501
f 501//501 178//178 176//176
f 501//501 176//176 503//503
f 503//503 176//176 174//174
f 503//503 174//174 504//504
f 504//504 174//174 172//172
f 504//504 172//172 505//505
f 505//505 172//172 170//170
f 170//170 168//168 505//505
f 505//505 168//168 166//166
f 505//505 166//166 506//506
f 506//506 166//166 164//164
f 506//506 164//164 507//507
f 164//164 162//162 507//507
f 507//507 162//162 160//160
f 507//507 160//160 508//508
f 160//160 158//158 508//508
f 508//508 158//158 156//156
f 508//508 156//156 509//509
f 156//156 154//154 509//509
f 509//509 154//154 152//152
f 509//509 152//152 510//510
f 510//510 152//152 150//150
f 510//510 150//150 511//511
f 150//150 148//148 511//511
f 511//511 148//148 146//146
f 511//511 146//146 512//512
f 146//146 144//144 512//512
f 512//512 144//144 142//142
f 512//512 142//142 513//513
f 513//513 142//142 140//140
f 513//513 140//140 514//514
f 514//514 140//140 138//138
f 514//514 138//138 515//515
f 515//515 138//138 136//136
f 136//136 134//134 515//515
f 515//515 134//134 132//132
f 515//515 132//132 516//516
f 516//516 132//132 130//130
f 516//516 130//130 517//517
f 517//517 130//130 240//240
f 517//517 240//240 518//518
f 240//240 238//238 518//518
f 518//518 238//238 236//236
f 518//518 236//236 519//519
f 236//236 234//234 519//519
f 519//519 234//234 232//232
f 519//519 232//232 520//520
f 520//520 232//232 230//230
f 520//520 230//230 521//521
f 521//521 230//230 228//228
f 521//521 228//228 522//522
f 522//522 228//228 226//226
f 226//226 224//224 522//522
f 522//522 224//224 222//222
f 522//522 222//222 523//523
f 523//523 222//222 220//220
f 523//523 220//220 524//524
f 220//220 218//218 524//524
f 524//524 218//218 216//216
f 524//524 216//216 525//525
f 216//216 214//214 525//525
f 525//525 214//214 212//212
f 525//525 212//212 526//526
f 212//212 210//210 526//526
f 526//526 210//210 208//208
f 526//526 208//208 527//527
f 527//527 208//208 206//206
f 527//527 206//206 528//528
f 206//206 204//204 528//528
f 528//528 204//204 202//202
f 528//528 202//202 529//529
f 202//202 200//200 529//529
f 529//529 200//200 198//198
f 529//529 198//198 530//530
f 530//530 198//198 196//196
f 530//530 196//196 531//531
f 531//531 196//196 194//194
f 531//531 194//194 532//532
f 532//532 194//194 192//192
f 192//192 190//190 532//532
f 532//532 190//190 188//188
f 532//532 188//188 533//533
f 533//533 188//188 186//186
f 533//533 186//186 534//534
f 534//534 186//186 184//184
f 534//534 184//184 502//502
f 502//502 184//184 182//182
f 502//502 182//182 180//180
f 533//533 535//535 532//532
f 532//532 535//535 536//536
f 532//532 536//536 531//531
f 531//531 536//536 537//537
f 531//531 537//537 530//530
f 530//530 537//537 538//538
f 530//530 538//538 529//529
f 529//529 538//538 539//539
f 529//529 539//539 528//528
f 528//528 539//539 540//540
f 528//528 540//540 527//527
f 527//527 540//540 541//541
f 527//527 541//541 526//526
f 526//526 541//541 542//542
f 526//526 542//542 525//525
f 525//525 542//542 543//543
f 525//525 543//543 524//524
f 524//524 543//543 544//544
f 524//524 544//544 523//523
f 523//523 544//544 545//545
f 523//523 545//545 522//522
f 522//522 545//545 546//546
f 522//522 546//546 521//521
f 521//521 546//546 547//547
f 521//521 547//547 520//520
f 520//520 547//547 548//548
f 520//520 548//548 519//519
f 519//519 548//548 549//549
f 519//519 549//549 518//518
f 518//518 549//549 550//550
f 518//518 550//550 517//517
f 517//517 550//550 551//551
f 517//517 551//551 516//516
f 516//516 551//551 552//552
f 516//516 552//552 515//515
f 515//515 552//552 553//553
f 515//515 553//553 514//514
f 514//514 553//553 554//554
f 514//514 554//554 513//513
f 513//513 554//554 555//555
f 513//513 555//555 512//512
f 512//512 555//555 556//556
f 512//512 556//556 511//511
f 511//511 556//556 557//557
f 511//511 557//557 510//510
f 510//510 557//557 558//558
f 510//510 558//558 509//509
f 509//509 558//558 559//559
f 509//509 559//559 508//508
f 508//508 559//559 560//560
f 508//508 560//560 507//507
f 507//507 560//560 561//561
f 507//507 561//561 506//506
f 506//506 561//561 562//562
f 506//506 562//562 505//505
f 505//505 562//562 563//563
f 505//505 563//563 504//504
f 504//504 563//563 564//564
f 504//504 564//564 503//503
f 503//503 564//564 565//565
f 503//503 565//565 501//501
f 501//501 565//565 566//566
f 501//501 566//566 502//502
f 502//502 566//566 567//567
f 502//502 567//567 534//534
f 534//534 567//567 568//568
f 534//534 568//568 533//533
f 533//533 568//568 535//535
f 568//568 569//569 535//535
f 535//535 569//569 570//570
f 535//535 570//570 536//536
f 536//536 570//570 571//571
f 536//536 571//571 537//537
f 537//537 571//571 572//572
f 537//537 572//572 538//538
f 538//538 572//572 573//573
f 538//538 573//573 539//539
f 539//539 573//573 574//574
f 539//539 574//574 540//540
f 540//540 574//574 575//575
f 540//540 575//575 541//541
f 541//541 575//575 576//576
f 541//541 576//576 542//542
f 542//542 576//576 577//577
f 542//542 577//577 543//543
f 543//543 577//577 578//578
f 543//543 578//578 544//544
f 544//544 578//578 579//579
f 544//544 579//579 545//545
f 545//545 579//579 580//580
f 545//545 580//580 546//546
f 546//546 580//580 581//581
f 546//546 581//581 547//547
f 547//547 581//581 582//582
f 547//547 582//582 548//548
f 548//548 582//582 583//583
f 548//548 583//583 549//549
f 549//549 583//583 584//584
f 549//549 584//584 550//550
f 550//550 584//584 585//585
f 550//550 585//585 551//551
f 551//551 585//585 586//586
f 551//551 586//586 552//552
f 552//552 586//586 587//587
f 552//552 587//587 553//553
f 553//553 587//587 588//588
f 553//553 588//588 554//554
f 554//554 588//588 589//589
f 554//554 589//589 555//555
f 555//555 589//589 590//590
f 555//555 590//590 556//556
f 556//556 590//590 591//591
f 556//556 591//591 557//557
f 557//557 591//591 592//592
f 557//557 592//592 558//558
f 558//558 592//592 593//593
f 558//558 593//593 559//559
f 559//559 593//593 594//594
f 559//559 594//594 560//560
f 560//560 594//594 595//595
f 560//560 595//595 561//561
f 561//561 595//595 596//596
f 561//561 596//596 562//562
f 562//562 596//596 597//597
f 562//562 597//597 563//563
f 563//563 597//597 598//598
f 563//563 598//598 564//564
f 564//564 598//598 599//599
f 564//564 599//599 565//565
f 565//565 599//599 600//600
f 565//565 600//600 566//566
f 566//566 600//600 601//601
f 566//566 601//601 567//567
f 567//567 601//601 602//602
f 567//567 602//602 568//568
f 568//568 602//602 569//569
f 602//602 119//119 569//569
f 569//569 119//119 117//117
f 569//569 117//117 570//570
f 570//570 117//117 115//115
f 570//570 115//115 571//571
f 571//571 115//115 113//113
f 571//571 113//113 572//572
f 572//572 113//113 112//112
f 572//572 112//112 573//573
f 573//573 112//112 93//93
f 573//573 93//93 574//574
f 574//574 93//93 91//91
f 574//574 91//91 575//575
f 575//575 91//91 89//89
f 575//575 89//89 576//576
f 576//576 89//89 87//87
f 576//576 87//87 577//577
f 577//577 87//87 85//85
f 577//577 85//85 578//578
f 578//578 85//85 83//83
f 578//578 83//83 579//579
f 579//579 83//83 81//81
f 579//579 81//81 580//580
f 580//580 81//81 111//111
f 580//580 111//111 581//581
f 581//581 111//111 110//110
f 581//581 110//110 582//582
f 582//582 110//110 108//108
f 582//582 108//108 583//583
f 583//583 108//108 106//106
f 583//583 106//106 584//584
f 584//584 106//106 104//104
f 584//584 104//104 585//585
f 585//585 104//104 102//102
f 585//585 102//102 586//586
f 586//586 102//102 100//100
f 586//586 100//100 587//587
f 587//587 100//100 98//98
f 587//587 98//98 588//588
f 588//588 98//98 96//96
f 588//588 96//96 589//589
f 589//589 96//96 95//95
f 589//589 95//95 590//590
f 590//590 95//95 78//78
f 590//590 78//78 591//591
f 591//591 78//78 76//76
f 591//591 76//76 592//592
f 592//592 76//76 74//74
f 592//592 74//74 593//593
f 593//593 74//74 72//72
f 593//593 72//72 594//594
f 594//594 72//72 70//70
f 594//594 70//70 595//595
f 595//595 70//70 68//68
f 595//595 68//68 596//596
f 596//596 68//68 66//66
f 596//596 66//66 597//597
f 597//597 66//66 128//128
f 597//597 128//128 598//598
f 598//598 128//128 127//127
f 598//598 127//127 599//599
f 599//599 127//127 125//125
f 599//599 125//125 600//600
f 600//600 125//125 123//123
f 600//600 123//123 601//601
f 601//601 123//123 121//121
f 601//601 121//121 602//602
f 602//602 121//121 119//119
f 201//201 203//203 603//603
f 211//211 213//213 604//604
f 219//219 221//221 605//605
f 225//225 227//227 606//606
f 135//135 137//137 607//607
f 155//155 157//157 608//608
f 163//163 165//165 609//609
f 169//169 171//171 610//610
f 173//173 175//175 611//611
f 612//612 27//27 25//25
f 613//613 25//25 23//23
f 613//613 23//23 614//614
f 614//614 23//23 21//21
f 614//614 21//21 615//615
f 29//29 27//27 616//616
f 616//616 27//27 612//612
f 616//616 612//612 617//617
f 31//31 29//29 618//618
f 618//618 29//29 616//616
f 618//618 616//616 619//619
f 619//619 616//616 617//617
f 619//619 617//617 620//620
f 621//621 613//613 622//622
f 622//622 613//613 614//614
f 622//622 614//614 623//623
f 623//623 614//614 615//615
f 623//623 615//615 624//624
f 42//42 40//40 625//625
f 625//625 40//40 626//626
f 625//625 626//626 627//627
f 627//627 626//626 628//628
f 627//627 628//628 629//629
f 629//629 628//628 608//608
f 36//36 34//34 630//630
f 630//630 34//34 631//631
f 630//630 631//631 632//632
f 632//632 631//631 633//633
f 632//632 633//633 634//634
f 634//634 633//633 635//635
f 34//34 64//64 631//631
f 631//631 64//64 636//636
f 631//631 636//636 633//633
f 633//633 636//636 637//637
f 633//633 637//637 635//635
f 635//635 637//637 638//638
f 64//64 63//63 636//636
f 636//636 63//63 639//639
f 636//636 639//639 637//637
f 637//637 639//639 640//640
f 637//637 640//640 638//638
f 638//638 640//640 641//641
f 55//55 53//53 642//642
f 642//642 53//53 643//643
f 642//642 643//643 644//644
f 644//644 643//643 645//645
f 644//644 645//645 646//646
f 646//646 645//645 647//647
f 53//53 51//51 643//643
f 643//643 51//51 648//648
f 643//643 648//648 645//645
f 645//645 648//648 649//649
f 645//645 649//649 647//647
f 647//647 649//649 650//650
f 51//51 49//49 648//648
f 648//648 49//49 651//651
f 648//648 651//651 649//649
f 649//649 651//651 652//652
f 649//649 652//652 650//650
f 650//650 652//652 653//653
f 10//10 8//8 654//654
f 654//654 8//8 655//655
f 654//654 655//655 656//656
f 656//656 655//655 657//657
f 656//656 657//657 658//658
f 658//658 657//657 604//604
f 4//4 2//2 659//659
f 659//659 2//2 660//660
f 659//659 660//660 661//661
f 661//661 660//660 662//662
f 661//661 662//662 663//663
f 663//663 662//662 603//603
f 664//664 621//621 665//665
f 665//665 621//621 622//622
f 665//665 622//622 666//666
f 666//666 622//622 623//623
f 666//666 623//623 667//667
f 667//667 623//623 624//624
f 667//667 624//624 668//668
f 183//183 667//667 181//181
f 181//181 667//667 668//668
f 181//181 668//668 179//179
f 177//177 179//179 669//669
f 669//669 179//179 668//668
f 669//669 668//668 670//670
f 670//670 668//668 624//624
f 670//670 624//624 671//671
f 671//671 624//624 615//615
f 671//671 615//615 19//19
f 19//19 615//615 21//21
f 19//19 17//17 671//671
f 671//671 17//17 672//672
f 671//671 672//672 670//670
f 670//670 672//672 673//673
f 670//670 673//673 669//669
f 669//669 673//673 611//611
f 669//669 611//611 177//177
f 177//177 611//611 175//175
f 171//171 173//173 610//610
f 610//610 173//173 611//611
f 610//610 611//611 674//674
f 674//674 611//611 673//673
f 674//674 673//673 675//675
f 675//675 673//673 672//672
f 675//675 672//672 47//47
f 47//47 672//672 17//17
f 167//167 169//169 676//676
f 676//676 169//169 610//610
f 676//676 610//610 677//677
f 677//677 610//610 674//674
f 677//677 674//674 678//678
f 678//678 674//674 675//675
f 678//678 675//675 46//46
f 46//46 675//675 47//47
f 46//46 44//44 678//678
f 678//678 44//44 679//679
f 678//678 679//679 677//677
f 677//677 679//679 680//680
f 677//677 680//680 676//676
f 676//676 680//680 609//609
f 676//676 609//609 167//167
f 167//167 609//609 165//165
f 161//161 163//163 629//629
f 629//629 163//163 609//609
f 629//629 609//609 627//627
f 627//627 609//609 680//680
f 627//627 680//680 625//625
f 625//625 680//680 679//679
f 625//625 679//679 42//42
f 42//42 679//679 44//44
f 608//608 157//157 629//629
f 629//629 157//157 159//159
f 629//629 159//159 161//161
f 153//153 155//155 681//681
f 681//681 155//155 608//608
f 681//681 608//608 682//682
f 682//682 608//608 628//628
f 682//682 628//628 683//683
f 683//683 628//628 626//626
f 683//683 626//626 38//38
f 38//38 626//626 40//40
f 38//38 36//36 683//683
f 683//683 36//36 630//630
f 683//683 630//630 682//682
f 682//682 630//630 632//632
f 682//682 632//632 681//681
f 681//681 632//632 634//634
f 681//681 634//634 153//153
f 153//153 634//634 151//151
f 139//139 141//141 641//641
f 641//641 141//141 143//143
f 641//641 143//143 638//638
f 638//638 143//143 145//145
f 638//638 145//145 635//635
f 635//635 145//145 147//147
f 635//635 147//147 634//634
f 634//634 147//147 149//149
f 634//634 149//149 151//151
f 137//137 139//139 607//607
f 607//607 139//139 641//641
f 607//607 641//641 684//684
f 684//684 641//641 640//640
f 684//684 640//640 685//685
f 685//685 640//640 639//639
f 685//685 639//639 61//61
f 61//61 639//639 63//63
f 133//133 135//135 686//686
f 686//686 135//135 607//607
f 686//686 607//607 687//687
f 687//687 607//607 684//684
f 687//687 684//684 688//688
f 688//688 684//684 685//685
f 688//688 685//685 59//59
f 59//59 685//685 61//61
f 59//59 57//57 688//688
f 688//688 57//57 689//689
f 688//688 689//689 687//687
f 687//687 689//689 690//690
f 687//687 690//690 686//686
f 686//686 690//690 691//691
f 686//686 691//691 133//133
f 133//133 691//691 131//131
f 57//57 55//55 689//689
f 689//689 55//55 642//642
f 689//689 642//642 690//690
f 690//690 642//642 644//644
f 690//690 644//644 691//691
f 691//691 644//644 646//646
f 691//691 646//646 131//131
f 131//131 646//646 129//129
f 229//229 231//231 653//653
f 653//653 231//231 233//233
f 653//653 233//233 650//650
f 650//650 233//233 235//235
f 650//650 235//235 647//647
f 647//647 235//235 237//237
f 647//647 237//237 646//646
f 646//646 237//237 239//239
f 646//646 239//239 129//129
f 227//227 229//229 606//606
f 606//606 229//229 653//653
f 606//606 653//653 692//692
f 692//692 653//653 652//652
f 692//692 652//652 693//693
f 693//693 652//652 651//651
f 693//693 651//651 48//48
f 48//48 651//651 49//49
f 223//223 225//225 694//694
f 694//694 225//225 606//606
f 694//694 606//606 695//695
f 695//695 606//606 692//692
f 695//695 692//692 696//696
f 696//696 692//692 693//693
f 696//696 693//693 14//14
f 14//14 693//693 48//48
f 14//14 12//12 696//696
f 696//696 12//12 697//697
f 696//696 697//697 695//695
f 695//695 697//697 698//698
f 695//695 698//698 694//694
f 694//694 698//698 605//605
f 694//694 605//605 223//223
f 223//223 605//605 221//221
f 217//217 219//219 658//658
f 658//658 219//219 605//605
f 658//658 605//605 656//656
f 656//656 605//605 698//698
f 656//656 698//698 654//654
f 654//654 698//698 697//697
f 654//654 697//697 10//10
f 10//10 697//697 12//12
f 604//604 213//213 658//658
f 658//658 213//213 215//215
f 658//658 215//215 217//217
f 209//209 211//211 699//699
f 699//699 211//211 604//604
f 699//699 604//604 700//700
f 700//700 604//604 657//657
f 700//700 657//657 701//701
f 701//701 657//657 655//655
f 701//701 655//655 6//6
f 6//6 655//655 8//8
f 6//6 4//4 701//701
f 701//701 4//4 659//659
f 701//701 659//659 700//700
f 700//700 659//659 661//661
f 700//700 661//661 699//699
f 699//699 661//661 663//663
f 699//699 663//663 209//209
f 209//209 663//663 207//207
f 603//603 203//203 663//663
f 663//663 203//203 205//205
f 663//663 205//205 207//207
f 199//199 201//201 702//702
f 702//702 201//201 603//603
f 702//702 603//603 703//703
f 703//703 603//603 662//662
f 703//703 662//662 704//704
f 704//704 662//662 660//660
f 704//704 660//660 32//32
f 32//32 660//660 2//2
f 32//32 31//31 704//704
f 704//704 31//31 618//618
f 704//704 618//618 703//703
f 703//703 618//618 619//619
f 703//703 619//619 702//702
f 702//702 619//619 620//620
f 702//702 620//620 199//199
f 199//199 620//620 197//197
f 25//25 613//613 612//612
f 612//612 613//613 621//621
f 612//612 621//621 617//617
f 617//617 621//621 664//664
f 617//617 664//664 620//620
f 620//620 664//664 195//195
f 620//620 195//195 197//197
f 183//183 185//185 667//667
f 667//667 185//185 187//187
f 667//667 187//187 666//666
f 666//666 187//187 189//189
f 666//666 189//189 665//665
f 665//665 189//189 191//191
f 665//665 191//191 664//664
f 664//664 191//191 193//193
f 664//664 193//193 195//195
f 705//705 706//706 707//707
f 707//707 706//706 708//708
f 707//707 708//708 709//709
f 709//709 710//710 707//707
f 707//707 710//710 711//711
f 707//707 711//711 712//712
f 713//713 714//714 715//715
f 712//712 716//716 707//707
f 707//707 716//716 713//713
f 707//707 713//713 717//717
f 717//717 713//713 715//715
f 718//718 706//706 719//719
f 719//719 706//706 705//705
f 719//719 705//705 720//720
f 720//720 705//705 707//707
f 715//715 721//721 722//722
f 715//715 722//722 717//717
f 717//717 722//722 720//720
f 717//717 720//720 707//707
f 713//713 723//723 724//724
f 713//713 724//724 714//714
f 714//714 724//724 721//721
f 714//714 721//721 715//715
f 712//712 725//725 726//726
f 712//712 726//726 716//716
f 716//716 726//726 723//723
f 716//716 723//723 713//713
f 710//710 727//727 728//728
f 710//710 728//728 711//711
f 711//711 728//728 725//725
f 711//711 725//725 712//712
f 708//708 729//729 730//730
f 708//708 730//730 709//709
f 709//709 730//730 727//727
f 709//709 727//727 710//710
f 729//729 708//708 718//718
f 718//718 708//708 706//706
f 731//731 732//732 733//733
f 734//734 735//735 736//736
f 737//737 738//738 739//739
f 737//737 739//739 740//740
f 740//740 739//739 741//741
f 740//740 741//741 742//742
f 742//742 741//741 736//736
f 742//742 736//736 743//743
f 743//743 736//736 735//735
f 743//743 735//735 744//744
f 745//745 746//746 747//747
f 747//747 746//746 748//748
f 747//747 748//748 749//749
f 749//749 748//748 750//750
f 750//750 748//748 751//751
f 750//750 751//751 752//752
f 752//752 751//751 753//753
f 752//752 753//753 754//754
f 754//754 753//753 755//755
f 754//754 755//755 756//756
f 738//738 757//757 739//739
f 739//739 757//757 758//758
f 739//739 758//758 741//741
f 741//741 758//758 759//759
f 741//741 759//759 736//736
f 736//736 759//759 733//733
f 736//736 733//733 734//734
f 734//734 733//733 732//732
f 757//757 755//755 758//758
f 758//758 755//755 753//753
f 758//758 753//753 759//759
f 759//759 753//753 751//751
f 759//759 751//751 733//733
f 733//733 751//751 748//748
f 733//733 748//748 731//731
f 731//731 748//748 746//746
f 760//760 761//761 756//756
f 760//760 756//756 762//762
f 756//756 755//755 762//762
f 762//762 755//755 757//757
f 762//762 757//757 763//763
f 763//763 757//757 738//738
f 763//763 738//738 764//764
f 764//764 738//738 737//737
f 764//764 737//737 765//765
f 766//766 767//767 768//768
f 766//766 768//768 769//769
f 769//769 768//768 770//770
f 769//769 770//770 771//771
f 771//771 770//770 772//772
f 771//771 772//772 773//773
f 774//774 775//775 772//772
f 772//772 775//775 776//776
f 772//772 776//776 773//773
f 777//777 778//778 779//779
f 779//779 778//778 780//780
f 779//779 780//780 781//781
f 782//782 773//773 783//783
f 783//783 773//773 776//776
f 783//783 776//776 775//775
f 779//779 766//766 777//777
f 777//777 766//766 769//769
f 777//777 769//769 782//782
f 782//782 769//769 771//771
f 782//782 771//771 773//773
f 784//784 785//785 786//786
f 786//786 785//785 787//787
f 787//787 785//785 765//765
f 765//765 785//785 788//788
f 765//765 788//788 764//764
f 764//764 788//788 763//763
f 763//763 788//788 789//789
f 763//763 789//789 762//762
f 790//790 761//761 789//789
f 789//789 761//761 760//760
f 789//789 760//760 762//762
f 791//791 792//792 793//793
f 794//794 795//795 796//796
f 797//797 798//798 799//799
f 797//797 799//799 800//800
f 800//800 799//799 801//801
f 800//800 801//801 802//802
f 802//802 801//801 803//803
f 802//802 803//803 804//804
f 804//804 803//803 768//768
f 804//804 768//768 767//767
f 774//774 772//772 805//805
f 805//805 772//772 806//806
f 805//805 806//806 807//807
f 807//807 806//806 808//808
f 808//808 806//806 809//809
f 808//808 809//809 810//810
f 810//810 809//809 796//796
f 810//810 796//796 811//811
f 811//811 796//796 795//795
f 811//811 795//795 812//812
f 798//798 791//791 799//799
f 799//799 791//791 793//793
f 799//799 793//793 801//801
f 801//801 793//793 813//813
f 801//801 813//813 803//803
f 803//803 813//813 814//814
f 803//803 814//814 768//768
f 768//768 814//814 770//770
f 792//792 794//794 793//793
f 793//793 794//794 796//796
f 793//793 796//796 813//813
f 813//813 796//796 809//809
f 813//813 809//809 814//814
f 814//814 809//809 806//806
f 814//814 806//806 770//770
f 770//770 806//806 772//772
f 797//797 815//815 798//798
f 798//798 815//815 816//816
f 798//798 816//816 791//791
f 791//791 816//816 817//817
f 791//791 817//817 792//792
f 792//792 817//817 818//818
f 792//792 818//818 794//794
f 794//794 818//818 819//819
f 794//794 819//819 795//795
f 795//795 819//819 820//820
f 795//795 820//820 812//812
f 812//812 820//820 821//821
f 822//822 823//823 824//824
f 825//825 826//826 827//827
f 827//827 826//826 828//828
f 829//829 830//830 831//831
f 822//822 824//824 831//831
f 831//831 824//824 832//832
f 831//831 832//832 829//829
f 829//829 832//832 816//816
f 829//829 816//816 815//815
f 820//820 819//819 824//824
f 824//824 819//819 818//818
f 824//824 818//818 832//832
f 832//832 818//818 817//817
f 832//832 817//817 816//816
f 823//823 828//828 824//824
f 824//824 828//828 826//826
f 824//824 826//826 820//820
f 820//820 826//826 825//825
f 820//820 825//825 821//821
f 823//823 822//822 833//833
f 834//834 835//835 827//827
f 834//834 827//827 833//833
f 833//833 827//827 828//828
f 833//833 828//828 823//823
f 831//831 836//836 822//822
f 822//822 836//836 837//837
f 822//822 837//837 833//833
f 838//838 835//835 837//837
f 837//837 835//835 834//834
f 837//837 834//834 833//833
f 839//839 840//840 841//841
f 841//841 840//840 842//842
f 842//842 840//840 843//843
f 842//842 843//843 781//781
f 781//781 843//843 844//844
f 781//781 844//844 779//779
f 779//779 844//844 845//845
f 779//779 845//845 766//766
f 766//766 845//845 767//767
f 767//767 845//845 846//846
f 767//767 846//846 804//804
f 804//804 846//846 847//847
f 804//804 847//847 802//802
f 802//802 847//847 848//848
f 802//802 848//848 800//800
f 841//841 849//849 839//839
f 839//839 849//849 850//850
f 839//839 850//850 851//851
f 851//851 850//850 852//852
f 851//851 852//852 853//853
f 853//853 852//852 830//830
f 853//853 830//830 854//854
f 854//854 830//830 829//829
f 854//854 829//829 855//855
f 855//855 829//829 815//815
f 855//855 815//815 848//848
f 848//848 815//815 797//797
f 848//848 797//797 800//800
f 856//856 765//765 857//857
f 857//857 765//765 737//737
f 857//857 737//737 858//858
f 737//737 740//740 858//858
f 858//858 740//740 742//742
f 858//858 742//742 859//859
f 859//859 742//742 743//743
f 859//859 743//743 860//860
f 860//860 743//743 744//744
f 860//860 744//744 861//861
f 862//862 863//863 864//864
f 864//864 863//863 865//865
f 864//864 865//865 866//866
f 866//866 865//865 867//867
f 866//866 867//867 868//868
f 868//868 867//867 786//786
f 868//868 786//786 856//856
f 856//856 786//786 787//787
f 856//856 787//787 765//765
f 744//744 869//869 861//861
f 861//861 869//869 870//870
f 861//861 870//870 871//871
f 871//871 870//870 872//872
f 871//871 872//872 873//873
f 873//873 872//872 874//874
f 873//873 874//874 862//862
f 862//862 874//874 875//875
f 862//862 875//875 863//863
f 729//729 718//718 876//876
f 877//877 878//878 879//879
f 879//879 878//878 880//880
f 723//723 881//881 724//724
f 724//724 881//881 882//882
f 724//724 882//882 721//721
f 882//882 883//883 721//721
f 721//721 883//883 884//884
f 721//721 884//884 722//722
f 722//722 884//884 885//885
f 722//722 885//885 720//720
f 720//720 885//885 886//886
f 720//720 886//886 719//719
f 719//719 886//886 877//877
f 719//719 877//877 718//718
f 718//718 877//877 879//879
f 718//718 879//879 887//887
f 887//887 888//888 718//718
f 718//718 888//888 889//889
f 718//718 889//889 876//876
f 876//876 889//889 890//890
f 891//891 892//892 725//725
f 725//725 892//892 726//726
f 726//726 892//892 893//893
f 726//726 893//893 723//723
f 723//723 893//893 894//894
f 723//723 894//894 881//881
f 725//725 728//728 891//891
f 891//891 728//728 727//727
f 891//891 727//727 876//876
f 876//876 727//727 730//730
f 876//876 730//730 729//729
f 890//890 895//895 876//876
f 876//876 895//895 896//896
f 876//876 896//896 897//897
f 897//897 896//896 898//898
f 899//899 900//900 901//901
f 901//901 900//900 902//902
f 901//901 902//902 903//903
f 903//903 902//902 904//904
f 903//903 904//904 898//898
f 898//898 904//904 905//905
f 898//898 905//905 897//897
f 906//906 907//907 908//908
f 909//909 910//910 906//906
f 906//906 910//910 911//911
f 906//906 911//911 907//907
f 912//912 913//913 914//914
f 912//912 914//914 915//915
f 915//915 914//914 837//837
f 915//915 837//837 836//836
f 908//908 916//916 906//906
f 906//906 916//916 917//917
f 906//906 917//917 909//909
f 909//909 917//917 918//918
f 909//909 918//918 919//919
f 916//916 920//920 917//917
f 917//917 920//920 838//838
f 917//917 838//838 918//918
f 918//918 838//838 837//837
f 918//918 837//837 919//919
f 919//919 837//837 914//914
f 919//919 914//914 909//909
f 909//909 914//914 913//913
f 909//909 913//913 910//910
f 921//921 922//922 923//923
f 923//923 922//922 924//924
f 911//911 925//925 924//924
f 926//926 927//927 928//928
f 928//928 927//927 929//929
f 911//911 924//924 907//907
f 907//907 924//924 922//922
f 907//907 922//922 908//908
f 926//926 930//930 925//925
f 925//925 930//930 931//931
f 925//925 931//931 924//924
f 924//924 931//931 932//932
f 924//924 932//932 923//923
f 911//911 910//910 925//925
f 925//925 910//910 913//913
f 925//925 913//913 926//926
f 926//926 913//913 912//912
f 926//926 912//912 927//927
f 852//852 933//933 934//934
f 934//934 929//929 852//852
f 852//852 929//929 927//927
f 852//852 927//927 912//912
f 912//912 915//915 852//852
f 852//852 915//915 836//836
f 852//852 836//836 830//830
f 830//830 836//836 831//831
f 933//933 852//852 935//935
f 935//935 852//852 850//850
f 935//935 850//850 936//936
f 936//936 850//850 849//849
f 936//936 849//849 937//937
f 937//937 849//849 938//938
f 938//938 849//849 841//841
f 938//938 841//841 939//939
f 939//939 841//841 940//940
f 940//940 841//841 842//842
f 940//940 842//842 941//941
f 842//842 942//942 943//943
f 781//781 780//780 842//842
f 842//842 780//780 944//944
f 842//842 944//944 945//945
f 945//945 946//946 842//842
f 842//842 946//946 947//947
f 842//842 947//947 942//942
f 943//943 948//948 842//842
f 842//842 948//948 949//949
f 842//842 949//949 941//941
f 783//783 950//950 951//951
f 783//783 951//951 782//782
f 782//782 951//951 952//952
f 782//782 952//952 777//777
f 777//777 952//952 953//953
f 777//777 953//953 778//778
f 778//778 953//953 944//944
f 778//778 944//944 780//780
f 954//954 790//790 789//789
f 954//954 789//789 955//955
f 955//955 789//789 788//788
f 955//955 788//788 956//956
f 956//956 788//788 785//785
f 956//956 785//785 957//957
f 957//957 785//785 784//784
f 957//957 784//784 958//958
f 959//959 867//867 960//960
f 960//960 867//867 961//961
f 959//959 958//958 867//867
f 867//867 958//958 784//784
f 867//867 784//784 786//786
f 961//961 867//867 962//962
f 962//962 867//867 865//865
f 962//962 865//865 963//963
f 963//963 865//865 964//964
f 863//863 965//965 865//865
f 865//865 965//965 966//966
f 966//966 967//967 865//865
f 865//865 967//967 968//968
f 865//865 968//968 964//964
f 875//875 874//874 969//969
f 969//969 970//970 875//875
f 875//875 970//970 971//971
f 875//875 971//971 863//863
f 863//863 971//971 972//972
f 863//863 972//972 965//965
f 973//973 969//969 874//874
f 874//874 872//872 974//974
f 974//974 975//975 874//874
f 874//874 975//975 976//976
f 874//874 976//976 973//973
f 977//977 978//978 979//979
f 980//980 977//977 981//981
f 977//977 979//979 981//981
f 981//981 979//979 982//982
f 981//981 982//982 983//983
f 983//983 982//982 984//984
f 983//983 984//984 985//985
f 985//985 984//984 976//976
f 985//985 976//976 975//975
f 980//980 981//981 986//986
f 986//986 981//981 983//983
f 986//986 983//983 987//987
f 987//987 983//983 985//985
f 987//987 985//985 988//988
f 988//988 985//985 975//975
f 988//988 975//975 974//974
f 734//734 989//989 990//990
f 869//869 744//744 990//990
f 990//990 744//744 735//735
f 990//990 735//735 734//734
f 989//989 734//734 991//991
f 991//991 734//734 732//732
f 991//991 732//732 731//731
f 745//745 992//992 746//746
f 746//746 992//992 993//993
f 746//746 993//993 731//731
f 731//731 993//993 994//994
f 731//731 994//994 991//991
f 989//989 991//991 986//986
f 986//986 991//991 994//994
f 986//986 994//994 980//980
f 980//980 994//994 993//993
f 980//980 993//993 992//992
f 989//989 986//986 990//990
f 990//990 986//986 987//987
f 990//990 987//987 869//869
f 869//869 987//987 988//988
f 869//869 988//988 870//870
f 870//870 988//988 974//974
f 870//870 974//974 872//872
f 756//756 995//995 754//754
f 754//754 995//995 996//996
f 754//754 996//996 752//752
f 752//752 996//996 750//750
f 750//750 996//996 997//997
f 750//750 997//997 749//749
f 749//749 997//997 747//747
f 747//747 997//997 998//998
f 747//747 998//998 745//745
f 995//995 756//756 761//761
f 999//999 783//783 775//775
f 995//995 761//761 1000//1000
f 1000//1000 761//761 775//775
f 1000//1000 775//775 774//774
f 761//761 790//790 1001//1001
f 761//761 1001//1001 775//775
f 775//775 1001//1001 1002//1002
f 775//775 1002//1002 999//999
f 812//812 1003//1003 811//811
f 811//811 1003//1003 1004//1004
f 811//811 1004//1004 810//810
f 810//810 1004//1004 808//808
f 808//808 1004//1004 1005//1005
f 808//808 1005//1005 807//807
f 807//807 1005//1005 805//805
f 805//805 1005//1005 1000//1000
f 805//805 1000//1000 774//774
f 1003//1003 812//812 1006//1006
f 1006//1006 812//812 821//821
f 1006//1006 821//821 1007//1007
f 1007//1007 821//821 825//825
f 1007//1007 825//825 1008//1008
f 1008//1008 825//825 827//827
f 838//838 1009//1009 835//835
f 835//835 1009//1009 1010//1010
f 835//835 1010//1010 827//827
f 827//827 1010//1010 1008//1008
f 851//851 1011//1011 839//839
f 839//839 1011//1011 1012//1012
f 839//839 1012//1012 840//840
f 840//840 1012//1012 1013//1013
f 840//840 1013//1013 843//843
f 843//843 1013//1013 1014//1014
f 843//843 1014//1014 844//844
f 844//844 1014//1014 1015//1015
f 844//844 1015//1015 845//845
f 845//845 1015//1015 1016//1016
f 845//845 1016//1016 846//846
f 846//846 1016//1016 1017//1017
f 846//846 1017//1017 847//847
f 847//847 1017//1017 1018//1018
f 847//847 1018//1018 848//848
f 848//848 1018//1018 1019//1019
f 848//848 1019//1019 855//855
f 855//855 1019//1019 1020//1020
f 855//855 1020//1020 854//854
f 854//854 1020//1020 1021//1021
f 854//854 1021//1021 853//853
f 853//853 1021//1021 1022//1022
f 853//853 1022//1022 851//851
f 851//851 1022//1022 1011//1011
f 873//873 1023//1023 871//871
f 871//871 1023//1023 1024//1024
f 871//871 1024//1024 861//861
f 861//861 1024//1024 1025//1025
f 861//861 1025//1025 860//860
f 860//860 1025//1025 1026//1026
f 860//860 1026//1026 859//859
f 859//859 1026//1026 1027//1027
f 859//859 1027//1027 858//858
f 858//858 1027//1027 1028//1028
f 858//858 1028//1028 857//857
f 857//857 1028//1028 1029//1029
f 857//857 1029//1029 856//856
f 856//856 1029//1029 1030//1030
f 856//856 1030//1030 868//868
f 868//868 1030//1030 1031//1031
f 868//868 1031//1031 866//866
f 866//866 1031//1031 1032//1032
f 866//866 1032//1032 864//864
f 864//864 1032//1032 1033//1033
f 864//864 1033//1033 862//862
f 862//862 1033//1033 1034//1034
f 862//862 1034//1034 873//873
f 873//873 1034//1034 1023//1023
f 880//880 1035//1035 879//879
f 879//879 1035//1035 1036//1036
f 878//878 1037//1037 880//880
f 880//880 1037//1037 1035//1035
f 877//877 1038//1038 878//878
f 878//878 1038//1038 1037//1037
f 886//886 1039//1039 877//877
f 877//877 1039//1039 1038//1038
f 1039//1039 886//886 885//885
f 1039//1039 885//885 1040//1040
f 1040//1040 885//885 884//884
f 1040//1040 884//884 1041//1041
f 1041//1041 884//884 883//883
f 1041//1041 883//883 1042//1042
f 1042//1042 883//883 882//882
f 1042//1042 882//882 1043//1043
f 1043//1043 882//882 881//881
f 1043//1043 881//881 1044//1044
f 1044//1044 881//881 894//894
f 1044//1044 894//894 1045//1045
f 1045//1045 894//894 893//893
f 1045//1045 893//893 1046//1046
f 1046//1046 893//893 892//892
f 1046//1046 892//892 1047//1047
f 1047//1047 892//892 891//891
f 1047//1047 891//891 1048//1048
f 1048//1048 891//891 876//876
f 1048//1048 876//876 1049//1049
f 1049//1049 876//876 897//897
f 1049//1049 897//897 1050//1050
f 1050//1050 897//897 905//905
f 1050//1050 905//905 1051//1051
f 1051//1051 905//905 904//904
f 1051//1051 904//904 1052//1052
f 1052//1052 904//904 902//902
f 1052//1052 902//902 1053//1053
f 900//900 1054//1054 902//902
f 902//902 1054//1054 1053//1053
f 899//899 1055//1055 900//900
f 900//900 1055//1055 1054//1054
f 901//901 1056//1056 899//899
f 899//899 1056//1056 1055//1055
f 1056//1056 901//901 903//903
f 1056//1056 903//903 1057//1057
f 1057//1057 903//903 898//898
f 1057//1057 898//898 1058//1058
f 1058//1058 898//898 896//896
f 1058//1058 896//896 1059//1059
f 1059//1059 896//896 895//895
f 1059//1059 895//895 1060//1060
f 1060//1060 895//895 890//890
f 1060//1060 890//890 1061//1061
f 1061//1061 890//890 889//889
f 1061//1061 889//889 1062//1062
f 1062//1062 889//889 888//888
f 1062//1062 888//888 1063//1063
f 1063//1063 888//888 887//887
f 1063//1063 887//887 1064//1064
f 879//879 1036//1036 887//887
f 887//887 1036//1036 1064//1064
f 1065//1065 1066//1066 1067//1067
f 1067//1067 1068//1068 1065//1065
f 1065//1065 1068//1068 1010//1010
f 1065//1065 1010//1010 1009//1009
f 1069//1069 1070//1070 1071//1071
f 1072//1072 1069//1069 1073//1073
f 1069//1069 1071//1071 1073//1073
f 1073//1073 1071//1071 1074//1074
f 1073//1073 1074//1074 1075//1075
f 1075//1075 1074//1074 1076//1076
f 1075//1075 1076//1076 1077//1077
f 1077//1077 1076//1076 1066//1066
f 1077//1077 1066//1066 1065//1065
f 1072//1072 1073//1073 1078//1078
f 1078//1078 1073//1073 1075//1075
f 1078//1078 1075//1075 1079//1079
f 1079//1079 1075//1075 1077//1077
f 1079//1079 1077//1077 1080//1080
f 1080//1080 1077//1077 1065//1065
f 1080//1080 1065//1065 1009//1009
f 1081//1081 1082//1082 1083//1083
f 1084//1084 1085//1085 1086//1086
f 1084//1084 1086//1086 1087//1087
f 1085//1085 1084//1084 1088//1088
f 1088//1088 1084//1084 1089//1089
f 1088//1088 1089//1089 1090//1090
f 1090//1090 1089//1089 1091//1091
f 1091//1091 1089//1089 1092//1092
f 1091//1091 1092//1092 1093//1093
f 1083//1083 1082//1082 1092//1092
f 1092//1092 1082//1082 1094//1094
f 1092//1092 1094//1094 1093//1093
f 1081//1081 1083//1083 1095//1095
f 1095//1095 1083//1083 1096//1096
f 1095//1095 1096//1096 1097//1097
f 1097//1097 1096//1096 1098//1098
f 1097//1097 1098//1098 1099//1099
f 1099//1099 1098//1098 1100//1100
f 1100//1100 1098//1098 1101//1101
f 1100//1100 1101//1101 1102//1102
f 1102//1102 1101//1101 1103//1103
f 1103//1103 1101//1101 1104//1104
f 1103//1103 1104//1104 1105//1105
f 1105//1105 1104//1104 1106//1106
f 1106//1106 1104//1104 1107//1107
f 1106//1106 1107//1107 1108//1108
f 1109//1109 1110//1110 1107//1107
f 1107//1107 1110//1110 1111//1111
f 1107//1107 1111//1111 1108//1108
f 1086//1086 1112//1112 1087//1087
f 1087//1087 1112//1112 1113//1113
f 1087//1087 1113//1113 1114//1114
f 1114//1114 1113//1113 1115//1115
f 1114//1114 1115//1115 1109//1109
f 1109//1109 1115//1115 1116//1116
f 1109//1109 1116//1116 1110//1110
f 1117//1117 1118//1118 1119//1119
f 1120//1120 1121//1121 1122//1122
f 1120//1120 1122//1122 1123//1123
f 1121//1121 1120//1120 1124//1124
f 1124//1124 1120//1120 1125//1125
f 1124//1124 1125//1125 1126//1126
f 1126//1126 1125//1125 1127//1127
f 1127//1127 1125//1125 1128//1128
f 1127//1127 1128//1128 1129//1129
f 1119//1119 1118//1118 1128//1128
f 1128//1128 1118//1118 1130//1130
f 1128//1128 1130//1130 1129//1129
f 1117//1117 1119//1119 1131//1131
f 1131//1131 1119//1119 1132//1132
f 1131//1131 1132//1132 1133//1133
f 1133//1133 1132//1132 1134//1134
f 1133//1133 1134//1134 1135//1135
f 1135//1135 1134//1134 1136//1136
f 1136//1136 1134//1134 1137//1137
f 1136//1136 1137//1137 1138//1138
f 1138//1138 1137//1137 1139//1139
f 1139//1139 1137//1137 1140//1140
f 1139//1139 1140//1140 1141//1141
f 1141//1141 1140//1140 1142//1142
f 1142//1142 1140//1140 1143//1143
f 1142//1142 1143//1143 1144//1144
f 1145//1145 1146//1146 1143//1143
f 1143//1143 1146//1146 1147//1147
f 1143//1143 1147//1147 1144//1144
f 1122//1122 1148//1148 1123//1123
f 1123//1123 1148//1148 1149//1149
f 1123//1123 1149//1149 1150//1150
f 1150//1150 1149//1149 1151//1151
f 1150//1150 1151//1151 1145//1145
f 1145//1145 1151//1151 1152//1152
f 1145//1145 1152//1152 1146//1146
f 1153//1153 1154//1154 1155//1155
f 1156//1156 1157//1157 1158//1158
f 1156//1156 1158//1158 1159//1159
f 1157//1157 1156//1156 1160//1160
f 1160//1160 1156//1156 1161//1161
f 1160//1160 1161//1161 1162//1162
f 1162//1162 1161//1161 1163//1163
f 1163//1163 1161//1161 1164//1164
f 1163//1163 1164//1164 1165//1165
f 1155//1155 1154//1154 1164//1164
f 1164//1164 1154//1154 1166//1166
f 1164//1164 1166//1166 1165//1165
f 1153//1153 1155//1155 1167//1167
f 1167//1167 1155//1155 1168//1168
f 1167//1167 1168//1168 1169//1169
f 1169//1169 1168//1168 1170//1170
f 1169//1169 1170//1170 1171//1171
f 1171//1171 1170//1170 1172//1172
f 1172//1172 1170//1170 1173//1173
f 1172//1172 1173//1173 1174//1174
f 1174//1174 1173//1173 1175//1175
f 1175//1175 1173//1173 1176//1176
f 1175//1175 1176//1176 1177//1177
f 1177//1177 1176//1176 1178//1178
f 1178//1178 1176//1176 1179//1179
f 1178//1178 1179//1179 1180//1180
f 1181//1181 1182//1182 1179//1179
f 1179//1179 1182//1182 1183//1183
f 1179//1179 1183//1183 1180//1180
f 1158//1158 1184//1184 1159//1159
f 1159//1159 1184//1184 1185//1185
f 1159//1159 1185//1185 1186//1186
f 1186//1186 1185//1185 1187//1187
f 1186//1186 1187//1187 1181//1181
f 1181//1181 1187//1187 1188//1188
f 1181//1181 1188//1188 1182//1182
f 1189//1189 1190//1190 908//908
f 1191//1191 920//920 1190//1190
f 1190//1190 920//920 916//916
f 1190//1190 916//916 908//908
f 1080//1080 1009//1009 838//838
f 1192//1192 1072//1072 1078//1078
f 908//908 1193//1193 1189//1189
f 1189//1189 1193//1193 1194//1194
f 1189//1189 1194//1194 1192//1192
f 1192//1192 1078//1078 1189//1189
f 1189//1189 1078//1078 1079//1079
f 1189//1189 1079//1079 1190//1190
f 1190//1190 1079//1079 1080//1080
f 1190//1190 1080//1080 1191//1191
f 1191//1191 1080//1080 838//838
f 1191//1191 838//838 920//920
f 921//921 1194//1194 922//922
f 922//922 1194//1194 1193//1193
f 922//922 1193//1193 908//908
f 1195//1195 921//921 923//923
f 1195//1195 923//923 1196//1196
f 1196//1196 923//923 932//932
f 1196//1196 932//932 1197//1197
f 928//928 1198//1198 926//926
f 926//926 1198//1198 1199//1199
f 926//926 1199//1199 930//930
f 930//930 1199//1199 1197//1197
f 930//930 1197//1197 931//931
f 931//931 1197//1197 932//932
f 1200//1200 1201//1201 1198//1198
f 1198//1198 1201//1201 1202//1202
f 1198//1198 1202//1202 1199//1199
f 1199//1199 1202//1202 1203//1203
f 1199//1199 1203//1203 1197//1197
f 1197//1197 1203//1203 1204//1204
f 1197//1197 1204//1204 1196//1196
f 1196//1196 1204//1204 1205//1205
f 1196//1196 1205//1205 1195//1195
f 933//933 1200//1200 934//934
f 934//934 1200//1200 1198//1198
f 934//934 1198//1198 929//929
f 929//929 1198//1198 928//928
f 1206//1206 1202//1202 1201//1201
f 1207//1207 1208//1208 1209//1209
f 940//940 941//941 1208//1208
f 1210//1210 1211//1211 1212//1212
f 1213//1213 1209//1209 1214//1214
f 1215//1215 1216//1216 1217//1217
f 1217//1217 1216//1216 1218//1218
f 1217//1217 1218//1218 1219//1219
f 1220//1220 1221//1221 1210//1210
f 1210//1210 1221//1221 1222//1222
f 1202//1202 1206//1206 1203//1203
f 1203//1203 1206//1206 1217//1217
f 1203//1203 1217//1217 1204//1204
f 1204//1204 1217//1217 1219//1219
f 1204//1204 1219//1219 1205//1205
f 1223//1223 1220//1220 1224//1224
f 1224//1224 1220//1220 1210//1210
f 1224//1224 1210//1210 1225//1225
f 1225//1225 1210//1210 1212//1212
f 940//940 1208//1208 939//939
f 939//939 1208//1208 1207//1207
f 939//939 1207//1207 938//938
f 1209//1209 1213//1213 1207//1207
f 1207//1207 1213//1213 1226//1226
f 1207//1207 1226//1226 938//938
f 938//938 1226//1226 1227//1227
f 938//938 1227//1227 937//937
f 937//937 1227//1227 1228//1228
f 937//937 1228//1228 936//936
f 1222//1222 1229//1229 1210//1210
f 1210//1210 1229//1229 1215//1215
f 1210//1210 1215//1215 1211//1211
f 1211//1211 1215//1215 1217//1217
f 1211//1211 1217//1217 1212//1212
f 1212//1212 1217//1217 1206//1206
f 1212//1212 1206//1206 1230//1230
f 1230//1230 1206//1206 1201//1201
f 1230//1230 1201//1201 1231//1231
f 1231//1231 1201//1201 1200//1200
f 1231//1231 1200//1200 935//935
f 935//935 1200//1200 933//933
f 935//935 936//936 1231//1231
f 1231//1231 936//936 1228//1228
f 1231//1231 1228//1228 1230//1230
f 1230//1230 1228//1228 1227//1227
f 1230//1230 1227//1227 1212//1212
f 1212//1212 1227//1227 1226//1226
f 1212//1212 1226//1226 1225//1225
f 1225//1225 1226//1226 1213//1213
f 1225//1225 1213//1213 1224//1224
f 1224//1224 1213//1213 1214//1214
f 1224//1224 1214//1214 1223//1223
f 1223//1223 1214//1214 1232//1232
f 1233//1233 1234//1234 1235//1235
f 1235//1235 1234//1234 1236//1236
f 1235//1235 1236//1236 1237//1237
f 1237//1237 1236//1236 1238//1238
f 1237//1237 1238//1238 1232//1232
f 1239//1239 1240//1240 1241//1241
f 1241//1241 1240//1240 1242//1242
f 1241//1241 1242//1242 1243//1243
f 1243//1243 1242//1242 1244//1244
f 1244//1244 1242//1242 951//951
f 1244//1244 951//951 950//950
f 943//943 1245//1245 948//948
f 948//948 1245//1245 1246//1246
f 948//948 1246//1246 949//949
f 1208//1208 941//941 1247//1247
f 1247//1247 941//941 949//949
f 1247//1247 949//949 1248//1248
f 1248//1248 949//949 1246//1246
f 1249//1249 1235//1235 1250//1250
f 1250//1250 1235//1235 1237//1237
f 1250//1250 1237//1237 1251//1251
f 1251//1251 1237//1237 1232//1232
f 1251//1251 1232//1232 1214//1214
f 1214//1214 1209//1209 1251//1251
f 1251//1251 1209//1209 1252//1252
f 1251//1251 1252//1252 1250//1250
f 1250//1250 1252//1252 1253//1253
f 1250//1250 1253//1253 1249//1249
f 1249//1249 1253//1253 1254//1254
f 1249//1249 1254//1254 1255//1255
f 952//952 951//951 1256//1256
f 1256//1256 951//951 1242//1242
f 1256//1256 1242//1242 1255//1255
f 1255//1255 1242//1242 1240//1240
f 1255//1255 1240//1240 1249//1249
f 1249//1249 1240//1240 1239//1239
f 1249//1249 1239//1239 1235//1235
f 1235//1235 1239//1239 1257//1257
f 1235//1235 1257//1257 1233//1233
f 943//943 942//942 1245//1245
f 1245//1245 942//942 947//947
f 1245//1245 947//947 1258//1258
f 1258//1258 947//947 946//946
f 1258//1258 946//946 953//953
f 953//953 946//946 945//945
f 953//953 945//945 944//944
f 1209//1209 1208//1208 1252//1252
f 1252//1252 1208//1208 1247//1247
f 1252//1252 1247//1247 1253//1253
f 1253//1253 1247//1247 1248//1248
f 1253//1253 1248//1248 1254//1254
f 1254//1254 1248//1248 1246//1246
f 1254//1254 1246//1246 1255//1255
f 1255//1255 1246//1246 1245//1245
f 1255//1255 1245//1245 1256//1256
f 1256//1256 1245//1245 1258//1258
f 1256//1256 1258//1258 952//952
f 952//952 1258//1258 953//953
f 950//950 783//783 999//999
f 1259//1259 1260//1260 1002//1002
f 1002//1002 1260//1260 1261//1261
f 1002//1002 1261//1261 999//999
f 999//999 1261//1261 1262//1262
f 999//999 1262//1262 950//950
f 1259//1259 1002//1002 1263//1263
f 1263//1263 1002//1002 1001//1001
f 1263//1263 1001//1001 1264//1264
f 1264//1264 1001//1001 790//790
f 1264//1264 790//790 954//954
f 1265//1265 1266//1266 1267//1267
f 1267//1267 1266//1266 1268//1268
f 1267//1267 1268//1268 1269//1269
f 1270//1270 1271//1271 1272//1272
f 1270//1270 1272//1272 1273//1273
f 1273//1273 1272//1272 1274//1274
f 1273//1273 1274//1274 1275//1275
f 961//961 1276//1276 1277//1277
f 1277//1277 1276//1276 1278//1278
f 1277//1277 1278//1278 1279//1279
f 1279//1279 1278//1278 1280//1280
f 1279//1279 1280//1280 1273//1273
f 1273//1273 1280//1280 1281//1281
f 1273//1273 1281//1281 1270//1270
f 1273//1273 1282//1282 1279//1279
f 1279//1279 1282//1282 1283//1283
f 1279//1279 1283//1283 1277//1277
f 1277//1277 1283//1283 960//960
f 1277//1277 960//960 961//961
f 1266//1266 954//954 1268//1268
f 1268//1268 954//954 955//955
f 1268//1268 955//955 1269//1269
f 1269//1269 955//955 956//956
f 1269//1269 956//956 1284//1284
f 1284//1284 956//956 957//957
f 1284//1284 957//957 959//959
f 959//959 957//957 958//958
f 1275//1275 1265//1265 1273//1273
f 1273//1273 1265//1265 1267//1267
f 1273//1273 1267//1267 1282//1282
f 1282//1282 1267//1267 1269//1269
f 1282//1282 1269//1269 1283//1283
f 1283//1283 1269//1269 1284//1284
f 1283//1283 1284//1284 960//960
f 960//960 1284//1284 959//959
f 1285//1285 1286//1286 1287//1287
f 1288//1288 1289//1289 1271//1271
f 1289//1289 1288//1288 1290//1290
f 1291//1291 1292//1292 1293//1293
f 1294//1294 1295//1295 1285//1285
f 1296//1296 1297//1297 1291//1291
f 1291//1291 1297//1297 1298//1298
f 1291//1291 1298//1298 1292//1292
f 1299//1299 1300//1300 1301//1301
f 1302//1302 1303//1303 1304//1304
f 1304//1304 1303//1303 1305//1305
f 1304//1304 1305//1305 1306//1306
f 1306//1306 1305//1305 1307//1307
f 1307//1307 1305//1305 1308//1308
f 1307//1307 1308//1308 1309//1309
f 966//966 965//965 1310//1310
f 1310//1310 965//965 972//972
f 1310//1310 972//972 971//971
f 962//962 963//963 1311//1311
f 1299//1299 1296//1296 1300//1300
f 1300//1300 1296//1296 1291//1291
f 1300//1300 1291//1291 1312//1312
f 1312//1312 1291//1291 1313//1313
f 1312//1312 1313//1313 1311//1311
f 1311//1311 1313//1313 1314//1314
f 1311//1311 1314//1314 962//962
f 962//962 1314//1314 961//961
f 1271//1271 1270//1270 1288//1288
f 1288//1288 1270//1270 1286//1286
f 1288//1288 1286//1286 1290//1290
f 1290//1290 1286//1286 1285//1285
f 1290//1290 1285//1285 1315//1315
f 1315//1315 1285//1285 1295//1295
f 1270//1270 1281//1281 1286//1286
f 1286//1286 1281//1281 1280//1280
f 1286//1286 1280//1280 1287//1287
f 1287//1287 1280//1280 1278//1278
f 1287//1287 1278//1278 1276//1276
f 1304//1304 1299//1299 1302//1302
f 1302//1302 1299//1299 1301//1301
f 1302//1302 1301//1301 1303//1303
f 1303//1303 1301//1301 1316//1316
f 1303//1303 1316//1316 1305//1305
f 1305//1305 1316//1316 1317//1317
f 1305//1305 1317//1317 1308//1308
f 1308//1308 1317//1317 1318//1318
f 969//969 1319//1319 970//970
f 970//970 1319//1319 1320//1320
f 970//970 1320//1320 971//971
f 971//971 1320//1320 1321//1321
f 971//971 1321//1321 1310//1310
f 1293//1293 1294//1294 1291//1291
f 1291//1291 1294//1294 1285//1285
f 1291//1291 1285//1285 1313//1313
f 1313//1313 1285//1285 1287//1287
f 1313//1313 1287//1287 1314//1314
f 1314//1314 1287//1287 1276//1276
f 1314//1314 1276//1276 961//961
f 963//963 964//964 1311//1311
f 1311//1311 964//964 968//968
f 1311//1311 968//968 1312//1312
f 1312//1312 968//968 967//967
f 1312//1312 967//967 1300//1300
f 1300//1300 967//967 966//966
f 1300//1300 966//966 1301//1301
f 1301//1301 966//966 1310//1310
f 1301//1301 1310//1310 1316//1316
f 1316//1316 1310//1310 1321//1321
f 1316//1316 1321//1321 1317//1317
f 1317//1317 1321//1321 1320//1320
f 1317//1317 1320//1320 1318//1318
f 1318//1318 1320//1320 1319//1319
f 1322//1322 1309//1309 1308//1308
f 978//978 1322//1322 1323//1323
f 1322//1322 1308//1308 1323//1323
f 1323//1323 1308//1308 1318//1318
f 1323//1323 1318//1318 1324//1324
f 1324//1324 1318//1318 1319//1319
f 1324//1324 1319//1319 1325//1325
f 1325//1325 1319//1319 969//969
f 1325//1325 969//969 973//973
f 978//978 1323//1323 979//979
f 979//979 1323//1323 1324//1324
f 979//979 1324//1324 982//982
f 982//982 1324//1324 1325//1325
f 982//982 1325//1325 984//984
f 984//984 1325//1325 973//973
f 984//984 973//973 976//976
f 1326//1326 978//978 977//977
f 1326//1326 977//977 1327//1327
f 1327//1327 977//977 980//980
f 1327//1327 980//980 1328//1328
f 1329//1329 1173//1173 1330//1330
f 1330//1330 1173//1173 1170//1170
f 1330//1330 1170//1170 1331//1331
f 1331//1331 1170//1170 1168//1168
f 1331//1331 1168//1168 1332//1332
f 1332//1332 1168//1168 1155//1155
f 1332//1332 1155//1155 1333//1333
f 1333//1333 1155//1155 1164//1164
f 1333//1333 1164//1164 1334//1334
f 1334//1334 1164//1164 1161//1161
f 1334//1334 1161//1161 1335//1335
f 1335//1335 1161//1161 1156//1156
f 1335//1335 1156//1156 1336//1336
f 1336//1336 1156//1156 1159//1159
f 1336//1336 1159//1159 1337//1337
f 1337//1337 1159//1159 1186//1186
f 1337//1337 1186//1186 1338//1338
f 1338//1338 1186//1186 1181//1181
f 1338//1338 1181//1181 1339//1339
f 1339//1339 1181//1181 1179//1179
f 1339//1339 1179//1179 1340//1340
f 1340//1340 1179//1179 1176//1176
f 1340//1340 1176//1176 1329//1329
f 1329//1329 1176//1176 1173//1173
f 1341//1341 1145//1145 1342//1342
f 1342//1342 1145//1145 1143//1143
f 1342//1342 1143//1143 1343//1343
f 1343//1343 1143//1143 1140//1140
f 1343//1343 1140//1140 1344//1344
f 1344//1344 1140//1140 1137//1137
f 1344//1344 1137//1137 1345//1345
f 1345//1345 1137//1137 1134//1134
f 1345//1345 1134//1134 1346//1346
f 1346//1346 1134//1134 1132//1132
f 1346//1346 1132//1132 1347//1347
f 1347//1347 1132//1132 1119//1119
f 1347//1347 1119//1119 1348//1348
f 1348//1348 1119//1119 1128//1128
f 1348//1348 1128//1128 1349//1349
f 1349//1349 1128//1128 1125//1125
f 1349//1349 1125//1125 1350//1350
f 1350//1350 1125//1125 1120//1120
f 1350//1350 1120//1120 1351//1351
f 1351//1351 1120//1120 1123//1123
f 1351//1351 1123//1123 1352//1352
f 1352//1352 1123//1123 1150//1150
f 1352//1352 1150//1150 1341//1341
f 1341//1341 1150//1150 1145//1145
f 1353//1353 1104//1104 1354//1354
f 1354//1354 1104//1104 1101//1101
f 1354//1354 1101//1101 1355//1355
f 1355//1355 1101//1101 1098//1098
f 1355//1355 1098//1098 1356//1356
f 1356//1356 1098//1098 1096//1096
f 1356//1356 1096//1096 1357//1357
f 1357//1357 1096//1096 1083//1083
f 1357//1357 1083//1083 1358//1358
f 1358//1358 1083//1083 1092//1092
f 1358//1358 1092//1092 1359//1359
f 1359//1359 1092//1092 1089//1089
f 1359//1359 1089//1089 1360//1360
f 1360//1360 1089//1089 1084//1084
f 1360//1360 1084//1084 1361//1361
f 1361//1361 1084//1084 1087//1087
f 1361//1361 1087//1087 1362//1362
f 1362//1362 1087//1087 1114//1114
f 1362//1362 1114//1114 1363//1363
f 1363//1363 1114//1114 1109//1109
f 1363//1363 1109//1109 1364//1364
f 1364//1364 1109//1109 1107//1107
f 1364//1364 1107//1107 1353//1353
f 1353//1353 1107//1107 1104//1104
f 745//745 998//998 992//992
f 992//992 998//998 1365//1365
f 992//992 1365//1365 980//980
f 980//980 1365//1365 1328//1328
f 1035//1035 1015//1015 1014//1014
f 1038//1038 995//995 1000//1000
f 1054//1054 1013//1013 1012//1012
f 1064//1064 1036//1036 1035//1035
f 1013//1013 1054//1054 1014//1014
f 1014//1014 1054//1054 1055//1055
f 1014//1014 1055//1055 1035//1035
f 1067//1067 1366//1366 1022//1022
f 1022//1022 1366//1366 1011//1011
f 1017//1017 1000//1000 1018//1018
f 1018//1018 1000//1000 1005//1005
f 1018//1018 1005//1005 1019//1019
f 1038//1038 1000//1000 1037//1037
f 1037//1037 1000//1000 1017//1017
f 1037//1037 1017//1017 1035//1035
f 1035//1035 1017//1017 1016//1016
f 1035//1035 1016//1016 1015//1015
f 1005//1005 1004//1004 1019//1019
f 1019//1019 1004//1004 1003//1003
f 1019//1019 1003//1003 1020//1020
f 1020//1020 1003//1003 1006//1006
f 1020//1020 1006//1006 1021//1021
f 1041//1041 1042//1042 1033//1033
f 1055//1055 1056//1056 1035//1035
f 1035//1035 1056//1056 1057//1057
f 1035//1035 1057//1057 1058//1058
f 1068//1068 1067//1067 1010//1010
f 1010//1010 1067//1067 1022//1022
f 1010//1010 1022//1022 1008//1008
f 1008//1008 1022//1022 1021//1021
f 1008//1008 1021//1021 1007//1007
f 1007//1007 1021//1021 1006//1006
f 1041//1041 1033//1033 1040//1040
f 1032//1032 1031//1031 1038//1038
f 1038//1038 1031//1031 1030//1030
f 1038//1038 1030//1030 995//995
f 995//995 1030//1030 1029//1029
f 995//995 1029//1029 996//996
f 996//996 1029//1029 1028//1028
f 996//996 1028//1028 997//997
f 997//997 1028//1028 1027//1027
f 997//997 1027//1027 998//998
f 998//998 1027//1027 1026//1026
f 998//998 1026//1026 1365//1365
f 1365//1365 1026//1026 1025//1025
f 1365//1365 1025//1025 1024//1024
f 1045//1045 1046//1046 1054//1054
f 1044//1044 1045//1045 1365//1365
f 1365//1365 1045//1045 1054//1054
f 1365//1365 1054//1054 1366//1366
f 1366//1366 1054//1054 1012//1012
f 1366//1366 1012//1012 1011//1011
f 1049//1049 1050//1050 1048//1048
f 1048//1048 1050//1050 1051//1051
f 1048//1048 1051//1051 1052//1052
f 1032//1032 1038//1038 1033//1033
f 1033//1033 1038//1038 1039//1039
f 1033//1033 1039//1039 1040//1040
f 1058//1058 1059//1059 1035//1035
f 1035//1035 1059//1059 1060//1060
f 1035//1035 1060//1060 1061//1061
f 1061//1061 1062//1062 1035//1035
f 1035//1035 1062//1062 1063//1063
f 1035//1035 1063//1063 1064//1064
f 1042//1042 1043//1043 1033//1033
f 1033//1033 1043//1043 1044//1044
f 1033//1033 1044//1044 1034//1034
f 1034//1034 1044//1044 1365//1365
f 1034//1034 1365//1365 1023//1023
f 1023//1023 1365//1365 1024//1024
f 1046//1046 1047//1047 1054//1054
f 1054//1054 1047//1047 1048//1048
f 1054//1054 1048//1048 1053//1053
f 1053//1053 1048//1048 1052//1052
f 1066//1066 1367//1367 1067//1067
f 1067//1067 1367//1367 1366//1366
f 1368//1368 1367//1367 1066//1066
f 1367//1367 1368//1368 1369//1369
f 1369//1369 1368//1368 1370//1370
f 1369//1369 1370//1370 1371//1371
f 1372//1372 1371//1371 1373//1373
f 1373//1373 1371//1371 1370//1370
f 1373//1373 1370//1370 1070//1070
f 1066//1066 1076//1076 1368//1368
f 1368//1368 1076//1076 1074//1074
f 1368//1368 1074//1074 1370//1370
f 1370//1370 1074//1074 1071//1071
f 1370//1370 1071//1071 1070//1070
f 1374//1374 1375//1375 1376//1376
f 1376//1376 1377//1377 1374//1374
f 1374//1374 1377//1377 1378//1378
f 1374//1374 1378//1378 1379//1379
f 1379//1379 1380//1380 1374//1374
f 1374//1374 1380//1380 1381//1381
f 1374//1374 1381//1381 1382//1382
f 1383//1383 1384//1384 1385//1385
f 1382//1382 1386//1386 1374//1374
f 1374//1374 1386//1386 1383//1383
f 1374//1374 1383//1383 1387//1387
f 1387//1387 1383//1383 1385//1385
f 1388//1388 1389//1389 1390//1390
f 1391//1391 1392//1392 1393//1393
f 1394//1394 1395//1395 1396//1396
f 1397//1397 1398//1398 1399//1399
f 1400//1400 1401//1401 1402//1402
f 1375//1375 1374//1374 1403//1403
f 1403//1403 1374//1374 1404//1404
f 1403//1403 1404//1404 1405//1405
f 1405//1405 1404//1404 1406//1406
f 1405//1405 1406//1406 1407//1407
f 1407//1407 1406//1406 1408//1408
f 1407//1407 1408//1408 1409//1409
f 1409//1409 1408//1408 1410//1410
f 1409//1409 1410//1410 1411//1411
f 1411//1411 1410//1410 1412//1412
f 1374//1374 1387//1387 1404//1404
f 1404//1404 1387//1387 1413//1413
f 1404//1404 1413//1413 1406//1406
f 1406//1406 1413//1413 1414//1414
f 1406//1406 1414//1414 1408//1408
f 1408//1408 1414//1414 1415//1415
f 1408//1408 1415//1415 1410//1410
f 1410//1410 1415//1415 1402//1402
f 1410//1410 1402//1402 1412//1412
f 1412//1412 1402//1402 1401//1401
f 1398//1398 1400//1400 1399//1399
f 1399//1399 1400//1400 1402//1402
f 1399//1399 1402//1402 1416//1416
f 1416//1416 1402//1402 1415//1415
f 1416//1416 1415//1415 1417//1417
f 1417//1417 1415//1415 1414//1414
f 1417//1417 1414//1414 1418//1418
f 1418//1418 1414//1414 1413//1413
f 1418//1418 1413//1413 1385//1385
f 1385//1385 1413//1413 1387//1387
f 1419//1419 1397//1397 1420//1420
f 1420//1420 1397//1397 1399//1399
f 1420//1420 1399//1399 1421//1421
f 1421//1421 1399//1399 1416//1416
f 1421//1421 1416//1416 1422//1422
f 1422//1422 1416//1416 1417//1417
f 1422//1422 1417//1417 1423//1423
f 1423//1423 1417//1417 1418//1418
f 1423//1423 1418//1418 1384//1384
f 1384//1384 1418//1418 1385//1385
f 1384//1384 1383//1383 1423//1423
f 1423//1423 1383//1383 1424//1424
f 1423//1423 1424//1424 1422//1422
f 1422//1422 1424//1424 1425//1425
f 1422//1422 1425//1425 1421//1421
f 1421//1421 1425//1425 1426//1426
f 1421//1421 1426//1426 1420//1420
f 1420//1420 1426//1426 1427//1427
f 1420//1420 1427//1427 1419//1419
f 1419//1419 1427//1427 1428//1428
f 1383//1383 1386//1386 1424//1424
f 1424//1424 1386//1386 1429//1429
f 1424//1424 1429//1429 1425//1425
f 1425//1425 1429//1429 1430//1430
f 1425//1425 1430//1430 1426//1426
f 1426//1426 1430//1430 1431//1431
f 1426//1426 1431//1431 1427//1427
f 1427//1427 1431//1431 1396//1396
f 1427//1427 1396//1396 1428//1428
f 1428//1428 1396//1396 1395//1395
f 1432//1432 1394//1394 1433//1433
f 1433//1433 1394//1394 1396//1396
f 1433//1433 1396//1396 1434//1434
f 1434//1434 1396//1396 1431//1431
f 1434//1434 1431//1431 1435//1435
f 1435//1435 1431//1431 1430//1430
f 1435//1435 1430//1430 1436//1436
f 1436//1436 1430//1430 1429//1429
f 1436//1436 1429//1429 1382//1382
f 1382//1382 1429//1429 1386//1386
f 1382//1382 1381//1381 1436//1436
f 1436//1436 1381//1381 1437//1437
f 1436//1436 1437//1437 1435//1435
f 1435//1435 1437//1437 1438//1438
f 1435//1435 1438//1438 1434//1434
f 1434//1434 1438//1438 1439//1439
f 1434//1434 1439//1439 1433//1433
f 1433//1433 1439//1439 1440//1440
f 1433//1433 1440//1440 1432//1432
f 1432//1432 1440//1440 1441//1441
f 1381//1381 1380//1380 1437//1437
f 1437//1437 1380//1380 1442//1442
f 1437//1437 1442//1442 1438//1438
f 1438//1438 1442//1442 1443//1443
f 1438//1438 1443//1443 1439//1439
f 1439//1439 1443//1443 1444//1444
f 1439//1439 1444//1444 1440//1440
f 1440//1440 1444//1444 1393//1393
f 1440//1440 1393//1393 1441//1441
f 1441//1441 1393//1393 1392//1392
f 1389//1389 1391//1391 1390//1390
f 1390//1390 1391//1391 1393//1393
f 1390//1390 1393//1393 1445//1445
f 1445//1445 1393//1393 1444//1444
f 1445//1445 1444//1444 1446//1446
f 1446//1446 1444//1444 1443//1443
f 1446//1446 1443//1443 1447//1447
f 1447//1447 1443//1443 1442//1442
f 1447//1447 1442//1442 1379//1379
f 1379//1379 1442//1442 1380//1380
f 1448//1448 1388//1388 1449//1449
f 1449//1449 1388//1388 1390//1390
f 1449//1449 1390//1390 1450//1450
f 1450//1450 1390//1390 1445//1445
f 1450//1450 1445//1445 1451//1451
f 1451//1451 1445//1445 1446//1446
f 1451//1451 1446//1446 1452//1452
f 1452//1452 1446//1446 1447//1447
f 1452//1452 1447//1447 1378//1378
f 1378//1378 1447//1447 1379//1379
f 1378//1378 1377//1377 1452//1452
f 1452//1452 1377//1377 1453//1453
f 1452//1452 1453//1453 1451//1451
f 1451//1451 1453//1453 1454//1454
f 1451//1451 1454//1454 1450//1450
f 1450//1450 1454//1454 1455//1455
f 1450//1450 1455//1455 1449//1449
f 1449//1449 1455//1455 1456//1456
f 1449//1449 1456//1456 1448//1448
f 1448//1448 1456//1456 1457//1457
f 1377//1377 1376//1376 1453//1453
f 1453//1453 1376//1376 1458//1458
f 1453//1453 1458//1458 1454//1454
f 1454//1454 1458//1458 1459//1459
f 1454//1454 1459//1459 1455//1455
f 1455//1455 1459//1459 1460//1460
f 1455//1455 1460//1460 1456//1456
f 1456//1456 1460//1460 1461//1461
f 1456//1456 1461//1461 1457//1457
f 1457//1457 1461//1461 1462//1462
f 1463//1463 1411//1411 1412//1412
f 1397//1397 1464//1464 1465//1465
f 1397//1397 1465//1465 1398//1398
f 1398//1398 1465//1465 1466//1466
f 1398//1398 1466//1466 1400//1400
f 1466//1466 1467//1467 1400//1400
f 1400//1400 1467//1467 1468//1468
f 1400//1400 1468//1468 1401//1401
f 1401//1401 1468//1468 1469//1469
f 1401//1401 1469//1469 1412//1412
f 1412//1412 1469//1469 1470//1470
f 1412//1412 1470//1470 1463//1463
f 1152//1152 1187//1187 1146//1146
f 1146//1146 1187//1187 1185//1185
f 1471//1471 1113//1113 1112//1112
f 1112//1112 1086//1086 1471//1471
f 1471//1471 1086//1086 1085//1085
f 1471//1471 1085//1085 1472//1472
f 1472//1472 1085//1085 1473//1473
f 1093//1093 1474//1474 1091//1091
f 1091//1091 1474//1474 1475//1475
f 1091//1091 1475//1475 1090//1090
f 1090//1090 1475//1475 1476//1476
f 1090//1090 1476//1476 1088//1088
f 1088//1088 1476//1476 1477//1477
f 1088//1088 1477//1477 1085//1085
f 1085//1085 1477//1477 1478//1478
f 1085//1085 1478//1478 1473//1473
f 1479//1479 1082//1082 1480//1480
f 1480//1480 1082//1082 1081//1081
f 1480//1480 1081//1081 1095//1095
f 1093//1093 1094//1094 1474//1474
f 1474//1474 1094//1094 1082//1082
f 1474//1474 1082//1082 1481//1481
f 1481//1481 1082//1082 1479//1479
f 1131//1131 1391//1391 1480//1480
f 1482//1482 1483//1483 1389//1389
f 1389//1389 1483//1483 1391//1391
f 1391//1391 1483//1483 1484//1484
f 1391//1391 1484//1484 1480//1480
f 1389//1389 1388//1388 1482//1482
f 1482//1482 1388//1388 1448//1448
f 1482//1482 1448//1448 1485//1485
f 1485//1485 1448//1448 1457//1457
f 1485//1485 1457//1457 1486//1486
f 1486//1486 1457//1457 1487//1487
f 1487//1487 1457//1457 1462//1462
f 1487//1487 1462//1462 1488//1488
f 1122//1122 1121//1121 1110//1110
f 1122//1122 1110//1110 1148//1148
f 1471//1471 1489//1489 1113//1113
f 1113//1113 1489//1489 1490//1490
f 1113//1113 1490//1490 1115//1115
f 1115//1115 1490//1490 1464//1464
f 1115//1115 1464//1464 1116//1116
f 1116//1116 1464//1464 1151//1151
f 1116//1116 1151//1151 1110//1110
f 1110//1110 1151//1151 1149//1149
f 1110//1110 1149//1149 1148//1148
f 1105//1105 1106//1106 1121//1121
f 1106//1106 1108//1108 1121//1121
f 1121//1121 1108//1108 1111//1111
f 1121//1121 1111//1111 1110//1110
f 1100//1100 1102//1102 1118//1118
f 1100//1100 1118//1118 1099//1099
f 1131//1131 1480//1480 1117//1117
f 1117//1117 1480//1480 1095//1095
f 1117//1117 1095//1095 1118//1118
f 1118//1118 1095//1095 1097//1097
f 1118//1118 1097//1097 1099//1099
f 1105//1105 1121//1121 1103//1103
f 1103//1103 1121//1121 1124//1124
f 1103//1103 1124//1124 1102//1102
f 1102//1102 1124//1124 1126//1126
f 1102//1102 1126//1126 1127//1127
f 1127//1127 1129//1129 1102//1102
f 1102//1102 1129//1129 1130//1130
f 1102//1102 1130//1130 1118//1118
f 1185//1185 1184//1184 1146//1146
f 1146//1146 1184//1184 1158//1158
f 1146//1146 1158//1158 1157//1157
f 1141//1141 1142//1142 1157//1157
f 1142//1142 1144//1144 1157//1157
f 1157//1157 1144//1144 1147//1147
f 1157//1157 1147//1147 1146//1146
f 1136//1136 1138//1138 1154//1154
f 1136//1136 1154//1154 1135//1135
f 1141//1141 1157//1157 1139//1139
f 1139//1139 1157//1157 1160//1160
f 1139//1139 1160//1160 1138//1138
f 1138//1138 1160//1160 1162//1162
f 1138//1138 1162//1162 1163//1163
f 1163//1163 1165//1165 1138//1138
f 1138//1138 1165//1165 1166//1166
f 1138//1138 1166//1166 1154//1154
f 1180//1180 1183//1183 1428//1428
f 1428//1428 1183//1183 1182//1182
f 1428//1428 1182//1182 1419//1419
f 1419//1419 1182//1182 1188//1188
f 1419//1419 1188//1188 1397//1397
f 1397//1397 1188//1188 1187//1187
f 1397//1397 1187//1187 1464//1464
f 1464//1464 1187//1187 1152//1152
f 1464//1464 1152//1152 1151//1151
f 1175//1175 1177//1177 1395//1395
f 1395//1395 1177//1177 1428//1428
f 1428//1428 1177//1177 1178//1178
f 1428//1428 1178//1178 1180//1180
f 1171//1171 1441//1441 1169//1169
f 1169//1169 1441//1441 1392//1392
f 1169//1169 1392//1392 1167//1167
f 1167//1167 1392//1392 1391//1391
f 1167//1167 1391//1391 1153//1153
f 1153//1153 1391//1391 1131//1131
f 1153//1153 1131//1131 1154//1154
f 1154//1154 1131//1131 1133//1133
f 1154//1154 1133//1133 1135//1135
f 1171//1171 1172//1172 1441//1441
f 1441//1441 1172//1172 1174//1174
f 1441//1441 1174//1174 1432//1432
f 1432//1432 1174//1174 1175//1175
f 1432//1432 1175//1175 1394//1394
f 1394//1394 1175//1175 1395//1395
f 1491//1491 1492//1492 1493//1493
f 1494//1494 1495//1495 1496//1496
f 1497//1497 1498//1498 1499//1499
f 1500//1500 1501//1501 1502//1502
f 1501//1501 1503//1503 1504//1504
f 1505//1505 1506//1506 1503//1503
f 1503//1503 1506//1506 1507//1507
f 1503//1503 1507//1507 1504//1504
f 1500//1500 1502//1502 1508//1508
f 1509//1509 1510//1510 1511//1511
f 1511//1511 1510//1510 1512//1512
f 1511//1511 1512//1512 1513//1513
f 1513//1513 1512//1512 1514//1514
f 1515//1515 1516//1516 1517//1517
f 1517//1517 1518//1518 1515//1515
f 1515//1515 1518//1518 1519//1519
f 1515//1515 1519//1519 1514//1514
f 1514//1514 1519//1519 1520//1520
f 1514//1514 1520//1520 1513//1513
f 1521//1521 1516//1516 1522//1522
f 1522//1522 1516//1516 1515//1515
f 1522//1522 1515//1515 1523//1523
f 1523//1523 1515//1515 1524//1524
f 1523//1523 1524//1524 1525//1525
f 1525//1525 1524//1524 1526//1526
f 1493//1493 1492//1492 1527//1527
f 1527//1527 1492//1492 1528//1528
f 1527//1527 1528//1528 1526//1526
f 1526//1526 1528//1528 1529//1529
f 1526//1526 1529//1529 1525//1525
f 1472//1472 1530//1530 1531//1531
f 1531//1531 1530//1530 1532//1532
f 1532//1532 1533//1533 1531//1531
f 1531//1531 1533//1533 1534//1534
f 1531//1531 1534//1534 1493//1493
f 1493//1493 1534//1534 1535//1535
f 1493//1493 1535//1535 1491//1491
f 1536//1536 1537//1537 1538//1538
f 1538//1538 1537//1537 1539//1539
f 1539//1539 1537//1537 1540//1540
f 1540//1540 1537//1537 1541//1541
f 1540//1540 1541//1541 1542//1542
f 1543//1543 1544//1544 1545//1545
f 1545//1545 1544//1544 1546//1546
f 1545//1545 1546//1546 1547//1547
f 1542//1542 1541//1541 1548//1548
f 1548//1548 1541//1541 1545//1545
f 1548//1548 1545//1545 1549//1549
f 1549//1549 1545//1545 1547//1547
f 1549//1549 1547//1547 1550//1550
f 1501//1501 1504//1504 1502//1502
f 1502//1502 1504//1504 1551//1551
f 1502//1502 1551//1551 1552//1552
f 1552//1552 1551//1551 1553//1553
f 1552//1552 1553//1553 1543//1543
f 1543//1543 1553//1553 1554//1554
f 1543//1543 1554//1554 1544//1544
f 1555//1555 1556//1556 1475//1475
f 1557//1557 1484//1484 1483//1483
f 1488//1488 1494//1494 1487//1487
f 1487//1487 1494//1494 1496//1496
f 1487//1487 1496//1496 1486//1486
f 1557//1557 1483//1483 1558//1558
f 1558//1558 1483//1483 1482//1482
f 1558//1558 1482//1482 1559//1559
f 1559//1559 1482//1482 1485//1485
f 1559//1559 1485//1485 1560//1560
f 1475//1475 1474//1474 1555//1555
f 1555//1555 1474//1474 1481//1481
f 1555//1555 1481//1481 1561//1561
f 1561//1561 1481//1481 1479//1479
f 1561//1561 1479//1479 1557//1557
f 1557//1557 1479//1479 1480//1480
f 1557//1557 1480//1480 1484//1484
f 1485//1485 1486//1486 1560//1560
f 1560//1560 1486//1486 1496//1496
f 1560//1560 1496//1496 1499//1499
f 1499//1499 1496//1496 1495//1495
f 1499//1499 1495//1495 1497//1497
f 1499//1499 1562//1562 1560//1560
f 1560//1560 1562//1562 1563//1563
f 1560//1560 1563//1563 1559//1559
f 1559//1559 1563//1563 1564//1564
f 1559//1559 1564//1564 1558//1558
f 1558//1558 1564//1564 1565//1565
f 1558//1558 1565//1565 1557//1557
f 1557//1557 1565//1565 1566//1566
f 1557//1557 1566//1566 1561//1561
f 1561//1561 1566//1566 1567//1567
f 1561//1561 1567//1567 1555//1555
f 1555//1555 1567//1567 1568//1568
f 1555//1555 1568//1568 1556//1556
f 1556//1556 1568//1568 1569//1569
f 1556//1556 1569//1569 1570//1570
f 1570//1570 1569//1569 1571//1571
f 1572//1572 1571//1571 1573//1573
f 1573//1573 1571//1571 1569//1569
f 1573//1573 1569//1569 1574//1574
f 1574//1574 1569//1569 1568//1568
f 1574//1574 1568//1568 1575//1575
f 1575//1575 1568//1568 1567//1567
f 1575//1575 1567//1567 1576//1576
f 1576//1576 1567//1567 1566//1566
f 1498//1498 1508//1508 1499//1499
f 1499//1499 1508//1508 1502//1502
f 1499//1499 1502//1502 1562//1562
f 1562//1562 1502//1502 1552//1552
f 1562//1562 1552//1552 1563//1563
f 1563//1563 1552//1552 1543//1543
f 1563//1563 1543//1543 1564//1564
f 1564//1564 1543//1543 1545//1545
f 1564//1564 1545//1545 1565//1565
f 1565//1565 1545//1545 1541//1541
f 1565//1565 1541//1541 1566//1566
f 1566//1566 1541//1541 1537//1537
f 1566//1566 1537//1537 1576//1576
f 1576//1576 1537//1537 1536//1536
f 1510//1510 1463//1463 1512//1512
f 1512//1512 1463//1463 1470//1470
f 1512//1512 1470//1470 1514//1514
f 1514//1514 1470//1470 1469//1469
f 1514//1514 1469//1469 1515//1515
f 1526//1526 1464//1464 1527//1527
f 1527//1527 1464//1464 1490//1490
f 1527//1527 1490//1490 1493//1493
f 1493//1493 1490//1490 1489//1489
f 1493//1493 1489//1489 1531//1531
f 1531//1531 1489//1489 1471//1471
f 1531//1531 1471//1471 1472//1472
f 1469//1469 1468//1468 1515//1515
f 1515//1515 1468//1468 1467//1467
f 1515//1515 1467//1467 1524//1524
f 1524//1524 1467//1467 1466//1466
f 1524//1524 1466//1466 1526//1526
f 1526//1526 1466//1466 1465//1465
f 1526//1526 1465//1465 1464//1464
f 1472//1472 1473//1473 1530//1530
f 1530//1530 1473//1473 1478//1478
f 1530//1530 1478//1478 1477//1477
f 1536//1536 1577//1577 1576//1576
f 1576//1576 1577//1577 1578//1578
f 1576//1576 1578//1578 1575//1575
f 1575//1575 1578//1578 1579//1579
f 1575//1575 1579//1579 1574//1574
f 1574//1574 1579//1579 1580//1580
f 1574//1574 1580//1580 1573//1573
f 1573//1573 1580//1580 1581//1581
f 1573//1573 1581//1581 1572//1572
f 1572//1572 1581//1581 1532//1532
f 1572//1572 1532//1532 1571//1571
f 1571//1571 1532//1532 1530//1530
f 1571//1571 1530//1530 1570//1570
f 1570//1570 1530//1530 1477//1477
f 1570//1570 1477//1477 1556//1556
f 1556//1556 1477//1477 1476//1476
f 1556//1556 1476//1476 1475//1475
f 1506//1506 1505//1505 1582//1582
f 1215//1215 1553//1553 1551//1551
f 1234//1234 1233//1233 1583//1583
f 1243//1243 1244//1244 1584//1584
f 1322//1322 978//978 1326//1326
f 1585//1585 1586//1586 1587//1587
f 1588//1588 1589//1589 1590//1590
f 1590//1590 1589//1589 1509//1509
f 1591//1591 1538//1538 1592//1592
f 1592//1592 1538//1538 1539//1539
f 1592//1592 1539//1539 1540//1540
f 1593//1593 1578//1578 1594//1594
f 1594//1594 1578//1578 1577//1577
f 1594//1594 1577//1577 1591//1591
f 1591//1591 1577//1577 1536//1536
f 1591//1591 1536//1536 1538//1538
f 1595//1595 1533//1533 1596//1596
f 1596//1596 1533//1533 1532//1532
f 1596//1596 1532//1532 1597//1597
f 1492//1492 1491//1491 1598//1598
f 1598//1598 1491//1491 1535//1535
f 1598//1598 1535//1535 1595//1595
f 1595//1595 1535//1535 1534//1534
f 1595//1595 1534//1534 1533//1533
f 1271//1271 1289//1289 1529//1529
f 1529//1529 1289//1289 1525//1525
f 1521//1521 1295//1295 1599//1599
f 1599//1599 1295//1295 1294//1294
f 1599//1599 1294//1294 1293//1293
f 1289//1289 1290//1290 1525//1525
f 1525//1525 1290//1290 1315//1315
f 1525//1525 1315//1315 1523//1523
f 1523//1523 1315//1315 1295//1295
f 1523//1523 1295//1295 1522//1522
f 1522//1522 1295//1295 1521//1521
f 1600//1600 1517//1517 1599//1599
f 1599//1599 1517//1517 1516//1516
f 1599//1599 1516//1516 1521//1521
f 1588//1588 1519//1519 1601//1601
f 1601//1601 1519//1519 1518//1518
f 1509//1509 1511//1511 1590//1590
f 1590//1590 1511//1511 1513//1513
f 1590//1590 1513//1513 1588//1588
f 1588//1588 1513//1513 1520//1520
f 1588//1588 1520//1520 1519//1519
f 1585//1585 1587//1587 1326//1326
f 1326//1326 1587//1587 1309//1309
f 1326//1326 1309//1309 1322//1322
f 1293//1293 1292//1292 1599//1599
f 1599//1599 1292//1292 1298//1298
f 1599//1599 1298//1298 1600//1600
f 1600//1600 1298//1298 1297//1297
f 1297//1297 1296//1296 1600//1600
f 1600//1600 1296//1296 1299//1299
f 1600//1600 1299//1299 1602//1602
f 1602//1602 1299//1299 1304//1304
f 1602//1602 1304//1304 1586//1586
f 1586//1586 1304//1304 1306//1306
f 1586//1586 1306//1306 1587//1587
f 1587//1587 1306//1306 1307//1307
f 1587//1587 1307//1307 1309//1309
f 1603//1603 1265//1265 1604//1604
f 1604//1604 1265//1265 1275//1275
f 1604//1604 1275//1275 1274//1274
f 1529//1529 1528//1528 1271//1271
f 1271//1271 1528//1528 1604//1604
f 1271//1271 1604//1604 1272//1272
f 1272//1272 1604//1604 1274//1274
f 1263//1263 1264//1264 1605//1605
f 1605//1605 1264//1264 954//954
f 1605//1605 954//954 1603//1603
f 1603//1603 954//954 1266//1266
f 1603//1603 1266//1266 1265//1265
f 1606//1606 1607//1607 1597//1597
f 1597//1597 1607//1607 1261//1261
f 1597//1597 1261//1261 1260//1260
f 1584//1584 1608//1608 1609//1609
f 1243//1243 1584//1584 1241//1241
f 1241//1241 1584//1584 1609//1609
f 1241//1241 1609//1609 1239//1239
f 1583//1583 1233//1233 1609//1609
f 1609//1609 1233//1233 1257//1257
f 1609//1609 1257//1257 1239//1239
f 1610//1610 1238//1238 1583//1583
f 1583//1583 1238//1238 1236//1236
f 1583//1583 1236//1236 1234//1234
f 1548//1548 1220//1220 1542//1542
f 1542//1542 1220//1220 1223//1223
f 1542//1542 1223//1223 1540//1540
f 1540//1540 1223//1223 1232//1232
f 1540//1540 1232//1232 1592//1592
f 1550//1550 1547//1547 1611//1611
f 1611//1611 1547//1547 1546//1546
f 1611//1611 1546//1546 1544//1544
f 1215//1215 1229//1229 1553//1553
f 1553//1553 1229//1229 1222//1222
f 1553//1553 1222//1222 1554//1554
f 1548//1548 1549//1549 1220//1220
f 1220//1220 1549//1549 1550//1550
f 1220//1220 1550//1550 1221//1221
f 1221//1221 1550//1550 1611//1611
f 1221//1221 1611//1611 1222//1222
f 1222//1222 1611//1611 1544//1544
f 1222//1222 1544//1544 1554//1554
f 1216//1216 1612//1612 1218//1218
f 1218//1218 1612//1612 1219//1219
f 1192//1192 1194//1194 1582//1582
f 1192//1192 1582//1582 1072//1072
f 1069//1069 1072//1072 1070//1070
f 1070//1070 1072//1072 1582//1582
f 1070//1070 1582//1582 1373//1373
f 1373//1373 1582//1582 1372//1372
f 1194//1194 921//921 1582//1582
f 1582//1582 921//921 1195//1195
f 1582//1582 1195//1195 1205//1205
f 1219//1219 1612//1612 1205//1205
f 1205//1205 1612//1612 1613//1613
f 1205//1205 1613//1613 1582//1582
f 1582//1582 1613//1613 1507//1507
f 1582//1582 1507//1507 1506//1506
f 1216//1216 1215//1215 1612//1612
f 1612//1612 1215//1215 1551//1551
f 1612//1612 1551//1551 1613//1613
f 1613//1613 1551//1551 1504//1504
f 1613//1613 1504//1504 1507//1507
f 1579//1579 1578//1578 1614//1614
f 1614//1614 1578//1578 1593//1593
f 1614//1614 1593//1593 1608//1608
f 1608//1608 1593//1593 1594//1594
f 1608//1608 1594//1594 1609//1609
f 1609//1609 1594//1594 1591//1591
f 1609//1609 1591//1591 1583//1583
f 1583//1583 1591//1591 1592//1592
f 1583//1583 1592//1592 1610//1610
f 1610//1610 1592//1592 1232//1232
f 1610//1610 1232//1232 1238//1238
f 1606//1606 1615//1615 1607//1607
f 1607//1607 1615//1615 1616//1616
f 1607//1607 1616//1616 1261//1261
f 1261//1261 1616//1616 1617//1617
f 1261//1261 1617//1617 1262//1262
f 1528//1528 1492//1492 1604//1604
f 1604//1604 1492//1492 1598//1598
f 1604//1604 1598//1598 1603//1603
f 1603//1603 1598//1598 1595//1595
f 1603//1603 1595//1595 1605//1605
f 1605//1605 1595//1595 1596//1596
f 1605//1605 1596//1596 1263//1263
f 1263//1263 1596//1596 1597//1597
f 1263//1263 1597//1597 1259//1259
f 1259//1259 1597//1597 1260//1260
f 1585//1585 1589//1589 1586//1586
f 1586//1586 1589//1589 1588//1588
f 1586//1586 1588//1588 1602//1602
f 1602//1602 1588//1588 1601//1601
f 1602//1602 1601//1601 1600//1600
f 1600//1600 1601//1601 1518//1518
f 1600//1600 1518//1518 1517//1517
f 1532//1532 1581//1581 1597//1597
f 1597//1597 1581//1581 1580//1580
f 1597//1597 1580//1580 1606//1606
f 1606//1606 1580//1580 1579//1579
f 1606//1606 1579//1579 1615//1615
f 1615//1615 1579//1579 1614//1614
f 1615//1615 1614//1614 1616//1616
f 1616//1616 1614//1614 1608//1608
f 1616//1616 1608//1608 1617//1617
f 1617//1617 1608//1608 1584//1584
f 1617//1617 1584//1584 1262//1262
f 1262//1262 1584//1584 1244//1244
f 1262//1262 1244//1244 950//950
f 1340//1340 1618//1618 1339//1339
f 1339//1339 1618//1618 1619//1619
f 1339//1339 1619//1619 1338//1338
f 1338//1338 1619//1619 1620//1620
f 1338//1338 1620//1620 1337//1337
f 1337//1337 1620//1620 1621//1621
f 1337//1337 1621//1621 1336//1336
f 1336//1336 1621//1621 1622//1622
f 1336//1336 1622//1622 1335//1335
f 1335//1335 1622//1622 1623//1623
f 1335//1335 1623//1623 1334//1334
f 1334//1334 1623//1623 1624//1624
f 1334//1334 1624//1624 1333//1333
f 1333//1333 1624//1624 1625//1625
f 1333//1333 1625//1625 1332//1332
f 1332//1332 1625//1625 1626//1626
f 1332//1332 1626//1626 1331//1331
f 1331//1331 1626//1626 1627//1627
f 1331//1331 1627//1627 1330//1330
f 1330//1330 1627//1627 1628//1628
f 1330//1330 1628//1628 1329//1329
f 1329//1329 1628//1628 1629//1629
f 1329//1329 1629//1629 1340//1340
f 1340//1340 1629//1629 1618//1618
f 1343//1343 1630//1630 1342//1342
f 1342//1342 1630//1630 1631//1631
f 1342//1342 1631//1631 1341//1341
f 1341//1341 1631//1631 1632//1632
f 1341//1341 1632//1632 1352//1352
f 1352//1352 1632//1632 1633//1633
f 1352//1352 1633//1633 1351//1351
f 1351//1351 1633//1633 1634//1634
f 1351//1351 1634//1634 1350//1350
f 1350//1350 1634//1634 1635//1635
f 1350//1350 1635//1635 1349//1349
f 1349//1349 1635//1635 1636//1636
f 1349//1349 1636//1636 1348//1348
f 1348//1348 1636//1636 1637//1637
f 1348//1348 1637//1637 1347//1347
f 1347//1347 1637//1637 1638//1638
f 1347//1347 1638//1638 1346//1346
f 1346//1346 1638//1638 1639//1639
f 1346//1346 1639//1639 1345//1345
f 1345//1345 1639//1639 1640//1640
f 1345//1345 1640//1640 1344//1344
f 1344//1344 1640//1640 1641//1641
f 1344//1344 1641//1641 1343//1343
f 1343//1343 1641//1641 1630//1630
f 1353//1353 1642//1642 1364//1364
f 1364//1364 1642//1642 1643//1643
f 1364//1364 1643//1643 1363//1363
f 1363//1363 1643//1643 1644//1644
f 1363//1363 1644//1644 1362//1362
f 1362//1362 1644//1644 1645//1645
f 1362//1362 1645//1645 1361//1361
f 1361//1361 1645//1645 1646//1646
f 1361//1361 1646//1646 1360//1360
f 1360//1360 1646//1646 1647//1647
f 1360//1360 1647//1647 1359//1359
f 1359//1359 1647//1647 1648//1648
f 1359//1359 1648//1648 1358//1358
f 1358//1358 1648//1648 1649//1649
f 1358//1358 1649//1649 1357//1357
f 1357//1357 1649//1649 1650//1650
f 1357//1357 1650//1650 1356//1356
f 1356//1356 1650//1650 1651//1651
f 1356//1356 1651//1651 1355//1355
f 1355//1355 1651//1651 1652//1652
f 1355//1355 1652//1652 1354//1354
f 1354//1354 1652//1652 1653//1653
f 1354//1354 1653//1653 1353//1353
f 1353//1353 1653//1653 1642//1642
f 1405//1405 1619//1619 1403//1403
f 1403//1403 1619//1619 1618//1618
f 1646//1646 1645//1645 1463//1463
f 1463//1463 1645//1645 1644//1644
f 1463//1463 1644//1644 1411//1411
f 1411//1411 1644//1644 1643//1643
f 1411//1411 1643//1643 1642//1642
f 1411//1411 1631//1631 1409//1409
f 1409//1409 1631//1631 1630//1630
f 1409//1409 1630//1630 1407//1407
f 1407//1407 1630//1630 1405//1405
f 1629//1629 1376//1376 1618//1618
f 1618//1618 1376//1376 1375//1375
f 1618//1618 1375//1375 1403//1403
f 1628//1628 1462//1462 1629//1629
f 1629//1629 1462//1462 1461//1461
f 1629//1629 1461//1461 1460//1460
f 1628//1628 1627//1627 1462//1462
f 1462//1462 1627//1627 1626//1626
f 1462//1462 1626//1626 1641//1641
f 1641//1641 1640//1640 1462//1462
f 1462//1462 1640//1640 1639//1639
f 1462//1462 1639//1639 1488//1488
f 1488//1488 1639//1639 1638//1638
f 1488//1488 1638//1638 1637//1637
f 1460//1460 1459//1459 1629//1629
f 1629//1629 1459//1459 1458//1458
f 1629//1629 1458//1458 1376//1376
f 1623//1623 1630//1630 1624//1624
f 1624//1624 1630//1630 1641//1641
f 1624//1624 1641//1641 1625//1625
f 1625//1625 1641//1641 1626//1626
f 1623//1623 1622//1622 1630//1630
f 1630//1630 1622//1622 1621//1621
f 1630//1630 1621//1621 1405//1405
f 1405//1405 1621//1621 1620//1620
f 1405//1405 1620//1620 1619//1619
f 1635//1635 1634//1634 1642//1642
f 1642//1642 1634//1634 1633//1633
f 1642//1642 1633//1633 1411//1411
f 1411//1411 1633//1633 1632//1632
f 1411//1411 1632//1632 1631//1631
f 1635//1635 1642//1642 1636//1636
f 1636//1636 1642//1642 1653//1653
f 1636//1636 1653//1653 1637//1637
f 1637//1637 1653//1653 1652//1652
f 1637//1637 1652//1652 1488//1488
f 1652//1652 1651//1651 1488//1488
f 1488//1488 1651//1651 1650//1650
f 1488//1488 1650//1650 1494//1494
f 1494//1494 1650//1650 1649//1649
f 1494//1494 1649//1649 1495//1495
f 1646//1646 1463//1463 1647//1647
f 1647//1647 1463//1463 1510//1510
f 1647//1647 1510//1510 1509//1509
f 1500//1500 1508//1508 1649//1649
f 1508//1508 1498//1498 1649//1649
f 1649//1649 1498//1498 1497//1497
f 1649//1649 1497//1497 1495//1495
f 1367//1367 1369//1369 1371//1371
f 1366//1366 1503//1503 1501//1501
f 1371//1371 1372//1372 1367//1367
f 1367//1367 1372//1372 1582//1582
f 1367//1367 1582//1582 1366//1366
f 1366//1366 1582//1582 1505//1505
f 1366//1366 1505//1505 1503//1503
f 1501//1501 1500//1500 1366//1366
f 1366//1366 1500//1500 1649//1649
f 1366//1366 1649//1649 1365//1365
f 1365//1365 1649//1649 1648//1648
f 1365//1365 1648//1648 1647//1647
f 1509//1509 1589//1589 1647//1647
f 1647//1647 1589//1589 1585//1585
f 1647//1647 1585//1585 1365//1365
f 1365//1365 1585//1585 1326//1326
f 1365//1365 1326//1326 1328//1328
f 1328//1328 1326//1326 1327//1327
f 1654//1654 1655//1655 1656//1656
f 1656//1656 1655//1655 1657//1657
f 1656//1656 1657//1657 1658//1658
f 1658//1658 1659//1659 1656//1656
f 1656//1656 1659//1659 1660//1660
f 1656//1656 1660//1660 1661//1661
f 1662//1662 1663//1663 1664//1664
f 1661//1661 1665//1665 1656//1656
f 1656//1656 1665//1665 1662//1662
f 1656//1656 1662//1662 1666//1666
f 1666//1666 1662//1662 1664//1664
f 1667//1667 1655//1655 1668//1668
f 1668//1668 1655//1655 1654//1654
f 1668//1668 1654//1654 1669//1669
f 1669//1669 1654//1654 1656//1656
f 1664//1664 1670//1670 1671//1671
f 1664//1664 1671//1671 1666//1666
f 1666//1666 1671//1671 1669//1669
f 1666//1666 1669//1669 1656//1656
f 1662//1662 1672//1672 1673//1673
f 1662//1662 1673//1673 1663//1663
f 1663//1663 1673//1673 1670//1670
f 1663//1663 1670//1670 1664//1664
f 1661//1661 1674//1674 1675//1675
f 1661//1661 1675//1675 1665//1665
f 1665//1665 1675//1675 1672//1672
f 1665//1665 1672//1672 1662//1662
f 1659//1659 1676//1676 1677//1677
f 1659//1659 1677//1677 1660//1660
f 1660//1660 1677//1677 1674//1674
f 1660//1660 1674//1674 1661//1661
f 1657//1657 1678//1678 1679//1679
f 1657//1657 1679//1679 1658//1658
f 1658//1658 1679//1679 1676//1676
f 1658//1658 1676//1676 1659//1659
f 1678//1678 1657//1657 1667//1667
f 1667//1667 1657//1657 1655//1655
f 1680//1680 1681//1681 1682//1682
f 1682//1682 1681//1681 1683//1683
f 1682//1682 1683//1683 1684//1684
f 1682//1682 1685//1685 1680//1680
f 1680//1680 1685//1685 1686//1686
f 1680//1680 1686//1686 1687//1687
f 1687//1687 1686//1686 1688//1688
f 1688//1688 1686//1686 1689//1689
f 1688//1688 1689//1689 1690//1690
f 1690//1690 1689//1689 1691//1691
f 1690//1690 1691//1691 1692//1692
f 1693//1693 1694//1694 1695//1695
f 1696//1696 1697//1697 1698//1698
f 1698//1698 1697//1697 1699//1699
f 1698//1698 1699//1699 1700//1700
f 1693//1693 1695//1695 1700//1700
f 1700//1700 1695//1695 1701//1701
f 1700//1700 1701//1701 1698//1698
f 1699//1699 1702//1702 1700//1700
f 1700//1700 1702//1702 1703//1703
f 1700//1700 1703//1703 1693//1693
f 1693//1693 1703//1703 1704//1704
f 1693//1693 1704//1704 1694//1694
f 1705//1705 1706//1706 1707//1707
f 1707//1707 1706//1706 1697//1697
f 1697//1697 1706//1706 1699//1699
f 1699//1699 1706//1706 1708//1708
f 1699//1699 1708//1708 1702//1702
f 1702//1702 1708//1708 1709//1709
f 1702//1702 1709//1709 1703//1703
f 1703//1703 1709//1709 1710//1710
f 1703//1703 1710//1710 1704//1704
f 1711//1711 1710//1710 1712//1712
f 1712//1712 1710//1710 1709//1709
f 1712//1712 1709//1709 1713//1713
f 1713//1713 1709//1709 1708//1708
f 1713//1713 1708//1708 1714//1714
f 1714//1714 1708//1708 1715//1715
f 1715//1715 1708//1708 1706//1706
f 1715//1715 1706//1706 1716//1716
f 1716//1716 1706//1706 1705//1705
f 1716//1716 1705//1705 1717//1717
f 1717//1717 1718//1718 1716//1716
f 1716//1716 1718//1718 1719//1719
f 1716//1716 1719//1719 1715//1715
f 1715//1715 1719//1719 1720//1720
f 1715//1715 1720//1720 1714//1714
f 1714//1714 1720//1720 1721//1721
f 1714//1714 1721//1721 1713//1713
f 1713//1713 1721//1721 1722//1722
f 1713//1713 1722//1722 1712//1712
f 1712//1712 1722//1722 1723//1723
f 1712//1712 1723//1723 1711//1711
f 1711//1711 1723//1723 1724//1724
f 1722//1722 1721//1721 1725//1725
f 1720//1720 1719//1719 1726//1726
f 1727//1727 1728//1728 1729//1729
f 1727//1727 1729//1729 1730//1730
f 1730//1730 1729//1729 1731//1731
f 1730//1730 1731//1731 1732//1732
f 1732//1732 1731//1731 1726//1726
f 1732//1732 1726//1726 1733//1733
f 1733//1733 1726//1726 1719//1719
f 1733//1733 1719//1719 1718//1718
f 1724//1724 1723//1723 1734//1734
f 1734//1734 1723//1723 1735//1735
f 1734//1734 1735//1735 1736//1736
f 1736//1736 1735//1735 1737//1737
f 1737//1737 1735//1735 1738//1738
f 1737//1737 1738//1738 1739//1739
f 1739//1739 1738//1738 1740//1740
f 1739//1739 1740//1740 1741//1741
f 1741//1741 1740//1740 1742//1742
f 1741//1741 1742//1742 1743//1743
f 1728//1728 1744//1744 1729//1729
f 1729//1729 1744//1744 1745//1745
f 1729//1729 1745//1745 1731//1731
f 1731//1731 1745//1745 1746//1746
f 1731//1731 1746//1746 1726//1726
f 1726//1726 1746//1746 1725//1725
f 1726//1726 1725//1725 1720//1720
f 1720//1720 1725//1725 1721//1721
f 1744//1744 1742//1742 1745//1745
f 1745//1745 1742//1742 1740//1740
f 1745//1745 1740//1740 1746//1746
f 1746//1746 1740//1740 1738//1738
f 1746//1746 1738//1738 1725//1725
f 1725//1725 1738//1738 1735//1735
f 1725//1725 1735//1735 1722//1722
f 1722//1722 1735//1735 1723//1723
f 1747//1747 1748//1748 1749//1749
f 1749//1749 1748//1748 1750//1750
f 1750//1750 1748//1748 1751//1751
f 1751//1751 1748//1748 1752//1752
f 1751//1751 1752//1752 1753//1753
f 1753//1753 1752//1752 1754//1754
f 1754//1754 1752//1752 1755//1755
f 1754//1754 1755//1755 1756//1756
f 1757//1757 1758//1758 1755//1755
f 1755//1755 1758//1758 1759//1759
f 1755//1755 1759//1759 1756//1756
f 1759//1759 1758//1758 1743//1743
f 1759//1759 1743//1743 1756//1756
f 1743//1743 1742//1742 1756//1756
f 1756//1756 1742//1742 1744//1744
f 1756//1756 1744//1744 1754//1754
f 1754//1754 1744//1744 1728//1728
f 1754//1754 1728//1728 1753//1753
f 1753//1753 1728//1728 1727//1727
f 1753//1753 1727//1727 1751//1751
f 1688//1688 1760//1760 1761//1761
f 1688//1688 1761//1761 1687//1687
f 1687//1687 1761//1761 1762//1762
f 1687//1687 1762//1762 1680//1680
f 1680//1680 1762//1762 1763//1763
f 1680//1680 1763//1763 1681//1681
f 1764//1764 1684//1684 1763//1763
f 1763//1763 1684//1684 1683//1683
f 1763//1763 1683//1683 1681//1681
f 1765//1765 1751//1751 1766//1766
f 1766//1766 1751//1751 1727//1727
f 1766//1766 1727//1727 1767//1767
f 1768//1768 1769//1769 1770//1770
f 1770//1770 1769//1769 1771//1771
f 1770//1770 1771//1771 1772//1772
f 1772//1772 1771//1771 1749//1749
f 1772//1772 1749//1749 1765//1765
f 1765//1765 1749//1749 1750//1750
f 1765//1765 1750//1750 1751//1751
f 1773//1773 1718//1718 1774//1774
f 1774//1774 1718//1718 1717//1717
f 1774//1774 1717//1717 1775//1775
f 1775//1775 1717//1717 1705//1705
f 1775//1775 1705//1705 1776//1776
f 1776//1776 1705//1705 1707//1707
f 1776//1776 1707//1707 1777//1777
f 1777//1777 1707//1707 1778//1778
f 1777//1777 1778//1778 1779//1779
f 1779//1779 1778//1778 1780//1780
f 1779//1779 1780//1780 1768//1768
f 1768//1768 1780//1780 1781//1781
f 1768//1768 1781//1781 1769//1769
f 1727//1727 1730//1730 1767//1767
f 1767//1767 1730//1730 1732//1732
f 1767//1767 1732//1732 1773//1773
f 1773//1773 1732//1732 1733//1733
f 1773//1773 1733//1733 1718//1718
f 1678//1678 1667//1667 1782//1782
f 1783//1783 1784//1784 1785//1785
f 1785//1785 1784//1784 1786//1786
f 1672//1672 1787//1787 1673//1673
f 1673//1673 1787//1787 1788//1788
f 1673//1673 1788//1788 1670//1670
f 1788//1788 1789//1789 1670//1670
f 1670//1670 1789//1789 1790//1790
f 1670//1670 1790//1790 1671//1671
f 1671//1671 1790//1790 1791//1791
f 1671//1671 1791//1791 1669//1669
f 1669//1669 1791//1791 1792//1792
f 1669//1669 1792//1792 1668//1668
f 1668//1668 1792//1792 1783//1783
f 1668//1668 1783//1783 1667//1667
f 1667//1667 1783//1783 1785//1785
f 1667//1667 1785//1785 1793//1793
f 1793//1793 1794//1794 1667//1667
f 1667//1667 1794//1794 1795//1795
f 1667//1667 1795//1795 1782//1782
f 1782//1782 1795//1795 1796//1796
f 1797//1797 1798//1798 1674//1674
f 1674//1674 1798//1798 1675//1675
f 1675//1675 1798//1798 1799//1799
f 1675//1675 1799//1799 1672//1672
f 1672//1672 1799//1799 1800//1800
f 1672//1672 1800//1800 1787//1787
f 1674//1674 1677//1677 1797//1797
f 1797//1797 1677//1677 1676//1676
f 1797//1797 1676//1676 1782//1782
f 1782//1782 1676//1676 1679//1679
f 1782//1782 1679//1679 1678//1678
f 1796//1796 1801//1801 1782//1782
f 1782//1782 1801//1801 1802//1802
f 1782//1782 1802//1802 1803//1803
f 1803//1803 1802//1802 1804//1804
f 1805//1805 1806//1806 1807//1807
f 1807//1807 1806//1806 1808//1808
f 1807//1807 1808//1808 1809//1809
f 1809//1809 1808//1808 1810//1810
f 1809//1809 1810//1810 1804//1804
f 1804//1804 1810//1810 1811//1811
f 1804//1804 1811//1811 1803//1803
f 1812//1812 1813//1813 1814//1814
f 1814//1814 1813//1813 1815//1815
f 1814//1814 1815//1815 1816//1816
f 1817//1817 1690//1690 1818//1818
f 1818//1818 1690//1690 1692//1692
f 1818//1818 1692//1692 1819//1819
f 1819//1819 1692//1692 1820//1820
f 1819//1819 1820//1820 1821//1821
f 1815//1815 1822//1822 1816//1816
f 1816//1816 1822//1822 1823//1823
f 1816//1816 1823//1823 1824//1824
f 1824//1824 1823//1823 1825//1825
f 1824//1824 1825//1825 1826//1826
f 1826//1826 1825//1825 1760//1760
f 1826//1826 1760//1760 1817//1817
f 1817//1817 1760//1760 1688//1688
f 1817//1817 1688//1688 1690//1690
f 1820//1820 1827//1827 1821//1821
f 1821//1821 1827//1827 1828//1828
f 1821//1821 1828//1828 1829//1829
f 1829//1829 1828//1828 1830//1830
f 1829//1829 1830//1830 1831//1831
f 1831//1831 1830//1830 1832//1832
f 1831//1831 1832//1832 1833//1833
f 1833//1833 1832//1832 1834//1834
f 1833//1833 1834//1834 1812//1812
f 1812//1812 1834//1834 1835//1835
f 1812//1812 1835//1835 1813//1813
f 1836//1836 1837//1837 1838//1838
f 1839//1839 1840//1840 1841//1841
f 1815//1815 1842//1842 1843//1843
f 1815//1815 1843//1843 1822//1822
f 1822//1822 1843//1843 1844//1844
f 1822//1822 1844//1844 1823//1823
f 1823//1823 1844//1844 1845//1845
f 1823//1823 1845//1845 1825//1825
f 1825//1825 1845//1845 1761//1761
f 1825//1825 1761//1761 1760//1760
f 1764//1764 1763//1763 1846//1846
f 1846//1846 1763//1763 1847//1847
f 1846//1846 1847//1847 1848//1848
f 1848//1848 1847//1847 1849//1849
f 1849//1849 1847//1847 1850//1850
f 1849//1849 1850//1850 1851//1851
f 1851//1851 1850//1850 1841//1841
f 1851//1851 1841//1841 1852//1852
f 1852//1852 1841//1841 1840//1840
f 1852//1852 1840//1840 1853//1853
f 1842//1842 1836//1836 1843//1843
f 1843//1843 1836//1836 1838//1838
f 1843//1843 1838//1838 1844//1844
f 1844//1844 1838//1838 1854//1854
f 1844//1844 1854//1854 1845//1845
f 1845//1845 1854//1854 1855//1855
f 1845//1845 1855//1855 1761//1761
f 1761//1761 1855//1855 1762//1762
f 1837//1837 1839//1839 1838//1838
f 1838//1838 1839//1839 1841//1841
f 1838//1838 1841//1841 1854//1854
f 1854//1854 1841//1841 1850//1850
f 1854//1854 1850//1850 1855//1855
f 1855//1855 1850//1850 1847//1847
f 1855//1855 1847//1847 1762//1762
f 1762//1762 1847//1847 1763//1763
f 1856//1856 1857//1857 1858//1858
f 1859//1859 1860//1860 1861//1861
f 1861//1861 1860//1860 1862//1862
f 1861//1861 1862//1862 1863//1863
f 1859//1859 1856//1856 1860//1860
f 1860//1860 1856//1856 1858//1858
f 1860//1860 1858//1858 1862//1862
f 1862//1862 1858//1858 1864//1864
f 1862//1862 1864//1864 1865//1865
f 1865//1865 1864//1864 1866//1866
f 1865//1865 1866//1866 1867//1867
f 1867//1867 1866//1866 1868//1868
f 1867//1867 1868//1868 1869//1869
f 1863//1863 1862//1862 1870//1870
f 1870//1870 1862//1862 1865//1865
f 1870//1870 1865//1865 1871//1871
f 1871//1871 1865//1865 1867//1867
f 1871//1871 1867//1867 1872//1872
f 1872//1872 1867//1867 1869//1869
f 1872//1872 1869//1869 1873//1873
f 1874//1874 1875//1875 1832//1832
f 1832//1832 1875//1875 1873//1873
f 1876//1876 1877//1877 1832//1832
f 1832//1832 1877//1877 1878//1878
f 1832//1832 1878//1878 1874//1874
f 1873//1873 1869//1869 1832//1832
f 1832//1832 1869//1869 1868//1868
f 1832//1832 1868//1868 1834//1834
f 1876//1876 1832//1832 1879//1879
f 1879//1879 1832//1832 1830//1830
f 1879//1879 1830//1830 1880//1880
f 1880//1880 1830//1830 1828//1828
f 1880//1880 1828//1828 1881//1881
f 1827//1827 1820//1820 1882//1882
f 1882//1882 1883//1883 1827//1827
f 1827//1827 1883//1883 1884//1884
f 1827//1827 1884//1884 1828//1828
f 1828//1828 1884//1884 1885//1885
f 1828//1828 1885//1885 1881//1881
f 1886//1886 1882//1882 1820//1820
f 1820//1820 1692//1692 1691//1691
f 1886//1886 1820//1820 1887//1887
f 1887//1887 1820//1820 1691//1691
f 1887//1887 1691//1691 1888//1888
f 1889//1889 1890//1890 1891//1891
f 1889//1889 1891//1891 1892//1892
f 1892//1892 1891//1891 1893//1893
f 1892//1892 1893//1893 1894//1894
f 1894//1894 1893//1893 1895//1895
f 1894//1894 1895//1895 1896//1896
f 1896//1896 1895//1895 1887//1887
f 1896//1896 1887//1887 1888//1888
f 1682//1682 1897//1897 1898//1898
f 1898//1898 1897//1897 1899//1899
f 1682//1682 1898//1898 1685//1685
f 1685//1685 1898//1898 1900//1900
f 1685//1685 1900//1900 1686//1686
f 1686//1686 1900//1900 1901//1901
f 1686//1686 1901//1901 1689//1689
f 1691//1691 1689//1689 1888//1888
f 1888//1888 1689//1689 1901//1901
f 1888//1888 1901//1901 1896//1896
f 1896//1896 1901//1901 1900//1900
f 1896//1896 1900//1900 1894//1894
f 1894//1894 1900//1900 1898//1898
f 1894//1894 1898//1898 1892//1892
f 1892//1892 1898//1898 1899//1899
f 1892//1892 1899//1899 1889//1889
f 1902//1902 1903//1903 1904//1904
f 1905//1905 1906//1906 1907//1907
f 1908//1908 1909//1909 1910//1910
f 1906//1906 1908//1908 1907//1907
f 1907//1907 1908//1908 1910//1910
f 1907//1907 1910//1910 1911//1911
f 1911//1911 1910//1910 1912//1912
f 1911//1911 1912//1912 1913//1913
f 1913//1913 1912//1912 1914//1914
f 1913//1913 1914//1914 1755//1755
f 1755//1755 1914//1914 1757//1757
f 1903//1903 1905//1905 1904//1904
f 1904//1904 1905//1905 1907//1907
f 1904//1904 1907//1907 1915//1915
f 1915//1915 1907//1907 1911//1911
f 1915//1915 1911//1911 1916//1916
f 1916//1916 1911//1911 1913//1913
f 1916//1916 1913//1913 1752//1752
f 1752//1752 1913//1913 1755//1755
f 1917//1917 1902//1902 1918//1918
f 1918//1918 1902//1902 1904//1904
f 1918//1918 1904//1904 1919//1919
f 1919//1919 1904//1904 1915//1915
f 1919//1919 1915//1915 1920//1920
f 1920//1920 1915//1915 1916//1916
f 1920//1920 1916//1916 1748//1748
f 1748//1748 1916//1916 1752//1752
f 1921//1921 1917//1917 1922//1922
f 1922//1922 1917//1917 1918//1918
f 1922//1922 1918//1918 1923//1923
f 1923//1923 1918//1918 1919//1919
f 1923//1923 1919//1919 1924//1924
f 1924//1924 1919//1919 1920//1920
f 1924//1924 1920//1920 1747//1747
f 1747//1747 1920//1920 1748//1748
f 1747//1747 1749//1749 1771//1771
f 1771//1771 1925//1925 1926//1926
f 1771//1771 1926//1926 1747//1747
f 1747//1747 1926//1926 1921//1921
f 1747//1747 1921//1921 1924//1924
f 1924//1924 1921//1921 1922//1922
f 1924//1924 1922//1922 1923//1923
f 1771//1771 1769//1769 1925//1925
f 1925//1925 1769//1769 1927//1927
f 1927//1927 1769//1769 1928//1928
f 1928//1928 1769//1769 1781//1781
f 1928//1928 1781//1781 1929//1929
f 1929//1929 1781//1781 1930//1930
f 1930//1930 1781//1781 1780//1780
f 1930//1930 1780//1780 1931//1931
f 1931//1931 1780//1780 1932//1932
f 1932//1932 1780//1780 1778//1778
f 1932//1932 1778//1778 1933//1933
f 1707//1707 1697//1697 1696//1696
f 1934//1934 1935//1935 1778//1778
f 1778//1778 1935//1935 1936//1936
f 1778//1778 1936//1936 1933//1933
f 1707//1707 1696//1696 1778//1778
f 1934//1934 1778//1778 1937//1937
f 1937//1937 1778//1778 1696//1696
f 1937//1937 1696//1696 1938//1938
f 1934//1934 1937//1937 1939//1939
f 1940//1940 1941//1941 1942//1942
f 1942//1942 1941//1941 1943//1943
f 1944//1944 1935//1935 1934//1934
f 1939//1939 1945//1945 1946//1946
f 1946//1946 1945//1945 1947//1947
f 1946//1946 1947//1947 1943//1943
f 1943//1943 1947//1947 1942//1942
f 1934//1934 1939//1939 1944//1944
f 1944//1944 1939//1939 1946//1946
f 1944//1944 1946//1946 1948//1948
f 1948//1948 1946//1946 1943//1943
f 1948//1948 1943//1943 1949//1949
f 1949//1949 1943//1943 1941//1941
f 1949//1949 1941//1941 1950//1950
f 1945//1945 1951//1951 1947//1947
f 1947//1947 1951//1951 1942//1942
f 1942//1942 1951//1951 1952//1952
f 1942//1942 1952//1952 1940//1940
f 1937//1937 1938//1938 1939//1939
f 1939//1939 1938//1938 1953//1953
f 1939//1939 1953//1953 1945//1945
f 1945//1945 1953//1953 1954//1954
f 1945//1945 1954//1954 1951//1951
f 1695//1695 1955//1955 1701//1701
f 1701//1701 1955//1955 1956//1956
f 1701//1701 1956//1956 1698//1698
f 1938//1938 1696//1696 1953//1953
f 1953//1953 1696//1696 1698//1698
f 1953//1953 1698//1698 1954//1954
f 1954//1954 1698//1698 1956//1956
f 1954//1954 1956//1956 1951//1951
f 1951//1951 1956//1956 1955//1955
f 1951//1951 1955//1955 1952//1952
f 1704//1704 1957//1957 1694//1694
f 1694//1694 1957//1957 1958//1958
f 1958//1958 1959//1959 1694//1694
f 1694//1694 1959//1959 1960//1960
f 1694//1694 1960//1960 1695//1695
f 1711//1711 1961//1961 1710//1710
f 1710//1710 1961//1961 1962//1962
f 1710//1710 1962//1962 1704//1704
f 1704//1704 1962//1962 1957//1957
f 1961//1961 1711//1711 1963//1963
f 1963//1963 1711//1711 1724//1724
f 1743//1743 1964//1964 1741//1741
f 1741//1741 1964//1964 1965//1965
f 1741//1741 1965//1965 1739//1739
f 1739//1739 1965//1965 1737//1737
f 1737//1737 1965//1965 1966//1966
f 1737//1737 1966//1966 1736//1736
f 1736//1736 1966//1966 1734//1734
f 1734//1734 1966//1966 1963//1963
f 1734//1734 1963//1963 1724//1724
f 1764//1764 1967//1967 1684//1684
f 1684//1684 1967//1967 1964//1964
f 1684//1684 1964//1964 1758//1758
f 1758//1758 1964//1964 1743//1743
f 1682//1682 1684//1684 1968//1968
f 1968//1968 1684//1684 1758//1758
f 1968//1968 1758//1758 1969//1969
f 1969//1969 1758//1758 1757//1757
f 1826//1826 1970//1970 1824//1824
f 1824//1824 1970//1970 1971//1971
f 1824//1824 1971//1971 1816//1816
f 1816//1816 1971//1971 1972//1972
f 1816//1816 1972//1972 1814//1814
f 1814//1814 1972//1972 1973//1973
f 1814//1814 1973//1973 1812//1812
f 1812//1812 1973//1973 1974//1974
f 1812//1812 1974//1974 1833//1833
f 1833//1833 1974//1974 1975//1975
f 1833//1833 1975//1975 1831//1831
f 1831//1831 1975//1975 1976//1976
f 1831//1831 1976//1976 1829//1829
f 1829//1829 1976//1976 1977//1977
f 1829//1829 1977//1977 1821//1821
f 1821//1821 1977//1977 1978//1978
f 1821//1821 1978//1978 1819//1819
f 1819//1819 1978//1978 1979//1979
f 1819//1819 1979//1979 1818//1818
f 1818//1818 1979//1979 1980//1980
f 1818//1818 1980//1980 1817//1817
f 1817//1817 1980//1980 1981//1981
f 1817//1817 1981//1981 1826//1826
f 1826//1826 1981//1981 1970//1970
f 1766//1766 1982//1982 1765//1765
f 1765//1765 1982//1982 1983//1983
f 1765//1765 1983//1983 1772//1772
f 1772//1772 1983//1983 1984//1984
f 1772//1772 1984//1984 1770//1770
f 1770//1770 1984//1984 1985//1985
f 1770//1770 1985//1985 1768//1768
f 1768//1768 1985//1985 1986//1986
f 1768//1768 1986//1986 1779//1779
f 1779//1779 1986//1986 1987//1987
f 1779//1779 1987//1987 1777//1777
f 1777//1777 1987//1987 1988//1988
f 1777//1777 1988//1988 1776//1776
f 1776//1776 1988//1988 1989//1989
f 1776//1776 1989//1989 1775//1775
f 1775//1775 1989//1989 1990//1990
f 1775//1775 1990//1990 1774//1774
f 1774//1774 1990//1990 1991//1991
f 1774//1774 1991//1991 1773//1773
f 1773//1773 1991//1991 1992//1992
f 1773//1773 1992//1992 1767//1767
f 1767//1767 1992//1992 1993//1993
f 1767//1767 1993//1993 1766//1766
f 1766//1766 1993//1993 1982//1982
f 1786//1786 1994//1994 1785//1785
f 1785//1785 1994//1994 1995//1995
f 1784//1784 1996//1996 1786//1786
f 1786//1786 1996//1996 1994//1994
f 1783//1783 1997//1997 1784//1784
f 1784//1784 1997//1997 1996//1996
f 1792//1792 1998//1998 1783//1783
f 1783//1783 1998//1998 1997//1997
f 1998//1998 1792//1792 1791//1791
f 1998//1998 1791//1791 1999//1999
f 1999//1999 1791//1791 1790//1790
f 1999//1999 1790//1790 2000//2000
f 2000//2000 1790//1790 1789//1789
f 2000//2000 1789//1789 2001//2001
f 2001//2001 1789//1789 1788//1788
f 2001//2001 1788//1788 2002//2002
f 2002//2002 1788//1788 1787//1787
f 2002//2002 1787//1787 2003//2003
f 2003//2003 1787//1787 1800//1800
f 2003//2003 1800//1800 2004//2004
f 2004//2004 1800//1800 1799//1799
f 2004//2004 1799//1799 2005//2005
f 2005//2005 1799//1799 1798//1798
f 2005//2005 1798//1798 2006//2006
f 2006//2006 1798//1798 1797//1797
f 2006//2006 1797//1797 2007//2007
f 2007//2007 1797//1797 1782//1782
f 2007//2007 1782//1782 2008//2008
f 2008//2008 1782//1782 1803//1803
f 2008//2008 1803//1803 2009//2009
f 2009//2009 1803//1803 1811//1811
f 2009//2009 1811//1811 2010//2010
f 2010//2010 1811//1811 1810//1810
f 2010//2010 1810//1810 2011//2011
f 2011//2011 1810//1810 1808//1808
f 2011//2011 1808//1808 2012//2012
f 1806//1806 2013//2013 1808//1808
f 1808//1808 2013//2013 2012//2012
f 1805//1805 2014//2014 1806//1806
f 1806//1806 2014//2014 2013//2013
f 1807//1807 2015//2015 1805//1805
f 1805//1805 2015//2015 2014//2014
f 2015//2015 1807//1807 1809//1809
f 2015//2015 1809//1809 2016//2016
f 2016//2016 1809//1809 1804//1804
f 2016//2016 1804//1804 2017//2017
f 2017//2017 1804//1804 1802//1802
f 2017//2017 1802//1802 2018//2018
f 2018//2018 1802//1802 1801//1801
f 2018//2018 1801//1801 2019//2019
f 2019//2019 1801//1801 1796//1796
f 2019//2019 1796//1796 2020//2020
f 2020//2020 1796//1796 1795//1795
f 2020//2020 1795//1795 2021//2021
f 2021//2021 1795//1795 1794//1794
f 2021//2021 1794//1794 2022//2022
f 2022//2022 1794//1794 1793//1793
f 2022//2022 1793//1793 2023//2023
f 1785//1785 1995//1995 1793//1793
f 1793//1793 1995//1995 2023//2023
f 2024//2024 1959//1959 1958//1958
f 1958//1958 2025//2025 2024//2024
f 2024//2024 2025//2025 2026//2026
f 2024//2024 2026//2026 2027//2027
f 2028//2028 2029//2029 2030//2030
f 2031//2031 2028//2028 2032//2032
f 2028//2028 2030//2030 2032//2032
f 2032//2032 2030//2030 2033//2033
f 2032//2032 2033//2033 2034//2034
f 2034//2034 2033//2033 2035//2035
f 2034//2034 2035//2035 2036//2036
f 2036//2036 2035//2035 1959//1959
f 2036//2036 1959//1959 2024//2024
f 2031//2031 2032//2032 2037//2037
f 2037//2037 2032//2032 2034//2034
f 2037//2037 2034//2034 2038//2038
f 2038//2038 2034//2034 2036//2036
f 2038//2038 2036//2036 2039//2039
f 2039//2039 2036//2036 2024//2024
f 2039//2039 2024//2024 2027//2027
f 1868//1868 1866//1866 1834//1834
f 1834//1834 1866//1866 1835//1835
f 1858//1858 2040//2040 1864//1864
f 1864//1864 2040//2040 2041//2041
f 1864//1864 2041//2041 1866//1866
f 1866//1866 2041//2041 1813//1813
f 1866//1866 1813//1813 1835//1835
f 2042//2042 2043//2043 1857//1857
f 1857//1857 2043//2043 2044//2044
f 1857//1857 2044//2044 1858//1858
f 1858//1858 2044//2044 2045//2045
f 1858//1858 2045//2045 2040//2040
f 2043//2043 2042//2042 1853//1853
f 2043//2043 1853//1853 2044//2044
f 1815//1815 1813//1813 1842//1842
f 1842//1842 1813//1813 2041//2041
f 1842//1842 2041//2041 1836//1836
f 1836//1836 2041//2041 2040//2040
f 1836//1836 2040//2040 1837//1837
f 1837//1837 2040//2040 2045//2045
f 1837//1837 2045//2045 1839//1839
f 1839//1839 2045//2045 2044//2044
f 1839//1839 2044//2044 1840//1840
f 1840//1840 2044//2044 1853//1853
f 1853//1853 2046//2046 1852//1852
f 1852//1852 2046//2046 2047//2047
f 1852//1852 2047//2047 1851//1851
f 1851//1851 2047//2047 1849//1849
f 1849//1849 2047//2047 2048//2048
f 1849//1849 2048//2048 1848//1848
f 1848//1848 2048//2048 1846//1846
f 1846//1846 2048//2048 1967//1967
f 1846//1846 1967//1967 1764//1764
f 2049//2049 2050//2050 2051//2051
f 2051//2051 2050//2050 2052//2052
f 2051//2051 2052//2052 2053//2053
f 2054//2054 2055//2055 2051//2051
f 2051//2051 2055//2055 2056//2056
f 2051//2051 2056//2056 2049//2049
f 2057//2057 2058//2058 2051//2051
f 2051//2051 2058//2058 2059//2059
f 2051//2051 2059//2059 2054//2054
f 2053//2053 2060//2060 2051//2051
f 2051//2051 2060//2060 2061//2061
f 2051//2051 2061//2061 2057//2057
f 2062//2062 2063//2063 2064//2064
f 2064//2064 2063//2063 2065//2065
f 2064//2064 2065//2065 2066//2066
f 2067//2067 2068//2068 2064//2064
f 2064//2064 2068//2068 2069//2069
f 2064//2064 2069//2069 2062//2062
f 2070//2070 2071//2071 2064//2064
f 2064//2064 2071//2071 2072//2072
f 2064//2064 2072//2072 2067//2067
f 2066//2066 2073//2073 2064//2064
f 2064//2064 2073//2073 2074//2074
f 2064//2064 2074//2074 2070//2070
f 2075//2075 2076//2076 2077//2077
f 2077//2077 2076//2076 2078//2078
f 2077//2077 2078//2078 2079//2079
f 2080//2080 2081//2081 2077//2077
f 2077//2077 2081//2081 2082//2082
f 2077//2077 2082//2082 2075//2075
f 2083//2083 2084//2084 2077//2077
f 2077//2077 2084//2084 2085//2085
f 2077//2077 2085//2085 2080//2080
f 2079//2079 2086//2086 2077//2077
f 2077//2077 2086//2086 2087//2087
f 2077//2077 2087//2087 2083//2083
f 2088//2088 1326//1326 1327//1327
f 1859//1859 2089//2089 1856//1856
f 1856//1856 2089//2089 2090//2090
f 1856//1856 2090//2090 2088//2088
f 2088//2088 1327//1327 1856//1856
f 1856//1856 1327//1327 1328//1328
f 1856//1856 1328//1328 1857//1857
f 1871//1871 1872//1872 2091//2091
f 2092//2092 2093//2093 2094//2094
f 2095//2095 2096//2096 2097//2097
f 1863//1863 1870//1870 2098//2098
f 2099//2099 2100//2100 2101//2101
f 1872//1872 1873//1873 2091//2091
f 2091//2091 1873//1873 1875//1875
f 2091//2091 1875//1875 2102//2102
f 2102//2102 1875//1875 1874//1874
f 2102//2102 1874//1874 1878//1878
f 1861//1861 1863//1863 2103//2103
f 2103//2103 1863//1863 2098//2098
f 2103//2103 2098//2098 2104//2104
f 2104//2104 2098//2098 2105//2105
f 2099//2099 2106//2106 2095//2095
f 2095//2095 2106//2106 2107//2107
f 2095//2095 2107//2107 2096//2096
f 2096//2096 2107//2107 2108//2108
f 2097//2097 2109//2109 2095//2095
f 2095//2095 2109//2109 2110//2110
f 2095//2095 2110//2110 2099//2099
f 2099//2099 2110//2110 2111//2111
f 2099//2099 2111//2111 2100//2100
f 1859//1859 1861//1861 2112//2112
f 2112//2112 1861//1861 2103//2103
f 2112//2112 2103//2103 2101//2101
f 2101//2101 2103//2103 2104//2104
f 2101//2101 2104//2104 2099//2099
f 2099//2099 2104//2104 2105//2105
f 2099//2099 2105//2105 2106//2106
f 2106//2106 2105//2105 2113//2113
f 2106//2106 2113//2113 2107//2107
f 2107//2107 2113//2113 2094//2094
f 2107//2107 2094//2094 2108//2108
f 2108//2108 2094//2094 2093//2093
f 1876//1876 2092//2092 1877//1877
f 1877//1877 2092//2092 2094//2094
f 1877//1877 2094//2094 1878//1878
f 1878//1878 2094//2094 2113//2113
f 1878//1878 2113//2113 2102//2102
f 2102//2102 2113//2113 2105//2105
f 2102//2102 2105//2105 2091//2091
f 2091//2091 2105//2105 2098//2098
f 2091//2091 2098//2098 1871//1871
f 1871//1871 2098//2098 1870//1870
f 2114//2114 2115//2115 2116//2116
f 2116//2116 2117//2117 2118//2118
f 2092//2092 1876//1876 1879//1879
f 2096//2096 2119//2119 2097//2097
f 2097//2097 2119//2119 2120//2120
f 2120//2120 2119//2119 2121//2121
f 2121//2121 2119//2119 2122//2122
f 2121//2121 2122//2122 2123//2123
f 2124//2124 2125//2125 2126//2126
f 2126//2126 2125//2125 2127//2127
f 2126//2126 2127//2127 2128//2128
f 2128//2128 2127//2127 2129//2129
f 2128//2128 2129//2129 2122//2122
f 2122//2122 2129//2129 2130//2130
f 2122//2122 2130//2130 2123//2123
f 2131//2131 2132//2132 2124//2124
f 2124//2124 2132//2132 2133//2133
f 2124//2124 2133//2133 2125//2125
f 2096//2096 2108//2108 2119//2119
f 2119//2119 2108//2108 2134//2134
f 2119//2119 2134//2134 2122//2122
f 2122//2122 2134//2134 2135//2135
f 2122//2122 2135//2135 2128//2128
f 2128//2128 2135//2135 2136//2136
f 2128//2128 2136//2136 2126//2126
f 2126//2126 2136//2136 2137//2137
f 2126//2126 2137//2137 2124//2124
f 1883//1883 2138//2138 1884//1884
f 1884//1884 2138//2138 2115//2115
f 1884//1884 2115//2115 1885//1885
f 1885//1885 2115//2115 2114//2114
f 1885//1885 2114//2114 1881//1881
f 2116//2116 2115//2115 2117//2117
f 2117//2117 2115//2115 2138//2138
f 2117//2117 2138//2138 2139//2139
f 2139//2139 2138//2138 1883//1883
f 2139//2139 1883//1883 1882//1882
f 2108//2108 2093//2093 2134//2134
f 2134//2134 2093//2093 2140//2140
f 2134//2134 2140//2140 2135//2135
f 2135//2135 2140//2140 2141//2141
f 2135//2135 2141//2141 2136//2136
f 2136//2136 2141//2141 2142//2142
f 2136//2136 2142//2142 2137//2137
f 2137//2137 2142//2142 2143//2143
f 2144//2144 2131//2131 2118//2118
f 2118//2118 2131//2131 2124//2124
f 2118//2118 2124//2124 2116//2116
f 2116//2116 2124//2124 2137//2137
f 2116//2116 2137//2137 2114//2114
f 2114//2114 2137//2137 2143//2143
f 2114//2114 2143//2143 1881//1881
f 1881//1881 2143//2143 2142//2142
f 1881//1881 2142//2142 1880//1880
f 1880//1880 2142//2142 2141//2141
f 1880//1880 2141//2141 1879//1879
f 1879//1879 2141//2141 2140//2140
f 1879//1879 2140//2140 2092//2092
f 2092//2092 2140//2140 2093//2093
f 2139//2139 1882//1882 1886//1886
f 2145//2145 2144//2144 2118//2118
f 2145//2145 2118//2118 2146//2146
f 2146//2146 2118//2118 2117//2117
f 2146//2146 2117//2117 2147//2147
f 2147//2147 2117//2117 2139//2139
f 2147//2147 2139//2139 2148//2148
f 2148//2148 2139//2139 1886//1886
f 2148//2148 1886//1886 1887//1887
f 1887//1887 1895//1895 2148//2148
f 2148//2148 1895//1895 1893//1893
f 2148//2148 1893//1893 2147//2147
f 2147//2147 1893//1893 1891//1891
f 2147//2147 1891//1891 2146//2146
f 2146//2146 1891//1891 1890//1890
f 2146//2146 1890//1890 2145//2145
f 2149//2149 2150//2150 2151//2151
f 1910//1910 1909//1909 2152//2152
f 2149//2149 2151//2151 2153//2153
f 1910//1910 2154//2154 1912//1912
f 1912//1912 2154//2154 2155//2155
f 1912//1912 2155//2155 1914//1914
f 1914//1914 2155//2155 1969//1969
f 1914//1914 1969//1969 1757//1757
f 2156//2156 1899//1899 1897//1897
f 2157//2157 1890//1890 2156//2156
f 2156//2156 1890//1890 1889//1889
f 2156//2156 1889//1889 1899//1899
f 2157//2157 2156//2156 2158//2158
f 2158//2158 2156//2156 2159//2159
f 2158//2158 2159//2159 2160//2160
f 2161//2161 2162//2162 2159//2159
f 2159//2159 2162//2162 2163//2163
f 2159//2159 2163//2163 2160//2160
f 2150//2150 2161//2161 2151//2151
f 2151//2151 2161//2161 2159//2159
f 2151//2151 2159//2159 2164//2164
f 2164//2164 2159//2159 2156//2156
f 2164//2164 2156//2156 1968//1968
f 1968//1968 2156//2156 1897//1897
f 1968//1968 1897//1897 1682//1682
f 2152//2152 2153//2153 1910//1910
f 1910//1910 2153//2153 2151//2151
f 1910//1910 2151//2151 2154//2154
f 2154//2154 2151//2151 2164//2164
f 2154//2154 2164//2164 2155//2155
f 2155//2155 2164//2164 1968//1968
f 2155//2155 1968//1968 1969//1969
f 1917//1917 2165//2165 2166//2166
f 2167//2167 2168//2168 2169//2169
f 2169//2169 2168//2168 2170//2170
f 2169//2169 2170//2170 1908//1908
f 1908//1908 2170//2170 1909//1909
f 1908//1908 1906//1906 2169//2169
f 2169//2169 1906//1906 2171//2171
f 2169//2169 2171//2171 2167//2167
f 1906//1906 1905//1905 2171//2171
f 2171//2171 1905//1905 1903//1903
f 2171//2171 1903//1903 2166//2166
f 2166//2166 1903//1903 1902//1902
f 2166//2166 1902//1902 1917//1917
f 2172//2172 2173//2173 2165//2165
f 2165//2165 2173//2173 2174//2174
f 2165//2165 2174//2174 2166//2166
f 2166//2166 2174//2174 2175//2175
f 2166//2166 2175//2175 2171//2171
f 2171//2171 2175//2175 2176//2176
f 2171//2171 2176//2176 2167//2167
f 1925//1925 2172//2172 1926//1926
f 1926//1926 2172//2172 2165//2165
f 1926//1926 2165//2165 1921//1921
f 1921//1921 2165//2165 1917//1917
f 1930//1930 1931//1931 2177//2177
f 1932//1932 1933//1933 2178//2178
f 2179//2179 2180//2180 2181//2181
f 2176//2176 2182//2182 2167//2167
f 2167//2167 2182//2182 2183//2183
f 2167//2167 2183//2183 2168//2168
f 2184//2184 2185//2185 2186//2186
f 2186//2186 2185//2185 2187//2187
f 2186//2186 2187//2187 2182//2182
f 2182//2182 2187//2187 2188//2188
f 2182//2182 2188//2188 2183//2183
f 2189//2189 2190//2190 2191//2191
f 2191//2191 2190//2190 2192//2192
f 2191//2191 2192//2192 2193//2193
f 1927//1927 1928//1928 2194//2194
f 2194//2194 1928//1928 2195//2195
f 2194//2194 2195//2195 2196//2196
f 2195//2195 2197//2197 2196//2196
f 2196//2196 2197//2197 2198//2198
f 2196//2196 2198//2198 2199//2199
f 2193//2193 2184//2184 2191//2191
f 2191//2191 2184//2184 2186//2186
f 2191//2191 2186//2186 2198//2198
f 2198//2198 2186//2186 2182//2182
f 2198//2198 2182//2182 2199//2199
f 2199//2199 2182//2182 2176//2176
f 1931//1931 1932//1932 2177//2177
f 2177//2177 1932//1932 2178//2178
f 2177//2177 2178//2178 2179//2179
f 2179//2179 2178//2178 2200//2200
f 2179//2179 2200//2200 2180//2180
f 1925//1925 1927//1927 2172//2172
f 2172//2172 1927//1927 2194//2194
f 2172//2172 2194//2194 2173//2173
f 2173//2173 2194//2194 2196//2196
f 2173//2173 2196//2196 2174//2174
f 2174//2174 2196//2196 2199//2199
f 2174//2174 2199//2199 2175//2175
f 2175//2175 2199//2199 2176//2176
f 1928//1928 1929//1929 2195//2195
f 2195//2195 1929//1929 1930//1930
f 2195//2195 1930//1930 2197//2197
f 2197//2197 1930//1930 2177//2177
f 2197//2197 2177//2177 2198//2198
f 2198//2198 2177//2177 2179//2179
f 2198//2198 2179//2179 2191//2191
f 2191//2191 2179//2179 2181//2181
f 2191//2191 2181//2181 2189//2189
f 2201//2201 2202//2202 2203//2203
f 2201//2201 2203//2203 1950//1950
f 2202//2202 2204//2204 2203//2203
f 2203//2203 2204//2204 2205//2205
f 2203//2203 2205//2205 2189//2189
f 1933//1933 1936//1936 2178//2178
f 2178//2178 1936//1936 2206//2206
f 2178//2178 2206//2206 2200//2200
f 2200//2200 2206//2206 2207//2207
f 2200//2200 2207//2207 2180//2180
f 2180//2180 2207//2207 2203//2203
f 2180//2180 2203//2203 2181//2181
f 2181//2181 2203//2203 2189//2189
f 1950//1950 2203//2203 1949//1949
f 1949//1949 2203//2203 2207//2207
f 1949//1949 2207//2207 1948//1948
f 1948//1948 2207//2207 2206//2206
f 1948//1948 2206//2206 1944//1944
f 1944//1944 2206//2206 1936//1936
f 1944//1944 1936//1936 1935//1935
f 1940//1940 2208//2208 1941//1941
f 1941//1941 2208//2208 1950//1950
f 1695//1695 1960//1960 2209//2209
f 2210//2210 2208//2208 1940//1940
f 2029//2029 2210//2210 2211//2211
f 2211//2211 2210//2210 1940//1940
f 2211//2211 1940//1940 2212//2212
f 2212//2212 1940//1940 1952//1952
f 2212//2212 1952//1952 2209//2209
f 2209//2209 1952//1952 1955//1955
f 2209//2209 1955//1955 1695//1695
f 2029//2029 2211//2211 2030//2030
f 2030//2030 2211//2211 2212//2212
f 2030//2030 2212//2212 2033//2033
f 2033//2033 2212//2212 2209//2209
f 2033//2033 2209//2209 2035//2035
f 2035//2035 2209//2209 1960//1960
f 2035//2035 1960//1960 1959//1959
f 2023//2023 1995//1995 1994//1994
f 1962//1962 1961//1961 1994//1994
f 1985//1985 1984//1984 2013//2013
f 1962//1962 1994//1994 1957//1957
f 2013//2013 1984//1984 1964//1964
f 1994//1994 2016//2016 2017//2017
f 1964//1964 1980//1980 1979//1979
f 1992//1992 1991//1991 1961//1961
f 1961//1961 1991//1991 1990//1990
f 2026//2026 2025//2025 1994//1994
f 1994//1994 2025//2025 1958//1958
f 1994//1994 1958//1958 1957//1957
f 1984//1984 1983//1983 1964//1964
f 1964//1964 1983//1983 1982//1982
f 1964//1964 1982//1982 1965//1965
f 1965//1965 1982//1982 1993//1993
f 1965//1965 1993//1993 1966//1966
f 1966//1966 1993//1993 1992//1992
f 1966//1966 1992//1992 1963//1963
f 1963//1963 1992//1992 1961//1961
f 1990//1990 1989//1989 1961//1961
f 1961//1961 1989//1989 2014//2014
f 1961//1961 2014//2014 1994//1994
f 1994//1994 2014//2014 2015//2015
f 1994//1994 2015//2015 2016//2016
f 1365//1365 1974//1974 2046//2046
f 2046//2046 1974//1974 1973//1973
f 2046//2046 1973//1973 2047//2047
f 2047//2047 1973//1973 1972//1972
f 2047//2047 1972//1972 2048//2048
f 2048//2048 1972//1972 1971//1971
f 2048//2048 1971//1971 1967//1967
f 1967//1967 1971//1971 1970//1970
f 1967//1967 1970//1970 1964//1964
f 1964//1964 1970//1970 1981//1981
f 1964//1964 1981//1981 1980//1980
f 1989//1989 1988//1988 2014//2014
f 2014//2014 1988//1988 1987//1987
f 2014//2014 1987//1987 2013//2013
f 2013//2013 1987//1987 1986//1986
f 2013//2013 1986//1986 1985//1985
f 1977//1977 1976//1976 1365//1365
f 1365//1365 1976//1976 1975//1975
f 1365//1365 1975//1975 1974//1974
f 2017//2017 2018//2018 1994//1994
f 1994//1994 2018//2018 2019//2019
f 1994//1994 2019//2019 2020//2020
f 2020//2020 2021//2021 1994//1994
f 1994//1994 2021//2021 2022//2022
f 1994//1994 2022//2022 2023//2023
f 2008//2008 2009//2009 2007//2007
f 2007//2007 2009//2009 2010//2010
f 2007//2007 2010//2010 2011//2011
f 2001//2001 1978//1978 2000//2000
f 2000//2000 1978//1978 1977//1977
f 2000//2000 1977//1977 1999//1999
f 2001//2001 2002//2002 1978//1978
f 1978//1978 2002//2002 2003//2003
f 1978//1978 2003//2003 1979//1979
f 1979//1979 2003//2003 2004//2004
f 1979//1979 2004//2004 1964//1964
f 2004//2004 2005//2005 1964//1964
f 1964//1964 2005//2005 2006//2006
f 1964//1964 2006//2006 2013//2013
f 2013//2013 2006//2006 2007//2007
f 2013//2013 2007//2007 2012//2012
f 2012//2012 2007//2007 2011//2011
f 2026//2026 1994//1994 1366//1366
f 1366//1366 1994//1994 1996//1996
f 1366//1366 1996//1996 1365//1365
f 1365//1365 1996//1996 1997//1997
f 1365//1365 1997//1997 1977//1977
f 1977//1977 1997//1997 1998//1998
f 1977//1977 1998//1998 1999//1999
f 2027//2027 2026//2026 2213//2213
f 2213//2213 2026//2026 1366//1366
f 2213//2213 1366//1366 1367//1367
f 2027//2027 2213//2213 2214//2214
f 1372//1372 2215//2215 2216//2216
f 1372//1372 2216//2216 1371//1371
f 1371//1371 2216//2216 2214//2214
f 1371//1371 2214//2214 1369//1369
f 1369//1369 2214//2214 2213//2213
f 1369//1369 2213//2213 1367//1367
f 2215//2215 2031//2031 2037//2037
f 2215//2215 2037//2037 2216//2216
f 2216//2216 2037//2037 2038//2038
f 2216//2216 2038//2038 2214//2214
f 2214//2214 2038//2038 2039//2039
f 2214//2214 2039//2039 2027//2027
f 1376//1376 1375//1375 2217//2217
f 2218//2218 2219//2219 2220//2220
f 2221//2221 2222//2222 2223//2223
f 2223//2223 2222//2222 2224//2224
f 2223//2223 2224//2224 2225//2225
f 2221//2221 2223//2223 2220//2220
f 2220//2220 2223//2223 2226//2226
f 2220//2220 2226//2226 2218//2218
f 2217//2217 2227//2227 1376//1376
f 1376//1376 2227//2227 2223//2223
f 1376//1376 2223//2223 2228//2228
f 2228//2228 2223//2223 2225//2225
f 2229//2229 1509//1509 2230//2230
f 2231//2231 2088//2088 2232//2232
f 2233//2233 2229//2229 2232//2232
f 2232//2232 2229//2229 2230//2230
f 2232//2232 2230//2230 2231//2231
f 2231//2231 2230//2230 2234//2234
f 2231//2231 2234//2234 2088//2088
f 2088//2088 2234//2234 1326//1326
f 2046//2046 1853//1853 2042//2042
f 1857//1857 1328//1328 2042//2042
f 2042//2042 1328//1328 1365//1365
f 2042//2042 1365//1365 2046//2046
f 2052//2052 2235//2235 2053//2053
f 2053//2053 2235//2235 2236//2236
f 2053//2053 2236//2236 2060//2060
f 2060//2060 2236//2236 2237//2237
f 2060//2060 2237//2237 2061//2061
f 2061//2061 2237//2237 2238//2238
f 2061//2061 2238//2238 2057//2057
f 2057//2057 2238//2238 2239//2239
f 2057//2057 2239//2239 2058//2058
f 2058//2058 2239//2239 2240//2240
f 2058//2058 2240//2240 2059//2059
f 2059//2059 2240//2240 2241//2241
f 2059//2059 2241//2241 2054//2054
f 2054//2054 2241//2241 2242//2242
f 2054//2054 2242//2242 2055//2055
f 2055//2055 2242//2242 2243//2243
f 2055//2055 2243//2243 2056//2056
f 2056//2056 2243//2243 2244//2244
f 2056//2056 2244//2244 2049//2049
f 2049//2049 2244//2244 2245//2245
f 2049//2049 2245//2245 2050//2050
f 2050//2050 2245//2245 2246//2246
f 2050//2050 2246//2246 2052//2052
f 2052//2052 2246//2246 2235//2235
f 2065//2065 2247//2247 2066//2066
f 2066//2066 2247//2247 2248//2248
f 2066//2066 2248//2248 2073//2073
f 2073//2073 2248//2248 2249//2249
f 2073//2073 2249//2249 2074//2074
f 2074//2074 2249//2249 2250//2250
f 2074//2074 2250//2250 2070//2070
f 2070//2070 2250//2250 2251//2251
f 2070//2070 2251//2251 2071//2071
f 2071//2071 2251//2251 2252//2252
f 2071//2071 2252//2252 2072//2072
f 2072//2072 2252//2252 2253//2253
f 2072//2072 2253//2253 2067//2067
f 2067//2067 2253//2253 2254//2254
f 2067//2067 2254//2254 2068//2068
f 2068//2068 2254//2254 2255//2255
f 2068//2068 2255//2255 2069//2069
f 2069//2069 2255//2255 2256//2256
f 2069//2069 2256//2256 2062//2062
f 2062//2062 2256//2256 2257//2257
f 2062//2062 2257//2257 2063//2063
f 2063//2063 2257//2257 2258//2258
f 2063//2063 2258//2258 2065//2065
f 2065//2065 2258//2258 2247//2247
f 2078//2078 2259//2259 2079//2079
f 2079//2079 2259//2259 2260//2260
f 2079//2079 2260//2260 2086//2086
f 2086//2086 2260//2260 2261//2261
f 2086//2086 2261//2261 2087//2087
f 2087//2087 2261//2261 2262//2262
f 2087//2087 2262//2262 2083//2083
f 2083//2083 2262//2262 2263//2263
f 2083//2083 2263//2263 2084//2084
f 2084//2084 2263//2263 2264//2264
f 2084//2084 2264//2264 2085//2085
f 2085//2085 2264//2264 2265//2265
f 2085//2085 2265//2265 2080//2080
f 2080//2080 2265//2265 2266//2266
f 2080//2080 2266//2266 2081//2081
f 2081//2081 2266//2266 2267//2267
f 2081//2081 2267//2267 2082//2082
f 2082//2082 2267//2267 2268//2268
f 2082//2082 2268//2268 2075//2075
f 2075//2075 2268//2268 2269//2269
f 2075//2075 2269//2269 2076//2076
f 2076//2076 2269//2269 2270//2270
f 2076//2076 2270//2270 2078//2078
f 2078//2078 2270//2270 2259//2259
f 2271//2271 2272//2272 2273//2273
f 2273//2273 2272//2272 2274//2274
f 2275//2275 2276//2276 2277//2277
f 2278//2278 2100//2100 2111//2111
f 1950//1950 2279//2279 2280//2280
f 2210//2210 2029//2029 2281//2281
f 2215//2215 2282//2282 2031//2031
f 2031//2031 2282//2282 2281//2281
f 2031//2031 2281//2281 2028//2028
f 2028//2028 2281//2281 2029//2029
f 2279//2279 1950//1950 2281//2281
f 2281//2281 1950//1950 2208//2208
f 2281//2281 2208//2208 2210//2210
f 2205//2205 2204//2204 2280//2280
f 2204//2204 2202//2202 2280//2280
f 2280//2280 2202//2202 2201//2201
f 2280//2280 2201//2201 1950//1950
f 2185//2185 2184//2184 2283//2283
f 2190//2190 2284//2284 2192//2192
f 2192//2192 2284//2284 2283//2283
f 2192//2192 2283//2283 2193//2193
f 2193//2193 2283//2283 2184//2184
f 2168//2168 2183//2183 2285//2285
f 2286//2286 2150//2150 2287//2287
f 2287//2287 2150//2150 2149//2149
f 2287//2287 2149//2149 2285//2285
f 2285//2285 2149//2149 2153//2153
f 2285//2285 2153//2153 2168//2168
f 2168//2168 2153//2153 2152//2152
f 2168//2168 2152//2152 2170//2170
f 2170//2170 2152//2152 1909//1909
f 2163//2163 2162//2162 2286//2286
f 2286//2286 2162//2162 2161//2161
f 2286//2286 2161//2161 2150//2150
f 2163//2163 2286//2286 2160//2160
f 2160//2160 2286//2286 2288//2288
f 2160//2160 2288//2288 2158//2158
f 2158//2158 2288//2288 2289//2289
f 2158//2158 2289//2289 2157//2157
f 2157//2157 2289//2289 2290//2290
f 2157//2157 2290//2290 1890//1890
f 2129//2129 2127//2127 2290//2290
f 2290//2290 2127//2127 2125//2125
f 2125//2125 2133//2133 2290//2290
f 2290//2290 2133//2133 2132//2132
f 2290//2290 2132//2132 2131//2131
f 2131//2131 2144//2144 2290//2290
f 2290//2290 2144//2144 2145//2145
f 2290//2290 2145//2145 1890//1890
f 2277//2277 2120//2120 2121//2121
f 2277//2277 2121//2121 2291//2291
f 2291//2291 2121//2121 2123//2123
f 2291//2291 2123//2123 2130//2130
f 2111//2111 2110//2110 2292//2292
f 2110//2110 2109//2109 2292//2292
f 2292//2292 2109//2109 2097//2097
f 2292//2292 2097//2097 2120//2120
f 2100//2100 2278//2278 2101//2101
f 2101//2101 2278//2278 2293//2293
f 2101//2101 2293//2293 2112//2112
f 1859//1859 2112//2112 2089//2089
f 2089//2089 2112//2112 2293//2293
f 2089//2089 2293//2293 2090//2090
f 2294//2294 2295//2295 2296//2296
f 2296//2296 2295//2295 2233//2233
f 2296//2296 2233//2233 2232//2232
f 2297//2297 2298//2298 2296//2296
f 2296//2296 2298//2298 2299//2299
f 2296//2296 2299//2299 2294//2294
f 2300//2300 2301//2301 2302//2302
f 2302//2302 2301//2301 2303//2303
f 2302//2302 2303//2303 2297//2297
f 2297//2297 2303//2303 2304//2304
f 2297//2297 2304//2304 2298//2298
f 2305//2305 2306//2306 2307//2307
f 2307//2307 2306//2306 2308//2308
f 2120//2120 2277//2277 2292//2292
f 2292//2292 2277//2277 2276//2276
f 2292//2292 2276//2276 2309//2309
f 2310//2310 2311//2311 2291//2291
f 2291//2291 2311//2311 2312//2312
f 2291//2291 2312//2312 2277//2277
f 2277//2277 2312//2312 2313//2313
f 2277//2277 2313//2313 2275//2275
f 2314//2314 2315//2315 2316//2316
f 2316//2316 2317//2317 2314//2314
f 2314//2314 2317//2317 2318//2318
f 2314//2314 2318//2318 2273//2273
f 2273//2273 2318//2318 2319//2319
f 2273//2273 2319//2319 2271//2271
f 2188//2188 2187//2187 2320//2320
f 2320//2320 2187//2187 2185//2185
f 2320//2320 2185//2185 2321//2321
f 2321//2321 2185//2185 2283//2283
f 2321//2321 2283//2283 2322//2322
f 2322//2322 2283//2283 2323//2323
f 2322//2322 2323//2323 2324//2324
f 2325//2325 2326//2326 2327//2327
f 2327//2327 2326//2326 2328//2328
f 2327//2327 2328//2328 2284//2284
f 2284//2284 2328//2328 2329//2329
f 2284//2284 2329//2329 2283//2283
f 2283//2283 2329//2329 2330//2330
f 2283//2283 2330//2330 2323//2323
f 2190//2190 2189//2189 2284//2284
f 2284//2284 2189//2189 2205//2205
f 2284//2284 2205//2205 2327//2327
f 2327//2327 2205//2205 2280//2280
f 2327//2327 2280//2280 2325//2325
f 2281//2281 2331//2331 2279//2279
f 2279//2279 2331//2331 2332//2332
f 2279//2279 2332//2332 2280//2280
f 2280//2280 2332//2332 2333//2333
f 2280//2280 2333//2333 2325//2325
f 2334//2334 2335//2335 2282//2282
f 2282//2282 2335//2335 2336//2336
f 2282//2282 2336//2336 2281//2281
f 2281//2281 2336//2336 2337//2337
f 2281//2281 2337//2337 2331//2331
f 2338//2338 2339//2339 2334//2334
f 2339//2339 2338//2338 2340//2340
f 2340//2340 2338//2338 2341//2341
f 2340//2340 2341//2341 2342//2342
f 2215//2215 1372//1372 2343//2343
f 2334//2334 2282//2282 2338//2338
f 2338//2338 2282//2282 2215//2215
f 2338//2338 2215//2215 2341//2341
f 2341//2341 2215//2215 2343//2343
f 2341//2341 2343//2343 2342//2342
f 2308//2308 2300//2300 2307//2307
f 2307//2307 2300//2300 2302//2302
f 2307//2307 2302//2302 2344//2344
f 2344//2344 2302//2302 2297//2297
f 2344//2344 2297//2297 2345//2345
f 2345//2345 2297//2297 2296//2296
f 2345//2345 2296//2296 2346//2346
f 2346//2346 2296//2296 2232//2232
f 2130//2130 2129//2129 2291//2291
f 2291//2291 2129//2129 2290//2290
f 2291//2291 2290//2290 2310//2310
f 2310//2310 2290//2290 2289//2289
f 2310//2310 2289//2289 2274//2274
f 2274//2274 2289//2289 2288//2288
f 2274//2274 2288//2288 2273//2273
f 2273//2273 2288//2288 2286//2286
f 2273//2273 2286//2286 2314//2314
f 2314//2314 2286//2286 2287//2287
f 2314//2314 2287//2287 2315//2315
f 2324//2324 2316//2316 2322//2322
f 2322//2322 2316//2316 2315//2315
f 2322//2322 2315//2315 2321//2321
f 2321//2321 2315//2315 2287//2287
f 2321//2321 2287//2287 2320//2320
f 2320//2320 2287//2287 2285//2285
f 2320//2320 2285//2285 2188//2188
f 2188//2188 2285//2285 2183//2183
f 2309//2309 2305//2305 2292//2292
f 2292//2292 2305//2305 2307//2307
f 2292//2292 2307//2307 2111//2111
f 2111//2111 2307//2307 2344//2344
f 2111//2111 2344//2344 2278//2278
f 2278//2278 2344//2344 2345//2345
f 2278//2278 2345//2345 2293//2293
f 2293//2293 2345//2345 2346//2346
f 2293//2293 2346//2346 2090//2090
f 2090//2090 2346//2346 2232//2232
f 2090//2090 2232//2232 2088//2088
f 1509//1509 2229//2229 2347//2347
f 1509//1509 2347//2347 2348//2348
f 2348//2348 2347//2347 2349//2349
f 2348//2348 2349//2349 1463//1463
f 2350//2350 2351//2351 2352//2352
f 2353//2353 2354//2354 2355//2355
f 2356//2356 2357//2357 2358//2358
f 2221//2221 2220//2220 2359//2359
f 2359//2359 2220//2220 2360//2360
f 2359//2359 2360//2360 2361//2361
f 2361//2361 2360//2360 2362//2362
f 2361//2361 2362//2362 2363//2363
f 2363//2363 2362//2362 2364//2364
f 2363//2363 2364//2364 2365//2365
f 2365//2365 2364//2364 2366//2366
f 2365//2365 2366//2366 2367//2367
f 2219//2219 2218//2218 2368//2368
f 2368//2368 2218//2218 2369//2369
f 2368//2368 2369//2369 2370//2370
f 2370//2370 2369//2369 2371//2371
f 2370//2370 2371//2371 2372//2372
f 2372//2372 2371//2371 2373//2373
f 2372//2372 2373//2373 2374//2374
f 2374//2374 2373//2373 2375//2375
f 2218//2218 2226//2226 2369//2369
f 2369//2369 2226//2226 2376//2376
f 2369//2369 2376//2376 2371//2371
f 2371//2371 2376//2376 2377//2377
f 2371//2371 2377//2377 2373//2373
f 2373//2373 2377//2377 2378//2378
f 2373//2373 2378//2378 2375//2375
f 2375//2375 2378//2378 2379//2379
f 1376//1376 2228//2228 1458//1458
f 1458//1458 2228//2228 2380//2380
f 1458//1458 2380//2380 1459//1459
f 1459//1459 2380//2380 2381//2381
f 1459//1459 2381//2381 1460//1460
f 1460//1460 2381//2381 2382//2382
f 1460//1460 2382//2382 1461//1461
f 1461//1461 2382//2382 2383//2383
f 1461//1461 2383//2383 1462//1462
f 1462//1462 2383//2383 2384//2384
f 2228//2228 2225//2225 2380//2380
f 2380//2380 2225//2225 2385//2385
f 2380//2380 2385//2385 2381//2381
f 2381//2381 2385//2385 2386//2386
f 2381//2381 2386//2386 2382//2382
f 2382//2382 2386//2386 2387//2387
f 2382//2382 2387//2387 2383//2383
f 2383//2383 2387//2387 2358//2358
f 2383//2383 2358//2358 2384//2384
f 2384//2384 2358//2358 2357//2357
f 2354//2354 2356//2356 2355//2355
f 2355//2355 2356//2356 2358//2358
f 2355//2355 2358//2358 2388//2388
f 2388//2388 2358//2358 2387//2387
f 2388//2388 2387//2387 2389//2389
f 2389//2389 2387//2387 2386//2386
f 2389//2389 2386//2386 2390//2390
f 2390//2390 2386//2386 2385//2385
f 2390//2390 2385//2385 2224//2224
f 2224//2224 2385//2385 2225//2225
f 2391//2391 2353//2353 2392//2392
f 2392//2392 2353//2353 2355//2355
f 2392//2392 2355//2355 2393//2393
f 2393//2393 2355//2355 2388//2388
f 2393//2393 2388//2388 2394//2394
f 2394//2394 2388//2388 2389//2389
f 2394//2394 2389//2389 2395//2395
f 2395//2395 2389//2389 2390//2390
f 2395//2395 2390//2390 2222//2222
f 2222//2222 2390//2390 2224//2224
f 2222//2222 2221//2221 2395//2395
f 2395//2395 2221//2221 2359//2359
f 2395//2395 2359//2359 2394//2394
f 2394//2394 2359//2359 2361//2361
f 2394//2394 2361//2361 2393//2393
f 2393//2393 2361//2361 2363//2363
f 2393//2393 2363//2363 2392//2392
f 2392//2392 2363//2363 2365//2365
f 2392//2392 2365//2365 2391//2391
f 2391//2391 2365//2365 2367//2367
f 2396//2396 2397//2397 2366//2366
f 2366//2366 2397//2397 2398//2398
f 2366//2366 2398//2398 2367//2367
f 2399//2399 2400//2400 2379//2379
f 2379//2379 2400//2400 2401//2401
f 2379//2379 2401//2401 2375//2375
f 2375//2375 2401//2401 2396//2396
f 2375//2375 2396//2396 2374//2374
f 2374//2374 2396//2396 2366//2366
f 2374//2374 2366//2366 2372//2372
f 2372//2372 2366//2366 2364//2364
f 2372//2372 2364//2364 2370//2370
f 2370//2370 2364//2364 2362//2362
f 2370//2370 2362//2362 2368//2368
f 2368//2368 2362//2362 2360//2360
f 2368//2368 2360//2360 2219//2219
f 2219//2219 2360//2360 2220//2220
f 2351//2351 2399//2399 2352//2352
f 2352//2352 2399//2399 2379//2379
f 2352//2352 2379//2379 2402//2402
f 2402//2402 2379//2379 2378//2378
f 2402//2402 2378//2378 2403//2403
f 2403//2403 2378//2378 2377//2377
f 2403//2403 2377//2377 2404//2404
f 2404//2404 2377//2377 2376//2376
f 2404//2404 2376//2376 2223//2223
f 2223//2223 2376//2376 2226//2226
f 2405//2405 2350//2350 2406//2406
f 2406//2406 2350//2350 2352//2352
f 2406//2406 2352//2352 2407//2407
f 2407//2407 2352//2352 2402//2402
f 2407//2407 2402//2402 2408//2408
f 2408//2408 2402//2402 2403//2403
f 2408//2408 2403//2403 2409//2409
f 2409//2409 2403//2403 2404//2404
f 2409//2409 2404//2404 2227//2227
f 2227//2227 2404//2404 2223//2223
f 2227//2227 2217//2217 2409//2409
f 2409//2409 2217//2217 2410//2410
f 2409//2409 2410//2410 2408//2408
f 2408//2408 2410//2410 2411//2411
f 2408//2408 2411//2411 2407//2407
f 2407//2407 2411//2411 2412//2412
f 2407//2407 2412//2412 2406//2406
f 2406//2406 2412//2412 2413//2413
f 2406//2406 2413//2413 2405//2405
f 2405//2405 2413//2413 2414//2414
f 2217//2217 1375//1375 2410//2410
f 2410//2410 1375//1375 1403//1403
f 2410//2410 1403//1403 2411//2411
f 2411//2411 1403//1403 1405//1405
f 2411//2411 1405//1405 2412//2412
f 2412//2412 1405//1405 1407//1407
f 2412//2412 1407//1407 2413//2413
f 2413//2413 1407//1407 1409//1409
f 2413//2413 1409//1409 2414//2414
f 2414//2414 1409//1409 1411//1411
f 2415//2415 2416//2416 2270//2270
f 2247//2247 2268//2268 2248//2248
f 2248//2248 2268//2268 2249//2249
f 2415//2415 2270//2270 2417//2417
f 2256//2256 2237//2237 2236//2236
f 1463//1463 2261//2261 2348//2348
f 2348//2348 2261//2261 2260//2260
f 2348//2348 2260//2260 1509//1509
f 2418//2418 2419//2419 1366//1366
f 2269//2269 2268//2268 2420//2420
f 2420//2420 2268//2268 2247//2247
f 2420//2420 2247//2247 1488//1488
f 1488//1488 2247//2247 2258//2258
f 2237//2237 2256//2256 2238//2238
f 2238//2238 2256//2256 2255//2255
f 2238//2238 2255//2255 2254//2254
f 2416//2416 2418//2418 2270//2270
f 2270//2270 2418//2418 1366//1366
f 2270//2270 1366//1366 2259//2259
f 2259//2259 1366//1366 1365//1365
f 2259//2259 1365//1365 2260//2260
f 2258//2258 2257//2257 1488//1488
f 1488//1488 2257//2257 2256//2256
f 1488//1488 2256//2256 2235//2235
f 2235//2235 2256//2256 2236//2236
f 2235//2235 2246//2246 1488//1488
f 1488//1488 2246//2246 2245//2245
f 1488//1488 2245//2245 1462//1462
f 1411//1411 2253//2253 2252//2252
f 1328//1328 1327//1327 1326//1326
f 2269//2269 2420//2420 2270//2270
f 2270//2270 2420//2420 2421//2421
f 2270//2270 2421//2421 2417//2417
f 1403//1403 1375//1375 2241//2241
f 2241//2241 1375//1375 1376//1376
f 2241//2241 1376//1376 2242//2242
f 2242//2242 1376//1376 1458//1458
f 2242//2242 1458//1458 1459//1459
f 2249//2249 2268//2268 2250//2250
f 2250//2250 2268//2268 2267//2267
f 2250//2250 2267//2267 2266//2266
f 2265//2265 2264//2264 1411//1411
f 1411//1411 2264//2264 2263//2263
f 1411//1411 2263//2263 1463//1463
f 1463//1463 2263//2263 2262//2262
f 1463//1463 2262//2262 2261//2261
f 1328//1328 1326//1326 1365//1365
f 1365//1365 1326//1326 2234//2234
f 1365//1365 2234//2234 2260//2260
f 2260//2260 2234//2234 2230//2230
f 2260//2260 2230//2230 1509//1509
f 2245//2245 2244//2244 1462//1462
f 1462//1462 2244//2244 2243//2243
f 1462//1462 2243//2243 1461//1461
f 1461//1461 2243//2243 2242//2242
f 1461//1461 2242//2242 1460//1460
f 1460//1460 2242//2242 1459//1459
f 2254//2254 2253//2253 2238//2238
f 2238//2238 2253//2253 1411//1411
f 2238//2238 1411//1411 2239//2239
f 2239//2239 1411//1411 2240//2240
f 1371//1371 1369//1369 1372//1372
f 1372//1372 1369//1369 1367//1367
f 1372//1372 1367//1367 2343//2343
f 2343//2343 1367//1367 1366//1366
f 2343//2343 1366//1366 2342//2342
f 2342//2342 1366//1366 2419//2419
f 1411//1411 1409//1409 2240//2240
f 2240//2240 1409//1409 1407//1407
f 2240//2240 1407//1407 2241//2241
f 2241//2241 1407//1407 1405//1405
f 2241//2241 1405//1405 1403//1403
f 2252//2252 2251//2251 1411//1411
f 1411//1411 2251//2251 2250//2250
f 1411//1411 2250//2250 2265//2265
f 2265//2265 2250//2250 2266//2266
f 2422//2422 2423//2423 2424//2424
f 2276//2276 2275//2275 2425//2425
f 2415//2415 2417//2417 2426//2426
f 2426//2426 2417//2417 2421//2421
f 2426//2426 2421//2421 2420//2420
f 2427//2427 2334//2334 2339//2339
f 2428//2428 2336//2336 2427//2427
f 2427//2427 2336//2336 2335//2335
f 2427//2427 2335//2335 2334//2334
f 2325//2325 2333//2333 2429//2429
f 2333//2333 2332//2332 2429//2429
f 2429//2429 2332//2332 2331//2331
f 2429//2429 2331//2331 2428//2428
f 2428//2428 2331//2331 2337//2337
f 2428//2428 2337//2337 2336//2336
f 2430//2430 2323//2323 2431//2431
f 2431//2431 2323//2323 2330//2330
f 2330//2330 2329//2329 2431//2431
f 2431//2431 2329//2329 2328//2328
f 2431//2431 2328//2328 2429//2429
f 2429//2429 2328//2328 2326//2326
f 2429//2429 2326//2326 2325//2325
f 2432//2432 2316//2316 2433//2433
f 2433//2433 2316//2316 2324//2324
f 2271//2271 2319//2319 2434//2434
f 2434//2434 2319//2319 2318//2318
f 2434//2434 2318//2318 2432//2432
f 2432//2432 2318//2318 2317//2317
f 2432//2432 2317//2317 2316//2316
f 2435//2435 2310//2310 2436//2436
f 2436//2436 2310//2310 2274//2274
f 2436//2436 2274//2274 2437//2437
f 2437//2437 2274//2274 2272//2272
f 2437//2437 2272//2272 2438//2438
f 2275//2275 2313//2313 2425//2425
f 2425//2425 2313//2313 2312//2312
f 2425//2425 2312//2312 2435//2435
f 2435//2435 2312//2312 2311//2311
f 2435//2435 2311//2311 2310//2310
f 2300//2300 2308//2308 2439//2439
f 2300//2300 2439//2439 2301//2301
f 2308//2308 2306//2306 2439//2439
f 2439//2439 2306//2306 2305//2305
f 2439//2439 2305//2305 2309//2309
f 2304//2304 2303//2303 2440//2440
f 2441//2441 2294//2294 2442//2442
f 2442//2442 2294//2294 2299//2299
f 2442//2442 2299//2299 2440//2440
f 2440//2440 2299//2299 2298//2298
f 2440//2440 2298//2298 2304//2304
f 2229//2229 2233//2233 2441//2441
f 2441//2441 2233//2233 2295//2295
f 2441//2441 2295//2295 2294//2294
f 2443//2443 2444//2444 2445//2445
f 2445//2445 2446//2446 2443//2443
f 2443//2443 2446//2446 2447//2447
f 2443//2443 2447//2447 2448//2448
f 2448//2448 2447//2447 2449//2449
f 2448//2448 2449//2449 2422//2422
f 2449//2449 2450//2450 2422//2422
f 2422//2422 2450//2450 2451//2451
f 2422//2422 2451//2451 2423//2423
f 2423//2423 2451//2451 2452//2452
f 2423//2423 2452//2452 2453//2453
f 2452//2452 2454//2454 2453//2453
f 2453//2453 2454//2454 2455//2455
f 2453//2453 2455//2455 2456//2456
f 2456//2456 2455//2455 2457//2457
f 2456//2456 2457//2457 2458//2458
f 2458//2458 2457//2457 2459//2459
f 2458//2458 2459//2459 2460//2460
f 2424//2424 2423//2423 2461//2461
f 2461//2461 2423//2423 2453//2453
f 2461//2461 2453//2453 2462//2462
f 2462//2462 2453//2453 2456//2456
f 2462//2462 2456//2456 2463//2463
f 2463//2463 2456//2456 2458//2458
f 2463//2463 2458//2458 2347//2347
f 2347//2347 2458//2458 2460//2460
f 2347//2347 2460//2460 2349//2349
f 2464//2464 2439//2439 2425//2425
f 2425//2425 2439//2439 2309//2309
f 2425//2425 2309//2309 2276//2276
f 2347//2347 2229//2229 2463//2463
f 2463//2463 2229//2229 2441//2441
f 2463//2463 2441//2441 2462//2462
f 2462//2462 2441//2441 2442//2442
f 2462//2462 2442//2442 2461//2461
f 2461//2461 2442//2442 2440//2440
f 2461//2461 2440//2440 2424//2424
f 2465//2465 2466//2466 2467//2467
f 2467//2467 2466//2466 2468//2468
f 2467//2467 2468//2468 2469//2469
f 2469//2469 2468//2468 2470//2470
f 2469//2469 2470//2470 2471//2471
f 2471//2471 2470//2470 2472//2472
f 2471//2471 2472//2472 2473//2473
f 2473//2473 2472//2472 2474//2474
f 2473//2473 2474//2474 2475//2475
f 2475//2475 2474//2474 2476//2476
f 2475//2475 2476//2476 2477//2477
f 2477//2477 2476//2476 2478//2478
f 2477//2477 2478//2478 2479//2479
f 2473//2473 2480//2480 2471//2471
f 2471//2471 2480//2480 2481//2481
f 2471//2471 2481//2481 2469//2469
f 2469//2469 2481//2481 2482//2482
f 2469//2469 2482//2482 2467//2467
f 2467//2467 2482//2482 2483//2483
f 2467//2467 2483//2483 2465//2465
f 2465//2465 2483//2483 2484//2484
f 2427//2427 2484//2484 2428//2428
f 2428//2428 2484//2484 2483//2483
f 2428//2428 2483//2483 2429//2429
f 2429//2429 2483//2483 2482//2482
f 2429//2429 2482//2482 2431//2431
f 2431//2431 2482//2482 2481//2481
f 2431//2431 2481//2481 2430//2430
f 2430//2430 2481//2481 2480//2480
f 2272//2272 2271//2271 2438//2438
f 2438//2438 2271//2271 2434//2434
f 2438//2438 2434//2434 2485//2485
f 2485//2485 2434//2434 2432//2432
f 2485//2485 2432//2432 2486//2486
f 2486//2486 2432//2432 2433//2433
f 2464//2464 2425//2425 2487//2487
f 2487//2487 2425//2425 2435//2435
f 2487//2487 2435//2435 2488//2488
f 2488//2488 2435//2435 2436//2436
f 2488//2488 2436//2436 2479//2479
f 2479//2479 2436//2436 2437//2437
f 2479//2479 2437//2437 2477//2477
f 2477//2477 2437//2437 2438//2438
f 2477//2477 2438//2438 2475//2475
f 2475//2475 2438//2438 2485//2485
f 2475//2475 2485//2485 2473//2473
f 2473//2473 2485//2485 2486//2486
f 2473//2473 2486//2486 2480//2480
f 2480//2480 2486//2486 2433//2433
f 2480//2480 2433//2433 2430//2430
f 2430//2430 2433//2433 2324//2324
f 2430//2430 2324//2324 2323//2323
f 2489//2489 2490//2490 2491//2491
f 2490//2490 2492//2492 2491//2491
f 2491//2491 2492//2492 2493//2493
f 2491//2491 2493//2493 2494//2494
f 2491//2491 2495//2495 2489//2489
f 2489//2489 2495//2495 2426//2426
f 2489//2489 2426//2426 2496//2496
f 2496//2496 2426//2426 2420//2420
f 2496//2496 2420//2420 1488//1488
f 2493//2493 2497//2497 2494//2494
f 2494//2494 2497//2497 2498//2498
f 2494//2494 2498//2498 2499//2499
f 2499//2499 2498//2498 2500//2500
f 2499//2499 2500//2500 2501//2501
f 2501//2501 2502//2502 2499//2499
f 2499//2499 2502//2502 2503//2503
f 2499//2499 2503//2503 2494//2494
f 2494//2494 2503//2503 2504//2504
f 2494//2494 2504//2504 2491//2491
f 2491//2491 2504//2504 2505//2505
f 2491//2491 2505//2505 2495//2495
f 2495//2495 2505//2505 2506//2506
f 2495//2495 2506//2506 2426//2426
f 2426//2426 2506//2506 2507//2507
f 2426//2426 2507//2507 2415//2415
f 2415//2415 2507//2507 2508//2508
f 2415//2415 2508//2508 2416//2416
f 2416//2416 2508//2508 2509//2509
f 2416//2416 2509//2509 2418//2418
f 2418//2418 2509//2509 2510//2510
f 2418//2418 2510//2510 2419//2419
f 2419//2419 2510//2510 2340//2340
f 2419//2419 2340//2340 2342//2342
f 2501//2501 2511//2511 2502//2502
f 2502//2502 2511//2511 2512//2512
f 2502//2502 2512//2512 2503//2503
f 2503//2503 2512//2512 2513//2513
f 2503//2503 2513//2513 2504//2504
f 2504//2504 2513//2513 2514//2514
f 2504//2504 2514//2514 2505//2505
f 2505//2505 2514//2514 2515//2515
f 2505//2505 2515//2515 2506//2506
f 2506//2506 2515//2515 2516//2516
f 2506//2506 2516//2516 2507//2507
f 2500//2500 2517//2517 2501//2501
f 2501//2501 2517//2517 2518//2518
f 2501//2501 2518//2518 2511//2511
f 2511//2511 2518//2518 2519//2519
f 2511//2511 2519//2519 2444//2444
f 2444//2444 2519//2519 2520//2520
f 2444//2444 2520//2520 2445//2445
f 2303//2303 2301//2301 2440//2440
f 2440//2440 2301//2301 2439//2439
f 2440//2440 2439//2439 2424//2424
f 2424//2424 2439//2439 2464//2464
f 2424//2424 2464//2464 2422//2422
f 2422//2422 2464//2464 2487//2487
f 2422//2422 2487//2487 2448//2448
f 2448//2448 2487//2487 2488//2488
f 2448//2448 2488//2488 2443//2443
f 2443//2443 2488//2488 2479//2479
f 2443//2443 2479//2479 2444//2444
f 2444//2444 2479//2479 2478//2478
f 2444//2444 2478//2478 2511//2511
f 2511//2511 2478//2478 2476//2476
f 2511//2511 2476//2476 2512//2512
f 2512//2512 2476//2476 2474//2474
f 2512//2512 2474//2474 2513//2513
f 2513//2513 2474//2474 2472//2472
f 2513//2513 2472//2472 2514//2514
f 2514//2514 2472//2472 2470//2470
f 2514//2514 2470//2470 2515//2515
f 2515//2515 2470//2470 2468//2468
f 2515//2515 2468//2468 2516//2516
f 2516//2516 2468//2468 2466//2466
f 2516//2516 2466//2466 2507//2507
f 2507//2507 2466//2466 2465//2465
f 2507//2507 2465//2465 2508//2508
f 2508//2508 2465//2465 2484//2484
f 2508//2508 2484//2484 2509//2509
f 2509//2509 2484//2484 2427//2427
f 2509//2509 2427//2427 2510//2510
f 2510//2510 2427//2427 2339//2339
f 2510//2510 2339//2339 2340//2340
f 2460//2460 2414//2414 2349//2349
f 2349//2349 2414//2414 1411//1411
f 2349//2349 1411//1411 1463//1463
f 1488//1488 1462//1462 2496//2496
f 2496//2496 1462//1462 2384//2384
f 2496//2496 2384//2384 2489//2489
f 2489//2489 2384//2384 2357//2357
f 2497//2497 2356//2356 2354//2354
f 2497//2497 2354//2354 2498//2498
f 2497//2497 2493//2493 2356//2356
f 2356//2356 2493//2493 2492//2492
f 2356//2356 2492//2492 2357//2357
f 2357//2357 2492//2492 2490//2490
f 2357//2357 2490//2490 2489//2489
f 2354//2354 2353//2353 2498//2498
f 2498//2498 2353//2353 2391//2391
f 2498//2498 2391//2391 2500//2500
f 2500//2500 2391//2391 2367//2367
f 2500//2500 2367//2367 2517//2517
f 2398//2398 2519//2519 2367//2367
f 2367//2367 2519//2519 2518//2518
f 2367//2367 2518//2518 2517//2517
f 2350//2350 2452//2452 2351//2351
f 2351//2351 2452//2452 2451//2451
f 2351//2351 2451//2451 2399//2399
f 2399//2399 2451//2451 2450//2450
f 2399//2399 2450//2450 2400//2400
f 2400//2400 2450//2450 2449//2449
f 2400//2400 2449//2449 2401//2401
f 2401//2401 2449//2449 2447//2447
f 2401//2401 2447//2447 2396//2396
f 2396//2396 2447//2447 2446//2446
f 2396//2396 2446//2446 2397//2397
f 2397//2397 2446//2446 2445//2445
f 2397//2397 2445//2445 2398//2398
f 2398//2398 2445//2445 2520//2520
f 2398//2398 2520//2520 2519//2519
f 2460//2460 2459//2459 2414//2414
f 2414//2414 2459//2459 2457//2457
f 2414//2414 2457//2457 2405//2405
f 2405//2405 2457//2457 2455//2455
f 2405//2405 2455//2455 2350//2350
f 2350//2350 2455//2455 2454//2454
f 2350//2350 2454//2454 2452//2452

