# https://github.com/mikedh/trimesh

o handle_left.obj
v 0.03834600 -0.02393800 -0.03346400
v 0.03826600 -0.02396400 -0.03238700
v 0.03800000 -0.02400000 -0.03346400
v 0.03800500 -0.02400000 -0.03220400
v 0.03800000 -0.02400000 -0.03220000
v 0.03870700 -0.02370700 -0.03346400
v 0.03893800 -0.02334600 -0.03346400
v 0.03893800 -0.02334600 -0.03270000
v 0.03900000 -0.02300000 -0.03346400
v 0.03900000 -0.02300000 -0.03270000
v 0.03886600 -0.02350000 -0.03270000
v 0.03871400 -0.02370100 -0.03265800
v 0.03849300 -0.02387000 -0.03253600
v 0.04300000 -0.02350000 -0.03270000
v 0.04300000 -0.02367300 -0.03266900
v 0.04300000 -0.02385400 -0.03255400
v 0.04300000 -0.02396900 -0.03237300
v 0.04300000 -0.02400000 -0.03220000
v 0.00899500 -0.02400000 -0.03220400
v 0.00900000 -0.02400000 -0.03220000
v 0.00400000 -0.02400000 -0.03220000
v 0.00873400 -0.02396400 -0.03238700
v 0.00400000 -0.02396900 -0.03237300
v 0.00400000 -0.02385400 -0.03255400
v 0.00850700 -0.02387000 -0.03253600
v 0.00400000 -0.02367300 -0.03266900
v 0.00828600 -0.02370100 -0.03265800
v 0.00400000 -0.02350000 -0.03270000
v 0.00813400 -0.02350000 -0.03270000
v 0.00800000 -0.02300000 -0.03270000
v 0.00800000 -0.02300000 -0.03761600
v 0.00806200 -0.02334600 -0.03761600
v 0.00900000 -0.02400000 -0.03761600
v 0.00865400 -0.02393800 -0.03761600
v 0.00829300 -0.02370700 -0.03761600
v 0.00806200 -0.02334600 -0.03270000
v 0.00106700 -0.02100000 -0.03245000
v 0.00114600 -0.02100000 -0.03255400
v 0.00132300 -0.02198800 -0.03255400
v 0.00125000 -0.02100000 -0.03263300
v 0.00132700 -0.02100000 -0.03266900
v 0.00149200 -0.02192500 -0.03266900
v 0.00140200 -0.02250000 -0.03220000
v 0.00118500 -0.02203800 -0.03220000
v 0.00121400 -0.02202800 -0.03237300
v 0.00100000 -0.02100000 -0.03220000
v 0.00103100 -0.02100000 -0.03237300
v 0.00187900 -0.02312100 -0.03220000
v 0.00190100 -0.02309900 -0.03237300
v 0.00250000 -0.02359800 -0.03220000
v 0.00297200 -0.02378600 -0.03237300
v 0.00296200 -0.02381500 -0.03220000
v 0.00313500 -0.02334500 -0.03270000
v 0.00307500 -0.02350800 -0.03266900
v 0.00211000 -0.02289000 -0.03266900
v 0.00223200 -0.02276800 -0.03270000
v 0.00165500 -0.02186500 -0.03270000
v 0.00150000 -0.02100000 -0.03270000
v 0.00301200 -0.02367700 -0.03255400
v 0.00198200 -0.02301800 -0.03255400
v 0.00150000 -0.01924300 -0.03270000
v 0.00132700 -0.01924300 -0.03266900
v 0.00125000 -0.01924300 -0.03263300
v 0.00114600 -0.01924300 -0.03255400
v 0.00106700 -0.01924300 -0.03245000
v 0.00103100 -0.01924300 -0.03237300
v 0.00100000 -0.01924300 -0.03220000
v 0.00077200 -0.01809500 -0.03220000
v 0.00080000 -0.01808300 -0.03237300
v 0.00090700 -0.01803900 -0.03255400
v 0.00107400 -0.01796900 -0.03266900
v 0.00123400 -0.01790300 -0.03270000
v 0.00068700 -0.01700000 -0.03270000
v 0.00041400 -0.01700000 -0.03265600
v 0.00025500 -0.01698700 -0.03259200
v 0.00022500 -0.01701800 -0.03255400
v 0.00014300 -0.01709900 -0.03237300
v 0.00012100 -0.01712100 -0.03220000
v 0.00003200 -0.01692400 -0.03798700
v 0.00041400 -0.01700000 -0.03798700
v -0.00005500 -0.01688300 -0.03240500
v -0.00029300 -0.01670700 -0.03798700
v -0.00028900 -0.01671100 -0.03220400
v -0.00029300 -0.01670700 -0.03220000
v 0.02700000 -0.01519900 -0.02890000
v 0.02700000 -0.01387600 -0.02890000
v 0.01818000 -0.01519900 -0.02890000
v 0.01700000 -0.01387600 -0.02890000
v 0.01818000 -0.02012400 -0.02890000
v 0.01700000 -0.02012400 -0.02890000
v 0.00581200 -0.02140700 -0.03270000
v 0.00500000 -0.02162500 -0.03270000
v 0.00418700 -0.02140700 -0.03270000
v 0.00640700 -0.01918800 -0.03270000
v 0.00781500 -0.01896200 -0.03270000
v 0.00662500 -0.02000000 -0.03270000
v 0.00800000 -0.02000000 -0.03270000
v 0.00640700 -0.02081300 -0.03270000
v 0.00359300 -0.02081300 -0.03270000
v 0.00337500 -0.02000000 -0.03270000
v 0.00359300 -0.01918800 -0.03270000
v 0.00418700 -0.01859300 -0.03270000
v 0.00500000 -0.01837500 -0.03270000
v 0.00500000 -0.01700000 -0.03270000
v 0.00581200 -0.01859300 -0.03270000
v 0.00603800 -0.01718500 -0.03270000
v 0.00712100 -0.01787900 -0.03270000
v 0.00044300 -0.01680400 -0.03932100
v 0.00008500 -0.01665500 -0.03915900
v 0.00035900 -0.01670000 -0.03940500
v 0.00028700 -0.01657700 -0.03947800
v -0.00014700 -0.01678600 -0.03841000
v -0.00006500 -0.01672500 -0.03880200
v 0.00003400 -0.01690300 -0.03835900
v 0.00011500 -0.01687500 -0.03870700
v 0.00032300 -0.01696800 -0.03859800
v 0.00018800 -0.01629300 -0.03957700
v -0.00003700 -0.01641500 -0.03925200
v -0.00020700 -0.01653000 -0.03887600
v 0.00054600 -0.01700000 -0.03848100
v 0.00064200 -0.01695000 -0.03912000
v 0.00086200 -0.01700000 -0.03889900
v 0.00107000 -0.01700000 -0.03908200
v 0.00130100 -0.01700000 -0.03923500
v 0.00315000 -0.01700000 -0.04029000
v 0.00500000 -0.01700000 -0.04134300
v 0.00067400 -0.01675800 -0.03959800
v 0.00097100 -0.01674500 -0.03981300
v 0.00111300 -0.01692300 -0.03956500
v 0.00090300 -0.01659600 -0.03993300
v 0.00082500 -0.01627600 -0.04006900
v 0.00084500 -0.01639000 -0.04003400
v 0.00053800 -0.01648500 -0.03977500
v 0.00046900 -0.01615100 -0.03986600
v 0.00080500 -0.01601000 -0.04010400
v 0.00112700 -0.01693400 -0.03954000
v 0.00800000 -0.02000000 -0.04307000
v 0.00798900 -0.01975300 -0.04320100
v 0.00787100 -0.01913000 -0.04331400
v 0.00746700 -0.01829400 -0.04310200
v 0.00711000 -0.01786800 -0.04287300
v 0.00656300 -0.01744000 -0.04249700
v 0.00608200 -0.01720300 -0.04215100
v 0.00800000 -0.02157800 -0.04102800
v 0.00800000 -0.02158700 -0.04101200
v 0.00800000 -0.02065500 -0.04250600
v 0.00800000 -0.02100400 -0.04200000
v 0.00800000 -0.02174700 -0.04070700
v 0.00800000 -0.02237900 -0.03935600
v 0.00800000 -0.02281200 -0.03829300
v 0.00800000 -0.02293500 -0.03797200
v 0.00808100 -0.02329900 -0.03810900
v 0.00830300 -0.02360600 -0.03822500
v 0.00863700 -0.02380600 -0.03830000
v 0.00902800 -0.02387100 -0.03832500
v 0.03900000 -0.02083700 -0.03981600
v 0.03900000 -0.02000000 -0.04178100
v 0.03900000 -0.02000000 -0.03270000
v 0.03900000 -0.02295300 -0.03376900
v 0.03900000 -0.02159000 -0.03781800
v 0.03892400 -0.02331200 -0.03388300
v 0.03871500 -0.02361800 -0.03398100
v 0.03839900 -0.02382600 -0.03404700
v 0.03802300 -0.02390600 -0.03407200
v 0.04200000 -0.01700000 -0.03802700
v 0.04200000 -0.01700000 -0.03270000
v 0.04154000 -0.01703500 -0.03899600
v 0.04096200 -0.01718500 -0.03270000
v 0.03987900 -0.01787900 -0.03270000
v 0.04014000 -0.01764600 -0.04174700
v 0.04105000 -0.01715400 -0.04000500
v 0.03918500 -0.01896200 -0.03270000
v 0.03922400 -0.01886200 -0.04305400
v 0.03927500 -0.01874600 -0.04302000
v 0.03938000 -0.01853800 -0.04290900
v 0.03968000 -0.01809800 -0.04250500
v 0.03997300 -0.01778900 -0.04203700
v 0.03913900 -0.01909600 -0.04302400
v 0.03905900 -0.01940700 -0.04279900
v 0.04342800 -0.01700000 -0.03574400
v 0.04485000 -0.01700000 -0.03345700
v 0.04496100 -0.01700000 -0.03320400
v 0.04500000 -0.01700000 -0.03293000
v 0.04500000 -0.01700000 -0.03270000
v 0.04450000 -0.02359800 -0.03220000
v 0.04403800 -0.02381500 -0.03220000
v 0.04402800 -0.02378600 -0.03237300
v 0.04512100 -0.02312100 -0.03220000
v 0.04509900 -0.02309900 -0.03237300
v 0.04559800 -0.02250000 -0.03220000
v 0.04578600 -0.02202800 -0.03237300
v 0.04581500 -0.02203800 -0.03220000
v 0.04596900 -0.02100000 -0.03237300
v 0.04600000 -0.02100000 -0.03220000
v 0.04534500 -0.02186500 -0.03270000
v 0.04550000 -0.02100000 -0.03270000
v 0.04567300 -0.02100000 -0.03266900
v 0.04550800 -0.02192500 -0.03266900
v 0.04489000 -0.02289000 -0.03266900
v 0.04476800 -0.02276800 -0.03270000
v 0.04392500 -0.02350800 -0.03266900
v 0.04386500 -0.02334500 -0.03270000
v 0.04585400 -0.02100000 -0.03255400
v 0.04567700 -0.02198800 -0.03255400
v 0.04501800 -0.02301800 -0.03255400
v 0.04398800 -0.02367700 -0.03255400
v 0.04340700 -0.01918800 -0.03270000
v 0.04550000 -0.01686600 -0.03270000
v 0.04362500 -0.02000000 -0.03270000
v 0.04340700 -0.02081300 -0.03270000
v 0.04118800 -0.02140700 -0.03270000
v 0.04059300 -0.02081300 -0.03270000
v 0.04037500 -0.02000000 -0.03270000
v 0.04059300 -0.01918800 -0.03270000
v 0.04118800 -0.01859300 -0.03270000
v 0.04281300 -0.02140700 -0.03270000
v 0.04200000 -0.02162500 -0.03270000
v 0.04200000 -0.01837500 -0.03270000
v 0.04281300 -0.01859300 -0.03270000
v 0.04534600 -0.01693800 -0.03270000
v 0.04517300 -0.01692300 -0.03365800
v 0.04532800 -0.01692200 -0.03330900
v 0.04544900 -0.01670800 -0.03382900
v 0.04564000 -0.01670700 -0.03339800
v 0.04563300 -0.01638600 -0.03394400
v 0.04584900 -0.01638500 -0.03345700
v 0.04569900 -0.01600400 -0.03398500
v 0.04592300 -0.01600200 -0.03347800
v 0.04534600 -0.01693800 -0.03293000
v 0.04570700 -0.01670700 -0.03293000
v 0.04593800 -0.01634600 -0.03293000
v 0.04600000 -0.01600000 -0.03293000
v 0.04300000 -0.02400000 -0.02850000
v 0.00400000 -0.02400000 -0.02850000
v 0.03070900 -0.02400000 -0.03423800
v 0.01625100 -0.02400000 -0.03677500
v 0.02346600 -0.02400000 -0.03544100
v 0.00100000 -0.02100000 -0.02850000
v 0.00140200 -0.02250000 -0.02850000
v 0.00250000 -0.02359800 -0.02850000
v 0.00100000 -0.01924300 -0.02850000
v 0.00077200 -0.01809500 -0.02850000
v 0.00012100 -0.01712100 -0.02850000
v -0.00112100 -0.01587900 -0.03751500
v -0.00112100 -0.01587900 -0.02850000
v 0.01818000 -0.02012400 -0.02850000
v 0.01818000 -0.01519900 -0.02850000
v 0.02700000 -0.01519900 -0.02850000
v 0.02700000 -0.01387600 -0.02850000
v 0.01700000 -0.01387600 -0.02850000
v 0.01700000 -0.02012400 -0.02850000
v 0.04200000 -0.01837500 -0.02850000
v 0.04281300 -0.01859300 -0.02850000
v 0.04340700 -0.01918800 -0.02850000
v 0.04362500 -0.02000000 -0.02850000
v 0.04340700 -0.02081300 -0.02850000
v 0.04281300 -0.02140700 -0.02850000
v 0.04200000 -0.02162500 -0.02850000
v 0.04118800 -0.02140700 -0.02850000
v 0.04059300 -0.02081300 -0.02850000
v 0.04037500 -0.02000000 -0.02850000
v 0.04059300 -0.01918800 -0.02850000
v 0.04118800 -0.01859300 -0.02850000
v 0.00500000 -0.01837500 -0.02850000
v 0.00581200 -0.01859300 -0.02850000
v 0.00640700 -0.01918800 -0.02850000
v 0.00662500 -0.02000000 -0.02850000
v 0.00640700 -0.02081300 -0.02850000
v 0.00581200 -0.02140700 -0.02850000
v 0.00500000 -0.02162500 -0.02850000
v 0.00418700 -0.02140700 -0.02850000
v 0.00359300 -0.02081300 -0.02850000
v 0.00337500 -0.02000000 -0.02850000
v 0.00359300 -0.01918800 -0.02850000
v 0.00418700 -0.01859300 -0.02850000
v -0.00175900 -0.01492200 -0.03739400
v -0.00177200 -0.01490500 -0.02850000
v -0.00200000 -0.01375700 -0.02850000
v -0.00200000 -0.01375700 -0.03734800
v -0.00187100 -0.01376000 -0.03805300
v -0.00121400 -0.01565600 -0.03806500
v -0.00173700 -0.01478700 -0.03791900
v -0.00156200 -0.01376200 -0.03859700
v -0.00158200 -0.01460500 -0.03840500
v -0.00130300 -0.01438800 -0.03881700
v -0.00100400 -0.01376400 -0.03907800
v -0.00092200 -0.01415300 -0.03912400
v -0.00121700 -0.01559600 -0.03817600
v -0.00111200 -0.01515600 -0.03875900
v -0.00081400 -0.01462000 -0.03917400
v -0.00070800 -0.01447300 -0.03924700
v 0.02813200 -0.01500000 -0.06320100
v 0.02763600 -0.01500000 -0.06505100
v 0.02763600 -0.01939800 -0.06505100
v 0.02628200 -0.01500000 -0.06640500
v 0.02701800 -0.01956700 -0.06584600
v 0.02759600 -0.01940900 -0.06511800
v 0.02443200 -0.01500000 -0.06690100
v 0.02539400 -0.01989900 -0.06677300
v 0.02628200 -0.01974300 -0.06640500
v 0.02258200 -0.01500000 -0.06640500
v 0.02394900 -0.02000000 -0.06686900
v 0.02443300 -0.01998800 -0.06690100
v 0.02087900 -0.01940900 -0.06423400
v 0.02122700 -0.01955900 -0.06505100
v 0.02122700 -0.01500000 -0.06505100
v 0.02181400 -0.01974300 -0.06581500
v 0.02258200 -0.01989900 -0.06640500
v 0.02073200 -0.01930300 -0.06320100
v 0.02073200 -0.01500000 -0.06320100
v 0.02085800 -0.01930300 -0.06224200
v 0.02122700 -0.01500000 -0.06135100
v 0.02126700 -0.01940900 -0.06128300
v 0.02184400 -0.01956700 -0.06055600
v 0.02258200 -0.01500000 -0.05999600
v 0.02258200 -0.01974300 -0.05999600
v 0.02347100 -0.01989900 -0.05962700
v 0.02443200 -0.01500000 -0.05950100
v 0.02443000 -0.01998800 -0.05950100
v 0.02491500 -0.02000000 -0.05953200
v 0.02628200 -0.01500000 -0.05999600
v 0.02628200 -0.01989900 -0.05999600
v 0.02705000 -0.01974300 -0.06058600
v 0.02763600 -0.01500000 -0.06135100
v 0.02763600 -0.01955900 -0.06135100
v 0.02810000 -0.01929000 -0.06368400
v 0.02813200 -0.01930300 -0.06320100
v 0.02798400 -0.01940900 -0.06216700
v 0.02291100 -0.01500000 -0.10285800
v 0.02241500 -0.01500000 -0.10470800
v 0.02241500 -0.01939800 -0.10470800
v 0.02106100 -0.01500000 -0.10606300
v 0.02179700 -0.01956700 -0.10550400
v 0.02237500 -0.01940900 -0.10477600
v 0.01921100 -0.01500000 -0.10655800
v 0.02017300 -0.01989900 -0.10643100
v 0.02106100 -0.01974300 -0.10606300
v 0.01736100 -0.01500000 -0.10606300
v 0.01872800 -0.02000000 -0.10652700
v 0.01921200 -0.01998800 -0.10655800
v 0.01565800 -0.01940900 -0.10389200
v 0.01600600 -0.01955900 -0.10470800
v 0.01600600 -0.01500000 -0.10470800
v 0.01659300 -0.01974300 -0.10547300
v 0.01736100 -0.01989900 -0.10606300
v 0.01551100 -0.01930300 -0.10285800
v 0.01551100 -0.01500000 -0.10285800
v 0.01563700 -0.01930300 -0.10190000
v 0.01600600 -0.01500000 -0.10100800
v 0.01604600 -0.01940900 -0.10094000
v 0.01662300 -0.01956700 -0.10021300
v 0.01736100 -0.01500000 -0.09965400
v 0.01736100 -0.01974300 -0.09965400
v 0.01825000 -0.01989900 -0.09928500
v 0.01921100 -0.01500000 -0.09915800
v 0.01920900 -0.01998800 -0.09915800
v 0.01969300 -0.02000000 -0.09919000
v 0.02106100 -0.01500000 -0.09965400
v 0.02106100 -0.01989900 -0.09965400
v 0.02182900 -0.01974300 -0.10024400
v 0.02241500 -0.01500000 -0.10100800
v 0.02241500 -0.01955900 -0.10100800
v 0.02287900 -0.01929000 -0.10334100
v 0.02291100 -0.01930300 -0.10285800
v 0.02276300 -0.01940900 -0.10182500
v 0.01768900 -0.01500000 -0.14251600
v 0.01719400 -0.01500000 -0.14436600
v 0.01719400 -0.01939800 -0.14436600
v 0.01583900 -0.01500000 -0.14572000
v 0.01657600 -0.01956700 -0.14516200
v 0.01715400 -0.01940900 -0.14443400
v 0.01398900 -0.01500000 -0.14621600
v 0.01495100 -0.01989900 -0.14608900
v 0.01583900 -0.01974300 -0.14572000
v 0.01213900 -0.01500000 -0.14572000
v 0.01350700 -0.02000000 -0.14618500
v 0.01399100 -0.01998800 -0.14621600
v 0.01043700 -0.01940900 -0.14355000
v 0.01078500 -0.01955900 -0.14436600
v 0.01078500 -0.01500000 -0.14436600
v 0.01137200 -0.01974300 -0.14513100
v 0.01213900 -0.01989900 -0.14572000
v 0.01028900 -0.01930300 -0.14251600
v 0.01028900 -0.01500000 -0.14251600
v 0.01041600 -0.01930300 -0.14155800
v 0.01078500 -0.01500000 -0.14066600
v 0.01082500 -0.01940900 -0.14059800
v 0.01140200 -0.01956700 -0.13987100
v 0.01213900 -0.01500000 -0.13931200
v 0.01213900 -0.01974300 -0.13931200
v 0.01302900 -0.01989900 -0.13894300
v 0.01398900 -0.01500000 -0.13881600
v 0.01398800 -0.01998800 -0.13881600
v 0.01447200 -0.02000000 -0.13884800
v 0.01583900 -0.01500000 -0.13931200
v 0.01583900 -0.01989900 -0.13931200
v 0.01660800 -0.01974300 -0.13990200
v 0.01719400 -0.01500000 -0.14066600
v 0.01719400 -0.01955900 -0.14066600
v 0.01765800 -0.01929000 -0.14299900
v 0.01768900 -0.01930300 -0.14251600
v 0.01754200 -0.01940900 -0.14148300
v -0.00008400 -0.01509900 -0.03960300
v 0.00054200 -0.01572600 -0.03995600
v -0.00059400 -0.01621800 -0.03853000
v -0.00048800 -0.01578000 -0.03911500
v -0.00018900 -0.01524600 -0.03953000
v 0.00265500 -0.01601900 -0.04115900
v 0.00267500 -0.01628300 -0.04112300
v 0.00297700 -0.01693500 -0.04059400
v 0.00282200 -0.01674800 -0.04086600
v 0.00490500 -0.01698000 -0.04151100
v 0.00482800 -0.01693600 -0.04164500
v 0.00467400 -0.01675100 -0.04191600
v 0.00275400 -0.01660000 -0.04098500
v 0.00465400 -0.01671300 -0.04195200
v 0.00460600 -0.01660500 -0.04203600
v 0.00452700 -0.01629100 -0.04217500
v 0.00450600 -0.01602900 -0.04221200
v 0.00776800 -0.01874800 -0.04353100
v 0.00785300 -0.01866800 -0.04378000
v 0.00703000 -0.01755000 -0.04336600
v 0.00711500 -0.01734800 -0.04357200
v 0.00659200 -0.01662600 -0.04336800
v 0.00725100 -0.01712900 -0.04370900
v 0.00742500 -0.01730300 -0.04379600
v 0.00802700 -0.01812700 -0.04407500
v 0.00800000 -0.01856700 -0.04398900
v 0.00830200 -0.01873700 -0.04418100
v 0.00853500 -0.01966300 -0.04414300
v 0.00826400 -0.01941000 -0.04402900
v 0.00864800 -0.02041000 -0.04391100
v 0.00838900 -0.02034700 -0.04378200
v 0.00825800 -0.02029400 -0.04367300
v 0.00702300 -0.01776900 -0.04297600
v 0.00601600 -0.01716000 -0.04230200
v 0.00596100 -0.01709200 -0.04244900
v 0.00700900 -0.01770900 -0.04311300
v 0.00589500 -0.01688800 -0.04271200
v 0.00589200 -0.01661300 -0.04291100
v 0.00559600 -0.01618600 -0.04282500
v 0.00809200 -0.01942300 -0.04381900
v 0.00803400 -0.02011200 -0.04330000
v 0.00798100 -0.01941900 -0.04357000
v 0.00896300 -0.02245400 -0.04151000
v 0.00897300 -0.02263700 -0.04116300
v 0.00860500 -0.02256400 -0.04112600
v 0.00900500 -0.02329800 -0.03975100
v 0.00862800 -0.02323100 -0.03972200
v 0.00901400 -0.02350300 -0.03926000
v 0.00892800 -0.02184000 -0.04254400
v 0.00872700 -0.02134400 -0.04319100
v 0.00890700 -0.02149200 -0.04304800
v 0.00889500 -0.02129100 -0.04331400
v 0.00858800 -0.02086200 -0.04361200
v 0.00875700 -0.02097400 -0.04360000
v 0.00889300 -0.02126900 -0.04334300
v 0.00807600 -0.02208300 -0.04087900
v 0.00807200 -0.02131200 -0.04220000
v 0.00806900 -0.02086500 -0.04282800
v 0.00805400 -0.02051200 -0.04313800
v 0.00844500 -0.02081500 -0.04354800
v 0.00855400 -0.02129100 -0.04315100
v 0.00857400 -0.02176200 -0.04249300
v 0.00820700 -0.02068300 -0.04336900
v 0.00826100 -0.02111400 -0.04301700
v 0.00827100 -0.02157800 -0.04237300
v 0.00829900 -0.02303300 -0.03963700
v 0.00828700 -0.02237100 -0.04102700
v 0.00807900 -0.02273300 -0.03950800
v 0.03324200 -0.02392300 -0.03447200
v 0.03078100 -0.02393000 -0.03476000
v 0.02763100 -0.02393500 -0.03521000
v 0.02206600 -0.02393500 -0.03624000
v 0.02103100 -0.02393400 -0.03645600
v 0.01522100 -0.02391700 -0.03750400
v 0.03822800 -0.02086600 -0.04222500
v 0.03838100 -0.02082200 -0.04220300
v 0.03814100 -0.02101200 -0.04196000
v 0.03845700 -0.02125300 -0.04114800
v 0.03813300 -0.02104600 -0.04188400
v 0.03842100 -0.02244400 -0.03812400
v 0.03808100 -0.02214300 -0.03920100
v 0.03853000 -0.02075400 -0.04216800
v 0.03865400 -0.02067300 -0.04212600
v 0.03874400 -0.02104800 -0.04106300
v 0.03873800 -0.02146400 -0.04006400
v 0.03844400 -0.02167000 -0.04014500
v 0.03893300 -0.02076200 -0.04094300
v 0.03892900 -0.02032700 -0.04194800
v 0.03878100 -0.02055600 -0.04206600
v 0.03893100 -0.02117300 -0.03994900
v 0.03872600 -0.02223700 -0.03805000
v 0.03892800 -0.02193800 -0.03794200
v 0.04187500 -0.01619800 -0.04008000
v 0.04284600 -0.01605500 -0.03855800
v 0.04276800 -0.01642000 -0.03850900
v 0.04093200 -0.01658900 -0.04148600
v 0.04160900 -0.01628100 -0.04048600
v 0.04157800 -0.01656700 -0.04040400
v 0.04035800 -0.01718500 -0.04218800
v 0.04038300 -0.01696000 -0.04224700
v 0.04039400 -0.01695200 -0.04223300
v 0.03958100 -0.01779900 -0.04321800
v 0.04016600 -0.01714500 -0.04253000
v 0.04034600 -0.01699000 -0.04229600
v 0.03878100 -0.01946400 -0.04353100
v 0.03904700 -0.01878000 -0.04364700
v 0.03922200 -0.01857900 -0.04347300
v 0.03915800 -0.01851100 -0.04360200
v 0.03869100 -0.01990100 -0.04321700
v 0.03850700 -0.02021200 -0.04304600
v 0.04025200 -0.01752400 -0.04190500
v 0.03928100 -0.01869900 -0.04317700
v 0.03973500 -0.01800200 -0.04266000
v 0.03899400 -0.01963200 -0.04286300
v 0.03909500 -0.01919000 -0.04316400
v 0.03877000 -0.01985800 -0.04315600
v 0.03890200 -0.01975500 -0.04301700
v 0.03903800 -0.01922900 -0.04332000
v 0.03895600 -0.01925800 -0.04346600
v 0.03926300 -0.01864300 -0.04332900
v 0.04147200 -0.01682500 -0.04027900
v 0.04258200 -0.01672600 -0.03839200
v 0.04231300 -0.01692700 -0.03822300
v 0.04181200 -0.01693300 -0.03917900
v 0.04129900 -0.01702400 -0.04012300
v 0.03976000 -0.01788700 -0.04281000
v 0.04032600 -0.01736800 -0.04205400
v 0.04374700 -0.01692500 -0.03594300
v 0.04402000 -0.01671600 -0.03611300
v 0.04420500 -0.01640100 -0.03622800
v 0.04427600 -0.01602700 -0.03627300
v 0.04450000 -0.02359800 -0.02850000
v 0.04559800 -0.02250000 -0.02850000
v 0.04600000 -0.02100000 -0.02850000
v 0.04600000 -0.01600500 -0.03220400
v 0.04600000 -0.01600000 -0.03220000
v 0.04596400 -0.01626600 -0.03238700
v 0.04587000 -0.01649300 -0.03253600
v 0.04570100 -0.01671400 -0.03265800
v 0.04600000 -0.01000000 -0.03297000
v 0.04593300 -0.01000000 -0.03348200
v 0.04573800 -0.01000000 -0.03396000
v 0.01572200 -0.01500000 -0.14151600
v 0.01498900 -0.01500000 -0.14078400
v 0.01398900 -0.01500000 -0.14051600
v 0.01298900 -0.01500000 -0.14078400
v 0.01225700 -0.01500000 -0.14151600
v 0.01198900 -0.01500000 -0.14251600
v 0.01225700 -0.01500000 -0.14351600
v 0.01298900 -0.01500000 -0.14424800
v 0.01398900 -0.01500000 -0.14451600
v 0.01498900 -0.01500000 -0.14424800
v 0.01572200 -0.01500000 -0.14351600
v 0.01598900 -0.01500000 -0.14251600
v 0.02094300 -0.01500000 -0.10185800
v 0.02021100 -0.01500000 -0.10112600
v 0.01921100 -0.01500000 -0.10085800
v 0.01821100 -0.01500000 -0.10112600
v 0.01747800 -0.01500000 -0.10185800
v 0.01721100 -0.01500000 -0.10285800
v 0.01747800 -0.01500000 -0.10385800
v 0.01821100 -0.01500000 -0.10459000
v 0.01921100 -0.01500000 -0.10485800
v 0.02021100 -0.01500000 -0.10459000
v 0.02094300 -0.01500000 -0.10385800
v 0.02121100 -0.01500000 -0.10285800
v 0.02616400 -0.01500000 -0.06220100
v 0.02543200 -0.01500000 -0.06146900
v 0.02443200 -0.01500000 -0.06120100
v 0.02343200 -0.01500000 -0.06146900
v 0.02270000 -0.01500000 -0.06220100
v 0.02243200 -0.01500000 -0.06320100
v 0.02270000 -0.01500000 -0.06420100
v 0.02343200 -0.01500000 -0.06493300
v 0.02443200 -0.01500000 -0.06520100
v 0.02543200 -0.01500000 -0.06493300
v 0.02616400 -0.01500000 -0.06420100
v 0.02643200 -0.01500000 -0.06320100
v -0.00200000 -0.01000000 -0.02850000
v 0.04600000 -0.01000000 -0.02850000
v -0.00200000 -0.01000000 -0.03736000
v -0.00188700 -0.01000000 -0.03802300
v -0.00187300 -0.01187900 -0.03805600
v -0.00156100 -0.01000000 -0.03861000
v -0.00156600 -0.01188000 -0.03859800
v -0.00102000 -0.01000000 -0.03908100
v -0.00101300 -0.01188200 -0.03907900
v 0.00806600 -0.01000000 -0.15686600
v 0.01599700 -0.01000000 -0.15791000
v 0.00810100 -0.01053400 -0.15687000
v 0.01585000 -0.01108300 -0.15789000
v 0.01540900 -0.01209700 -0.15783200
v 0.01475700 -0.01290600 -0.15774700
v 0.01388100 -0.01353800 -0.15763100
v 0.00839100 -0.01158600 -0.15690900
v 0.00895200 -0.01252000 -0.15698200
v 0.01286800 -0.01391100 -0.15749800
v 0.01178500 -0.01399200 -0.15735500
v 0.00974400 -0.01326700 -0.15708700
v 0.01072200 -0.01377600 -0.15721500
v 0.01782900 -0.01000000 -0.15786900
v 0.01961300 -0.01000000 -0.15725000
v 0.01939700 -0.01179500 -0.15722200
v 0.02111700 -0.01000000 -0.15610800
v 0.02086200 -0.01211600 -0.15607400
v 0.02219100 -0.01000000 -0.15455500
v 0.02191200 -0.01232200 -0.15451800
v 0.02272900 -0.01000000 -0.15274400
v 0.02244100 -0.01239300 -0.15270700
v 0.01766200 -0.01139100 -0.15784700
v 0.01716900 -0.01270000 -0.15778200
v 0.01638000 -0.01385300 -0.15767800
v 0.01534100 -0.01478200 -0.15754100
v 0.01411100 -0.01543300 -0.15737900
v 0.01276300 -0.01576800 -0.15720200
v 0.01137400 -0.01576800 -0.15701900
v 0.01002500 -0.01543300 -0.15684200
v 0.00879500 -0.01478200 -0.15668000
v 0.00775600 -0.01385300 -0.15654300
v 0.00696700 -0.01270000 -0.15643900
v 0.00647500 -0.01139100 -0.15637400
v 0.00630700 -0.01000000 -0.15635200
v 0.02159400 -0.01464700 -0.15259500
v 0.02108900 -0.01450900 -0.15441000
v 0.02134900 -0.01509000 -0.15256300
v 0.01977200 -0.01643400 -0.15423600
v 0.02023600 -0.01663100 -0.15241600
v 0.01913400 -0.01770500 -0.15227100
v 0.01803600 -0.01798500 -0.15400800
v 0.01401000 -0.01992700 -0.15159700
v 0.01598300 -0.01907200 -0.15373700
v 0.01633000 -0.01935000 -0.15190200
v 0.01844700 -0.01823000 -0.15218100
v 0.01281500 -0.02000000 -0.15143900
v 0.01141200 -0.01963200 -0.15313500
v 0.01373100 -0.01963200 -0.15344100
v 0.01162000 -0.01992700 -0.15128200
v 0.00929900 -0.01935000 -0.15097600
v 0.00916000 -0.01907200 -0.15283900
v 0.00718300 -0.01823000 -0.15069800
v 0.00710700 -0.01798500 -0.15256900
v 0.00649500 -0.01770500 -0.15060700
v 0.00537100 -0.01643400 -0.15234000
v 0.00539400 -0.01663100 -0.15046200
v 0.00428100 -0.01509000 -0.15031600
v 0.00405300 -0.01450900 -0.15216700
v 0.00403600 -0.01464700 -0.15028300
v 0.00318800 -0.01239300 -0.15017200
v 0.00323100 -0.01232200 -0.15205800
v 0.00290000 -0.01000000 -0.15013400
v 0.00295200 -0.01000000 -0.15202200
v 0.02011300 -0.01410800 -0.15597600
v 0.01891300 -0.01586200 -0.15581800
v 0.01733100 -0.01727600 -0.15560900
v 0.01546000 -0.01826600 -0.15536300
v 0.01340900 -0.01877600 -0.15509300
v 0.01129600 -0.01877600 -0.15481500
v 0.00924400 -0.01826600 -0.15454500
v 0.00737300 -0.01727600 -0.15429800
v 0.00579100 -0.01586200 -0.15409000
v 0.00459100 -0.01410800 -0.15393200
v 0.00384200 -0.01211600 -0.15383400
v 0.00358700 -0.01000000 -0.15380000
v 0.01876200 -0.01348500 -0.15713800
v 0.01774400 -0.01497300 -0.15700400
v 0.01640200 -0.01617200 -0.15682800
v 0.01481500 -0.01701200 -0.15661900
v 0.01307500 -0.01744400 -0.15639000
v 0.01128200 -0.01744400 -0.15615400
v 0.00954200 -0.01701200 -0.15592400
v 0.00795500 -0.01617200 -0.15571600
v 0.00661300 -0.01497300 -0.15553900
v 0.00559500 -0.01348500 -0.15540500
v 0.00496000 -0.01179500 -0.15532100
v 0.00474400 -0.01000000 -0.15529300
v 0.01659800 -0.01499100 -0.05631700
v 0.01606900 -0.01388500 -0.05612700
v 0.01530300 -0.01000000 -0.05592400
v 0.01548400 -0.01187400 -0.05590600
v 0.01570300 -0.01281000 -0.05597800
v 0.01833800 -0.01714200 -0.05586300
v 0.01774500 -0.01655600 -0.05614500
v 0.01700500 -0.01563600 -0.05632900
v 0.01904400 -0.01771800 -0.05540500
v 0.02220100 -0.01937100 -0.05339300
v 0.02372000 -0.01978200 -0.05268600
v 0.02689800 -0.01995000 -0.05210200
v 0.02574300 -0.01999900 -0.05215800
v 0.02457600 -0.01991900 -0.05240100
v 0.02910300 -0.01946200 -0.05251200
v 0.02773100 -0.01983100 -0.05217800
v 0.03205200 -0.01771500 -0.05405500
v 0.03197300 -0.01778400 -0.05400900
v 0.03094100 -0.01856100 -0.05335400
v 0.03431600 -0.01509200 -0.05405500
v 0.03396800 -0.01560500 -0.05421100
v 0.03341300 -0.01631800 -0.05436900
v 0.03242300 -0.01737600 -0.05422800
v 0.03473100 -0.01437000 -0.05388000
v 0.03556800 -0.01200000 -0.05367600
v 0.03574300 -0.01000000 -0.05389300
v 0.02176600 -0.01921200 -0.05363600
v 0.01932800 -0.01792200 -0.05520800
v 0.01547300 -0.01211100 -0.05300500
v 0.02573900 -0.02020000 -0.05014300
v 0.02574100 -0.02008800 -0.05081000
v 0.02790400 -0.01989400 -0.05103700
v 0.01771500 -0.01979500 -0.04749100
v 0.01793800 -0.01879700 -0.04893500
v 0.02056300 -0.01960000 -0.04924300
v 0.01499600 -0.01915600 -0.04711700
v 0.01498400 -0.01915300 -0.04711500
v 0.01590600 -0.01794800 -0.04866100
v 0.01501100 -0.01916000 -0.04711800
v 0.01672500 -0.01829300 -0.04881900
v 0.01543900 -0.01928300 -0.04716600
v 0.02054500 -0.02019300 -0.04806800
v 0.02325000 -0.02007900 -0.04967400
v 0.02345400 -0.02038300 -0.04885200
v 0.02570300 -0.02035500 -0.04949500
v 0.02574000 -0.02035300 -0.04950400
v 0.02723700 -0.02021600 -0.04982200
v 0.02884100 -0.01994000 -0.04997300
v 0.02997000 -0.01930900 -0.05128700
v 0.03046600 -0.01952000 -0.04994000
v 0.03397100 -0.01814800 -0.04962100
v 0.03380700 -0.01824500 -0.04962200
v 0.03331600 -0.01728000 -0.05183800
v 0.03371900 -0.01829200 -0.04962300
v 0.03277300 -0.01776800 -0.05171000
v 0.03370400 -0.01829900 -0.04962300
v 0.03194900 -0.01833200 -0.05155300
v 0.03287400 -0.01866000 -0.04971400
v 0.03076900 -0.01942700 -0.04991900
v 0.03383200 -0.01674300 -0.05184600
v 0.03459600 -0.01766900 -0.04960100
v 0.03435000 -0.01788000 -0.04961500
v 0.03431800 -0.01614500 -0.05174700
v 0.03515600 -0.01702300 -0.04953200
v 0.03514600 -0.01705200 -0.04952400
v 0.03514200 -0.01706000 -0.04952300
v 0.03512200 -0.01708900 -0.04952600
v 0.03484500 -0.01742200 -0.04957300
v 0.03651900 -0.01197300 -0.05058000
v 0.03617600 -0.01365000 -0.05036700
v 0.03531300 -0.01411100 -0.05192800
v 0.03581600 -0.01501800 -0.05007100
v 0.03557500 -0.01581000 -0.04986600
v 0.03591700 -0.01199900 -0.05207600
v 0.03632900 -0.01000000 -0.05158400
v 0.03677000 -0.01000000 -0.05059600
v 0.01538600 -0.01000000 -0.05451800
v 0.01522700 -0.01000000 -0.05285200
v 0.01480100 -0.01000000 -0.05124800
v 0.01462900 -0.01239200 -0.05023500
v 0.01440100 -0.01000000 -0.05028100
v 0.01195400 -0.01000000 -0.04707100
v 0.01279000 -0.01000000 -0.04788900
v 0.01303300 -0.01280700 -0.04783900
v 0.01315400 -0.01000000 -0.04831200
v 0.01407900 -0.01000000 -0.04966500
v 0.01063400 -0.01037800 -0.04608300
v 0.01062700 -0.01000000 -0.04609500
v 0.01081900 -0.01282300 -0.04605100
v 0.01378700 -0.01575500 -0.04792800
v 0.01130600 -0.01542900 -0.04611100
v 0.01088600 -0.01330700 -0.04605500
v 0.01208900 -0.01790100 -0.04626900
v 0.01208800 -0.01789700 -0.04626900
v 0.01405300 -0.01645700 -0.04797300
v 0.01207900 -0.01788300 -0.04626500
v 0.01197000 -0.01759600 -0.04624200
v 0.01175600 -0.01698500 -0.04619700
v 0.01406000 -0.01903500 -0.04684700
v 0.01309500 -0.01867500 -0.04658700
v 0.01476000 -0.01727500 -0.04827400
v 0.01220100 -0.01801500 -0.04631100
v 0.01428400 -0.01682900 -0.04806600
v 0.01208800 -0.01790500 -0.04626800
v 0.02358200 -0.01977900 -0.05167100
v 0.02144400 -0.01912400 -0.05213700
v 0.01692400 -0.01572700 -0.05340800
v 0.01795100 -0.01691800 -0.05329400
v 0.01651500 -0.01508100 -0.05329700
v 0.01949100 -0.01811100 -0.05274500
v 0.02342500 -0.01987800 -0.05066300
v 0.02104000 -0.01925400 -0.05066100
v 0.01881000 -0.01826900 -0.05076800
v 0.01712400 -0.01719100 -0.05083800
v 0.01615700 -0.01628700 -0.05064300
v 0.01576300 -0.01578300 -0.05046900
v 0.01532200 -0.01485100 -0.05033300
v 0.01610200 -0.01421000 -0.05315100
v 0.01556400 -0.01543300 -0.05038000
v 0.02574200 -0.02002100 -0.05148200
v 0.02876600 -0.02196200 -0.04252100
v 0.04332200 -0.01311900 -0.03803300
v 0.00597700 -0.01000000 -0.04326300
v 0.00732600 -0.01587700 -0.04382000
v 0.00694800 -0.01230700 -0.04377000
v 0.01087600 -0.02110800 -0.04392000
v 0.01001000 -0.02097400 -0.04392300
v 0.01127300 -0.02274500 -0.04104800
v 0.01439000 -0.02156700 -0.04383900
v 0.02156400 -0.02206600 -0.04331500
v 0.01568900 -0.02291200 -0.04066400
v 0.01796300 -0.02189000 -0.04363800
v 0.03588700 -0.02126600 -0.04216400
v 0.03235100 -0.02168400 -0.04228200
v 0.03762700 -0.02100900 -0.04214800
v 0.03729000 -0.01772500 -0.04640900
v 0.03767200 -0.01643400 -0.04645900
v 0.04080900 -0.01343900 -0.04228700
v 0.04260700 -0.01000000 -0.03953400
v 0.03956900 -0.01000000 -0.04515700
v 0.03871500 -0.01098700 -0.04659600
v 0.03800900 -0.01511000 -0.04650300
v 0.03829600 -0.01375800 -0.04654100
v 0.03404000 -0.01994300 -0.04627600
v 0.03137300 -0.02056300 -0.04625300
v 0.02516300 -0.02209100 -0.04288300
v 0.02302300 -0.02113000 -0.04653100
v 0.02023700 -0.02086800 -0.04661200
v 0.01487500 -0.01970800 -0.04658900
v 0.00914000 -0.02072700 -0.04391800
v 0.01360200 -0.01923900 -0.04654800
v 0.01617600 -0.02007200 -0.04661600
v 0.01750700 -0.02038900 -0.04663000
v 0.01886200 -0.02065500 -0.04662900
v 0.01398900 -0.01000000 -0.14451600
v 0.01498900 -0.01000000 -0.14424800
v 0.01572200 -0.01000000 -0.14351600
v 0.01598900 -0.01000000 -0.14251600
v 0.01572200 -0.01000000 -0.14151600
v 0.01498900 -0.01000000 -0.14078400
v 0.01398900 -0.01000000 -0.14051600
v 0.01298900 -0.01000000 -0.14078400
v 0.01225700 -0.01000000 -0.14151600
v 0.01198900 -0.01000000 -0.14251600
v 0.01225700 -0.01000000 -0.14351600
v 0.01298900 -0.01000000 -0.14424800
v 0.01921100 -0.01000000 -0.10485800
v 0.02021100 -0.01000000 -0.10459000
v 0.02094300 -0.01000000 -0.10385800
v 0.02121100 -0.01000000 -0.10285800
v 0.02094300 -0.01000000 -0.10185800
v 0.02021100 -0.01000000 -0.10112600
v 0.01921100 -0.01000000 -0.10085800
v 0.01821100 -0.01000000 -0.10112600
v 0.01747800 -0.01000000 -0.10185800
v 0.01721100 -0.01000000 -0.10285800
v 0.01747800 -0.01000000 -0.10385800
v 0.01821100 -0.01000000 -0.10459000
v 0.02443200 -0.01000000 -0.06520100
v 0.02543200 -0.01000000 -0.06493300
v 0.02616400 -0.01000000 -0.06420100
v 0.02643200 -0.01000000 -0.06320100
v 0.02616400 -0.01000000 -0.06220100
v 0.02543200 -0.01000000 -0.06146900
v 0.02443200 -0.01000000 -0.06120100
v 0.02343200 -0.01000000 -0.06146900
v 0.02270000 -0.01000000 -0.06220100
v 0.02243200 -0.01000000 -0.06320100
v 0.02270000 -0.01000000 -0.06420100
v 0.02343200 -0.01000000 -0.06493300
v 0.03900000 0.02300000 -0.03270000
v 0.03900000 0.02300000 -0.03271000
v 0.03893800 0.02334600 -0.03271000
v 0.03834600 0.02393800 -0.03271000
v 0.03871400 0.02370100 -0.03265800
v 0.03870700 0.02370700 -0.03271000
v 0.03886600 0.02350000 -0.03270000
v 0.03893800 0.02334600 -0.03270000
v 0.03800000 0.02400000 -0.03220000
v 0.03800500 0.02400000 -0.03220400
v 0.03800000 0.02400000 -0.03271000
v 0.03826600 0.02396400 -0.03238700
v 0.03849300 0.02387000 -0.03253600
v 0.00022500 0.01701800 -0.03255400
v 0.00025500 0.01698700 -0.03259200
v -0.00005500 0.01688300 -0.03240500
v -0.00028900 0.01671100 -0.03220400
v -0.00029300 0.01670700 -0.03220000
v 0.00012100 0.01712100 -0.03220000
v 0.00014300 0.01709900 -0.03237300
v 0.00041400 0.01700000 -0.03265600
v 0.00041400 0.01700000 -0.03796700
v 0.00003200 0.01692400 -0.03796700
v -0.00029300 0.01670700 -0.03796700
v -0.00014100 0.01683100 -0.03796700
v 0.00123400 0.01790300 -0.03270000
v 0.00068700 0.01700000 -0.03270000
v 0.00090700 0.01803900 -0.03255400
v 0.00107400 0.01796900 -0.03266900
v 0.00132700 0.01924300 -0.03266900
v 0.00150000 0.01924300 -0.03270000
v 0.00080000 0.01808300 -0.03237300
v 0.00103100 0.01924300 -0.03237300
v 0.00106700 0.01924300 -0.03245000
v 0.00114600 0.01924300 -0.03255400
v 0.00125000 0.01924300 -0.03263300
v 0.00077200 0.01809500 -0.03220000
v 0.00100000 0.01924300 -0.03220000
v 0.00150000 0.02100000 -0.03270000
v 0.00132700 0.02100000 -0.03266900
v 0.00125000 0.02100000 -0.03263300
v 0.00114600 0.02100000 -0.03255400
v 0.00106700 0.02100000 -0.03245000
v 0.00103100 0.02100000 -0.03237300
v 0.00100000 0.02100000 -0.03220000
v 0.00132300 0.02198800 -0.03255400
v 0.00121400 0.02202800 -0.03237300
v 0.00250000 0.02359800 -0.03220000
v 0.00296200 0.02381500 -0.03220000
v 0.00297200 0.02378600 -0.03237300
v 0.00400000 0.02400000 -0.03220000
v 0.00400000 0.02396900 -0.03237300
v 0.00187900 0.02312100 -0.03220000
v 0.00190100 0.02309900 -0.03237300
v 0.00140200 0.02250000 -0.03220000
v 0.00118500 0.02203800 -0.03220000
v 0.00165500 0.02186500 -0.03270000
v 0.00149200 0.02192500 -0.03266900
v 0.00211000 0.02289000 -0.03266900
v 0.00223200 0.02276800 -0.03270000
v 0.00307500 0.02350800 -0.03266900
v 0.00313500 0.02334500 -0.03270000
v 0.00400000 0.02367300 -0.03266900
v 0.00400000 0.02350000 -0.03270000
v 0.00198200 0.02301800 -0.03255400
v 0.00301200 0.02367700 -0.03255400
v 0.00400000 0.02385400 -0.03255400
v 0.04300000 0.02400000 -0.03220000
v 0.04300000 0.02396900 -0.03237300
v 0.04300000 0.02385400 -0.03255400
v 0.04300000 0.02367300 -0.03266900
v 0.04300000 0.02350000 -0.03270000
v 0.00800000 0.02300000 -0.03677600
v 0.00800000 0.02300000 -0.03270000
v 0.00806200 0.02334600 -0.03270000
v 0.00813400 0.02350000 -0.03270000
v 0.00828600 0.02370100 -0.03265800
v 0.00829300 0.02370700 -0.03677600
v 0.00865400 0.02393800 -0.03677600
v 0.00850700 0.02387000 -0.03253600
v 0.00873400 0.02396400 -0.03238700
v 0.00900000 0.02400000 -0.03677600
v 0.00899500 0.02400000 -0.03220400
v 0.00900000 0.02400000 -0.03220000
v 0.00806200 0.02334600 -0.03677600
v 0.04559800 0.02250000 -0.03220000
v 0.04581500 0.02203800 -0.03220000
v 0.04578600 0.02202800 -0.03237300
v 0.04600000 0.02100000 -0.03220000
v 0.04596900 0.02100000 -0.03237300
v 0.04512100 0.02312100 -0.03220000
v 0.04509900 0.02309900 -0.03237300
v 0.04450000 0.02359800 -0.03220000
v 0.04402800 0.02378600 -0.03237300
v 0.04403800 0.02381500 -0.03220000
v 0.04386500 0.02334500 -0.03270000
v 0.04392500 0.02350800 -0.03266900
v 0.04489000 0.02289000 -0.03266900
v 0.04476800 0.02276800 -0.03270000
v 0.04550800 0.02192500 -0.03266900
v 0.04534500 0.02186500 -0.03270000
v 0.04567300 0.02100000 -0.03266900
v 0.04550000 0.02100000 -0.03270000
v 0.04398800 0.02367700 -0.03255400
v 0.04501800 0.02301800 -0.03255400
v 0.04567700 0.02198800 -0.03255400
v 0.04585400 0.02100000 -0.03255400
v 0.02700000 0.00880100 -0.02890000
v 0.02700000 0.01012400 -0.02890000
v 0.01818000 0.00880100 -0.02890000
v 0.01700000 0.01012400 -0.02890000
v 0.01818000 0.00387600 -0.02890000
v 0.01700000 0.00387600 -0.02890000
v 0.00640700 0.01918800 -0.03270000
v 0.00662500 0.02000000 -0.03270000
v 0.00800000 0.02000000 -0.03270000
v 0.00640700 0.02081300 -0.03270000
v 0.00581200 0.02140700 -0.03270000
v 0.00500000 0.02162500 -0.03270000
v 0.00418700 0.02140700 -0.03270000
v 0.00359300 0.02081300 -0.03270000
v 0.00781500 0.01896200 -0.03270000
v 0.00712100 0.01787900 -0.03270000
v 0.00581200 0.01859300 -0.03270000
v 0.00603800 0.01718500 -0.03270000
v 0.00500000 0.01837500 -0.03270000
v 0.00500000 0.01700000 -0.03270000
v 0.00418700 0.01859300 -0.03270000
v 0.00359300 0.01918800 -0.03270000
v 0.00337500 0.02000000 -0.03270000
v 0.04059300 0.01918800 -0.03270000
v 0.03918500 0.01896200 -0.03270000
v 0.04037500 0.02000000 -0.03270000
v 0.03900000 0.02000000 -0.03270000
v 0.04059300 0.02081300 -0.03270000
v 0.04118800 0.02140700 -0.03270000
v 0.04281300 0.02140700 -0.03270000
v 0.04340700 0.02081300 -0.03270000
v 0.04362500 0.02000000 -0.03270000
v 0.04340700 0.01918800 -0.03270000
v 0.04200000 0.02162500 -0.03270000
v 0.04550000 0.01686600 -0.03270000
v 0.04534600 0.01693800 -0.03270000
v 0.04281300 0.01859300 -0.03270000
v 0.04500000 0.01700000 -0.03270000
v 0.04200000 0.01837500 -0.03270000
v 0.04200000 0.01700000 -0.03270000
v 0.04118800 0.01859300 -0.03270000
v 0.04096200 0.01718500 -0.03270000
v 0.03987900 0.01787900 -0.03270000
v 0.04500000 0.01700000 -0.03292600
v 0.04420700 0.01700000 -0.03444800
v 0.04354700 0.01700000 -0.03542200
v 0.04496000 0.01700000 -0.03320400
v 0.04484500 0.01700000 -0.03346000
v 0.04286100 0.01700000 -0.03637800
v 0.04245600 0.01700000 -0.03684900
v 0.04200000 0.01700000 -0.03717600
v 0.03900000 0.02000000 -0.03527000
v 0.03904900 0.01946100 -0.03575000
v 0.03928400 0.01872700 -0.03638600
v 0.03944600 0.01842600 -0.03664000
v 0.04002800 0.01773900 -0.03720000
v 0.04079600 0.01725200 -0.03755700
v 0.04131200 0.01708000 -0.03753500
v 0.03900000 0.02128000 -0.03440600
v 0.03900000 0.02256000 -0.03354100
v 0.03900000 0.02287200 -0.03319600
v 0.00808000 0.02333600 -0.03714700
v 0.00800000 0.02296300 -0.03704400
v 0.00808600 0.02265500 -0.03801400
v 0.00800000 0.02246800 -0.03766200
v 0.00808400 0.02296000 -0.03779000
v 0.00800000 0.02268800 -0.03750400
v 0.00832000 0.02281200 -0.03830900
v 0.00831500 0.02318900 -0.03803100
v 0.00808200 0.02319300 -0.03749400
v 0.00800000 0.02285700 -0.03729300
v 0.00830100 0.02365200 -0.03723400
v 0.00863300 0.02385900 -0.03729100
v 0.00864700 0.02365900 -0.03777300
v 0.00830900 0.02347600 -0.03766400
v 0.00866000 0.02333500 -0.03818400
v 0.00866900 0.02291100 -0.03849500
v 0.00907400 0.02293600 -0.03854300
v 0.00906100 0.02337500 -0.03822700
v 0.00904300 0.02371400 -0.03780600
v 0.00902300 0.02392700 -0.03731000
v 0.03803200 0.02375700 -0.03365600
v 0.03802400 0.02387200 -0.03340200
v 0.03839900 0.02379400 -0.03337400
v 0.03805700 0.02311900 -0.03436800
v 0.03804500 0.02349800 -0.03403200
v 0.03841400 0.02343100 -0.03397300
v 0.03842400 0.02306700 -0.03429000
v 0.03872200 0.02326700 -0.03382800
v 0.03873000 0.02294200 -0.03410600
v 0.03892700 0.02302700 -0.03361800
v 0.03893000 0.02276300 -0.03384100
v 0.03892400 0.02328900 -0.03318700
v 0.03871500 0.02359000 -0.03329800
v 0.00800000 0.02123700 -0.03831000
v 0.00800000 0.02000000 -0.03894500
v 0.00500000 0.01700000 -0.04068700
v 0.00563400 0.01706800 -0.04078300
v 0.00671400 0.01753800 -0.04055300
v 0.00620100 0.01725100 -0.04071300
v 0.00779600 0.01891100 -0.03968000
v 0.00755000 0.01842000 -0.04000300
v 0.00718200 0.01794200 -0.04030900
v 0.00309300 0.01700000 -0.04012600
v 0.00131800 0.01700000 -0.03920900
v 0.00108500 0.01700000 -0.03906000
v 0.00087300 0.01700000 -0.03888100
v 0.00054900 0.01700000 -0.03846400
v 0.00113600 0.01692200 -0.03954500
v 0.00030700 0.01657700 -0.03946900
v 0.00037900 0.01670200 -0.03939400
v 0.00056500 0.01648500 -0.03976300
v 0.00069800 0.01675800 -0.03958400
v 0.00049800 0.01615100 -0.03985500
v 0.00021000 0.01629300 -0.03957000
v 0.00098100 0.01670600 -0.03983000
v 0.00087700 0.01638300 -0.04002000
v 0.00084100 0.01601100 -0.04008700
v 0.00046100 0.01680400 -0.03930900
v 0.00065900 0.01695100 -0.03910300
v 0.00009900 0.01665500 -0.03915000
v -0.00005800 0.01672600 -0.03879000
v 0.00012100 0.01687500 -0.03869400
v -0.00002300 0.01641600 -0.03924500
v -0.00019900 0.01653100 -0.03886600
v 0.00032800 0.01696800 -0.03858300
v 0.04534600 0.01693800 -0.03292600
v 0.04529600 0.01693500 -0.03330100
v 0.04514000 0.01693500 -0.03364600
v 0.04559700 0.01674800 -0.03338800
v 0.04540500 0.01674800 -0.03381300
v 0.04570700 0.01670700 -0.03292600
v 0.04593800 0.01634600 -0.03292600
v 0.04574800 0.01657200 -0.03343200
v 0.04589000 0.01624900 -0.03347300
v 0.04600000 0.01600000 -0.03292600
v 0.04592100 0.01600200 -0.03348200
v 0.04544200 0.01670800 -0.03383700
v 0.04553800 0.01657300 -0.03389800
v 0.04566300 0.01625000 -0.03397700
v 0.04569100 0.01600400 -0.03399400
v 0.04587000 0.01649300 -0.03253600
v 0.04596400 0.01626600 -0.03238700
v 0.04600000 0.01600500 -0.03220400
v 0.04600000 0.01600000 -0.03220000
v 0.04570100 0.01671400 -0.03265800
v -0.00050100 0.01649900 -0.03785300
v -0.00112100 0.01587900 -0.03750800
v -0.00112100 0.01587900 -0.02850000
v 0.00012100 0.01712100 -0.02850000
v 0.00100000 0.01924300 -0.02850000
v 0.00077200 0.01809500 -0.02850000
v 0.00100000 0.02100000 -0.02850000
v 0.00400000 0.02400000 -0.02850000
v 0.00250000 0.02359800 -0.02850000
v 0.00140200 0.02250000 -0.02850000
v 0.04300000 0.02400000 -0.02850000
v 0.02753200 0.02400000 -0.03388400
v 0.01609600 0.02400000 -0.03593900
v 0.04600000 0.02100000 -0.02850000
v 0.04559800 0.02250000 -0.02850000
v 0.04450000 0.02359800 -0.02850000
v 0.01818000 0.00387600 -0.02850000
v 0.01818000 0.00880100 -0.02850000
v 0.02700000 0.00880100 -0.02850000
v 0.02700000 0.01012400 -0.02850000
v 0.01700000 0.01012400 -0.02850000
v 0.01700000 0.00387600 -0.02850000
v 0.00500000 0.02162500 -0.02850000
v 0.00581200 0.02140700 -0.02850000
v 0.00640700 0.02081300 -0.02850000
v 0.00662500 0.02000000 -0.02850000
v 0.00640700 0.01918800 -0.02850000
v 0.00581200 0.01859300 -0.02850000
v 0.00500000 0.01837500 -0.02850000
v 0.00418700 0.01859300 -0.02850000
v 0.00359300 0.01918800 -0.02850000
v 0.00337500 0.02000000 -0.02850000
v 0.00359300 0.02081300 -0.02850000
v 0.00418700 0.02140700 -0.02850000
v 0.04200000 0.02162500 -0.02850000
v 0.04281300 0.02140700 -0.02850000
v 0.04340700 0.02081300 -0.02850000
v 0.04362500 0.02000000 -0.02850000
v 0.04340700 0.01918800 -0.02850000
v 0.04281300 0.01859300 -0.02850000
v 0.04200000 0.01837500 -0.02850000
v 0.04118800 0.01859300 -0.02850000
v 0.04059300 0.01918800 -0.02850000
v 0.04037500 0.02000000 -0.02850000
v 0.04059300 0.02081300 -0.02850000
v 0.04118800 0.02140700 -0.02850000
v -0.00176000 0.01492200 -0.03738900
v -0.00200000 0.01375700 -0.03734500
v -0.00200000 0.01375700 -0.02850000
v -0.00177200 0.01490500 -0.02850000
v -0.00091100 0.01415300 -0.03912600
v -0.00099400 0.01376400 -0.03908000
v -0.00153600 0.01376200 -0.03862600
v -0.00069400 0.01447300 -0.03924800
v -0.00129600 0.01438800 -0.03881900
v -0.00082700 0.01465900 -0.03915400
v -0.00157800 0.01460500 -0.03840600
v -0.00111700 0.01519000 -0.03872700
v -0.00173600 0.01478700 -0.03791700
v -0.00121400 0.01561900 -0.03813400
v -0.00187500 0.01376000 -0.03804000
v 0.04341700 0.01672100 -0.03679000
v 0.04411900 0.01671600 -0.03582100
v 0.04429800 0.01640200 -0.03594500
v 0.04304800 0.01652200 -0.03746400
v 0.04240900 0.01660800 -0.03785700
v 0.04234800 0.01673700 -0.03775500
v 0.04497400 0.01639300 -0.03495500
v 0.04248400 0.01634000 -0.03798200
v 0.04300300 0.01624200 -0.03765700
v 0.04313200 0.01620700 -0.03755700
v 0.04331700 0.01614100 -0.03739400
v 0.04359300 0.01641100 -0.03692000
v 0.04378600 0.01603900 -0.03680700
v 0.04349400 0.01604500 -0.03720000
v 0.04452300 0.01692400 -0.03465700
v 0.04479300 0.01671200 -0.03483500
v 0.04289900 0.01677700 -0.03729800
v 0.04215500 0.01695300 -0.03743400
v 0.04213500 0.01696400 -0.03740100
v 0.04270200 0.01694200 -0.03707700
v 0.04504100 0.01601500 -0.03499900
v 0.04436700 0.01602700 -0.03599400
v 0.04316000 0.01692600 -0.03660000
v 0.04385500 0.01692500 -0.03563700
v 0.03873000 0.02038100 -0.03583600
v 0.03862000 0.01917300 -0.03692900
v 0.03842500 0.02050600 -0.03602100
v 0.03821500 0.01945500 -0.03683000
v 0.03805800 0.02055800 -0.03609800
v 0.03912500 0.01783500 -0.03785400
v 0.03862000 0.01851500 -0.03743400
v 0.03832300 0.01913100 -0.03704000
v 0.04059800 0.01703600 -0.03824300
v 0.04074900 0.01676900 -0.03841900
v 0.04023400 0.01698800 -0.03834700
v 0.03922000 0.01773500 -0.03791400
v 0.03933700 0.01794900 -0.03771600
v 0.04000400 0.01711600 -0.03827600
v 0.03988800 0.01744400 -0.03802400
v 0.04021700 0.01699700 -0.03834200
v 0.04022700 0.01699100 -0.03834500
v 0.04151100 0.01673600 -0.03819900
v 0.04127200 0.01659400 -0.03839200
v 0.04155800 0.01651700 -0.03833800
v 0.04146000 0.01701300 -0.03776100
v 0.04075100 0.01723600 -0.03780700
v 0.04149600 0.01690300 -0.03799700
v 0.04068400 0.01716300 -0.03804000
v 0.04003800 0.01754100 -0.03782500
v 0.03953400 0.01801300 -0.03751900
v 0.03888700 0.01915200 -0.03673800
v 0.04016200 0.01758100 -0.03759000
v 0.03969200 0.01801700 -0.03728100
v 0.03933100 0.01852200 -0.03690800
v 0.03908600 0.01906800 -0.03648900
v 0.03895300 0.01963600 -0.03604200
v 0.03893100 0.02020200 -0.03557000
v 0.03893000 0.02148300 -0.03470600
v 0.03873000 0.02166200 -0.03497200
v 0.03842400 0.02178700 -0.03515600
v 0.03805700 0.02183900 -0.03523300
v 0.01074800 0.02296000 -0.03837600
v 0.03081100 0.02376300 -0.03436700
v 0.01629800 0.02393400 -0.03642400
v 0.01127000 0.02296700 -0.03831900
v 0.01643200 0.02343200 -0.03730100
v 0.01629900 0.02302700 -0.03764400
v 0.02215600 0.02307600 -0.03657000
v 0.02369700 0.02346600 -0.03593200
v 0.02619500 0.02309600 -0.03579700
v 0.01637000 0.02374000 -0.03689400
v 0.02362000 0.02375600 -0.03553500
v 0.03210700 0.02311300 -0.03493000
v 0.00802100 0.02009100 -0.03912400
v 0.00806500 0.02139800 -0.03861800
v 0.00806400 0.02015600 -0.03925300
v 0.00825100 0.02154200 -0.03889600
v 0.00824700 0.02029700 -0.03953100
v 0.00853000 0.02164400 -0.03909300
v 0.00887500 0.02169500 -0.03919000
v 0.00906200 0.02169800 -0.03919500
v 0.00831100 0.02032700 -0.03959100
v 0.00852300 0.02039700 -0.03972900
v 0.00886300 0.02044800 -0.03982900
v 0.00904900 0.02045200 -0.03983600
v 0.00783900 0.01897500 -0.03984200
v 0.00684000 0.01685200 -0.04158200
v 0.00659100 0.01673000 -0.04163100
v 0.00646600 0.01695700 -0.04148400
v 0.00621500 0.01658200 -0.04168700
v 0.00584600 0.01645700 -0.04171700
v 0.00842700 0.01833000 -0.04090300
v 0.00792000 0.01767400 -0.04121700
v 0.00767900 0.01784000 -0.04108600
v 0.00772100 0.01747700 -0.04130800
v 0.00791100 0.01902600 -0.03999900
v 0.00729000 0.01798000 -0.04060700
v 0.00722700 0.01797000 -0.04046000
v 0.00746100 0.01794600 -0.04087600
v 0.00812900 0.01908000 -0.04027700
v 0.00842500 0.01906600 -0.04047900
v 0.00888400 0.01934400 -0.04039800
v 0.00635300 0.01712800 -0.04126800
v 0.00626200 0.01722800 -0.04100300
v 0.00493800 0.01694600 -0.04100200
v 0.00488300 0.01679400 -0.04128400
v 0.00484000 0.01655600 -0.04150200
v 0.00481400 0.01627000 -0.04163200
v 0.00219200 0.01602000 -0.04081100
v 0.00217100 0.01601800 -0.04080000
v 0.00274800 0.01644400 -0.04095200
v 0.00328300 0.01616000 -0.04125000
v 0.00295400 0.01693100 -0.04045900
v 0.00283300 0.01673800 -0.04074800
v 0.00057400 0.01572700 -0.03994500
v 0.00043900 0.01591300 -0.03985100
v -0.00006200 0.01509900 -0.03960000
v -0.00019600 0.01528500 -0.03950600
v -0.00049000 0.01581500 -0.03907700
v -0.00059000 0.01624200 -0.03848200
v 0.04576100 -0.00023900 -0.03394400
v 0.04575100 0.00609300 -0.03395400
v 0.04571800 0.01241200 -0.03397600
v 0.01507200 -0.00200000 -0.14189100
v 0.01461400 -0.00200000 -0.14143400
v 0.01398900 -0.00200000 -0.14251600
v 0.01398900 -0.00200000 -0.14126600
v 0.01336400 -0.00200000 -0.14143400
v 0.01461400 -0.00200000 -0.14359900
v 0.01507200 -0.00200000 -0.14314100
v 0.01523900 -0.00200000 -0.14251600
v 0.01290700 -0.00200000 -0.14314100
v 0.01336400 -0.00200000 -0.14359900
v 0.01398900 -0.00200000 -0.14376600
v 0.01290700 -0.00200000 -0.14189100
v 0.01273900 -0.00200000 -0.14251600
v 0.02029300 -0.00200000 -0.10223300
v 0.01983600 -0.00200000 -0.10177600
v 0.01921100 -0.00200000 -0.10285800
v 0.01921100 -0.00200000 -0.10160800
v 0.01858600 -0.00200000 -0.10177600
v 0.01983600 -0.00200000 -0.10394100
v 0.02029300 -0.00200000 -0.10348300
v 0.02046100 -0.00200000 -0.10285800
v 0.01812800 -0.00200000 -0.10348300
v 0.01858600 -0.00200000 -0.10394100
v 0.01921100 -0.00200000 -0.10410800
v 0.01812800 -0.00200000 -0.10223300
v 0.01796100 -0.00200000 -0.10285800
v 0.02551400 -0.00200000 -0.06257600
v 0.02505700 -0.00200000 -0.06211800
v 0.02443200 -0.00200000 -0.06320100
v 0.02443200 -0.00200000 -0.06195100
v 0.02380700 -0.00200000 -0.06211800
v 0.02505700 -0.00200000 -0.06428300
v 0.02551400 -0.00200000 -0.06382600
v 0.02568200 -0.00200000 -0.06320100
v 0.02334900 -0.00200000 -0.06382600
v 0.02380700 -0.00200000 -0.06428300
v 0.02443200 -0.00200000 -0.06445100
v 0.02334900 -0.00200000 -0.06257600
v 0.02318200 -0.00200000 -0.06320100
v -0.00200000 0.00187900 -0.03737200
v -0.00188000 0.00187900 -0.03805300
v -0.00155500 0.00188000 -0.03862900
v -0.00103400 0.00188000 -0.03908400
v 0.01364400 0.01789900 -0.04088700
v 0.04330000 0.00828700 -0.03806300
v 0.01880600 0.00687700 -0.04647100
v 0.01722000 0.00421500 -0.04742700
v 0.01551900 0.00617000 -0.04646100
v 0.01548100 0.00352300 -0.04738000
v 0.01328600 0.00108400 -0.04710400
v 0.00746300 0.00831600 -0.04379100
v 0.00762100 0.00937100 -0.04381200
v 0.00481700 -0.01000000 -0.04256400
v 0.00655400 -0.00701500 -0.04367200
v 0.00655000 -0.00257800 -0.04367100
v 0.01263600 -0.00016000 -0.04692500
v 0.01233500 -0.00083300 -0.04683700
v 0.00676200 0.00183800 -0.04369900
v 0.01162800 -0.00278600 -0.04660900
v 0.01107900 -0.00500100 -0.04639700
v 0.01424700 0.00259200 -0.04730900
v 0.01407300 0.00236600 -0.04728700
v 0.01401700 0.00228100 -0.04727900
v 0.01388100 0.00203900 -0.04725600
v 0.01387900 0.00203500 -0.04725600
v 0.01386500 0.00201400 -0.04725200
v 0.00877400 0.01122100 -0.04385200
v 0.00981700 0.01159900 -0.04386000
v 0.01541800 0.00349300 -0.04737900
v 0.02220200 0.00728300 -0.04638700
v 0.02130200 0.00495700 -0.04759800
v 0.01908100 0.00468900 -0.04749100
v 0.02574100 0.00466100 -0.04792500
v 0.02527900 0.00473400 -0.04788600
v 0.02563400 0.00736800 -0.04620800
v 0.02526100 0.00473700 -0.04788500
v 0.02355200 0.00493700 -0.04774500
v 0.02931900 0.01255800 -0.04238800
v 0.03365500 0.01218400 -0.04213100
v 0.02820400 0.00414600 -0.04815400
v 0.03088200 0.00331400 -0.04842800
v 0.03327100 0.00228600 -0.04867100
v 0.03790600 0.01161400 -0.04205000
v 0.03419800 0.00180000 -0.04876200
v 0.03425700 0.00175600 -0.04877500
v 0.03424100 0.00177300 -0.04876900
v 0.03895500 0.01127600 -0.04205700
v 0.03421400 0.00179200 -0.04876400
v 0.03977800 0.01050500 -0.04207400
v 0.03505600 0.00052400 -0.04913900
v 0.03451100 0.00145400 -0.04887900
v 0.03527800 -0.00015600 -0.04931300
v 0.03528500 -0.00018700 -0.04932000
v 0.04018100 0.00946500 -0.04209600
v 0.03765400 0.00321900 -0.04620700
v 0.03684400 -0.00791400 -0.05041500
v 0.03668200 -0.00549400 -0.05008200
v 0.03889700 -0.00345200 -0.04637000
v 0.03621000 -0.00293700 -0.04970000
v 0.03842100 -0.00004800 -0.04630800
v 0.03557500 -0.00090500 -0.04941600
v 0.03529600 -0.00021800 -0.04932700
v 0.04302600 0.01360400 -0.03802700
v 0.00833500 0.01764700 -0.04122500
v 0.01192700 0.01190900 -0.04384300
v 0.00798400 0.01041900 -0.04383400
v 0.01459500 0.00294400 -0.04734200
v 0.00718200 0.00618300 -0.04375400
v 0.01073900 -0.00735500 -0.04622200
v 0.03682400 -0.00915600 -0.05054100
v 0.04129200 -0.00469700 -0.04224200
v 0.04118300 -0.00026500 -0.04222800
v 0.04086100 0.00411900 -0.04218600
v 0.04034000 0.00841100 -0.04211700
v 0.02495000 0.01272100 -0.04282400
v 0.02058400 0.01266300 -0.04333700
v 0.01622500 0.01238800 -0.04367900
v 0.01542300 0.00349500 -0.04737900
v 0.03574100 -0.00992000 -0.05390800
v 0.03612300 -0.00974900 -0.05219400
v 0.03624600 -0.01000000 -0.05180900
v 0.03680100 -0.00958000 -0.05057300
v 0.03900900 -0.01000000 -0.04622700
v 0.04123900 -0.00809900 -0.04221300
v 0.04131500 -0.01000000 -0.04189300
v 0.01398900 -0.01000000 -0.14126600
v 0.01461400 -0.01000000 -0.14143400
v 0.01507200 -0.01000000 -0.14189100
v 0.01523900 -0.01000000 -0.14251600
v 0.01507200 -0.01000000 -0.14314100
v 0.01461400 -0.01000000 -0.14359900
v 0.01398900 -0.01000000 -0.14376600
v 0.01336400 -0.01000000 -0.14359900
v 0.01290700 -0.01000000 -0.14314100
v 0.01273900 -0.01000000 -0.14251600
v 0.01290700 -0.01000000 -0.14189100
v 0.01336400 -0.01000000 -0.14143400
v 0.01921100 -0.01000000 -0.10160800
v 0.01983600 -0.01000000 -0.10177600
v 0.02029300 -0.01000000 -0.10223300
v 0.02046100 -0.01000000 -0.10285800
v 0.02029300 -0.01000000 -0.10348300
v 0.01983600 -0.01000000 -0.10394100
v 0.01921100 -0.01000000 -0.10410800
v 0.01858600 -0.01000000 -0.10394100
v 0.01812800 -0.01000000 -0.10348300
v 0.01796100 -0.01000000 -0.10285800
v 0.01812800 -0.01000000 -0.10223300
v 0.01858600 -0.01000000 -0.10177600
v 0.02443200 -0.01000000 -0.06195100
v 0.02505700 -0.01000000 -0.06211800
v 0.02551400 -0.01000000 -0.06257600
v 0.02568200 -0.01000000 -0.06320100
v 0.02551400 -0.01000000 -0.06382600
v 0.02505700 -0.01000000 -0.06428300
v 0.02443200 -0.01000000 -0.06445100
v 0.02380700 -0.01000000 -0.06428300
v 0.02334900 -0.01000000 -0.06382600
v 0.02318200 -0.01000000 -0.06320100
v 0.02334900 -0.01000000 -0.06257600
v 0.02380700 -0.01000000 -0.06211800
v 0.01596800 -0.00950800 -0.15790600
v 0.00928800 -0.00711200 -0.15702700
v 0.01017000 -0.00646800 -0.15714300
v 0.00821700 -0.00890500 -0.15688600
v 0.00866800 -0.00788100 -0.15694500
v 0.01119400 -0.00609000 -0.15727800
v 0.01229000 -0.00600800 -0.15742200
v 0.01336400 -0.00623200 -0.15756300
v 0.01432400 -0.00673600 -0.15769000
v 0.01512300 -0.00749400 -0.15779500
v 0.01568400 -0.00844200 -0.15786900
v 0.01566000 -0.00569900 -0.05206900
v 0.01594900 -0.00602200 -0.05351900
v 0.01540400 -0.00811000 -0.05320300
v 0.03562800 -0.00776100 -0.05332000
v 0.01538800 -0.01000000 -0.05453100
v 0.01526300 -0.01000000 -0.05303700
v 0.01523000 -0.01000000 -0.05284500
v 0.01479900 -0.01000000 -0.05123400
v 0.01456300 -0.00773100 -0.05043500
v 0.03498300 -0.00259200 -0.05082200
v 0.03583600 -0.00491300 -0.05105000
v 0.03631700 -0.00730300 -0.05124400
v 0.03402000 -0.00076800 -0.05055600
v 0.03310600 0.00034400 -0.05020000
v 0.03066100 0.00154400 -0.04995600
v 0.02792800 0.00238600 -0.04968600
v 0.02496500 0.00378600 -0.04855600
v 0.02499300 0.00283000 -0.04942100
v 0.01895800 0.00337800 -0.04813500
v 0.01753700 0.00291700 -0.04806800
v 0.01505200 0.00132900 -0.04793600
v 0.01621600 0.00232300 -0.04801300
v 0.01257000 -0.00386200 -0.04731000
v 0.01369700 -0.00094900 -0.04763400
v 0.01191600 -0.00701800 -0.04704900
v 0.01196600 -0.01000000 -0.04708200
v 0.02944000 -0.00044000 -0.05397200
v 0.03133100 -0.00142000 -0.05418900
v 0.03052800 -0.00143500 -0.05644400
v 0.03240100 -0.00287800 -0.05644700
v 0.03262700 -0.00248600 -0.05430500
v 0.03322200 -0.00372800 -0.05610400
v 0.03389100 -0.00395000 -0.05403200
v 0.03220100 -0.00269300 -0.05649300
v 0.03174100 -0.00229800 -0.05655100
v 0.03083800 -0.00163300 -0.05649800
v 0.03564900 -0.00890000 -0.05413900
v 0.03550000 -0.00811400 -0.05436100
v 0.03494600 -0.00576800 -0.05367300
v 0.03490300 -0.00634700 -0.05497800
v 0.03411500 -0.00490600 -0.05557500
v 0.02758800 0.00102300 -0.05162900
v 0.02504800 0.00128800 -0.05148000
v 0.02502100 0.00199200 -0.05040000
v 0.02997400 0.00032700 -0.05182900
v 0.03591400 -0.00754200 -0.05226000
v 0.03530000 -0.00537400 -0.05231900
v 0.03430900 -0.00334800 -0.05235000
v 0.03317500 -0.00177200 -0.05230900
v 0.03210100 -0.00074800 -0.05204900
v 0.03192900 0.00098500 -0.05008100
v 0.03107800 -0.00016800 -0.05193700
v 0.01408900 -0.01000000 -0.04968400
v 0.01385000 -0.00750800 -0.04917800
v 0.01516400 -0.00531300 -0.05069300
v 0.01447200 -0.00487000 -0.04942300
v 0.01616600 -0.00312800 -0.05100000
v 0.01551600 -0.00247500 -0.04971400
v 0.01735000 -0.00144400 -0.05127600
v 0.01674100 -0.00063300 -0.04997200
v 0.01833100 -0.00057600 -0.05130800
v 0.01772700 0.00023400 -0.05001800
v 0.02036000 0.00045800 -0.05133800
v 0.01995400 0.00127400 -0.05010900
v 0.01820000 0.00178900 -0.04896700
v 0.01948200 0.00225500 -0.04903400
v 0.02264500 0.00109600 -0.05139000
v 0.02243700 0.00187200 -0.05023400
v 0.01315000 -0.01000000 -0.04831000
v 0.01296100 -0.00726900 -0.04804200
v 0.01360000 -0.00438300 -0.04828700
v 0.01468600 -0.00174200 -0.04858300
v 0.01596800 0.00030100 -0.04884900
v 0.01701500 0.00121000 -0.04891100
v 0.02220100 0.00280100 -0.04920200
v 0.02194000 0.00386200 -0.04831400
v 0.01567100 -0.00713400 -0.05634200
v 0.01602400 -0.00627300 -0.05500800
v 0.01681600 -0.00449800 -0.05706900
v 0.01689600 -0.00446600 -0.05545500
v 0.01787800 -0.00309900 -0.05753600
v 0.01804400 -0.00295100 -0.05589900
v 0.01806300 -0.00290600 -0.05757700
v 0.01874700 -0.00228600 -0.05762300
v 0.01935000 -0.00182100 -0.05590700
v 0.01939600 -0.00180500 -0.05754500
v 0.01968500 -0.00161700 -0.05748600
v 0.02110600 -0.00083000 -0.05564300
v 0.02117800 -0.00084100 -0.05717100
v 0.01686500 -0.00413700 -0.05390800
v 0.01661900 -0.00368700 -0.05241000
v 0.01801000 -0.00262000 -0.05428100
v 0.01777600 -0.00211300 -0.05272600
v 0.01915400 -0.00161800 -0.05429300
v 0.01881100 -0.00119900 -0.05274600
v 0.02094300 -0.00060700 -0.05413800
v 0.02069200 -0.00017400 -0.05269200
v 0.02908800 -0.00071400 -0.05626600
v 0.02876300 -0.00059100 -0.05624300
v 0.02732600 0.00015700 -0.05385000
v 0.02797800 -0.00034500 -0.05621300
v 0.02509600 0.00032300 -0.05386500
v 0.02531700 -0.00000000 -0.05638900
v 0.02295900 0.00005800 -0.05398200
v 0.02251800 -0.00037700 -0.05689100
v 0.02182900 -0.00059000 -0.05703300
v 0.01961400 -0.01000000 -0.15725000
v 0.00496000 -0.00820500 -0.15532100
v 0.00384200 -0.00788400 -0.15383300
v 0.00323100 -0.00767800 -0.15205800
v 0.00318800 -0.00760700 -0.15017200
v 0.00647400 -0.00860900 -0.15637400
v 0.00696700 -0.00730000 -0.15643900
v 0.00775600 -0.00614700 -0.15654300
v 0.00879500 -0.00521800 -0.15668000
v 0.01002500 -0.00456700 -0.15684100
v 0.01137400 -0.00423100 -0.15701900
v 0.01276300 -0.00423100 -0.15720200
v 0.01411100 -0.00456700 -0.15737900
v 0.01534100 -0.00521800 -0.15754100
v 0.01638000 -0.00614700 -0.15767800
v 0.01716900 -0.00730000 -0.15778200
v 0.01766200 -0.00860900 -0.15784700
v 0.00403600 -0.00535300 -0.15028300
v 0.00405300 -0.00549100 -0.15216700
v 0.00428100 -0.00491000 -0.15031600
v 0.00537100 -0.00356600 -0.15234000
v 0.00539400 -0.00336900 -0.15046200
v 0.00649500 -0.00229500 -0.15060700
v 0.00710700 -0.00201500 -0.15256900
v 0.00718300 -0.00177000 -0.15069800
v 0.00929900 -0.00065000 -0.15097600
v 0.00916000 -0.00092800 -0.15283900
v 0.01162000 -0.00007300 -0.15128200
v 0.01141200 -0.00036800 -0.15313500
v 0.01281500 -0.00000000 -0.15143900
v 0.01373100 -0.00036800 -0.15344100
v 0.01401000 -0.00007300 -0.15159700
v 0.01633000 -0.00065000 -0.15190200
v 0.01598300 -0.00092800 -0.15373700
v 0.01844700 -0.00177000 -0.15218100
v 0.01803600 -0.00201500 -0.15400800
v 0.01913400 -0.00229500 -0.15227100
v 0.01977200 -0.00356600 -0.15423600
v 0.02023600 -0.00336900 -0.15241600
v 0.02134900 -0.00491000 -0.15256300
v 0.02108900 -0.00549100 -0.15441000
v 0.02159400 -0.00535300 -0.15259500
v 0.02244100 -0.00760700 -0.15270700
v 0.02191200 -0.00767800 -0.15451800
v 0.00459100 -0.00589200 -0.15393200
v 0.00579100 -0.00413800 -0.15409000
v 0.00737300 -0.00272400 -0.15429800
v 0.00924400 -0.00173400 -0.15454500
v 0.01129600 -0.00122400 -0.15481500
v 0.01340900 -0.00122400 -0.15509300
v 0.01546000 -0.00173400 -0.15536300
v 0.01733100 -0.00272400 -0.15560900
v 0.01891300 -0.00413800 -0.15581800
v 0.02011300 -0.00589200 -0.15597600
v 0.02086200 -0.00788400 -0.15607400
v 0.00559500 -0.00651500 -0.15540500
v 0.00661300 -0.00502700 -0.15553900
v 0.00795500 -0.00382800 -0.15571500
v 0.00954200 -0.00298800 -0.15592400
v 0.01128200 -0.00255600 -0.15615400
v 0.01307500 -0.00255600 -0.15638900
v 0.01481500 -0.00298800 -0.15661900
v 0.01640200 -0.00382800 -0.15682800
v 0.01774400 -0.00502700 -0.15700400
v 0.01876200 -0.00651500 -0.15713800
v 0.01939700 -0.00820500 -0.15722200
v 0.02880000 -0.02116400 -0.05116800
v 0.02990300 -0.02135800 -0.05131300
v 0.03104100 -0.02034600 -0.05146300
v 0.03190700 -0.02045300 -0.05157700
v 0.03306500 -0.01907600 -0.05172900
v 0.03371100 -0.01919200 -0.05181400
v 0.03478300 -0.01740900 -0.05195500
v 0.03525600 -0.01761800 -0.05201800
v 0.03612000 -0.01541900 -0.05213100
v 0.03648700 -0.01578400 -0.05218000
v 0.03701700 -0.01319200 -0.05225000
v 0.03736300 -0.01375400 -0.05229500
v 0.03743500 -0.01082500 -0.05230500
v 0.03785500 -0.01159600 -0.05236000
v 0.03735700 -0.00842200 -0.05229400
v 0.01476900 -0.01157800 -0.04932100
v 0.01449600 -0.01280800 -0.04928500
v 0.01534200 -0.01391200 -0.04939600
v 0.01520500 -0.01490400 -0.04937800
v 0.01638200 -0.01607500 -0.04953300
v 0.01628300 -0.01683300 -0.04952000
v 0.01784600 -0.01797200 -0.04972600
v 0.01769500 -0.01852900 -0.04970600
v 0.01966900 -0.01952100 -0.04996600
v 0.01939100 -0.01993500 -0.04992900
v 0.02177100 -0.02065400 -0.05024200
v 0.02131400 -0.02100300 -0.05018200
v 0.02406100 -0.02132100 -0.05054400
v 0.02340000 -0.02169500 -0.05045700
v 0.02643900 -0.02149400 -0.05085700
v 0.02557600 -0.02199000 -0.05074300
v 0.02776800 -0.02187600 -0.05103200
v 0.02332700 0.00116400 -0.05044700
v 0.02222300 0.00135800 -0.05030200
v 0.02108500 0.00034600 -0.05015200
v 0.02022000 0.00045300 -0.05003800
v 0.01906100 -0.00092400 -0.04988600
v 0.01841500 -0.00080800 -0.04980100
v 0.01734300 -0.00259100 -0.04966000
v 0.01687100 -0.00238200 -0.04959700
v 0.01600700 -0.00458100 -0.04948400
v 0.01563900 -0.00421600 -0.04943500
v 0.01510900 -0.00680800 -0.04936500
v 0.01476300 -0.00624600 -0.04932000
v 0.01469100 -0.00917500 -0.04931000
v 0.01427100 -0.00840400 -0.04925500
v 0.01418200 -0.01061700 -0.04924300
v 0.03794500 -0.00938300 -0.05237200
v 0.03763000 -0.00719200 -0.05233000
v 0.03678500 -0.00608800 -0.05221900
v 0.03692200 -0.00509600 -0.05223700
v 0.03574400 -0.00392500 -0.05208200
v 0.03584300 -0.00316700 -0.05209500
v 0.03428000 -0.00202800 -0.05188900
v 0.03443200 -0.00147100 -0.05190900
v 0.03245700 -0.00047900 -0.05164900
v 0.03273500 -0.00006500 -0.05168600
v 0.03035500 0.00065400 -0.05137300
v 0.03081200 0.00100300 -0.05143300
v 0.02806500 0.00132100 -0.05107100
v 0.02872700 0.00169500 -0.05115800
v 0.02568800 0.00149400 -0.05075800
v 0.02655100 0.00199000 -0.05087200
v 0.02435800 0.00187600 -0.05058300
v 0.00171700 -0.01157800 -0.14846500
v 0.00112900 -0.01061700 -0.14838800
v 0.00163800 -0.00917500 -0.14845500
v 0.00121900 -0.00840400 -0.14840000
v 0.00205700 -0.00680800 -0.14851000
v 0.00171000 -0.00624600 -0.14846400
v 0.00295400 -0.00458100 -0.14862800
v 0.00258700 -0.00421600 -0.14858000
v 0.00429100 -0.00259100 -0.14880400
v 0.00381800 -0.00238200 -0.14874200
v 0.00600900 -0.00092400 -0.14903000
v 0.00536200 -0.00080800 -0.14894500
v 0.00803300 0.00034600 -0.14929700
v 0.00716700 0.00045300 -0.14918300
v 0.01027400 0.00116400 -0.14959200
v 0.02430400 -0.00842200 -0.15143900
v 0.02489200 -0.00938300 -0.15151600
v 0.02438300 -0.01082500 -0.15144900
v 0.02480200 -0.01159600 -0.15150400
v 0.02396400 -0.01319200 -0.15139400
v 0.02431100 -0.01375400 -0.15144000
v 0.02306700 -0.01541900 -0.15127600
v 0.02343400 -0.01578400 -0.15132400
v 0.02173000 -0.01740900 -0.15110000
v 0.02220300 -0.01761800 -0.15116200
v 0.02001200 -0.01907600 -0.15087400
v 0.02065900 -0.01919200 -0.15095900
v 0.01798900 -0.02034600 -0.15060700
v 0.01885400 -0.02045300 -0.15072100
v 0.01574700 -0.02116400 -0.15031200
v 0.00917100 0.00135800 -0.14944600
v 0.01130500 0.00187600 -0.14972700
v 0.01263500 0.00149400 -0.14990300
v 0.01349800 0.00199000 -0.15001600
v 0.01501200 0.00132100 -0.15021600
v 0.01567400 0.00169500 -0.15030300
v 0.01730200 0.00065400 -0.15051700
v 0.01775900 0.00100300 -0.15057700
v 0.01940500 -0.00047900 -0.15079400
v 0.01968300 -0.00006500 -0.15083000
v 0.02122800 -0.00202800 -0.15103400
v 0.02137900 -0.00147100 -0.15105400
v 0.02269200 -0.00392500 -0.15122700
v 0.02279100 -0.00316700 -0.15124000
v 0.02373200 -0.00608800 -0.15136400
v 0.02386900 -0.00509600 -0.15138200
v 0.02457700 -0.00719200 -0.15147500
v 0.01685000 -0.02135800 -0.15045800
v 0.01471600 -0.02187600 -0.15017600
v 0.01338600 -0.02149400 -0.15000100
v 0.01252300 -0.02199000 -0.14988800
v 0.01100900 -0.02132100 -0.14968800
v 0.01034700 -0.02169500 -0.14960100
v 0.00871900 -0.02065400 -0.14938700
v 0.00826200 -0.02100300 -0.14932700
v 0.00661600 -0.01952100 -0.14911000
v 0.00633800 -0.01993500 -0.14907400
v 0.00479300 -0.01797200 -0.14887000
v 0.00464200 -0.01852900 -0.14885000
v 0.00333000 -0.01607500 -0.14867700
v 0.00323100 -0.01683300 -0.14866400
v 0.00228900 -0.01391200 -0.14854000
v 0.00215200 -0.01490400 -0.14852200
v 0.00144400 -0.01280800 -0.14842900
v 0.03613200 0.00066200 -0.05515900
v 0.02386300 0.00066200 -0.14835500
v 0.03401200 0.00241900 -0.05488000
v 0.02174200 0.00241900 -0.14807600
v 0.03160700 0.00375300 -0.05456300
v 0.01933800 0.00375300 -0.14775900
v 0.03054100 0.00417300 -0.05442300
v 0.01827100 0.00417300 -0.14761900
v 0.02900100 0.00461900 -0.05422000
v 0.01673100 0.00461900 -0.14741600
v 0.02673800 0.00496100 -0.05392200
v 0.01446900 0.00496100 -0.14711800
v 0.02628100 0.00498700 -0.05386200
v 0.01401100 0.00498700 -0.14705800
v 0.02354000 0.00484500 -0.05350100
v 0.01127100 0.00484500 -0.14669700
v 0.02286300 0.00473000 -0.05341200
v 0.01059300 0.00473000 -0.14660800
v 0.02087200 0.00419700 -0.05315000
v 0.00860200 0.00419700 -0.14634600
v 0.01917900 0.00349500 -0.05292700
v 0.00690900 0.00349500 -0.14612300
v 0.01836700 0.00306600 -0.05282000
v 0.00609800 0.00306600 -0.14601600
v 0.01611100 0.00149000 -0.05252300
v 0.00384200 0.00149000 -0.14571900
v 0.01593700 0.00134000 -0.05250000
v 0.00366700 0.00134000 -0.14569600
v 0.01418100 -0.00047800 -0.05226900
v 0.00191100 -0.00047800 -0.14546500
v 0.01335900 -0.00158800 -0.05216100
v 0.00108900 -0.00158800 -0.14535700
v 0.01264200 -0.00276900 -0.05206600
v 0.00037200 -0.00276900 -0.14526200
v 0.01162000 -0.00508900 -0.05193200
v -0.00065000 -0.00508900 -0.14512800
v 0.01154600 -0.00530700 -0.05192200
v -0.00072300 -0.00530700 -0.14511800
v 0.01093200 -0.00800500 -0.05184100
v -0.00133700 -0.00800500 -0.14503700
v 0.01083800 -0.00892400 -0.05182900
v -0.00143100 -0.00892400 -0.14502500
v 0.01082000 -0.01077100 -0.05182700
v -0.00145000 -0.01077100 -0.14502200
v 0.01106800 -0.01283300 -0.05185900
v -0.00120200 -0.01283300 -0.14505500
v 0.01121300 -0.01351000 -0.05187800
v -0.00105700 -0.01351000 -0.14507400
v 0.01209900 -0.01613000 -0.05199500
v -0.00017100 -0.01613000 -0.14519100
v 0.01229200 -0.01654900 -0.05202000
v 0.00002300 -0.01654900 -0.14521600
v 0.01344700 -0.01854200 -0.05217200
v 0.00117700 -0.01854200 -0.14536800
v 0.01442900 -0.01981900 -0.05230200
v 0.00215900 -0.01981900 -0.14549800
v 0.01521100 -0.02066200 -0.05240500
v 0.00294100 -0.02066200 -0.14560000
v 0.01733100 -0.02241900 -0.05268400
v 0.00506200 -0.02241900 -0.14588000
v 0.01973600 -0.02375300 -0.05300000
v 0.00746600 -0.02375300 -0.14619600
v 0.02080200 -0.02417300 -0.05314100
v 0.00853300 -0.02417300 -0.14633700
v 0.02234200 -0.02461900 -0.05334400
v 0.01007300 -0.02461900 -0.14653900
v 0.02460500 -0.02496100 -0.05364100
v 0.01233600 -0.02496100 -0.14683700
v 0.02506200 -0.02498700 -0.05370200
v 0.01279300 -0.02498700 -0.14689700
v 0.02780300 -0.02484500 -0.05406200
v 0.01553400 -0.02484500 -0.14725800
v 0.02848100 -0.02473000 -0.05415200
v 0.01621100 -0.02473000 -0.14734700
v 0.03047100 -0.02419700 -0.05441400
v 0.01820200 -0.02419700 -0.14761000
v 0.03216500 -0.02349500 -0.05463700
v 0.01989500 -0.02349500 -0.14783200
v 0.03297600 -0.02306600 -0.05474300
v 0.02070600 -0.02306600 -0.14793900
v 0.03523200 -0.02149000 -0.05504000
v 0.02296200 -0.02149000 -0.14823600
v 0.03540600 -0.02134000 -0.05506300
v 0.02313700 -0.02134000 -0.14825900
v 0.03716200 -0.01952200 -0.05529500
v 0.02489300 -0.01952200 -0.14849000
v 0.03798400 -0.01841200 -0.05540300
v 0.02571500 -0.01841200 -0.14859900
v 0.03870100 -0.01723100 -0.05549700
v 0.02643200 -0.01723100 -0.14869300
v 0.03972300 -0.01491100 -0.05563200
v 0.02745400 -0.01491100 -0.14882800
v 0.03979700 -0.01469300 -0.05564100
v 0.02752700 -0.01469300 -0.14883700
v 0.04041100 -0.01199500 -0.05572200
v 0.02814200 -0.01199500 -0.14891800
v 0.04050500 -0.01107600 -0.05573500
v 0.02823500 -0.01107600 -0.14893100
v 0.04052400 -0.00922900 -0.05573700
v 0.02825400 -0.00922900 -0.14893300
v 0.04027600 -0.00716700 -0.05570400
v 0.02800600 -0.00716700 -0.14890000
v 0.04013000 -0.00649000 -0.05568500
v 0.02786100 -0.00649000 -0.14888100
v 0.03924500 -0.00387000 -0.05556900
v 0.02697500 -0.00387000 -0.14876500
v 0.03905100 -0.00345100 -0.05554300
v 0.02678100 -0.00345100 -0.14873900
v 0.03789700 -0.00145800 -0.05539100
v 0.02562700 -0.00145800 -0.14858700
v 0.03691500 -0.00018100 -0.05526200
v 0.02464500 -0.00018100 -0.14845800
v 0.02934800 -0.00119900 -0.05325700
v 0.01681700 -0.00119900 -0.14843600
v 0.03108400 -0.00213500 -0.05348600
v 0.01855400 -0.00213500 -0.14866500
v 0.03259000 -0.00341400 -0.05368400
v 0.02006000 -0.00341400 -0.14886300
v 0.03323600 -0.00416600 -0.05376900
v 0.02070500 -0.00416600 -0.14894800
v 0.03379900 -0.00498200 -0.05384300
v 0.02126900 -0.00498200 -0.14902200
v 0.03465900 -0.00676800 -0.05395600
v 0.02212900 -0.00676800 -0.14913500
v 0.03513200 -0.00869600 -0.05401900
v 0.02260100 -0.00869600 -0.14919700
v 0.03521600 -0.00968700 -0.05403000
v 0.02268500 -0.00968700 -0.14920800
v 0.03519700 -0.01068100 -0.05402700
v 0.02266600 -0.01068100 -0.14920600
v 0.03485100 -0.01263600 -0.05398200
v 0.02232000 -0.01263600 -0.14916000
v 0.03411000 -0.01447600 -0.05388400
v 0.02157900 -0.01447600 -0.14906300
v 0.03360000 -0.01532800 -0.05381700
v 0.02107000 -0.01532800 -0.14899600
v 0.03300500 -0.01612100 -0.05373900
v 0.02047500 -0.01612100 -0.14891700
v 0.03158600 -0.01749800 -0.05355200
v 0.01905600 -0.01749800 -0.14873100
v 0.02991400 -0.01854700 -0.05333200
v 0.01738400 -0.01854700 -0.14851100
v 0.02900600 -0.01893300 -0.05321200
v 0.01647600 -0.01893300 -0.14839100
v 0.02806300 -0.01922200 -0.05308800
v 0.01553200 -0.01922200 -0.14826700
v 0.02611200 -0.01949500 -0.05283100
v 0.01358200 -0.01949500 -0.14801000
v 0.02414800 -0.01935200 -0.05257300
v 0.01161800 -0.01935200 -0.14775100
v 0.02318800 -0.01912700 -0.05244600
v 0.01065800 -0.01912700 -0.14762500
v 0.02225700 -0.01880100 -0.05232400
v 0.00972600 -0.01880100 -0.14750200
v 0.02052000 -0.01786500 -0.05209500
v 0.00798900 -0.01786500 -0.14727400
v 0.01901400 -0.01658600 -0.05189700
v 0.00648300 -0.01658600 -0.14707500
v 0.01836900 -0.01583400 -0.05181200
v 0.00583800 -0.01583400 -0.14699000
v 0.01780500 -0.01501800 -0.05173800
v 0.00527400 -0.01501800 -0.14691600
v 0.01694500 -0.01323200 -0.05162400
v 0.00441500 -0.01323200 -0.14680300
v 0.01647200 -0.01130400 -0.05156200
v 0.00394200 -0.01130400 -0.14674100
v 0.01638800 -0.01031300 -0.05155100
v 0.00385800 -0.01031300 -0.14673000
v 0.01640800 -0.00931900 -0.05155400
v 0.00387700 -0.00931900 -0.14673200
v 0.01675300 -0.00736400 -0.05159900
v 0.00422300 -0.00736400 -0.14677800
v 0.01749500 -0.00552400 -0.05169700
v 0.00496400 -0.00552400 -0.14687500
v 0.01800400 -0.00467200 -0.05176400
v 0.00547300 -0.00467200 -0.14694200
v 0.01859900 -0.00387900 -0.05184200
v 0.00606800 -0.00387900 -0.14702100
v 0.02001800 -0.00250200 -0.05202900
v 0.00748700 -0.00250200 -0.14720800
v 0.02169000 -0.00145300 -0.05224900
v 0.00915900 -0.00145300 -0.14742800
v 0.02259800 -0.00106700 -0.05236900
v 0.01006800 -0.00106700 -0.14754700
v 0.02354100 -0.00077800 -0.05249300
v 0.01101100 -0.00077800 -0.14767100
v 0.02549200 -0.00050500 -0.05275000
v 0.01296100 -0.00050500 -0.14792800
v 0.02745600 -0.00064800 -0.05300800
v 0.01492500 -0.00064800 -0.14818700
v 0.02841600 -0.00087300 -0.05313500
v 0.01588600 -0.00087300 -0.14831300
v 0.00706200 -0.01888800 -0.14901500
v 0.00536000 -0.01744200 -0.14879100
v 0.00747900 -0.01835000 -0.14863300
v 0.00588000 -0.01699200 -0.14842200
v 0.00780500 -0.01799100 -0.14802100
v 0.00627500 -0.01669100 -0.14782000
v 0.00399400 -0.01567100 -0.14861100
v 0.00302200 -0.01365200 -0.14848300
v 0.00459700 -0.01532800 -0.14825300
v 0.00368400 -0.01343100 -0.14813300
v 0.00504600 -0.01509900 -0.14765800
v 0.00417300 -0.01328300 -0.14754300
v 0.00248800 -0.01147300 -0.14841300
v 0.00318200 -0.01138400 -0.14806700
v 0.00369300 -0.01132500 -0.14748000
v 0.00241500 -0.00923000 -0.14840400
v 0.00280600 -0.00702100 -0.14845500
v 0.00311300 -0.00927700 -0.14805800
v 0.00348000 -0.00720100 -0.14810600
v 0.00362700 -0.00930800 -0.14747100
v 0.00397800 -0.00732100 -0.14751800
v 0.00364300 -0.00494200 -0.14856500
v 0.00426700 -0.00524800 -0.14821000
v 0.00473100 -0.00545200 -0.14761700
v 0.00489100 -0.00308400 -0.14872900
v 0.00649500 -0.00152800 -0.14894100
v 0.00544000 -0.00350200 -0.14836400
v 0.00694600 -0.00204000 -0.14856300
v 0.00585300 -0.00378100 -0.14776400
v 0.00729500 -0.00238200 -0.14795400
v 0.00838400 -0.00034300 -0.14918900
v 0.00872100 -0.00092600 -0.14879600
v 0.00899400 -0.00131600 -0.14817800
v 0.01047600 0.00042100 -0.14946500
v 0.01268000 0.00072900 -0.14975500
v 0.01068700 -0.00020900 -0.14905500
v 0.01275800 0.00008000 -0.14932800
v 0.01087500 -0.00063000 -0.14842600
v 0.01285700 -0.00035300 -0.14868600
v 0.01489900 0.00056800 -0.15004700
v 0.01484300 -0.00007100 -0.14960200
v 0.01485200 -0.00049800 -0.14894900
v 0.01703700 -0.00005500 -0.15032800
v 0.01899900 -0.00111200 -0.15058700
v 0.01685100 -0.00065600 -0.14986700
v 0.01869500 -0.00165000 -0.15011000
v 0.01677400 -0.00105800 -0.14920200
v 0.01853900 -0.00200900 -0.14943400
v 0.02070100 -0.00255800 -0.15081100
v 0.02029400 -0.00300800 -0.15032000
v 0.02006900 -0.00330900 -0.14963600
v 0.02206700 -0.00432900 -0.15099100
v 0.02303900 -0.00634800 -0.15111900
v 0.02157700 -0.00467200 -0.15048900
v 0.02249000 -0.00656900 -0.15060900
v 0.02129700 -0.00490100 -0.14979800
v 0.02217100 -0.00671700 -0.14991300
v 0.02357300 -0.00852700 -0.15118900
v 0.02299200 -0.00861600 -0.15067500
v 0.02265100 -0.00867500 -0.14997600
v 0.02364600 -0.01077000 -0.15119900
v 0.02325500 -0.01297900 -0.15114700
v 0.02306100 -0.01072300 -0.15068400
v 0.02269400 -0.01279900 -0.15063600
v 0.02271700 -0.01069200 -0.14998500
v 0.02236500 -0.01267900 -0.14993800
v 0.02241800 -0.01505800 -0.15103700
v 0.02190700 -0.01475200 -0.15053200
v 0.02161200 -0.01454800 -0.14983900
v 0.02117000 -0.01691600 -0.15087300
v 0.01956600 -0.01847200 -0.15066200
v 0.02073400 -0.01649800 -0.15037800
v 0.01922800 -0.01796000 -0.15018000
v 0.02049000 -0.01621900 -0.14969100
v 0.01904900 -0.01761800 -0.14950200
v 0.01767700 -0.01965700 -0.15041300
v 0.01745300 -0.01907400 -0.14994600
v 0.01735000 -0.01868400 -0.14927800
v 0.01558500 -0.02042100 -0.15013700
v 0.01338100 -0.02072900 -0.14984700
v 0.01548700 -0.01979100 -0.14968700
v 0.01341600 -0.02008000 -0.14941500
v 0.01546900 -0.01937000 -0.14903000
v 0.01348700 -0.01964700 -0.14876900
v 0.01116200 -0.02056800 -0.14955500
v 0.01133100 -0.01992900 -0.14914000
v 0.01149100 -0.01950200 -0.14850700
v 0.00902400 -0.01994500 -0.14927400
v 0.00932300 -0.01934400 -0.14887600
v 0.00956900 -0.01894200 -0.14825400
v 0.01777700 -0.01509900 -0.05096200
v 0.01690300 -0.01328300 -0.05084700
v 0.01642300 -0.01132500 -0.05078400
v 0.01635700 -0.00930800 -0.05077500
v 0.01670800 -0.00732100 -0.05082100
v 0.01746100 -0.00545200 -0.05092000
v 0.01858300 -0.00378100 -0.05106800
v 0.02002500 -0.00238200 -0.05125800
v 0.02172400 -0.00131600 -0.05148200
v 0.02360500 -0.00063000 -0.05172900
v 0.02558700 -0.00035300 -0.05199000
v 0.02758200 -0.00049800 -0.05225300
v 0.02950400 -0.00105800 -0.05250600
v 0.03126900 -0.00200900 -0.05273800
v 0.03279900 -0.00330900 -0.05294000
v 0.03402700 -0.00490100 -0.05310100
v 0.03490100 -0.00671700 -0.05321600
v 0.03538100 -0.00867500 -0.05328000
v 0.03544700 -0.01069200 -0.05328800
v 0.03509600 -0.01267900 -0.05324200
v 0.03434300 -0.01454800 -0.05314300
v 0.03322100 -0.01621900 -0.05299500
v 0.03177900 -0.01761800 -0.05280500
v 0.03008000 -0.01868400 -0.05258200
v 0.02819900 -0.01937000 -0.05233400
v 0.02621700 -0.01964700 -0.05207300
v 0.02422200 -0.01950200 -0.05181000
v 0.02230000 -0.01894200 -0.05155700
v 0.02053500 -0.01799100 -0.05132500
v 0.01900500 -0.01669100 -0.05112400
v 0.02222300 -0.01934400 -0.05089300
v 0.02423100 -0.01992900 -0.05115700
v 0.02631600 -0.02008000 -0.05143200
v 0.02838700 -0.01979100 -0.05170400
v 0.03035300 -0.01907400 -0.05196300
v 0.03212800 -0.01796000 -0.05219700
v 0.03363400 -0.01649800 -0.05239500
v 0.03480600 -0.01475200 -0.05254900
v 0.03559300 -0.01279900 -0.05265300
v 0.03596000 -0.01072300 -0.05270100
v 0.03589200 -0.00861600 -0.05269200
v 0.03539000 -0.00656900 -0.05262600
v 0.03447700 -0.00467200 -0.05250600
v 0.03319300 -0.00300800 -0.05233700
v 0.03159500 -0.00165000 -0.05212700
v 0.02975100 -0.00065600 -0.05188400
v 0.02774200 -0.00007100 -0.05161900
v 0.02565700 0.00008000 -0.05134500
v 0.02358700 -0.00020900 -0.05107200
v 0.02162100 -0.00092600 -0.05081400
v 0.01984600 -0.00204000 -0.05058000
v 0.01833900 -0.00350200 -0.05038100
v 0.01716700 -0.00524800 -0.05022700
v 0.01638000 -0.00720100 -0.05012400
v 0.01601300 -0.00927700 -0.05007500
v 0.01608200 -0.01138400 -0.05008400
v 0.01658400 -0.01343100 -0.05015000
v 0.01749600 -0.01532800 -0.05027000
v 0.01878000 -0.01699200 -0.05044000
v 0.02037900 -0.01835000 -0.05065000
v 0.02203700 -0.01994500 -0.05043100
v 0.02417500 -0.02056800 -0.05071200
v 0.02639400 -0.02072900 -0.05100500
v 0.02859800 -0.02042100 -0.05129500
v 0.03069000 -0.01965700 -0.05157000
v 0.03257900 -0.01847200 -0.05181900
v 0.03418300 -0.01691600 -0.05203000
v 0.03543000 -0.01505800 -0.05219400
v 0.03626800 -0.01297900 -0.05230500
v 0.03665900 -0.01077000 -0.05235600
v 0.03658500 -0.00852700 -0.05234600
v 0.03605100 -0.00634800 -0.05227600
v 0.03508000 -0.00432900 -0.05214800
v 0.03371400 -0.00255800 -0.05196800
v 0.03201200 -0.00111200 -0.05174400
v 0.03005000 -0.00005500 -0.05148600
v 0.02791200 0.00056800 -0.05120400
v 0.02569300 0.00072900 -0.05091200
v 0.02348900 0.00042100 -0.05062200
v 0.02139700 -0.00034300 -0.05034700
v 0.01950700 -0.00152800 -0.05009800
v 0.01790400 -0.00308400 -0.04988700
v 0.01665600 -0.00494200 -0.04972300
v 0.01581900 -0.00702100 -0.04961200
v 0.01542800 -0.00923000 -0.04956100
v 0.01550100 -0.01147300 -0.04957100
v 0.01603500 -0.01365200 -0.04964100
v 0.01700700 -0.01567100 -0.04976900
v 0.01837300 -0.01744200 -0.04994900
v 0.02007500 -0.01888800 -0.05017300
v -0.00011400 -0.01603700 -0.14635600
v 0.00121300 -0.01841200 -0.14653100
v -0.00098600 -0.01345700 -0.14624100
v -0.00137400 -0.01075900 -0.14619000
v -0.00126300 -0.00803600 -0.14620500
v -0.00065800 -0.00537900 -0.14628500
v 0.00042100 -0.00288000 -0.14642700
v 0.00193600 -0.00062300 -0.14662600
v 0.00383700 0.00131500 -0.14687600
v 0.00605900 0.00286700 -0.14716900
v 0.00852600 0.00398100 -0.14749400
v 0.01115300 0.00461900 -0.14784000
v 0.01385200 0.00475900 -0.14819500
v 0.01653100 0.00439700 -0.14854800
v 0.01909800 0.00354400 -0.14888500
v 0.02146600 0.00223000 -0.14919700
v 0.02355400 0.00050000 -0.14947200
v 0.02529100 -0.00158800 -0.14970100
v 0.02661900 -0.00396300 -0.14987600
v 0.02749100 -0.00654300 -0.14999000
v 0.02787800 -0.00924100 -0.15004100
v 0.02776700 -0.01196400 -0.15002700
v 0.02716200 -0.01462100 -0.14994700
v 0.02608400 -0.01712000 -0.14980500
v 0.02456800 -0.01937700 -0.14960600
v 0.02266700 -0.02131500 -0.14935500
v 0.02044500 -0.02286700 -0.14906300
v 0.01797900 -0.02398100 -0.14873800
v 0.01535100 -0.02461900 -0.14839200
v 0.01265200 -0.02475900 -0.14803700
v 0.00997400 -0.02439700 -0.14768400
v 0.00740700 -0.02354400 -0.14734600
v 0.00503900 -0.02223000 -0.14703500
v 0.00295100 -0.02050000 -0.14676000
v 0.00753700 -0.02294800 -0.14834500
v 0.00999100 -0.02376300 -0.14866800
v 0.01255200 -0.02410900 -0.14900500
v 0.01513200 -0.02397600 -0.14934500
v 0.01764400 -0.02336600 -0.14967600
v 0.02000200 -0.02230100 -0.14998600
v 0.02212600 -0.02081700 -0.15026600
v 0.02394300 -0.01896500 -0.15050500
v 0.02539200 -0.01680700 -0.15069600
v 0.02642300 -0.01441800 -0.15083200
v 0.02700100 -0.01187800 -0.15090800
v 0.02710700 -0.00927400 -0.15092200
v 0.02673700 -0.00669500 -0.15087300
v 0.02590300 -0.00422900 -0.15076300
v 0.02463400 -0.00195900 -0.15059600
v 0.02297300 0.00003700 -0.15037700
v 0.02097700 0.00169200 -0.15011500
v 0.01871300 0.00294800 -0.14981700
v 0.01625900 0.00376300 -0.14949300
v 0.01369900 0.00410900 -0.14915600
v 0.01111900 0.00397600 -0.14881700
v 0.00860700 0.00336600 -0.14848600
v 0.00624900 0.00230100 -0.14817600
v 0.00412500 0.00081700 -0.14789600
v 0.00230800 -0.00103500 -0.14765700
v 0.00085900 -0.00319300 -0.14746600
v -0.00017300 -0.00558200 -0.14733000
v -0.00075100 -0.00812200 -0.14725400
v -0.00085700 -0.01072600 -0.14724000
v -0.00048600 -0.01330500 -0.14728900
v 0.00034700 -0.01577100 -0.14739900
v 0.00161600 -0.01804100 -0.14756600
v 0.00327700 -0.02003700 -0.14778400
v 0.00527300 -0.02169200 -0.14804700
v 0.00783700 -0.02205500 -0.14904100
v 0.01012200 -0.02281400 -0.14934100
v 0.01250600 -0.02313700 -0.14965500
v 0.01490900 -0.02301200 -0.14997200
v 0.01724700 -0.02244400 -0.15027900
v 0.01944300 -0.02145300 -0.15056900
v 0.02142000 -0.02007100 -0.15082900
v 0.02311200 -0.01834700 -0.15105200
v 0.02446100 -0.01633800 -0.15122900
v 0.02542200 -0.01411300 -0.15135600
v 0.02596000 -0.01174800 -0.15142700
v 0.02605900 -0.00932400 -0.15143900
v 0.02571400 -0.00692300 -0.15139400
v 0.02493800 -0.00462600 -0.15129200
v 0.02375600 -0.00251300 -0.15113600
v 0.02221000 -0.00065400 -0.15093300
v 0.02035100 0.00088600 -0.15068800
v 0.01824300 0.00205500 -0.15041100
v 0.01595900 0.00281400 -0.15011000
v 0.01357400 0.00313700 -0.14979600
v 0.01117200 0.00301200 -0.14948000
v 0.00883300 0.00244400 -0.14917200
v 0.00663800 0.00145300 -0.14888300
v 0.00466000 0.00007100 -0.14862200
v 0.00296800 -0.00165300 -0.14840000
v 0.00161900 -0.00366200 -0.14822200
v 0.00065900 -0.00588700 -0.14809600
v 0.00012100 -0.00825200 -0.14802500
v 0.00002200 -0.01067600 -0.14801200
v 0.00036700 -0.01307700 -0.14805700
v 0.00114300 -0.01537400 -0.14815900
v 0.00232500 -0.01748700 -0.14831500
v 0.00387100 -0.01934600 -0.14851800
v 0.00573000 -0.02088600 -0.14876300
v 0.03054800 -0.02398100 -0.05326600
v 0.03713700 -0.01937700 -0.05413300
v 0.03973200 -0.01462100 -0.05447500
v 0.04044700 -0.00924100 -0.05456900
v 0.02910000 0.00439700 -0.05307500
v 0.01450600 -0.00062300 -0.05115400
v 0.01191100 -0.00537900 -0.05081200
v 0.01119600 -0.01075900 -0.05071800
v 0.01158300 -0.01345700 -0.05076900
v 0.02083000 -0.02205500 -0.05034900
v 0.01872300 -0.02088600 -0.05007100
v 0.01686400 -0.01934600 -0.04982700
v 0.01531800 -0.01748700 -0.04962300
v 0.02311500 -0.02281400 -0.05065000
v 0.02281400 -0.02376300 -0.05126600
v 0.02549900 -0.02313700 -0.05096400
v 0.02537500 -0.02410900 -0.05160300
v 0.02522100 -0.02475900 -0.05256500
v 0.02036000 -0.02294800 -0.05094300
v 0.01809700 -0.02169200 -0.05064500
v 0.01610000 -0.02003700 -0.05038200
v 0.01444000 -0.01804100 -0.05016400
v 0.01461200 -0.00366200 -0.04953000
v 0.01596100 -0.00165300 -0.04970800
v 0.01368200 -0.00319300 -0.05006400
v 0.01513100 -0.00103500 -0.05025500
v 0.01299000 -0.00288000 -0.05095400
v 0.01963100 0.00145300 -0.05019100
v 0.02182600 0.00244400 -0.05048000
v 0.01907200 0.00230100 -0.05077300
v 0.02143000 0.00336600 -0.05108400
v 0.01862800 0.00286700 -0.05169700
v 0.02109500 0.00398100 -0.05202100
v 0.02416500 0.00301200 -0.05078800
v 0.02394200 0.00397600 -0.05141400
v 0.02372200 0.00461900 -0.05236700
v 0.02656700 0.00313700 -0.05110400
v 0.02652200 0.00410900 -0.05175400
v 0.02642100 0.00475900 -0.05272300
v 0.03520300 -0.00065400 -0.05224100
v 0.03674900 -0.00251300 -0.05244500
v 0.03579600 0.00003700 -0.05297500
v 0.03745700 -0.00195900 -0.05319400
v 0.03612300 0.00050000 -0.05400000
v 0.03786000 -0.00158800 -0.05422900
v 0.03793100 -0.00462600 -0.05260000
v 0.03872600 -0.00422900 -0.05336100
v 0.03918800 -0.00396300 -0.05440300
v 0.03870700 -0.00692300 -0.05270200
v 0.03956000 -0.00669500 -0.05347100
v 0.04006000 -0.00654300 -0.05451800
v 0.03745400 -0.01633800 -0.05253800
v 0.03610500 -0.01834700 -0.05236000
v 0.03821500 -0.01680700 -0.05329400
v 0.03676600 -0.01896500 -0.05310300
v 0.03865300 -0.01712000 -0.05433300
v 0.03243600 -0.02145300 -0.05187700
v 0.03024000 -0.02244400 -0.05158800
v 0.03282500 -0.02230100 -0.05258400
v 0.03046700 -0.02336600 -0.05227400
v 0.03301500 -0.02286700 -0.05359100
v 0.02254300 -0.02439700 -0.05221200
v 0.01997600 -0.02354400 -0.05187400
v 0.01760800 -0.02223000 -0.05156200
v 0.01552000 -0.02050000 -0.05128700
v 0.01378300 -0.01841200 -0.05105900
v 0.01245500 -0.01603700 -0.05088400
v 0.01317100 -0.01577100 -0.04999600
v 0.01413600 -0.01537400 -0.04946800
v 0.01336000 -0.01307700 -0.04936500
v 0.01233700 -0.01330500 -0.04988700
v 0.01196600 -0.01072600 -0.04983800
v 0.01301500 -0.01067600 -0.04932000
v 0.01130600 -0.00803600 -0.05073300
v 0.01207200 -0.00812200 -0.04985200
v 0.01311400 -0.00825200 -0.04933300
v 0.01365200 -0.00588700 -0.04940400
v 0.01265100 -0.00558200 -0.04992800
v 0.01640700 0.00131500 -0.05140400
v 0.01694800 0.00081700 -0.05049400
v 0.01765300 0.00007100 -0.04993100
v 0.02908300 0.00376300 -0.05209100
v 0.02895200 0.00281400 -0.05141800
v 0.03166700 0.00354400 -0.05341300
v 0.03153700 0.00294800 -0.05241400
v 0.03123600 0.00205500 -0.05171900
v 0.03334400 0.00088600 -0.05199600
v 0.03380000 0.00169200 -0.05271200
v 0.03403500 0.00223000 -0.05372500
v 0.03993000 -0.00927400 -0.05351900
v 0.03905200 -0.00932400 -0.05274800
v 0.04033700 -0.01196400 -0.05455500
v 0.03982500 -0.01187800 -0.05350600
v 0.03895300 -0.01174800 -0.05273500
v 0.03841500 -0.01411300 -0.05266400
v 0.03924600 -0.01441800 -0.05342900
v 0.03523600 -0.02131500 -0.05388300
v 0.03494900 -0.02081700 -0.05286400
v 0.03441300 -0.02007100 -0.05213700
v 0.02792000 -0.02461900 -0.05292000
v 0.02795500 -0.02397600 -0.05194300
v 0.02790200 -0.02301200 -0.05128000
vn 0.35916059 -0.92987395 -0.07961226
vn 0.10998771 -0.98476782 -0.13466643
vn 0.09268512 -0.99264976 -0.07781984
vn 0.02354046 -0.99961132 -0.01493521
vn 0.00066023 -0.99999977 -0.00016107
vn 0.69853238 -0.71330753 -0.05696384
vn 0.92854845 -0.37011861 -0.02846030
vn 0.63008264 -0.21490103 -0.74619931
vn 0.99565642 -0.09280304 -0.00747592
vn 0.68331929 -0.06073853 -0.72758888
vn 0.57476019 -0.42606664 -0.69865438
vn 0.41523824 -0.73878418 -0.53082496
vn 0.25877547 -0.90750906 -0.33085126
vn 0.00881418 -0.09348170 -0.99558198
vn 0.03431135 -0.37202121 -0.92758986
vn 0.06374887 -0.71147956 -0.69980920
vn 0.08172242 -0.93000529 -0.35834565
vn 0.08726918 -0.99231277 -0.08774657
vn -0.02099551 -0.99959715 -0.01909761
vn 0.00000000 -1.00000000 0.00000000
vn -0.08718770 -0.99230979 -0.08786116
vn -0.11073634 -0.98472691 -0.13435167
vn -0.08178495 -0.92998235 -0.35839092
vn -0.06317776 -0.71135000 -0.69999268
vn -0.25572928 -0.91010462 -0.32605539
vn -0.03317173 -0.37218990 -0.92756364
vn -0.42550239 -0.73778985 -0.52403612
vn -0.00847984 -0.09369971 -0.99556439
vn -0.57998337 -0.44716361 -0.68092877
vn -0.68331929 -0.06073853 -0.72758888
vn -0.99521384 -0.09682109 -0.01323185
vn -0.92798126 -0.37046775 -0.04005536
vn -0.08416600 -0.99202997 -0.09376901
vn -0.35861476 -0.92963907 -0.08465611
vn -0.70012550 -0.71102086 -0.06537292
vn -0.64371926 -0.20430286 -0.73748618
vn -0.85488596 -0.07595117 -0.51322647
vn -0.70938615 -0.06327437 -0.70197411
vn -0.66782581 -0.26734556 -0.69464742
vn -0.52084201 -0.04710972 -0.85235220
vn -0.30891057 -0.02807720 -0.95067656
vn -0.35503416 -0.14297204 -0.92385591
vn -0.79676517 -0.52404446 -0.30090310
vn -0.94951179 -0.30189339 -0.08536824
vn -0.87190199 -0.31724486 -0.37301825
vn -0.99231277 -0.08726918 -0.08774657
vn -0.95045572 -0.08347457 -0.29944268
vn -0.71649815 -0.69047064 -0.09940170
vn -0.67173191 -0.64387336 -0.36633774
vn -0.51299312 -0.82971232 -0.22003528
vn -0.31197336 -0.87310676 -0.37464277
vn -0.30185051 -0.94952260 -0.08539966
vn -0.03641691 -0.09221766 -0.99507272
vn -0.14057996 -0.35764645 -0.92321519
vn -0.27280284 -0.27294408 -0.92254005
vn -0.07128689 -0.07136531 -0.99489958
vn -0.09220956 -0.03635524 -0.99507572
vn -0.09348170 -0.00881418 -0.99558198
vn -0.26238263 -0.66960013 -0.69483164
vn -0.51067814 -0.51035378 -0.69191535
vn -0.08304594 -0.00770104 -0.99651596
vn -0.29496744 -0.02859471 -0.95507934
vn -0.51162128 -0.05012196 -0.85774790
vn -0.70111903 -0.06924669 -0.70967388
vn -0.85106462 -0.08405288 -0.51828961
vn -0.94818607 -0.09412518 -0.30345284
vn -0.99123203 -0.09802628 -0.08859970
vn -0.92036260 -0.38100252 -0.08814627
vn -0.85917187 -0.35337230 -0.37006988
vn -0.64107963 -0.26286660 -0.72105344
vn -0.31360745 -0.12624773 -0.94112267
vn -0.07365199 -0.02849900 -0.99687672
vn -0.07120453 -0.74729761 -0.66066345
vn -0.22818927 -0.78393427 -0.57738784
vn -0.43745063 -0.76901552 -0.46610308
vn -0.60546527 -0.43418239 -0.66700634
vn -0.71782373 -0.59369493 -0.36366939
vn -0.77007003 -0.63175947 -0.08872492
vn -0.38578134 -0.92234218 -0.02139308
vn -0.10145435 -0.99481378 -0.00724943
vn -0.60666419 -0.77776428 -0.16444233
vn -0.66202757 -0.74553746 -0.07676844
vn -0.69093447 -0.72261618 -0.02086649
vn -0.70710678 -0.70710678 0.00000000
vn -0.57735027 0.57735027 0.57735027
vn -0.57735027 -0.57735027 0.57735027
vn -0.30151134 0.30151134 0.90453403
vn 0.57735027 -0.57735027 0.57735027
vn -0.57735027 0.57735027 0.57735027
vn 0.57735027 0.57735027 0.57735027
vn -0.31886882 0.55252186 -0.77009238
vn -0.00009821 0.63762479 -0.77034708
vn 0.31892764 0.55228376 -0.77023880
vn -0.55227568 -0.31903642 -0.77019955
vn -0.69379890 -0.27074325 -0.66733888
vn -0.63762479 -0.00009821 -0.77034708
vn -0.72260894 -0.06317338 -0.68836432
vn -0.55203750 0.31909507 -0.77034599
vn 0.55228376 0.31892764 -0.77023880
vn 0.63762479 -0.00009821 -0.77034708
vn 0.55252186 -0.31886882 -0.77009238
vn 0.31909507 -0.55203750 -0.77034599
vn -0.00009821 -0.63762479 -0.77034708
vn -0.06393167 -0.72306963 -0.68781033
vn -0.31903642 -0.55227568 -0.77019955
vn -0.27190719 -0.69482730 -0.66579389
vn -0.52816842 -0.53024088 -0.66323656
vn -0.39815852 -0.83115201 -0.38814446
vn -0.59503054 -0.66875841 -0.44575873
vn -0.50206927 -0.69515156 -0.51448105
vn -0.58074952 -0.55396291 -0.59653591
vn -0.66278428 -0.73051862 -0.16449783
vn -0.61396347 -0.72587060 -0.31009793
vn -0.41790299 -0.90278431 -0.10167388
vn -0.42910681 -0.86960412 -0.24424582
vn -0.22160626 -0.96652244 -0.12932535
vn -0.64500442 -0.31054436 -0.69823456
vn -0.70166636 -0.45553100 -0.54786479
vn -0.74150342 -0.55483927 -0.37726127
vn -0.06441325 -0.99729908 -0.03529130
vn -0.23597710 -0.94431374 -0.22931717
vn -0.06212243 -0.99641909 -0.05735673
vn -0.05509365 -0.99533785 -0.07916600
vn -0.04972941 -0.99550007 -0.08066346
vn -0.04646452 -0.99587971 -0.07787581
vn -0.11978544 -0.99237521 -0.02903268
vn -0.38908682 -0.76679728 -0.51052265
vn -0.33589705 -0.76783354 -0.54553169
vn -0.24615241 -0.90396873 -0.34964201
vn -0.42542516 -0.59141696 -0.68501052
vn -0.51228481 -0.24961483 -0.82174005
vn -0.48364366 -0.40706813 -0.77484472
vn -0.53483413 -0.48266119 -0.69353488
vn -0.62096262 -0.16639457 -0.76597537
vn -0.51196220 -0.08331695 -0.85495789
vn -0.23572663 -0.94950530 -0.20705712
vn -0.99644959 -0.06423086 -0.05442983
vn -0.99022344 -0.12830396 -0.05473235
vn -0.95046288 -0.30171539 -0.07475389
vn -0.82993389 -0.55761929 0.01644603
vn -0.72368375 -0.68980036 -0.02138452
vn -0.48645070 -0.86720688 0.10638579
vn -0.36966095 -0.92773885 -0.05149182
vn -0.99475624 -0.08892891 -0.05051416
vn -0.99477353 -0.08936900 -0.04938418
vn -0.99528306 -0.07670496 -0.05939677
vn -0.99512196 -0.08323729 -0.05295138
vn -0.99492572 -0.09014681 -0.04468071
vn -0.99474022 -0.09392595 -0.04086325
vn -0.99460932 -0.09645911 -0.03805191
vn -0.99405200 -0.10502473 -0.02881715
vn -0.91439869 -0.39012819 -0.10805102
vn -0.69125099 -0.69514868 -0.19733320
vn -0.36164661 -0.89601531 -0.25762044
vn -0.07061100 -0.95785067 -0.27845318
vn 0.99543398 -0.08858629 -0.03554791
vn 0.98935562 -0.14088328 -0.03643306
vn 0.72306963 -0.06393167 -0.68781033
vn 0.99477217 -0.09859460 -0.02659752
vn 0.99527746 -0.09148109 -0.03246530
vn 0.92048639 -0.37947892 -0.09327673
vn 0.70913395 -0.68599248 -0.16292131
vn 0.39752201 -0.89251465 -0.21305832
vn 0.12149535 -0.96527662 -0.23125728
vn 0.12007231 -0.99167255 -0.04656375
vn 0.06213968 -0.72201543 -0.68908083
vn 0.26219392 -0.96386759 -0.04704905
vn 0.27155328 -0.69286783 -0.66797679
vn 0.52887696 -0.52851290 -0.66405066
vn 0.63928517 -0.76716345 -0.05267555
vn 0.44242780 -0.89654843 -0.02141362
vn 0.69451963 -0.27060648 -0.66664430
vn 0.93345707 -0.35684343 -0.03634104
vn 0.91157646 -0.40867242 -0.04489100
vn 0.85740306 -0.51463804 0.00277048
vn 0.81144665 -0.58315849 -0.03847726
vn 0.70653129 -0.70750495 -0.01582026
vn 0.93529254 -0.33590947 -0.11132250
vn 0.96578600 -0.25655887 -0.03788077
vn 0.08346656 -0.99515362 -0.05198669
vn 0.09257591 -0.99453552 -0.04825770
vn 0.10490374 -0.99404197 -0.02959337
vn 0.09577952 -0.99534530 -0.01067789
vn 0.06073853 -0.68331929 -0.72758888
vn 0.52404446 -0.79676517 -0.30090310
vn 0.30189339 -0.94951179 -0.08536824
vn 0.31500635 -0.87209787 -0.37445467
vn 0.69047064 -0.71649815 -0.09940170
vn 0.64387336 -0.67173191 -0.36633774
vn 0.82971232 -0.51299312 -0.22003528
vn 0.87310676 -0.31197336 -0.37464277
vn 0.94952260 -0.30185051 -0.08539966
vn 0.92998235 -0.08178495 -0.35839092
vn 0.99230979 -0.08718770 -0.08786116
vn 0.09221766 -0.03641691 -0.99507272
vn 0.09369971 -0.00847984 -0.99556439
vn 0.37218990 -0.03317173 -0.92756364
vn 0.35764645 -0.14057996 -0.92321519
vn 0.27294408 -0.27280284 -0.92254005
vn 0.07136531 -0.07128689 -0.99489958
vn 0.14039991 -0.35776772 -0.92319560
vn 0.03635524 -0.09220956 -0.99507572
vn 0.71135000 -0.06317776 -0.69999268
vn 0.66960013 -0.26238263 -0.69483164
vn 0.51035378 -0.51067814 -0.69191535
vn 0.26274798 -0.66944845 -0.69483974
vn -0.55252186 -0.31886882 -0.77009238
vn 0.45067993 -0.52023297 -0.72542763
vn -0.63762479 -0.00009821 -0.77034708
vn -0.55228376 0.31892764 -0.77023880
vn 0.31886882 0.55252186 -0.77009238
vn 0.55203750 0.31909507 -0.77034599
vn 0.63762479 -0.00009821 -0.77034708
vn 0.55227568 -0.31903642 -0.77019955
vn 0.31903642 -0.55227568 -0.77019955
vn -0.31892764 0.55228376 -0.77023880
vn 0.00009821 0.63762479 -0.77034708
vn 0.00009821 -0.63762479 -0.77034708
vn -0.31909507 -0.55203750 -0.77034599
vn 0.20430286 -0.64371926 -0.73748618
vn 0.34576016 -0.92069213 -0.18104120
vn 0.38664497 -0.91597393 -0.10722606
vn 0.62757154 -0.70489607 -0.33056845
vn 0.68434234 -0.70284406 -0.19412829
vn 0.81673072 -0.38290664 -0.43166357
vn 0.88838845 -0.38168345 -0.25511508
vn 0.87977911 -0.10040921 -0.46465763
vn 0.95669325 -0.09689980 -0.27449672
vn 0.36126456 -0.93152202 -0.04188844
vn 0.71081060 -0.70168761 -0.04881376
vn 0.93061817 -0.35855979 -0.07338047
vn 0.99372841 -0.08495200 -0.07271175
vn 0.08994115 -0.72532229 0.68250873
vn -0.08994115 -0.72532229 0.68250873
vn 0.00941063 -0.99784350 -0.06495990
vn 0.01131095 -0.99725658 -0.07315308
vn 0.01107035 -0.99814566 -0.05985555
vn -0.72532229 -0.08994115 0.68250873
vn -0.64951249 -0.37420259 0.66189572
vn -0.37420259 -0.64951249 0.66189572
vn -0.68036404 -0.06690887 0.72981366
vn -0.60708210 -0.25140589 0.75382120
vn -0.52842035 -0.43372426 0.72983231
vn -0.77887660 -0.62469161 -0.05578203
vn -0.56266331 -0.46178504 0.68568548
vn -0.30151134 0.30151134 0.90453403
vn -0.57735027 0.57735027 0.57735027
vn -0.30151134 0.30151134 0.90453403
vn -0.30151134 -0.30151134 0.90453403
vn 0.30151134 -0.30151134 0.90453403
vn 0.30151134 0.30151134 0.90453403
vn 0.00009821 -0.63762479 0.77034708
vn -0.31909507 -0.55203750 0.77034599
vn -0.55252186 -0.31886882 0.77009238
vn -0.63762479 -0.00009821 0.77034708
vn -0.55228376 0.31892764 0.77023880
vn -0.31892764 0.55228376 0.77023880
vn 0.00009821 0.63762479 0.77034708
vn 0.31886882 0.55252186 0.77009238
vn 0.55203750 0.31909507 0.77034599
vn 0.63762479 -0.00009821 0.77034708
vn 0.55227568 -0.31903642 0.77019955
vn 0.31903642 -0.55227568 0.77019955
vn -0.00009821 -0.63762479 0.77034708
vn -0.31903642 -0.55227568 0.77019955
vn -0.55227568 -0.31903642 0.77019955
vn -0.63762479 -0.00009821 0.77034708
vn -0.55203750 0.31909507 0.77034599
vn -0.31886882 0.55252186 0.77009238
vn -0.00009821 0.63762479 0.77034708
vn 0.31892764 0.55228376 0.77023880
vn 0.55228376 0.31892764 0.77023880
vn 0.63762479 -0.00009821 0.77034708
vn 0.55252186 -0.31886882 0.77009238
vn 0.31909507 -0.55203750 0.77034599
vn -0.92050989 -0.38383834 -0.07300463
vn -0.68972983 -0.28539857 0.66544753
vn -0.72450521 -0.07149550 0.68555130
vn -0.99115657 -0.09926106 -0.08806753
vn -0.93691599 -0.09007684 -0.33774930
vn -0.80666129 -0.56377934 -0.17734266
vn -0.92177284 -0.30413079 -0.24049802
vn -0.78664049 -0.04646535 -0.61566038
vn -0.86079211 -0.20733767 -0.46480968
vn -0.69948064 -0.12340731 -0.70391581
vn -0.58472865 -0.00842002 -0.81118525
vn -0.56322934 -0.02805097 -0.82582434
vn -0.79619721 -0.48729782 -0.35862352
vn -0.72872249 -0.33121933 -0.59938075
vn -0.59346145 -0.12059236 -0.79577697
vn -0.52066512 -0.02590564 -0.85336788
vn -0.75613141 -0.65441971 -0.00037832
vn -0.65551239 -0.65775547 0.37102729
vn -0.45079889 -0.83676596 0.31081038
vn -0.37446390 -0.66194012 0.64931662
vn -0.28110175 -0.80249481 0.52629258
vn -0.39504176 -0.80808763 0.43696268
vn 0.00156160 -0.66076653 0.75058987
vn -0.05749049 -0.75797524 0.64974485
vn -0.16536818 -0.77471813 0.61029926
vn 0.37373272 -0.66048101 0.65122092
vn 0.11022810 -0.74830508 0.65413245
vn 0.02640565 -0.73931839 0.67283806
vn 0.48162258 -0.83829754 0.25553262
vn 0.41394850 -0.79979461 0.43471280
vn 0.65415737 -0.65905563 0.37111159
vn 0.31808751 -0.77654074 0.54387942
vn 0.20200424 -0.76558543 0.61079721
vn 0.44535891 -0.89079062 0.09026364
vn 0.75295370 -0.65803699 0.00693149
vn 0.42076122 -0.88815203 -0.18478624
vn 0.64869472 -0.66234609 -0.37482371
vn 0.35456435 -0.85017427 -0.38921437
vn 0.28453943 -0.80098090 -0.52675128
vn 0.37431126 -0.66195616 -0.64938827
vn 0.16709678 -0.77770271 -0.60601746
vn 0.05083916 -0.76281855 -0.64461092
vn -0.00158433 -0.66092605 -0.75044936
vn -0.02845952 -0.74008319 -0.67191289
vn -0.10999144 -0.74817072 -0.65432595
vn -0.37383725 -0.66041323 -0.65122967
vn -0.19832408 -0.76674005 -0.61055487
vn -0.31829148 -0.77793981 -0.54175657
vn -0.65411475 -0.65919197 -0.37094453
vn -0.41471257 -0.79959634 -0.43434915
vn -0.43007594 -0.89309085 0.13199781
vn -0.46397128 -0.87954183 -0.10553111
vn -0.43974952 -0.85843744 -0.26401804
vn -0.75613141 -0.65441971 -0.00037832
vn -0.65555215 -0.65780486 0.37086944
vn -0.45305940 -0.83635887 0.30861145
vn -0.37444786 -0.66188817 0.64937882
vn -0.28110118 -0.80252273 0.52625031
vn -0.39503190 -0.80925289 0.43480980
vn 0.00154986 -0.66090107 0.75047144
vn -0.05708103 -0.75807009 0.64967029
vn -0.16536466 -0.77472112 0.61029642
vn 0.37372291 -0.66043494 0.65127327
vn 0.10951161 -0.74854447 0.65397889
vn 0.02598890 -0.73897140 0.67323536
vn 0.48154662 -0.83831893 0.25560560
vn 0.41412238 -0.79971282 0.43469766
vn 0.65419680 -0.65910446 0.37095534
vn 0.31819646 -0.77662907 0.54368953
vn 0.20200424 -0.76558540 0.61079725
vn 0.44510296 -0.89092271 0.09022239
vn 0.75296156 -0.65802814 0.00691755
vn 0.41965354 -0.88776635 -0.18910792
vn 0.64866646 -0.66231449 -0.37492843
vn 0.39822498 -0.83026521 -0.38996993
vn 0.28027311 -0.80273433 -0.52636924
vn 0.37428411 -0.66203381 -0.64932476
vn 0.16581730 -0.77441947 -0.61055639
vn 0.05737155 -0.75808963 -0.64962190
vn -0.00160838 -0.66078283 -0.75057542
vn -0.02671025 -0.73924472 -0.67290698
vn -0.11018967 -0.74826940 -0.65417975
vn -0.37384008 -0.66045099 -0.65118975
vn -0.20192593 -0.76561134 -0.61079064
vn -0.31800325 -0.77669920 -0.54370238
vn -0.65407534 -0.65914313 -0.37110078
vn -0.41424575 -0.79973995 -0.43453017
vn -0.43021814 -0.89311169 0.13139199
vn -0.48584689 -0.86787818 -0.10363523
vn -0.48224736 -0.83789164 -0.25568554
vn -0.75604264 -0.65452225 -0.00038110
vn -0.65559481 -0.65771653 0.37095069
vn -0.40507648 -0.86131798 0.30666657
vn -0.37429023 -0.66204424 0.64931060
vn -0.28409083 -0.80119275 0.52667123
vn -0.39451006 -0.80932436 0.43515042
vn 0.00157446 -0.66082511 0.75053827
vn -0.04844468 -0.76244374 0.64523845
vn -0.16667904 -0.77820242 0.60549079
vn 0.37386571 -0.66048116 0.65114443
vn 0.11016152 -0.74833554 0.65410883
vn 0.02557278 -0.73881695 0.67342078
vn 0.45331114 -0.85250497 0.26027731
vn 0.41376436 -0.80043585 0.43370671
vn 0.65407297 -0.65914540 0.37110092
vn 0.31682382 -0.78040643 0.53906258
vn 0.19353098 -0.76891425 0.60935756
vn 0.44398901 -0.89159977 0.08901461
vn 0.75305911 -0.65791677 0.00689185
vn 0.41964431 -0.88768058 -0.18953059
vn 0.64860720 -0.66236365 -0.37494411
vn 0.39822498 -0.83026521 -0.38996994
vn 0.28053484 -0.80268632 -0.52630302
vn 0.37443395 -0.66197815 -0.64929511
vn 0.16559006 -0.77459811 -0.61039143
vn 0.05738874 -0.75800925 -0.64971417
vn -0.00158359 -0.66078298 -0.75057534
vn -0.02671837 -0.73924254 -0.67290906
vn -0.11022801 -0.74830514 -0.65413241
vn -0.37369181 -0.66050478 -0.65122029
vn -0.20198407 -0.76548369 -0.61093139
vn -0.31776706 -0.77675678 -0.54375822
vn -0.65415589 -0.65908054 -0.37106995
vn -0.41424575 -0.79973995 -0.43453017
vn -0.40997630 -0.90151235 0.13854572
vn -0.45376473 -0.88286641 -0.12101435
vn -0.48165113 -0.83828206 -0.25552960
vn -0.51426935 -0.05336443 -0.85596686
vn -0.55239534 -0.06373598 -0.83114205
vn -0.75054141 -0.57166043 -0.33149954
vn -0.70914433 -0.33811691 -0.61870129
vn -0.55316883 -0.14017019 -0.82119216
vn -0.49385968 -0.09154585 -0.86470918
vn -0.47042971 -0.30385801 -0.82847221
vn -0.17636294 -0.93522551 -0.30700059
vn -0.31171549 -0.77680449 -0.54718209
vn -0.15521046 -0.97930586 -0.12988356
vn -0.25251440 -0.91518433 -0.31412436
vn -0.34367517 -0.80033545 -0.49127442
vn -0.40587827 -0.57011560 -0.71430458
vn -0.39296480 -0.69565766 -0.60136436
vn -0.43762810 -0.56627364 -0.69843812
vn -0.48963586 -0.30188996 -0.81799705
vn -0.49547588 -0.09340697 -0.86358485
vn -0.88054484 -0.36967384 -0.29661767
vn -0.79188898 -0.29568806 -0.53430368
vn -0.70816369 -0.45281560 -0.54172154
vn -0.61699954 -0.25064249 -0.74598251
vn -0.51591218 -0.10122659 -0.85063964
vn -0.52156881 -0.10348048 -0.84691072
vn -0.52498795 -0.09548556 -0.84573646
vn -0.51799386 -0.08988876 -0.85064820
vn -0.65017968 -0.18361001 -0.73726097
vn -0.51570961 -0.12428979 -0.84770021
vn -0.49776940 -0.26352932 -0.82630377
vn -0.63460795 -0.21337209 -0.74279546
vn -0.41448882 -0.40434624 -0.81529328
vn -0.58243793 -0.34984111 -0.73374196
vn -0.77437526 -0.29106857 -0.56180250
vn -0.69545494 -0.70167855 -0.15488593
vn -0.42104911 -0.89428427 -0.15156945
vn -0.50948600 -0.79368461 -0.33239850
vn -0.72181609 -0.61881743 -0.30991374
vn -0.55841097 -0.60612507 -0.56638289
vn -0.55106682 -0.33449897 -0.76448401
vn -0.50117429 -0.10276334 -0.85922292
vn -0.81848143 -0.23526657 -0.52415435
vn -0.95132015 -0.16316032 -0.26147407
vn -0.93052393 -0.23161501 -0.28368944
vn -0.14856876 -0.86617081 -0.47715348
vn -0.11865157 -0.89001041 -0.44023093
vn -0.39993450 -0.81543138 -0.41847826
vn -0.09824823 -0.91172047 -0.39888979
vn -0.37507687 -0.84948650 -0.37106608
vn -0.08370882 -0.92555390 -0.36924627
vn -0.17201713 -0.83231886 -0.52693018
vn -0.30078345 -0.75082247 -0.58804332
vn -0.15731882 -0.80856487 -0.56698645
vn -0.14347075 -0.79225608 -0.59308215
vn -0.40904227 -0.55808937 -0.72195615
vn -0.28487221 -0.63381765 -0.71911266
vn -0.18580504 -0.74256521 -0.64348535
vn -0.92373012 -0.34042439 -0.17559586
vn -0.92804601 -0.31460542 -0.19938415
vn -0.92975463 -0.28774552 -0.22969292
vn -0.94390385 -0.19924309 -0.26333955
vn -0.57364999 -0.51127527 -0.63994007
vn -0.46820417 -0.68271593 -0.56096686
vn -0.42575385 -0.76392191 -0.48492987
vn -0.79318791 -0.37255902 -0.48171851
vn -0.73625799 -0.52594247 -0.42580357
vn -0.72737543 -0.58046439 -0.36604109
vn -0.70093897 -0.65450961 -0.28337559
vn -0.71128727 -0.62329054 -0.32492972
vn -0.92084671 -0.35785319 -0.15486263
vn 0.03051170 -0.97429442 -0.22320266
vn 0.03179058 -0.97943631 -0.19923320
vn 0.03336693 -0.98030819 -0.19463428
vn 0.03506885 -0.98139999 -0.18874382
vn 0.03251743 -0.98071918 -0.19269798
vn 0.02362045 -0.97378979 -0.22622008
vn 0.26078969 -0.85641855 -0.44557380
vn 0.38345832 -0.80755616 -0.44812138
vn 0.21949300 -0.89084756 -0.39776054
vn 0.44837147 -0.82555547 -0.34266777
vn 0.20116105 -0.90427732 -0.37658566
vn 0.39751915 -0.86588012 -0.30369415
vn 0.17213940 -0.92491384 -0.33897258
vn 0.52346811 -0.74148587 -0.41973782
vn 0.65385207 -0.66146143 -0.36735032
vn 0.74544956 -0.61498643 -0.25709269
vn 0.73782895 -0.62819097 -0.24695049
vn 0.42741992 -0.84017463 -0.33379455
vn 0.93595233 -0.32473749 -0.13615729
vn 0.93127525 -0.32801414 -0.15853432
vn 0.79460869 -0.53349077 -0.28980103
vn 0.93171354 -0.33773067 -0.13359594
vn 0.72610683 -0.64755379 -0.23117734
vn 0.92826241 -0.35047185 -0.12449252
vn 0.83968900 -0.16195568 -0.51835581
vn 0.84259127 -0.14839750 -0.51770467
vn 0.77632130 -0.41762412 -0.47213911
vn 0.83818525 -0.16187146 -0.52081006
vn 0.84004415 -0.16576594 -0.51657281
vn 0.81331978 -0.36528412 -0.45285589
vn 0.83862508 -0.31623965 -0.44350926
vn 0.83074750 -0.17261161 -0.52921057
vn 0.82726472 -0.16499182 -0.53703890
vn 0.83362494 -0.21790774 -0.50752899
vn 0.83213029 -0.17999083 -0.52455932
vn 0.83397708 -0.17471756 -0.52340806
vn 0.67228219 -0.48552911 -0.55883641
vn 0.79202266 -0.33354294 -0.51132105
vn 0.84448588 -0.27953693 -0.45683992
vn 0.80469023 -0.20710386 -0.55640060
vn 0.52802462 -0.60477981 -0.59618066
vn 0.55536094 -0.69000336 -0.46418701
vn 0.72196762 -0.66939925 -0.17512108
vn 0.90482063 -0.39112514 -0.16828772
vn 0.83712103 -0.52679923 -0.14734638
vn 0.92849377 -0.32805293 -0.17401318
vn 0.92315426 -0.34089118 -0.17770599
vn 0.72634415 -0.53817251 -0.42754477
vn 0.83708385 -0.44627272 -0.31643529
vn 0.86501309 -0.37676826 -0.33135785
vn 0.72593554 -0.34313610 -0.59604967
vn 0.88100572 -0.33736301 -0.33168527
vn 0.71410101 -0.62391079 -0.31748241
vn 0.59362309 -0.72641118 -0.34632127
vn 0.31953552 -0.93019888 -0.18062972
vn 0.38643995 -0.90802910 -0.16170133
vn 0.54920689 -0.82296489 -0.14526041
vn 0.85600987 -0.39079895 -0.33841288
vn 0.80476815 -0.50304982 -0.31510175
vn 0.32002098 -0.92620455 -0.19932812
vn 0.59149585 -0.71718871 -0.36847390
vn 0.77730941 -0.40152672 -0.48432053
vn 0.84553441 -0.11995614 -0.52027117
vn 0.37420259 -0.64951249 0.66189572
vn 0.64951249 -0.37420259 0.66189572
vn 0.72532229 -0.08994115 0.68250873
vn 0.99959386 -0.02103783 -0.01922306
vn 1.00000000 0.00000000 0.00000000
vn 0.98478712 -0.10951170 -0.13491296
vn 0.90283255 -0.26298597 -0.34019372
vn 0.72975325 -0.41436081 -0.54384309
vn 0.99786399 -0.00037042 -0.06532475
vn 0.96667675 -0.00184042 -0.25599352
vn 0.89924708 -0.00752351 -0.43737637
vn -0.55211170 -0.77046171 -0.31868704
vn -0.31874462 -0.77016878 -0.55248703
vn 0.00000000 -0.77027389 -0.63771321
vn 0.31888064 -0.77025576 -0.55228724
vn 0.55228724 -0.77025576 -0.31888064
vn 0.63771321 -0.77027389 -0.00000000
vn 0.55228724 -0.77025576 0.31888064
vn 0.31888064 -0.77025576 0.55228724
vn 0.00000000 -0.77027389 0.63771321
vn -0.31874462 -0.77016878 0.55248703
vn -0.55211170 -0.77046171 0.31868704
vn -0.63800036 -0.77003606 -0.00000000
vn -0.55228724 -0.77025576 -0.31888064
vn -0.31888064 -0.77025576 -0.55228724
vn 0.00000000 -0.77027389 -0.63771321
vn 0.31874462 -0.77016878 -0.55248703
vn 0.55211170 -0.77046171 -0.31868704
vn 0.63800036 -0.77003606 0.00000000
vn 0.55211170 -0.77046171 0.31868704
vn 0.31874462 -0.77016878 0.55248703
vn 0.00000000 -0.77027389 0.63771321
vn -0.31888064 -0.77025576 0.55228724
vn -0.55228724 -0.77025576 0.31888064
vn -0.63771321 -0.77027389 0.00000000
vn -0.55228724 -0.77025576 -0.31888064
vn -0.31888064 -0.77025576 -0.55228724
vn 0.00000000 -0.77027389 -0.63771321
vn 0.31888064 -0.77025576 -0.55228724
vn 0.55228724 -0.77025576 -0.31888064
vn 0.63771321 -0.77027389 -0.00000000
vn 0.55228724 -0.77025576 0.31888064
vn 0.31888064 -0.77025576 0.55228724
vn 0.00000000 -0.77027389 0.63771321
vn -0.31888064 -0.77025576 0.55228724
vn -0.55228724 -0.77025576 0.31888064
vn -0.63771321 -0.77027389 -0.00000000
vn -0.70710678 -0.00000000 0.70710678
vn 0.70710678 -0.00000000 0.70710678
vn -0.99638003 -0.00086796 -0.08500631
vn -0.94382112 -0.00067176 -0.33045611
vn -0.94062133 -0.00132708 -0.33945508
vn -0.77669259 -0.00074858 -0.62987941
vn -0.77456641 -0.00193178 -0.63248964
vn -0.58807994 -0.00284843 -0.80879779
vn -0.58676626 -0.00280779 -0.80975149
vn -0.21063120 0.00220940 -0.97756310
vn -0.04985553 -0.00306483 -0.99875174
vn -0.20942930 -0.01326792 -0.97773377
vn -0.05157167 -0.02242705 -0.99841744
vn -0.06064423 -0.04240142 -0.99725844
vn -0.07442344 -0.05937786 -0.99545739
vn -0.09333619 -0.07417539 -0.99286775
vn -0.20449242 -0.03236626 -0.97833291
vn -0.19332482 -0.05213574 -0.97974863
vn -0.11084086 -0.08351743 -0.99032275
vn -0.13469542 -0.08448604 -0.98727871
vn -0.17657088 -0.06683270 -0.98201635
vn -0.15710785 -0.08004472 -0.98433224
vn 0.18872179 -0.00033770 -0.98203053
vn 0.36667835 0.64678905 -0.66873830
vn 0.46379993 -0.14135287 -0.87459075
vn 0.72750315 -0.00000309 -0.68610435
vn 0.70413550 -0.19407648 -0.68302820
vn 0.90335504 0.00003784 -0.42889355
vn 0.87590217 -0.22772376 -0.42536722
vn 0.97811043 -0.00005817 -0.20808650
vn 0.94944966 -0.23859368 -0.20400586
vn 0.17929223 -0.07527850 -0.98091154
vn 0.15268770 -0.14639061 -0.97737212
vn 0.11018752 -0.20899952 -0.97168818
vn 0.05363232 -0.25948486 -0.96425680
vn -0.01491883 -0.29331685 -0.95589887
vn -0.08639919 -0.31063000 -0.94659610
vn -0.16122461 -0.31134157 -0.93652178
vn -0.23397303 -0.29391858 -0.92675158
vn -0.30094808 -0.25893609 -0.91781390
vn -0.35755517 -0.20875104 -0.91026222
vn -0.40054846 -0.14649352 -0.90448913
vn -0.42745459 -0.07548631 -0.90087978
vn -0.43644864 0.00017655 -0.89972916
vn 0.88582020 -0.42072594 -0.19573517
vn 0.79495352 -0.43782930 -0.41994571
vn 0.82118471 -0.53754439 -0.19157687
vn 0.66424401 -0.62816226 -0.40520621
vn 0.73529766 -0.65443979 -0.17619849
vn 0.62734018 -0.76262579 -0.15762679
vn 0.48939866 -0.78460709 -0.38063193
vn 0.12869024 -0.98600752 -0.10596227
vn 0.29452906 -0.88975876 -0.34868609
vn 0.34109838 -0.93168147 -0.12498615
vn 0.52975414 -0.83793369 -0.13125427
vn -0.00390866 -0.99454433 -0.10424157
vn -0.15649144 -0.94310039 -0.29338044
vn 0.07359459 -0.94464730 -0.31972695
vn -0.15831220 -0.98560464 -0.05933578
vn -0.36191906 -0.93165181 -0.03224127
vn -0.37467125 -0.88976643 -0.26064755
vn -0.54398208 -0.83908197 0.00499445
vn -0.57123945 -0.78460443 -0.24100078
vn -0.64862955 -0.76105388 0.00875820
vn -0.74644261 -0.62822655 -0.21944209
vn -0.75578257 -0.65449289 0.02077919
vn -0.84266808 -0.53772078 0.02769243
vn -0.87659409 -0.43781633 -0.19974900
vn -0.90621444 -0.42088517 0.04038646
vn -0.96986336 -0.23877176 0.04850896
vn -0.95617085 -0.22762372 -0.18418673
vn -0.99863584 0.00023031 0.05221500
vn -0.98355188 0.00000980 -0.18062585
vn 0.63554325 -0.37674607 -0.67390443
vn 0.52542424 -0.53771194 -0.65939005
vn 0.38035349 -0.66746868 -0.64016934
vn 0.20875738 -0.75830650 -0.61756911
vn 0.02054429 -0.80504000 -0.59286469
vn -0.17321154 -0.80507340 -0.56732229
vn -0.36146687 -0.75824122 -0.54259741
vn -0.53311690 -0.66749783 -0.51983941
vn -0.67823912 -0.53776848 -0.50079612
vn -0.78829802 -0.37681659 -0.48641083
vn -0.85698435 -0.19406693 -0.47740534
vn -0.88036672 0.00004517 -0.47429361
vn 0.41357127 -0.27467539 -0.86805083
vn 0.33340478 -0.39186550 -0.85748626
vn 0.22767025 -0.48638668 -0.84356046
vn 0.10242389 -0.55262895 -0.82710978
vn -0.03469479 -0.58668538 -0.80907140
vn -0.17600383 -0.58663382 -0.79049568
vn -0.31302055 -0.55279216 -0.77229461
vn -0.43812580 -0.48662721 -0.75580404
vn -0.54403644 -0.39194079 -0.74189404
vn -0.62422401 -0.27458758 -0.73140006
vn -0.67421034 -0.14133945 -0.72488866
vn -0.69125268 0.00001614 -0.72261313
vn -0.87259527 -0.48678789 0.04018775
vn -0.92309922 -0.38207064 0.04370195
vn -0.99530193 0.02313020 0.09401633
vn -0.98604441 -0.15438919 0.06229287
vn -0.95852503 -0.28027501 0.05172705
vn -0.67571709 -0.73653152 0.03045872
vn -0.74703871 -0.66396456 0.03292777
vn -0.81410110 -0.57959250 0.03622073
vn -0.60584248 -0.79543769 0.01528954
vn -0.30330934 -0.95280515 0.01287594
vn -0.20374479 -0.97901452 -0.00431747
vn 0.08582981 -0.99610429 -0.02023586
vn -0.00865828 -0.99983074 -0.01623375
vn -0.11320190 -0.99351230 0.01089173
vn 0.31873491 -0.94533636 -0.06890008
vn 0.19648634 -0.97904005 -0.05360699
vn 0.60508388 -0.78155838 -0.15178936
vn 0.56658414 -0.80939537 -0.15447184
vn 0.47112499 -0.87502976 -0.11119425
vn 0.85865148 -0.48544107 -0.16451324
vn 0.81876326 -0.54853704 -0.16951058
vn 0.75516816 -0.63525726 -0.16176916
vn 0.67027733 -0.72726482 -0.14769624
vn 0.90511263 -0.39080222 -0.16746565
vn 0.96024586 -0.21696657 -0.17565134
vn 0.98188518 -0.05246069 -0.18206969
vn -0.40504661 -0.91425686 0.00846357
vn -0.53625163 -0.84402665 0.00729417
vn -0.97140968 -0.17113085 -0.16455231
vn -0.02100326 -0.97825963 -0.20631760
vn -0.01286478 -0.99088201 -0.13411691
vn 0.16368684 -0.97611129 -0.14287534
vn -0.24252362 -0.77609220 -0.58211957
vn -0.33886767 -0.78004485 -0.52602162
vn -0.26527223 -0.87494306 -0.40509911
vn -0.25584556 -0.66046954 -0.70591999
vn -0.28377619 -0.64947587 -0.70544466
vn -0.46636431 -0.60808691 -0.64244427
vn -0.25281749 -0.66715713 -0.70070299
vn -0.37667218 -0.71581735 -0.58798265
vn -0.26778720 -0.68273740 -0.67982325
vn -0.19133900 -0.87415721 -0.44636146
vn -0.15227933 -0.94612866 -0.28574738
vn -0.08767744 -0.94641022 -0.31083815
vn -0.04288807 -0.96701838 -0.25106985
vn 0.01593057 -0.96999618 -0.24259768
vn 0.08157145 -0.96854787 -0.23507682
vn 0.20598354 -0.94887499 -0.23917993
vn 0.32895000 -0.92066456 -0.21016342
vn 0.26385875 -0.92612053 -0.26959105
vn 0.47719282 -0.73307247 -0.48465633
vn 0.43224857 -0.76464960 -0.47798762
vn 0.63150987 -0.69959871 -0.33430066
vn 0.40437010 -0.78995053 -0.46093707
vn 0.54471589 -0.77837083 -0.31212729
vn 0.38472014 -0.82057445 -0.42266771
vn 0.44833896 -0.85138182 -0.27228877
vn 0.38084306 -0.83927763 -0.38803559
vn 0.31597287 -0.89517091 -0.31437269
vn 0.71342735 -0.60646296 -0.35103289
vn 0.60328723 -0.60599924 -0.51846837
vn 0.54075332 -0.67616994 -0.50037992
vn 0.79625628 -0.49098647 -0.35342357
vn 0.75383413 -0.40315226 -0.51884714
vn 0.74111569 -0.41995601 -0.52381722
vn 0.72768773 -0.43614054 -0.52938832
vn 0.70487788 -0.46951723 -0.53169610
vn 0.65755147 -0.53767026 -0.52776582
vn 0.88956891 -0.17411342 -0.42231704
vn 0.85488415 -0.26565650 -0.44564529
vn 0.88259761 -0.34807556 -0.31601401
vn 0.80812766 -0.34994477 -0.47378089
vn 0.77412963 -0.37685058 -0.50863244
vn 0.93551047 -0.21108110 -0.28331066
vn 0.68802934 0.68511589 -0.23923180
vn 0.90012436 -0.08216943 -0.42781341
vn -0.71752754 0.69645453 -0.01026227
vn -0.71149224 0.69036183 -0.13106997
vn -0.68294982 0.69353284 -0.22932889
vn -0.88308293 -0.14448941 -0.44641611
vn -0.66101709 0.68368083 -0.30925221
vn -0.45600462 0.70405464 -0.54439586
vn -0.52716309 0.69017656 -0.49573722
vn -0.72463371 -0.10676328 -0.68081391
vn -0.57198845 0.69640031 -0.43342338
vn -0.61149601 0.69569422 -0.37693790
vn -0.55322831 -0.04392153 -0.83187098
vn -0.55632922 -0.02646786 -0.83054034
vn -0.53977453 -0.06299423 -0.83944933
vn -0.69235417 -0.18487322 -0.69747229
vn -0.54083195 -0.09409325 -0.83585122
vn -0.55623227 -0.07216463 -0.82788763
vn -0.54251774 -0.09418503 -0.83474768
vn -0.53383593 -0.12072373 -0.83692591
vn -0.66732515 -0.22007615 -0.71150800
vn -0.52230999 -0.11027230 -0.84559582
vn -0.52341770 -0.12648493 -0.84263603
vn -0.53108913 -0.11496915 -0.83947986
vn -0.32724601 -0.56630598 -0.75644404
vn -0.43088734 -0.37229883 -0.82202779
vn -0.57522123 -0.41089825 -0.70730698
vn -0.48637083 -0.23435384 -0.84173731
vn -0.64006446 -0.27397004 -0.71781467
vn -0.49793455 -0.13032753 -0.85736569
vn -0.19169937 -0.97927274 -0.06539309
vn -0.35424198 -0.93018449 -0.09627786
vn -0.79482888 -0.58228036 -0.17087023
vn -0.65827772 -0.73793330 -0.14874441
vn -0.87293979 -0.45132256 -0.18515959
vn -0.49218540 -0.86082109 -0.12938543
vn -0.17352840 -0.96905149 -0.17557648
vn -0.31027281 -0.91844928 -0.24531961
vn -0.43022160 -0.84257644 -0.32399740
vn -0.57444968 -0.71293820 -0.40215256
vn -0.71410469 -0.53382419 -0.45286447
vn -0.79055880 -0.39371229 -0.46904949
vn -0.84722751 -0.26676198 -0.45939481
vn -0.92494801 -0.33538394 -0.17885411
vn -0.82036130 -0.32439048 -0.47093328
vn -0.01525259 -0.99834753 -0.05540361
vn 0.08138468 -0.96143061 -0.26273127
vn 0.86318611 -0.03696396 -0.50353093
vn -0.36562971 0.69865591 -0.61497547
vn -0.49668232 -0.04453022 -0.86678933
vn -0.52877723 -0.04207068 -0.84771735
vn -0.10894782 -0.78642329 -0.60800393
vn -0.15390871 -0.72663749 -0.66955960
vn -0.00820858 -0.92321632 -0.38419298
vn -0.08461540 -0.86382491 -0.49663544
vn 0.00762039 -0.96102307 -0.27636316
vn 0.00613803 -0.95186397 -0.30645931
vn -0.04852972 -0.92599284 -0.37440903
vn 0.11783611 -0.93276043 -0.34069434
vn 0.11402978 -0.94759659 -0.29842571
vn 0.15133362 -0.90447065 -0.39878689
vn 0.77916592 -0.25529669 -0.57247189
vn 0.80422743 -0.24152636 -0.54303155
vn 0.85952833 -0.09160294 -0.50281205
vn 0.62928290 0.69075591 -0.35617313
vn 0.64671360 0.68018072 -0.34513143
vn 0.87707727 -0.10533220 -0.46865829
vn 0.83536056 -0.20586952 -0.50969646
vn 0.85977647 -0.17409515 -0.48007843
vn 0.23419598 -0.89076877 -0.38946533
vn 0.15388900 -0.93966738 -0.30552150
vn 0.03869718 -0.96613545 -0.25511728
vn 0.00125561 -0.95248663 -0.30457782
vn -0.11359443 -0.90863015 -0.40185515
vn -0.23432703 -0.70549776 -0.66885256
vn -0.26299661 -0.57396543 -0.77549756
vn -0.30973029 -0.52144371 -0.79508717
vn -0.21342324 -0.77695890 -0.59227139
vn -0.17401161 -0.83608961 -0.52026352
vn -0.15595505 -0.88376157 -0.44118422
vn 0.00000000 0.77027389 0.63771321
vn -0.31874462 0.77016878 0.55248703
vn -0.55211170 0.77046171 0.31868704
vn -0.63800036 0.77003606 0.00000000
vn -0.55211170 0.77046171 -0.31868704
vn -0.31874462 0.77016878 -0.55248703
vn 0.00000000 0.77027389 -0.63771321
vn 0.31888064 0.77025576 -0.55228724
vn 0.55228724 0.77025576 -0.31888064
vn 0.63771321 0.77027389 -0.00000000
vn 0.55228724 0.77025576 0.31888064
vn 0.31888064 0.77025576 0.55228724
vn 0.00000000 0.77027389 0.63771321
vn -0.31888064 0.77025576 0.55228724
vn -0.55228724 0.77025576 0.31888064
vn -0.63771321 0.77027389 0.00000000
vn -0.55228724 0.77025576 -0.31888064
vn -0.31888064 0.77025576 -0.55228724
vn 0.00000000 0.77027389 -0.63771321
vn 0.31874462 0.77016878 -0.55248703
vn 0.55211170 0.77046171 -0.31868704
vn 0.63800036 0.77003606 0.00000000
vn 0.55211170 0.77046171 0.31868704
vn 0.31874462 0.77016878 0.55248703
vn 0.00000000 0.77027389 0.63771321
vn -0.31888064 0.77025576 0.55228724
vn -0.55228724 0.77025576 0.31888064
vn -0.63771321 0.77027389 -0.00000000
vn -0.55228724 0.77025576 -0.31888064
vn -0.31888064 0.77025576 -0.55228724
vn 0.00000000 0.77027389 -0.63771321
vn 0.31888064 0.77025576 -0.55228724
vn 0.55228724 0.77025576 -0.31888064
vn 0.63771321 0.77027389 -0.00000000
vn 0.55228724 0.77025576 0.31888064
vn 0.31888064 0.77025576 0.55228724
vn 0.68331929 0.06073853 -0.72758888
vn 0.99525889 0.09621331 -0.01423849
vn 0.93840256 0.34060030 -0.05824148
vn 0.35034577 0.93119509 -0.10066550
vn 0.40716700 0.73969015 -0.53579242
vn 0.67812567 0.73093736 -0.07665611
vn 0.19568300 0.19985942 -0.96008561
vn 0.64371926 0.20430286 -0.73748618
vn 0.00000000 1.00000000 0.00000000
vn 0.02105895 0.99959220 -0.01928625
vn 0.08683560 0.99207955 -0.09076204
vn 0.10816876 0.98463216 -0.13710952
vn 0.26455860 0.89362673 -0.36254658
vn -0.60545762 0.43421974 -0.66698897
vn -0.43593367 0.77068647 -0.46476253
vn -0.60523377 0.78118986 -0.15308327
vn -0.69111559 0.72238356 -0.02283041
vn -0.70697838 0.70723497 -0.00051585
vn -0.77221450 0.62865504 -0.09207391
vn -0.72236930 0.59042582 -0.35997215
vn -0.22697097 0.79098935 -0.56817254
vn -0.10112735 0.99483755 -0.00845657
vn -0.35208807 0.93508183 -0.04069353
vn -0.68940993 0.71679602 -0.10448640
vn -0.55873921 0.82637570 -0.07009780
vn -0.07365199 0.02849900 -0.99687672
vn -0.07120453 0.74729761 -0.66066345
vn -0.63949732 0.26316593 -0.72234817
vn -0.31656282 0.12671591 -0.94006971
vn -0.29496744 0.02859471 -0.95507934
vn -0.08304594 0.00770104 -0.99651596
vn -0.85769622 0.35542876 -0.37152065
vn -0.94753378 0.08851436 -0.30715621
vn -0.85333647 0.07888826 -0.51535766
vn -0.69970695 0.06547733 -0.71142315
vn -0.51353947 0.04744122 -0.85675349
vn -0.92036260 0.38100252 -0.08814627
vn -0.99123203 0.09802628 -0.08859970
vn -0.09348170 0.00881418 -0.99558198
vn -0.30891057 0.02807720 -0.95067656
vn -0.52084201 0.04710972 -0.85235220
vn -0.70938615 0.06327437 -0.70197411
vn -0.85488596 0.07595117 -0.51322647
vn -0.95046129 0.08352265 -0.29941160
vn -0.99230619 0.08731290 -0.08777741
vn -0.66778460 0.26708682 -0.69478656
vn -0.87290441 0.31440476 -0.37307847
vn -0.52404446 0.79676517 -0.30090310
vn -0.30189339 0.94951179 -0.08536824
vn -0.31500635 0.87209787 -0.37445467
vn -0.08726918 0.99231277 -0.08774657
vn -0.08172242 0.93000529 -0.35834565
vn -0.69047064 0.71649815 -0.09940170
vn -0.64387336 0.67173191 -0.36633774
vn -0.82971232 0.51299312 -0.22003528
vn -0.94952260 0.30185051 -0.08539966
vn -0.09221766 0.03641691 -0.99507272
vn -0.35500751 0.14306846 -0.92385122
vn -0.27294408 0.27280284 -0.92254005
vn -0.07136531 0.07128689 -0.99489958
vn -0.14039991 0.35776772 -0.92319560
vn -0.03635524 0.09220956 -0.99507572
vn -0.03431135 0.37202121 -0.92758986
vn -0.00881418 0.09348170 -0.99558198
vn -0.51035378 0.51067814 -0.69191535
vn -0.26274798 0.66944845 -0.69483974
vn -0.06374887 0.71147956 -0.69980920
vn 0.08718770 0.99230979 -0.08786116
vn 0.08178495 0.92998235 -0.35839092
vn 0.06317776 0.71135000 -0.69999268
vn 0.03317173 0.37218990 -0.92756364
vn 0.00847984 0.09369971 -0.99556439
vn -0.99570299 0.09236614 -0.00663783
vn -0.68331929 0.06073853 -0.72758888
vn -0.64052396 0.20638298 -0.73968582
vn -0.57935967 0.44298800 -0.68418126
vn -0.42405176 0.73720658 -0.52602905
vn -0.70099411 0.71168679 -0.04592572
vn -0.35953438 0.93088928 -0.06465436
vn -0.25549808 0.91007120 -0.32632982
vn -0.11045376 0.98470099 -0.13477358
vn -0.08491991 0.99375098 -0.07244024
vn -0.02352001 0.99961270 -0.01487479
vn -0.00066023 0.99999977 -0.00016107
vn -0.92960862 0.36772269 -0.02465443
vn 0.79676517 0.52404446 -0.30090310
vn 0.94951179 0.30189339 -0.08536824
vn 0.87209787 0.31500635 -0.37445467
vn 0.99231277 0.08726918 -0.08774657
vn 0.93000529 0.08172242 -0.35834565
vn 0.71649815 0.69047064 -0.09940170
vn 0.67173191 0.64387336 -0.36633774
vn 0.51299312 0.82971232 -0.22003528
vn 0.31197336 0.87310676 -0.37464277
vn 0.30185051 0.94952260 -0.08539966
vn 0.03641691 0.09221766 -0.99507272
vn 0.14057996 0.35764645 -0.92321519
vn 0.27280284 0.27294408 -0.92254005
vn 0.07128689 0.07136531 -0.99489958
vn 0.35776772 0.14039991 -0.92319560
vn 0.09220956 0.03635524 -0.99507572
vn 0.37202121 0.03431135 -0.92758986
vn 0.09348170 0.00881418 -0.99558198
vn 0.26238263 0.66960013 -0.69483164
vn 0.51067814 0.51035378 -0.69191535
vn 0.66944845 0.26274798 -0.69483974
vn 0.71147956 0.06374887 -0.69980920
vn -0.57735027 0.57735027 0.57735027
vn -0.57735027 -0.57735027 0.57735027
vn -0.30151134 0.30151134 0.90453403
vn 0.57735027 -0.57735027 0.57735027
vn -0.57735027 0.57735027 0.57735027
vn 0.57735027 0.57735027 0.57735027
vn -0.55227568 0.31903642 -0.77019955
vn -0.63762479 0.00009821 -0.77034708
vn -0.72325584 0.06426976 -0.68758301
vn -0.55203750 -0.31909507 -0.77034599
vn -0.31886882 -0.55252186 -0.77009238
vn -0.00009821 -0.63762479 -0.77034708
vn 0.31892764 -0.55228376 -0.77023880
vn 0.55228376 -0.31892764 -0.77023880
vn -0.69514927 0.27135338 -0.66568374
vn -0.52985983 0.52756526 -0.66402067
vn -0.31903642 0.55227568 -0.77019955
vn -0.27053797 0.69309935 -0.66814855
vn -0.00009821 0.63762479 -0.77034708
vn -0.06259523 0.72228768 -0.68875420
vn 0.31909507 0.55203750 -0.77034599
vn 0.55252186 0.31886882 -0.77009238
vn 0.63762479 0.00009821 -0.77034708
vn 0.55227568 0.31903642 -0.77019955
vn 0.69067389 0.26973431 -0.67097912
vn 0.63762479 0.00009821 -0.77034708
vn 0.72105663 0.06027548 -0.69024938
vn 0.55203750 -0.31909507 -0.77034599
vn 0.31886882 -0.55252186 -0.77009238
vn -0.31892764 -0.55228376 -0.77023880
vn -0.55228376 -0.31892764 -0.77023880
vn -0.63762479 0.00009821 -0.77034708
vn -0.55252186 0.31886882 -0.77009238
vn 0.00009821 -0.63762479 -0.77034708
vn 0.43985103 0.56442357 -0.69853926
vn 0.20430286 0.64371926 -0.73748618
vn -0.31909507 0.55203750 -0.77034599
vn 0.06073853 0.68331929 -0.72758888
vn 0.00009821 0.63762479 -0.77034708
vn 0.06183126 0.72189175 -0.68923813
vn 0.31903642 0.55227568 -0.77019955
vn 0.27114756 0.69239986 -0.66862652
vn 0.52576633 0.52881672 -0.66627520
vn 0.09252508 0.99568616 -0.00694065
vn 0.08199666 0.99509886 -0.05527031
vn 0.08144591 0.99506622 -0.05665495
vn 0.09481720 0.99508528 -0.02854786
vn 0.08494291 0.99532899 -0.04587926
vn 0.07908622 0.99492014 -0.06228386
vn 0.06602381 0.99579798 -0.06346048
vn 0.09788176 0.99409243 -0.04689772
vn 0.99246507 0.09950050 -0.07150345
vn 0.96004417 0.26842069 -0.07915502
vn 0.88489602 0.45988459 -0.07392693
vn 0.79523534 0.60186831 -0.07317982
vn 0.61405176 0.78576340 -0.07427186
vn 0.40727200 0.91043734 -0.07234206
vn 0.24780071 0.96693903 -0.06019733
vn 0.99544678 0.05334958 -0.07899074
vn 0.99464028 0.06857234 -0.07738573
vn 0.99400814 0.09583846 -0.05256245
vn -0.91401097 0.38983759 -0.11229694
vn -0.99427529 0.10182888 -0.03236544
vn -0.91230397 0.21344254 -0.34949071
vn -0.99387573 0.05804169 -0.09403293
vn -0.91136920 0.28295297 -0.29890432
vn -0.99357525 0.07751615 -0.08245892
vn -0.67626687 0.38232702 -0.62967386
vn -0.67781883 0.50745408 -0.53202630
vn -0.91265761 0.35030550 -0.21057576
vn -0.99376374 0.09548517 -0.05758653
vn -0.69053277 0.69684396 -0.19383753
vn -0.36607561 0.89690696 -0.24808579
vn -0.35077040 0.80273517 -0.48226173
vn -0.68367478 0.62562021 -0.37575012
vn -0.33683267 0.64925958 -0.68191330
vn -0.33314990 0.49621490 -0.80173681
vn -0.02424714 0.52723508 -0.84937345
vn -0.03345226 0.68766888 -0.72525338
vn -0.04801530 0.85362262 -0.51867423
vn -0.07096911 0.95963337 -0.27215285
vn 0.17113568 0.85354528 -0.49211079
vn 0.11986340 0.94820692 -0.29417069
vn 0.40235956 0.85916946 -0.31612437
vn 0.16012616 0.60635316 -0.77890658
vn 0.15668683 0.74978292 -0.64286453
vn 0.40793568 0.70393073 -0.58143788
vn 0.42185133 0.55503088 -0.71692551
vn 0.71409107 0.54055432 -0.44483139
vn 0.72688034 0.42059357 -0.54290517
vn 0.92328622 0.29534042 -0.24559436
vn 0.92896987 0.22846798 -0.29123421
vn 0.91740013 0.37392829 -0.13621538
vn 0.70707421 0.66264998 -0.24686245
vn -0.99574881 0.04630499 -0.07962513
vn -0.99242711 0.11868743 -0.03165007
vn -0.07472659 0.99402283 -0.07958983
vn -0.20865066 0.97762565 0.02670174
vn -0.57294551 0.81959193 0.00158724
vn -0.37938864 0.92182018 -0.07944692
vn -0.92575157 0.37383269 -0.05686074
vn -0.86562471 0.49155925 0.09520169
vn -0.70553329 0.70752814 -0.04033241
vn -0.03779539 0.99504454 -0.09196673
vn -0.05200784 0.99466694 -0.08906663
vn -0.07068280 0.99346030 -0.08966924
vn -0.05601607 0.99615050 -0.06742691
vn -0.06397965 0.99745226 -0.03155313
vn -0.19501922 0.92293083 -0.33191291
vn -0.58789365 0.53245332 -0.60899468
vn -0.49358510 0.69726942 -0.51979717
vn -0.51654460 0.47129517 -0.71488639
vn -0.37302558 0.75955363 -0.53285100
vn -0.55401859 0.23213790 -0.79948445
vn -0.61677135 0.35093103 -0.70458535
vn -0.36513347 0.69652084 -0.61768622
vn -0.48208252 0.37782703 -0.79047023
vn -0.49482260 0.11981454 -0.86069453
vn -0.39061170 0.83036828 -0.39738020
vn -0.21424374 0.94758058 -0.23704569
vn -0.60462367 0.65441016 -0.45406779
vn -0.62709377 0.71899758 -0.29965961
vn -0.44505510 0.86770464 -0.22139246
vn -0.67426040 0.47746204 -0.56338522
vn -0.72057865 0.57721334 -0.38417596
vn -0.23402822 0.96552643 -0.11397151
vn 0.35902950 0.93233042 -0.04310217
vn 0.35718657 0.92856186 -0.10094866
vn 0.31741938 0.93271547 -0.17113385
vn 0.63164650 0.75893393 -0.15824658
vn 0.52716711 0.80021378 -0.28592438
vn 0.71649675 0.69313748 -0.07869457
vn 0.93852662 0.34309093 -0.03816282
vn 0.80575185 0.55687730 -0.20162248
vn 0.92443333 0.26859199 -0.27070529
vn 0.99369993 0.09312872 -0.06234982
vn 0.95869316 0.06600758 -0.27667748
vn 0.63522410 0.69125410 -0.34446786
vn 0.74426286 0.53326161 -0.40212542
vn 0.84424728 0.26909582 -0.46350186
vn 0.87391613 0.07165268 -0.48076656
vn 0.91211105 0.22612605 -0.34193632
vn 0.98078615 0.11420648 -0.15816257
vn 0.99960989 0.02356141 -0.01499748
vn 0.99999977 0.00066023 -0.00016107
vn 0.73551146 0.42804822 -0.52516437
vn -0.72401068 0.68390624 -0.08989317
vn -0.77540039 0.62845552 -0.06162701
vn -0.56263832 0.46179239 0.68570104
vn -0.52842035 0.43372426 0.72983231
vn -0.68036404 0.06690887 0.72981366
vn -0.60708210 0.25140589 0.75382120
vn -0.72532229 0.08994115 0.68250873
vn -0.08994115 0.72532229 0.68250873
vn -0.37420259 0.64951249 0.66189572
vn -0.64951249 0.37420259 0.66189572
vn 0.08994115 0.72532229 0.68250873
vn 0.01793766 0.99312004 -0.11571872
vn 0.00934558 0.99784031 -0.06501824
vn 0.72532229 0.08994115 0.68250873
vn 0.64951249 0.37420259 0.66189572
vn 0.37420259 0.64951249 0.66189572
vn -0.30151134 0.30151134 0.90453403
vn -0.57735027 0.57735027 0.57735027
vn -0.30151134 0.30151134 0.90453403
vn -0.30151134 -0.30151134 0.90453403
vn 0.30151134 -0.30151134 0.90453403
vn 0.30151134 0.30151134 0.90453403
vn -0.00009821 -0.63762479 0.77034708
vn -0.31886882 -0.55252186 0.77009238
vn -0.55203750 -0.31909507 0.77034599
vn -0.63762479 0.00009821 0.77034708
vn -0.55227568 0.31903642 0.77019955
vn -0.31903642 0.55227568 0.77019955
vn -0.00009821 0.63762479 0.77034708
vn 0.31909507 0.55203750 0.77034599
vn 0.55252186 0.31886882 0.77009238
vn 0.63762479 0.00009821 0.77034708
vn 0.55228376 -0.31892764 0.77023880
vn 0.31892764 -0.55228376 0.77023880
vn 0.00009821 -0.63762479 0.77034708
vn -0.31892764 -0.55228376 0.77023880
vn -0.55228376 -0.31892764 0.77023880
vn -0.63762479 0.00009821 0.77034708
vn -0.55252186 0.31886882 0.77009238
vn -0.31909507 0.55203750 0.77034599
vn 0.00009821 0.63762479 0.77034708
vn 0.31903642 0.55227568 0.77019955
vn 0.55227568 0.31903642 0.77019955
vn 0.63762479 0.00009821 0.77034708
vn 0.55203750 -0.31909507 0.77034599
vn 0.31886882 -0.55252186 0.77009238
vn -0.92094519 0.38509301 -0.05969367
vn -0.99239959 0.09256150 -0.08108895
vn -0.72449061 0.07146865 0.68556953
vn -0.68969681 0.28538909 0.66548582
vn -0.56083826 0.03304603 -0.82726562
vn -0.57614691 0.01496105 -0.81720922
vn -0.77062650 0.03544234 -0.63630075
vn -0.52712408 0.02664893 -0.84937038
vn -0.68838235 0.16839534 -0.70553012
vn -0.61119880 0.12080874 -0.78220283
vn -0.82976496 0.24366459 -0.50211320
vn -0.73869968 0.33151468 -0.58687375
vn -0.91244162 0.32064317 -0.25424051
vn -0.79796152 0.52959031 -0.28773517
vn -0.94007525 0.06719481 -0.33428038
vn 0.54356392 0.71729231 -0.43592432
vn 0.57225783 0.71658527 -0.39878130
vn 0.75162181 0.40248107 -0.52256449
vn 0.58309175 0.53019307 -0.61554798
vn 0.43195994 0.57800375 -0.69233104
vn 0.35019936 0.76782844 -0.53646985
vn 0.76579282 0.38954900 -0.51167659
vn 0.48523299 0.40201672 -0.77648664
vn 0.58666382 0.33056477 -0.73929189
vn 0.66750648 0.28297360 -0.68873874
vn 0.72715925 0.23649922 -0.64444360
vn 0.71748038 0.42207601 -0.55414235
vn 0.80151359 0.13930707 -0.58152343
vn 0.78510123 0.14219607 -0.60282364
vn 0.31584299 0.92486367 -0.21182634
vn 0.58111911 0.71347617 -0.39147458
vn 0.43853853 0.77259907 -0.45910199
vn 0.23050899 0.91942796 -0.31861862
vn 0.14774166 0.97579174 -0.16125411
vn 0.24271864 0.93708528 -0.25091598
vn 0.82877322 0.10441097 -0.54975748
vn 0.81934358 0.12212245 -0.56014480
vn 0.29762194 0.92495957 -0.23637043
vn 0.31053066 0.92567988 -0.21607283
vn 0.73078318 0.41580680 -0.54135076
vn 0.34081156 0.60226014 -0.72189349
vn 0.41794273 0.52802043 -0.73926876
vn 0.13669309 0.56661408 -0.81256599
vn 0.15548986 0.55698390 -0.81583812
vn 0.11757110 0.58598285 -0.80174880
vn 0.11307175 0.58014634 -0.80662569
vn 0.13673912 0.57468987 -0.80686676
vn 0.21347296 0.68685355 -0.69473844
vn 0.18784638 0.56441019 -0.80383759
vn 0.08465108 0.61819548 -0.78145285
vn 0.10705610 0.58967737 -0.80051208
vn 0.26755842 0.66083311 -0.70122185
vn 0.08451961 0.59030559 -0.80274264
vn 0.22175731 0.69581051 -0.68313354
vn 0.09635151 0.59123034 -0.80072659
vn 0.08647151 0.59721336 -0.79740760
vn 0.30567963 0.65368418 -0.69228387
vn 0.25502660 0.53266703 -0.80698654
vn 0.34260994 0.48169416 -0.80659107
vn 0.25510444 0.92687323 -0.27536838
vn 0.36055634 0.89299838 -0.26935667
vn 0.28936151 0.81656876 -0.49948511
vn 0.29853903 0.81549144 -0.49583078
vn 0.36295941 0.79280430 -0.48961394
vn 0.47195594 0.72554033 -0.50084810
vn 0.62345701 0.58408559 -0.51975511
vn 0.45928180 0.84208186 -0.28276910
vn 0.60981515 0.73996602 -0.28385872
vn 0.77223356 0.60187314 -0.20347987
vn 0.81555744 0.50312617 -0.28588479
vn 0.91223359 0.32478706 -0.24968629
vn 0.93209548 0.22872077 -0.28086444
vn 0.93073725 0.20466932 -0.30304890
vn 0.73171878 0.38163591 -0.56474920
vn 0.42432001 0.50719115 -0.75013976
vn 0.15849584 0.55287656 -0.81805048
vn 0.07885936 0.54027869 -0.83778287
vn 0.05776050 0.87269081 -0.48484479
vn 0.03860842 0.96626694 -0.25463227
vn 0.09346191 0.56970463 -0.81651792
vn 0.10633294 0.71509865 -0.69088872
vn 0.11579499 0.56334402 -0.81806787
vn 0.14110049 0.60036708 -0.78717852
vn 0.13417201 0.74657317 -0.65163362
vn 0.12478343 0.63705612 -0.76065012
vn 0.07363686 0.86931615 -0.48874026
vn 0.09084185 0.89556760 -0.43555302
vn 0.08079169 0.64555923 -0.75942477
vn -0.97779244 0.15470572 -0.14137922
vn -0.93443851 0.17102638 -0.31236942
vn -0.91304200 0.24210346 -0.32823806
vn -0.75298513 0.31332081 -0.57865660
vn -0.79711827 0.32453210 -0.50919680
vn -0.47415930 0.41183634 -0.77817979
vn -0.16666944 0.45296805 -0.87580891
vn 0.01816359 0.46475961 -0.88525058
vn -0.65300435 0.38649860 -0.65130956
vn -0.44658249 0.42603244 -0.78680394
vn -0.18093884 0.44919432 -0.87492034
vn 0.00419150 0.45550763 -0.89022201
vn -0.89341344 0.41933700 -0.16114869
vn -0.04225277 0.44722464 -0.89342309
vn -0.04512929 0.45079169 -0.89148763
vn -0.14545958 0.60190412 -0.78520885
vn -0.06879921 0.45228538 -0.88921572
vn -0.11324710 0.42657733 -0.89733320
vn -0.03729435 0.46037437 -0.88694113
vn -0.05094009 0.46042167 -0.88623755
vn -0.21361701 0.57671652 -0.78852129
vn -0.04600941 0.45710436 -0.88822224
vn -0.78548408 0.50514033 -0.35755839
vn -0.61329161 0.71645695 -0.33250989
vn -0.69688020 0.69931945 -0.15909208
vn -0.43462995 0.69006892 -0.57870692
vn -0.58491339 0.54206362 -0.60336005
vn -0.28623469 0.52122199 -0.80398839
vn -0.05104513 0.46359919 -0.88457345
vn -0.26038417 0.77846742 -0.57112920
vn -0.34588469 0.89379706 -0.28546559
vn -0.13275892 0.94299467 -0.30518212
vn -0.17265564 0.78300351 -0.59757471
vn -0.19113141 0.55093761 -0.81236478
vn -0.20905182 0.33204020 -0.91980794
vn -0.45163747 0.16820648 -0.87620213
vn -0.45902450 0.14981172 -0.87570141
vn -0.34696594 0.43319900 -0.83183728
vn -0.31362226 0.26869614 -0.91073787
vn -0.13970099 0.92870127 -0.34350777
vn -0.25469868 0.73381165 -0.62980079
vn -0.49911133 0.04207213 -0.86551593
vn -0.54847306 0.12194556 -0.82722825
vn -0.50562537 0.03181067 -0.86216650
vn -0.58631863 0.13989458 -0.79790975
vn -0.71116643 0.35325872 -0.60782447
vn -0.74585777 0.59041861 -0.30838621
vn 0.91080896 0.00030625 -0.41282799
vn 0.90199736 0.00554841 -0.43170589
vn 0.88506684 0.00852396 -0.46538589
vn -0.65577152 -0.65306040 -0.37878203
vn -0.37840744 -0.65340205 -0.65564745
vn 0.00000000 -1.00000000 0.00000000
vn 0.00000000 -0.65307940 -0.75728944
vn 0.37880951 -0.65330049 -0.65551646
vn -0.37837991 -0.65316185 0.65590262
vn -0.65590262 -0.65316185 0.37837991
vn -0.75705024 -0.65335667 0.00000000
vn 0.65564745 -0.65340205 0.37840744
vn 0.37878203 -0.65306040 0.65577152
vn -0.00000000 -0.65335667 0.75705024
vn 0.65551646 -0.65330049 -0.37880951
vn 0.75728944 -0.65307940 0.00000000
vn -0.65551646 -0.65330049 -0.37880951
vn -0.37880951 -0.65330049 -0.65551646
vn 0.00000000 -1.00000000 0.00000000
vn 0.00000000 -0.65307940 -0.75728944
vn 0.37840744 -0.65340205 -0.65564745
vn -0.37878203 -0.65306040 0.65577152
vn -0.65564745 -0.65340205 0.37840744
vn -0.75728944 -0.65307940 -0.00000000
vn 0.65590262 -0.65316185 0.37837991
vn 0.37837991 -0.65316185 0.65590262
vn -0.00000000 -0.65335667 0.75705024
vn 0.65577152 -0.65306040 -0.37878203
vn 0.75705024 -0.65335667 0.00000000
vn -0.65564745 -0.65340205 -0.37840744
vn -0.37878203 -0.65306040 -0.65577152
vn 0.00000000 -1.00000000 0.00000000
vn 0.00000000 -0.65335667 -0.75705024
vn 0.37837991 -0.65316185 -0.65590262
vn -0.37880951 -0.65330049 0.65551646
vn -0.65551646 -0.65330049 0.37880951
vn -0.75728944 -0.65307940 -0.00000000
vn 0.65577152 -0.65306040 0.37878203
vn 0.37840744 -0.65340205 0.65564745
vn -0.00000000 -0.65307940 0.75728944
vn 0.65590262 -0.65316185 -0.37837991
vn 0.75705024 -0.65335667 -0.00000000
vn -0.99618876 0.00010594 -0.08722351
vn -0.94131297 0.00030574 -0.33753488
vn -0.77537549 0.00059666 -0.63150019
vn -0.58506645 0.00468799 -0.81097180
vn 0.07156604 0.46754348 -0.88106833
vn 0.83822677 0.02949096 -0.54452380
vn -0.06343423 0.43601369 -0.89770160
vn -0.14093736 0.38557011 -0.91185106
vn -0.11743765 0.36268866 -0.92448112
vn -0.17117705 0.34656827 -0.92227374
vn -0.43252189 0.09683876 -0.89640787
vn -0.44847553 0.04564791 -0.89262869
vn -0.40663209 0.08014774 -0.91006960
vn -0.35992607 -0.71464367 -0.59978133
vn -0.51770632 -0.00686516 -0.85553085
vn -0.51284469 0.00923099 -0.85843177
vn -0.46303212 0.11180433 -0.87926165
vn -0.48056993 0.08840893 -0.87248863
vn -0.49117508 0.03435187 -0.87038324
vn -0.50639273 0.06323021 -0.85998160
vn -0.52130865 0.02038941 -0.85312459
vn -0.32972853 0.20032924 -0.92257644
vn -0.36464704 0.16556142 -0.91630887
vn -0.18305626 0.01709719 -0.98295376
vn -0.37384742 0.16165360 -0.91329416
vn -0.39577965 0.14173164 -0.90734261
vn -0.41578927 0.11084823 -0.90268043
vn -0.18592345 0.27013174 -0.94470171
vn -0.08298356 0.35064251 -0.93282558
vn -0.19174485 0.32129711 -0.92736297
vn -0.00259923 0.50139148 -0.86521663
vn -0.07582191 0.47643966 -0.87593167
vn -0.11883644 0.42302400 -0.89829204
vn 0.03781928 0.58940316 -0.80695330
vn 0.02320055 0.56734687 -0.82315203
vn 0.07180985 0.53647554 -0.84085513
vn 0.02690171 0.54844207 -0.83575570
vn -0.03395855 0.51358144 -0.85736860
vn 0.09799546 0.55033421 -0.82917378
vn 0.09357669 0.54961766 -0.83015892
vn 0.07931528 0.60227229 -0.79434072
vn 0.13618886 0.59209199 -0.79427934
vn 0.18890136 0.56470169 -0.80338551
vn 0.12438103 0.52991813 -0.83887790
vn 0.19339409 0.55622609 -0.80821487
vn 0.26115974 0.51611637 -0.81573248
vn 0.23604837 0.52875976 -0.81528785
vn 0.26698226 0.46578813 -0.84365982
vn 0.20474923 0.54803358 -0.81100983
vn 0.49200764 0.33591006 -0.80317676
vn 0.45377021 0.40949578 -0.79145803
vn 0.32741232 0.48257182 -0.81235805
vn 0.54875379 0.32847741 -0.76874695
vn 0.55383961 0.33369283 -0.76283077
vn 0.68281767 0.18876181 -0.70578255
vn 0.69217603 0.19853655 -0.69388441
vn 0.86230973 0.06338597 -0.50239840
vn 0.80699849 0.18411570 -0.56111928
vn 0.83436809 0.09392418 -0.54314652
vn 0.72692045 0.26277046 -0.63445910
vn 0.76531327 0.15692945 -0.62423453
vn 0.64495315 0.31154205 -0.69783736
vn 0.55535103 0.35280786 -0.75306829
vn 0.79843373 0.05091872 -0.59992571
vn 0.01996413 0.42343444 -0.90570675
vn -0.02626704 0.40242762 -0.91507489
vn -0.31148291 0.16642402 -0.93556477
vn -0.26963383 0.24646815 -0.93088724
vn -0.47171233 0.03264530 -0.88114798
vn -0.54741897 0.00462551 -0.83684591
vn 0.85360623 0.00203186 -0.52091484
vn 0.87746198 0.00350921 -0.47963336
vn 0.85473461 0.04880928 -0.51676532
vn 0.81202234 0.08879156 -0.57683254
vn 0.77277881 0.10786065 -0.62544303
vn 0.09593254 0.53588171 -0.83882521
vn 0.06458273 0.50301904 -0.86185899
vn 0.01098078 0.45436599 -0.89074742
vn -0.16210727 0.36309304 -0.91754274
vn 0.98552659 0.03665792 -0.16550993
vn 0.95401576 0.07823035 -0.28936818
vn 0.61842423 -0.75047603 -0.23310343
vn 0.89886762 -0.00952880 -0.43811665
vn 0.61416198 -0.72127942 -0.32025156
vn 0.88447521 -0.03076883 -0.46557156
vn 0.61272604 -0.72037280 -0.32500742
vn -0.00000000 -0.77046411 -0.63748337
vn -0.31892634 -0.77002142 -0.55258755
vn -0.55198672 -0.77049021 -0.31883459
vn -0.63794295 -0.77008363 0.00000000
vn -0.55230668 -0.77035091 0.31861703
vn -0.31861703 -0.77035091 0.55230668
vn -0.00000000 -0.77008363 0.63794295
vn 0.31883459 -0.77049021 0.55198672
vn 0.55258755 -0.77002142 0.31892634
vn 0.63748337 -0.77046411 0.00000000
vn 0.55226765 -0.77016067 -0.31914415
vn 0.31914415 -0.77016067 -0.55226765
vn -0.00000000 -0.77046411 -0.63748337
vn -0.31914415 -0.77016067 -0.55226765
vn -0.55226765 -0.77016067 -0.31914415
vn -0.63748337 -0.77046411 0.00000000
vn -0.55258755 -0.77002142 0.31892634
vn -0.31883459 -0.77049021 0.55198672
vn -0.00000000 -0.77008363 0.63794295
vn 0.31861703 -0.77035091 0.55230668
vn 0.55230668 -0.77035091 0.31861703
vn 0.63794295 -0.77008363 0.00000000
vn 0.55198672 -0.77049021 -0.31883459
vn 0.31892634 -0.77002142 -0.55258755
vn 0.00000000 -0.77008363 -0.63794295
vn -0.31883459 -0.77049021 -0.55198672
vn -0.55258755 -0.77002142 -0.31892634
vn -0.63748337 -0.77046411 -0.00000000
vn -0.55226765 -0.77016067 0.31914415
vn -0.31914415 -0.77016067 0.55226765
vn 0.00000000 -0.77046411 0.63748337
vn 0.31892634 -0.77002142 0.55258755
vn 0.55198672 -0.77049021 0.31883459
vn 0.63794295 -0.77008363 -0.00000000
vn 0.55230668 -0.77035091 -0.31861703
vn 0.31861703 -0.77035091 -0.55230668
vn -0.05074270 0.01242116 -0.99863451
vn -0.18586111 0.05909780 -0.98079718
vn -0.16713643 0.07394136 -0.98315720
vn -0.20868161 0.02249073 -0.97772499
vn -0.19922752 0.04292134 -0.97901285
vn -0.14912159 0.08313671 -0.98531773
vn -0.12517784 0.08399609 -0.98857229
vn -0.10268774 0.07935579 -0.99154318
vn -0.08288624 0.06775072 -0.99425334
vn -0.06652109 0.05172695 -0.99644331
vn -0.05533775 0.03183646 -0.99796001
vn -0.90120350 0.28743632 -0.32436496
vn -0.93339805 0.31194872 -0.17735863
vn -0.97395695 0.14029135 -0.17811848
vn 0.95227631 0.18988056 -0.23898786
vn -0.72008335 -0.69352243 -0.02250786
vn -0.71314284 -0.69483952 -0.09287266
vn -0.68920439 -0.70566856 -0.16440559
vn -0.65581350 -0.72148223 -0.22219821
vn -0.90226579 0.10718207 -0.41764631
vn 0.70070435 0.37663042 -0.60593972
vn 0.80826348 0.26964130 -0.52345364
vn 0.88510449 0.13500253 -0.44538114
vn 0.53282057 0.50172755 -0.68144824
vn 0.34218838 0.61363891 -0.71158583
vn 0.19867959 0.70542220 -0.68037192
vn 0.09939200 0.72241004 -0.68428428
vn -0.19244692 0.62419419 -0.75719600
vn -0.01729738 0.70160205 -0.71235901
vn -0.17210913 0.50710227 -0.84452693
vn -0.20856919 0.45966392 -0.86325429
vn -0.42116207 0.24892331 -0.87215807
vn -0.28119951 0.37781767 -0.88214548
vn -0.59140547 0.09326477 -0.80096270
vn -0.53260653 0.16236472 -0.83064311
vn -0.62853840 0.03709272 -0.77689356
vn -0.44828148 -0.72610903 -0.52135342
vn 0.32871390 0.90168144 -0.28092302
vn 0.50462088 0.80894157 -0.30161450
vn 0.47559129 0.87132627 -0.12084476
vn 0.71618189 0.68245544 -0.14607556
vn 0.67762844 0.67369857 -0.29487276
vn 0.78125961 0.60611031 -0.14921031
vn 0.81122015 0.51153484 -0.28329133
vn 0.67285935 0.72567323 -0.14373122
vn 0.62074034 0.77223156 -0.13542470
vn 0.55056019 0.82448139 -0.13082012
vn 0.98883300 0.09412757 -0.11553918
vn 0.96670204 0.20463689 -0.15365840
vn 0.89397256 0.35733954 -0.27040990
vn 0.92590108 0.34814888 -0.14662722
vn 0.86464946 0.48198143 -0.14168699
vn 0.13504432 0.86319799 -0.48646918
vn -0.01558509 0.88168652 -0.47157818
vn -0.01692992 0.80216696 -0.59685973
vn 0.26123294 0.82972607 -0.49326666
vn 0.92432952 0.15853397 -0.34710507
vn 0.86012686 0.31522697 -0.40101588
vn 0.76408800 0.45321057 -0.45909662
vn 0.61827873 0.60090862 -0.50659673
vn 0.44591645 0.72545360 -0.52428580
vn 0.26225731 0.67534770 -0.68929427
vn 0.34728495 0.78927314 -0.50640012
vn -0.60839854 -0.71332326 -0.34788093
vn -0.81953957 0.07768582 -0.56773216
vn -0.85346342 0.24161407 -0.46176059
vn -0.78329567 0.19759578 -0.58940971
vn -0.78493687 0.37564474 -0.49271202
vn -0.71913169 0.31014698 -0.62181868
vn -0.65863890 0.53118379 -0.53295270
vn -0.59581446 0.45043247 -0.66491783
vn -0.47910394 0.68278905 -0.55159635
vn -0.42349571 0.59511565 -0.68299981
vn -0.31354235 0.78456417 -0.53493014
vn -0.27055711 0.70080558 -0.66005332
vn -0.27654711 0.55769709 -0.78262101
vn -0.21430361 0.60974397 -0.76307683
vn -0.17141608 0.85601032 -0.48771187
vn -0.14292414 0.76374481 -0.62949707
vn -0.53710572 -0.71862017 -0.44170408
vn -0.73007112 0.05416019 -0.68122157
vn -0.69573278 0.14930344 -0.70261254
vn -0.63542343 0.23744376 -0.73474997
vn -0.51660009 0.35796544 -0.77780787
vn -0.36510992 0.48839393 -0.79256932
vn -0.11944201 0.67028512 -0.73242847
vn -0.09433442 0.56845182 -0.81729037
vn -0.95957423 0.27510548 0.05944979
vn -0.92969533 0.36657073 -0.03595135
vn -0.84895449 0.52415241 0.06738346
vn -0.85915593 0.50953015 -0.04722401
vn -0.75139629 0.65717347 0.05938560
vn -0.73508000 0.67541404 -0.05893436
vn -0.69141697 0.72055816 0.05233075
vn -0.63539438 0.77071270 0.04770646
vn -0.56817658 0.81941293 -0.07574845
vn -0.57271458 0.81905336 0.03390569
vn -0.50822635 0.86072362 0.02933981
vn -0.40686402 0.90866313 -0.09377093
vn -0.41106833 0.91149566 0.01408878
vn -0.85504934 0.47798240 -0.20105585
vn -0.83063267 0.43196334 -0.35136454
vn -0.72731923 0.64688433 -0.22923220
vn -0.70287029 0.59720934 -0.38641217
vn -0.55255443 0.79494014 -0.25050704
vn -0.52278528 0.74915840 -0.40676436
vn -0.38178033 0.88635638 -0.26194685
vn -0.37424977 0.84274307 -0.38693826
vn 0.39019632 0.91401882 -0.11097940
vn 0.31549903 0.94421230 -0.09446426
vn 0.15265169 0.94858919 -0.27726523
vn 0.22016025 0.97195757 -0.08263135
vn -0.00933011 0.96409652 -0.26538812
vn 0.01381390 0.99774263 -0.06571771
vn -0.19526871 0.94496186 -0.26252087
vn -0.22810690 0.97332753 -0.02451059
vn -0.32497014 0.94551332 0.01997430
vn 0.36673126 -0.64669117 -0.66880394
vn -0.67440791 0.14141248 -0.72469061
vn -0.85697159 0.19409445 -0.47741705
vn -0.95617674 0.22764831 -0.18412572
vn -0.96994868 0.23842491 0.04850895
vn -0.42728101 0.07515987 -0.90098942
vn -0.40055049 0.14634916 -0.90451160
vn -0.35800262 0.20905435 -0.91001671
vn -0.30150649 0.25966510 -0.91742459
vn -0.23287025 0.29356977 -0.92713982
vn -0.16159758 0.31086739 -0.93661502
vn -0.08650490 0.31159842 -0.94626811
vn -0.01346975 0.29366849 -0.95581242
vn 0.05316780 0.25910460 -0.96438477
vn 0.10982928 0.20909167 -0.97170891
vn 0.15284820 0.14675635 -0.97729218
vn 0.17980421 0.07560071 -0.98079304
vn -0.90615782 0.42103101 0.04013606
vn -0.87658729 0.43783660 -0.19973441
vn -0.84265506 0.53773380 0.02783557
vn -0.74646395 0.62818261 -0.21949528
vn -0.75607574 0.65416771 0.02034919
vn -0.65391779 0.75656527 0.00071769
vn -0.57123592 0.78461238 -0.24098325
vn -0.53996717 0.84164573 -0.00824131
vn -0.36085751 0.93207812 -0.03181552
vn -0.37468717 0.88977031 -0.26061145
vn -0.15877993 0.98557832 -0.05851767
vn -0.15999986 0.94208058 -0.29476131
vn -0.01112858 0.99636892 -0.08441050
vn 0.07822902 0.94204814 -0.32622924
vn 0.13825966 0.98557246 -0.09762781
vn 0.34013559 0.93213752 -0.12420717
vn 0.29446261 0.88976632 -0.34872291
vn 0.51980043 0.84139388 -0.14786433
vn 0.48942929 0.78456098 -0.38068760
vn 0.63199191 0.75645348 -0.16841719
vn 0.66422351 0.62818746 -0.40520075
vn 0.73554110 0.65428977 -0.17573900
vn 0.82110465 0.53780704 -0.19118248
vn 0.79501237 0.43781483 -0.41984938
vn 0.88568349 0.42083553 -0.19611786
vn 0.94938140 0.23849009 -0.20444421
vn 0.87592321 0.22770567 -0.42533358
vn -0.78829262 0.37679410 -0.48643700
vn -0.67828905 0.53775631 -0.50074157
vn -0.53312891 0.66744148 -0.51989944
vn -0.36143083 0.75823691 -0.54262744
vn -0.17325216 0.80503312 -0.56736705
vn 0.02061925 0.80492521 -0.59301792
vn 0.20866488 0.75829930 -0.61760921
vn 0.38035420 0.66751414 -0.64012151
vn 0.52544911 0.53772987 -0.65935561
vn 0.63548817 0.37672247 -0.67396955
vn 0.70416569 0.19405048 -0.68300446
vn -0.62430749 0.27460045 -0.73132397
vn -0.54388485 0.39202418 -0.74196113
vn -0.43814089 0.48656885 -0.75583286
vn -0.31310371 0.55266100 -0.77235477
vn -0.17588174 0.58668964 -0.79048143
vn -0.03465297 0.58686929 -0.80893980
vn 0.10233599 0.55278707 -0.82701499
vn 0.22758920 0.48635722 -0.84359932
vn 0.33336383 0.39177526 -0.85754341
vn 0.41358699 0.27463251 -0.86805691
vn 0.46371472 0.14154047 -0.87460560
vn 0.10811996 0.08907166 0.99013954
vn 0.16297922 -0.09819865 0.98173051
vn 0.09035947 0.08218125 0.99251267
vn 0.18032725 -0.09048752 0.97943560
vn 0.07406924 0.07229685 0.99462903
vn 0.19597271 -0.07959763 0.97737348
vn 0.06091435 0.05876927 0.99641137
vn 0.20988934 -0.06615626 0.97548440
vn 0.05062804 0.04298490 0.99779211
vn 0.22051802 -0.05034749 0.97408261
vn 0.04225500 0.02558231 0.99877929
vn 0.22702197 -0.03233257 0.97335278
vn 0.03894960 0.00633512 0.99922109
vn 0.23164405 -0.01374831 0.97270346
vn 0.04042783 -0.01262056 0.99910275
vn 0.22027690 0.01251044 0.97535715
vn 0.03003343 -0.02430009 0.99925347
vn 0.21533900 0.03123605 0.97603966
vn 0.03583271 -0.04236775 0.99845931
vn 0.20710624 0.04834275 0.97712332
vn 0.04542434 -0.05905825 0.99722051
vn 0.19556682 0.06357622 0.97862745
vn 0.05762218 -0.07353343 0.99562670
vn 0.18097254 0.07626568 0.98052664
vn 0.07234622 -0.08542513 0.99371453
vn 0.16422082 0.08480563 0.98277135
vn 0.08862620 -0.09544274 0.99148176
vn 0.14586573 0.08986463 0.98521446
vn 0.10686728 -0.10124841 0.98910472
vn 0.12702697 0.09207583 0.98761642
vn 0.12548742 -0.10354870 0.98667653
vn 0.14470361 -0.10269610 0.98413128
vn 0.15166831 -0.08861360 0.98445130
vn 0.09654131 0.09841742 0.99045130
vn 0.16964079 -0.08251766 0.98204523
vn 0.07929676 0.09021855 0.99276011
vn 0.18556952 -0.07230139 0.97996758
vn 0.06369277 0.07937201 0.99480818
vn 0.19986787 -0.05923559 0.97803066
vn 0.05098926 0.06558577 0.99654333
vn 0.21064285 -0.04331751 0.97660288
vn 0.04015160 0.04970424 0.99795658
vn 0.21651734 -0.02517441 0.97595414
vn 0.03166747 0.03254541 0.99896845
vn 0.22008857 -0.00682263 0.97545603
vn 0.02763493 0.01391187 0.99952127
vn 0.02770726 -0.00528621 0.99960210
vn 0.23294447 0.00529457 0.97247563
vn 0.22968999 0.02423200 0.97296214
vn 0.04450460 -0.03109539 0.99852512
vn 0.22354535 0.04242582 0.97376975
vn 0.05294641 -0.04838408 0.99742451
vn 0.21449588 0.05907518 0.97493674
vn 0.06456086 -0.06354773 0.99588834
vn 0.20217906 0.07368483 0.97657267
vn 0.07906724 -0.07544005 0.99401065
vn 0.18736393 0.08606428 0.97851300
vn 0.09589340 -0.08484036 0.99176941
vn 0.17086264 0.09496210 0.98070799
vn 0.11412653 -0.09018314 0.98936451
vn 0.15289696 0.10085608 0.98308218
vn 0.13294666 -0.09091427 0.98694467
vn 0.13393669 0.10390833 0.98552728
vn 0.11514657 0.10281301 0.98801354
vn -0.03981631 0.01243074 -0.99912969
vn -0.23230777 -0.00545486 -0.97262703
vn -0.03947955 -0.00664145 -0.99919831
vn -0.23163114 0.01378255 -0.97270605
vn -0.04295240 -0.02520233 -0.99875920
vn -0.22745283 0.03256482 -0.97324444
vn -0.04965710 -0.04333732 -0.99782566
vn -0.21973392 0.04974388 -0.97429079
vn -0.06010476 -0.05928666 -0.99642988
vn -0.20896904 0.06570544 -0.97571242
vn -0.07439865 -0.07236678 -0.99459936
vn -0.19592781 0.07942492 -0.97739653
vn -0.09018922 -0.08262252 -0.99249152
vn -0.18034574 0.09026878 -0.97945238
vn -0.10843496 -0.08809805 -0.99019220
vn -0.21985806 -0.01273715 -0.97544872
vn -0.02689434 0.00529441 -0.99962426
vn -0.22006696 0.00654988 -0.97546278
vn -0.02810894 -0.01374610 -0.99951035
vn -0.21734583 0.02555477 -0.97576009
vn -0.03234849 -0.03232065 -0.99895393
vn -0.20983472 0.04297830 -0.97679182
vn -0.03962308 -0.05013472 -0.99795617
vn -0.19906757 0.05878985 -0.97822076
vn -0.05035060 -0.06581623 -0.99656061
vn -0.18557996 0.07179947 -0.98000251
vn -0.06360620 -0.07946805 -0.99480605
vn -0.16949170 0.08213102 -0.98210338
vn -0.07960265 -0.09015156 -0.99274172
vn -0.15207828 0.08915726 -0.98433896
vn -0.16299353 0.09872038 -0.98167581
vn -0.14464056 0.10301846 -0.98410686
vn -0.12708918 -0.09087349 -0.98771977
vn -0.12565185 0.10408658 -0.98659901
vn -0.14594576 -0.09020102 -0.98517187
vn -0.10679322 0.10119294 -0.98911839
vn -0.16412317 -0.08506428 -0.98276531
vn -0.08868519 0.09502384 -0.99151672
vn -0.18060535 -0.07534347 -0.98066563
vn -0.07194796 0.08613663 -0.99368203
vn -0.19561466 -0.06353366 -0.97862065
vn -0.05771614 0.07368737 -0.99560987
vn -0.20710156 -0.04832170 -0.97712535
vn -0.04506856 0.05932350 -0.99722091
vn -0.21531010 -0.03123752 -0.97604599
vn -0.03582511 0.04241968 -0.99845738
vn -0.02967667 0.02417776 -0.99926710
vn -0.09659521 -0.09769345 -0.99051772
vn -0.11531300 -0.10242367 -0.98803457
vn -0.13283953 0.09172985 -0.98688363
vn -0.13395875 -0.10332850 -0.98558524
vn -0.11403909 0.09024240 -0.98936919
vn -0.15276404 -0.10099983 -0.98308808
vn -0.09575276 0.08470129 -0.99179489
vn -0.17072998 -0.09494865 -0.98073239
vn -0.07870713 0.07636283 -0.99396877
vn -0.18733033 -0.08563936 -0.97855672
vn -0.06471923 0.06351045 -0.99588044
vn -0.20237454 -0.07367784 -0.97653270
vn -0.05292636 0.04837028 -0.99742625
vn -0.21419314 -0.05884792 -0.97501704
vn -0.04441441 0.03111347 -0.99852857
vn -0.22353950 -0.04237067 -0.97377350
vn -0.22964806 -0.02435182 -0.97296904
vn 0.68748082 0.72616156 0.00771440
vn 0.66219956 0.72600321 -0.18550226
vn 0.56601550 0.82405378 0.02370280
vn 0.54058605 0.82407181 -0.16932920
vn 0.43077430 0.90150398 0.04152204
vn 0.40527714 0.90153277 -0.15162160
vn 0.32927887 0.94172273 0.06880206
vn 0.28762121 0.94282241 -0.16840413
vn 0.22248357 0.97249528 0.06894920
vn 0.20293719 0.97044895 -0.13055780
vn 0.11619950 0.98914340 0.08996114
vn 0.08897968 0.98915268 -0.11687425
vn 0.01533602 0.99522394 0.09640600
vn -0.01017494 0.99522460 -0.09707969
vn -0.09480830 0.98929643 0.11092318
vn -0.12014305 0.98931862 -0.08254886
vn -0.19627608 0.97132430 0.13418195
vn -0.22421794 0.97134256 -0.07886660
vn -0.30658801 0.94099526 0.14328889
vn -0.32759225 0.94319453 -0.05538410
vn -0.39149213 0.90344401 0.17470785
vn -0.42961518 0.90137645 -0.05432573
vn -0.49793481 0.85155004 0.16408368
vn -0.52363458 0.85143435 -0.02943424
vn -0.58953480 0.78828204 0.17623890
vn -0.61394099 0.78915784 -0.01750298
vn -0.66190570 0.72532487 0.18916838
vn -0.68735721 0.72623133 -0.01131877
vn -0.74144245 0.63959326 0.20293732
vn -0.76303557 0.64635333 0.00202218
vn -0.78844766 0.56552698 0.24192877
vn -0.83029123 0.55731747 -0.00370150
vn -0.86065469 0.46300720 0.21189109
vn -0.88619064 0.46297456 0.01790835
vn -0.90463181 0.36449967 0.22086483
vn -0.93171075 0.36261154 0.02068710
vn -0.93605091 0.27313168 0.22182826
vn -0.96214289 0.27107324 0.02829068
vn -0.96070767 0.16256224 0.22497621
vn -0.98618670 0.16259631 0.03159477
vn -0.96961749 0.05439283 0.23850228
vn -0.99886446 0.04685196 0.00864198
vn -0.97246723 -0.05512672 0.22642557
vn -0.99837249 -0.04934741 0.02858674
vn -0.95832150 -0.16315578 0.23452098
vn -0.98635087 -0.16326965 0.02133029
vn -0.93806081 -0.26603945 0.22195703
vn -0.96356006 -0.26600358 0.02818008
vn -0.90295938 -0.37084646 0.21711118
vn -0.92799684 -0.37183850 0.02362176
vn -0.85928411 -0.46250846 0.21844164
vn -0.88620022 -0.46316061 0.01146411
vn -0.79968802 -0.56269235 0.20946692
vn -0.83032267 -0.55717467 0.01098458
vn -0.73818392 -0.63510201 0.22744216
vn -0.76485056 -0.64410132 -0.01170962
vn -0.66229008 -0.72594465 0.18540826
vn -0.68766011 -0.72598985 -0.00789412
vn -0.54060683 -0.82404274 0.16940432
vn -0.56600916 -0.82405689 -0.02374595
vn -0.40531086 -0.90150736 0.15168253
vn -0.43072175 -0.90152286 -0.04165698
vn -0.30021814 -0.94172825 0.15171343
vn -0.32138842 -0.94282052 -0.08831170
vn -0.19707291 -0.97249646 0.12414872
vn -0.22979855 -0.97044633 -0.07366514
vn -0.08891035 -0.98914463 0.11699513
vn -0.11620577 -0.98915248 -0.08985318
vn 0.01020092 -0.99523339 0.09698682
vn -0.01529572 -0.99523178 -0.09633143
vn 0.12022069 -0.98929539 0.08271411
vn 0.09481294 -0.98929161 -0.11096222
vn 0.22427879 -0.97132644 0.07889211
vn 0.19624433 -0.97132375 -0.13423242
vn 0.33320788 -0.94100132 0.05906792
vn 0.30209343 -0.94319609 -0.13827760
vn 0.42345746 -0.90340174 0.06744685
vn 0.40095590 -0.90137019 -0.16360362
vn 0.52363192 -0.85143277 0.02952731
vn 0.49815226 -0.85143797 -0.16400521
vn 0.61509176 -0.78825882 0.01761136
vn 0.58849105 -0.78913883 -0.17589257
vn 0.68831684 -0.72532204 0.01130773
vn 0.66099813 -0.72622397 -0.18889206
vn 0.76869215 -0.63960657 0.00397602
vn 0.73753535 -0.64639160 -0.19549811
vn 0.82419465 -0.56553076 0.02963352
vn 0.80101838 -0.55737841 -0.21840068
vn 0.88617337 -0.46299588 -0.01820920
vn 0.86067810 -0.46298000 -0.21185543
vn 0.93101763 -0.36437210 -0.02095601
vn 0.90541661 -0.36228478 -0.22129279
vn 0.96161420 -0.27296996 -0.02802715
vn 0.93670371 -0.27088069 -0.22183285
vn 0.98618282 -0.16263475 -0.03151796
vn 0.96069679 -0.16232663 -0.22519268
vn 0.99829329 -0.05461846 -0.02067189
vn 0.96700876 -0.04645526 -0.25047148
vn 0.99796087 0.05487527 -0.03260060
vn 0.97170274 0.04939626 -0.23098441
vn 0.98626956 0.16375992 -0.02133166
vn 0.95831553 0.16318522 -0.23452490
vn 0.96339755 0.26655373 -0.02853526
vn 0.93808944 0.26596901 -0.22192047
vn 0.92803637 0.37173097 -0.02376102
vn 0.90251481 0.37193805 -0.21709239
vn 0.88615360 0.46325355 -0.01131077
vn 0.85892604 0.46333621 -0.21809545
vn 0.82677566 0.56251406 -0.00446530
vn 0.80486398 0.55715497 -0.20438278
vn 0.77180208 0.63520258 0.02896937
vn 0.73582184 0.64405860 -0.20917633
vn -0.38274615 -0.91166225 0.14959056
vn -0.39840830 -0.91638325 -0.03889166
vn -0.54037689 -0.82392924 0.17068516
vn -0.56613563 -0.82393016 -0.02509044
vn -0.67977163 -0.70870468 0.18880733
vn -0.70570989 -0.70847361 -0.00622008
vn -0.76994356 -0.61200181 0.18066740
vn -0.79688860 -0.60114610 0.05993275
vn -0.83844738 -0.50296577 0.20983667
vn -0.85850991 -0.51234076 0.02162607
vn -0.91479974 -0.33877699 0.21993540
vn -0.94060800 -0.33861009 0.02449061
vn -0.96057170 -0.16253116 0.22557842
vn -0.98627921 -0.16228188 0.03029693
vn -0.97760164 -0.03282502 0.20788834
vn -0.99615295 -0.01768407 0.08582871
vn -0.96908486 0.09748254 0.22665324
vn -0.99538089 0.08753579 0.03942537
vn -0.93497586 0.27610625 0.22267799
vn -0.96072578 0.27618775 0.02695004
vn -0.86925622 0.44569418 0.21389326
vn -0.89519312 0.44529115 0.01857613
vn -0.80795572 0.55911280 0.18601193
vn -0.81727447 0.57278323 0.06310161
vn -0.72469063 0.66093668 0.19490047
vn -0.75657415 0.65385233 0.00852587
vn -0.59298111 0.78538501 0.17760572
vn -0.61877338 0.78536149 -0.01807864
vn -0.44079556 0.88369679 0.15741433
vn -0.46654429 0.88368221 -0.03797610
vn -0.32571526 0.93748333 0.12261558
vn -0.32822108 0.94459867 -0.00206726
vn -0.19887745 0.97194097 0.12561255
vn -0.23331166 0.97048915 -0.06096290
vn -0.01954733 0.99458806 0.10204167
vn -0.04538577 0.99458424 -0.09350041
vn 0.16035717 0.98396448 0.07809921
vn 0.13464387 0.98395642 -0.11705039
vn 0.28456881 0.95774521 0.04176958
vn 0.28361768 0.95541479 -0.08211938
vn 0.40840093 0.91167021 0.04545438
vn 0.37471979 0.91641244 -0.14061766
vn 0.56606971 0.82397679 0.02504653
vn 0.54042487 0.82393047 -0.17052723
vn 0.70574320 0.70844018 0.00624823
vn 0.68012759 0.70851888 -0.18822180
vn 0.79044502 0.61203918 -0.02459086
vn 0.78533236 0.60115575 -0.14786766
vn 0.86396145 0.50335119 -0.01442850
vn 0.83491364 0.51222037 -0.20136910
vn 0.94055850 0.33875099 -0.02444340
vn 0.91490831 0.33851998 -0.21987954
vn 0.98622699 0.16249409 -0.03085441
vn 0.96057826 0.16250845 -0.22556688
vn 0.99810749 0.03252039 -0.05219058
vn 0.98450582 0.01769579 -0.17445674
vn 0.99471777 -0.09771106 -0.03145007
vn 0.97177220 -0.08745902 -0.21911120
vn 0.96073095 -0.27617738 -0.02687202
vn 0.93494084 -0.27619890 -0.22271013
vn 0.89512638 -0.44544494 -0.01809887
vn 0.86952256 -0.44526882 -0.21369650
vn 0.82873400 -0.55886647 -0.02946582
vn 0.80575007 -0.57280071 -0.15055290
vn 0.75042907 -0.66095060 0.00072064
vn 0.73292369 -0.65389322 -0.18774056
vn 0.61874849 -0.78538125 0.01807232
vn 0.59305623 -0.78537448 -0.17740137
vn 0.46655229 -0.88367848 0.03796447
vn 0.44074459 -0.88376274 -0.15718662
vn 0.34635334 -0.93748693 0.03402379
vn 0.31656467 -0.94456494 -0.08708553
vn 0.22460195 -0.97194828 0.06978903
vn 0.20974202 -0.97048447 -0.11903017
vn 0.04526056 -0.99459933 0.09340053
vn 0.01965726 -0.99458658 -0.10203495
vn -0.13458171 -0.98395708 0.11711630
vn -0.16024179 -0.98395979 -0.07839446
vn -0.26395832 -0.95778005 0.11394467
vn -0.29529395 -0.95539064 -0.00549660
vn 0.08515766 0.30750982 -0.94772669
vn 0.14426185 0.25767493 -0.95540157
vn 0.29613446 0.57985675 -0.75899311
vn 0.40712146 0.48544848 -0.77368721
vn 0.46204708 0.76338841 -0.45138746
vn 0.60718416 0.64423906 -0.46506283
vn 0.19147191 0.19623783 -0.96168041
vn 0.22497077 0.12625252 -0.96615136
vn 0.49652637 0.37009650 -0.78516887
vn 0.55965595 0.23813893 -0.79377268
vn 0.72548053 0.48708629 -0.48623548
vn 0.80895270 0.31343999 -0.49734385
vn 0.24360994 0.05080781 -0.96854156
vn 0.59457305 0.09602306 -0.79828720
vn 0.85706793 0.13177068 -0.49806732
vn 0.24630065 -0.02672336 -0.96882499
vn 0.23312892 -0.10307441 -0.96696772
vn 0.59974435 -0.05013935 -0.79861928
vn 0.57406619 -0.19437212 -0.79540398
vn 0.86115750 -0.06603153 -0.50403134
vn 0.82723674 -0.25595299 -0.50016741
vn 0.20371969 -0.17504509 -0.96325360
vn 0.51915317 -0.32999619 -0.78840504
vn 0.76073482 -0.43105530 -0.48525650
vn 0.16058491 -0.23944770 -0.95753709
vn 0.10476788 -0.29315754 -0.95030645
vn 0.43807846 -0.45140449 -0.77738102
vn 0.33361932 -0.55299026 -0.76347883
vn 0.64870328 -0.59398799 -0.47577549
vn 0.51085595 -0.72769170 -0.45770185
vn 0.04005261 -0.33473510 -0.94146068
vn 0.21015103 -0.63025279 -0.74740750
vn 0.35431357 -0.82937724 -0.43196676
vn -0.03280202 -0.36086170 -0.93204231
vn -0.10906669 -0.37138832 -0.92204944
vn 0.07337023 -0.67995802 -0.72957103
vn -0.07023085 -0.70018422 -0.71049960
vn 0.16863722 -0.89491051 -0.41315453
vn -0.02032721 -0.92158958 -0.38763313
vn -0.18575545 -0.36621022 -0.91180315
vn -0.21507434 -0.68957590 -0.69154039
vn -0.20600620 -0.91064343 -0.35817592
vn -0.25989459 -0.34418491 -0.90221480
vn -0.32766827 -0.30728845 -0.89342449
vn -0.35463547 -0.64858988 -0.67347223
vn -0.48259602 -0.58000749 -0.65627159
vn -0.39465554 -0.85411136 -0.33873409
vn -0.56313697 -0.76342498 -0.31632112
vn -0.38664086 -0.25759694 -0.88552395
vn -0.59364285 -0.48558152 -0.64171548
vn -0.70694227 -0.64415131 -0.29206457
vn -0.43396831 -0.19621583 -0.87930134
vn -0.46763455 -0.12650360 -0.87482271
vn -0.68283796 -0.37000790 -0.62994165
vn -0.74618685 -0.23841039 -0.62158320
vn -0.82665182 -0.48703008 -0.28186605
vn -0.91012033 -0.31370489 -0.27068472
vn -0.48612801 -0.05103740 -0.87239598
vn -0.78108129 -0.09613358 -0.61698489
vn -0.95677130 -0.13169564 -0.25931629
vn -0.48847450 0.02669382 -0.87216977
vn -0.47519962 0.10309711 -0.87381709
vn -0.78597538 0.05020370 -0.61621610
vn -0.76026498 0.19438613 -0.61984772
vn -0.96212540 0.06619146 -0.26444925
vn -0.92857579 0.25596146 -0.26875775
vn -0.44608967 0.17512527 -0.87768738
vn -0.70560504 0.33009213 -0.62702529
vn -0.86033734 0.43112080 -0.27194580
vn -0.40270002 0.23936122 -0.88348112
vn -0.34740621 0.29313267 -0.89072003
vn -0.62437112 0.45145573 -0.63745464
vn -0.51986895 0.55300600 -0.65109189
vn -0.74980478 0.59401838 -0.29143602
vn -0.61197511 0.72758809 -0.31000328
vn -0.28209052 0.33408424 -0.89934012
vn -0.39656002 0.63038731 -0.66734698
vn -0.45418274 0.82936841 -0.32537069
vn -0.20968661 0.36056033 -0.90886070
vn -0.13322843 0.37070012 -0.91914722
vn -0.25969533 0.67994576 -0.68573472
vn -0.11595230 0.70003080 -0.70463604
vn -0.26989508 0.89493319 -0.35531849
vn -0.08066626 0.92160436 -0.37965557
vn -0.05652473 0.36539905 -0.92913319
vn 0.02880111 0.68947156 -0.72373991
vn 0.10634702 0.91064018 -0.39928033
vn 0.01738702 0.34401356 -0.93880369
vn 0.16819734 0.64890514 -0.74204567
vn 0.29356719 0.85407894 -0.42938034
vn 0.83179068 0.48225384 0.27487360
vn 0.91021254 0.31365788 0.27042903
vn 0.95687815 0.13417720 0.25764449
vn 0.96352115 -0.07356881 0.25732204
vn 0.92866378 -0.25588740 0.26852416
vn 0.86163696 -0.42914225 0.27095883
vn 0.74617979 -0.60124577 0.28586576
vn 0.61192545 -0.72763460 0.30999215
vn 0.45629285 -0.82867022 0.32419516
vn 0.26272116 -0.89928638 0.34965925
vn 0.08055976 -0.92150948 0.37990841
vn -0.10410756 -0.91155623 0.39777740
vn -0.30203520 -0.85380630 0.42401598
vn -0.46186585 -0.76321699 0.45186256
vn -0.60607876 -0.64620902 0.46376981
vn -0.73234951 -0.48214595 0.48083206
vn -0.80886448 -0.31371456 0.49731422
vn -0.85743352 -0.13413744 0.49680469
vn -0.86428723 0.07360810 0.49758359
vn -0.82772180 0.25582540 0.49942967
vn -0.76241239 0.42940326 0.48408696
vn -0.64678456 0.60123269 0.46924299
vn -0.51075235 0.72747901 0.45815536
vn -0.35679510 0.82866536 0.43128990
vn -0.16325907 0.89924953 0.40582848
vn 0.02054890 0.92147200 0.38790088
vn 0.20355644 0.91146349 0.35748998
vn 0.40148755 0.85373639 0.33157492
vn 0.56314055 0.76333236 0.31653819
vn 0.70539766 0.64617595 0.29132590
vn 0.35450116 0.64887210 0.67327106
vn 0.21514501 0.68949764 0.69159643
vn 0.07035102 0.69997568 0.71069317
vn -0.07354041 0.67982231 0.72968036
vn -0.21011038 0.63050644 0.74720497
vn -0.33343842 0.55275382 0.76372903
vn -0.43816482 0.45119198 0.77745571
vn -0.51970137 0.33028423 0.78792310
vn -0.57406128 0.19441839 0.79539621
vn -0.59948354 0.05015026 0.79881440
vn -0.59506116 -0.09601311 0.79792462
vn -0.55979454 -0.23830742 0.79362437
vn -0.49633985 -0.36994909 0.78535624
vn -0.40745239 -0.48562029 0.77340512
vn -0.29638559 -0.57988614 0.75887262
vn -0.16810684 -0.64886321 0.74210284
vn -0.02871515 -0.68963964 0.72358317
vn 0.11600047 -0.70021571 0.70444435
vn 0.25976688 -0.67998475 0.68566895
vn 0.39630229 -0.63053258 0.66736284
vn 0.51975938 -0.55281981 0.65133743
vn 0.62434750 -0.45126420 0.63761338
vn 0.70571391 -0.33000174 0.62695034
vn 0.76067663 -0.19461048 0.61927201
vn 0.78579216 -0.05013330 0.61645546
vn 0.78088826 0.09614858 0.61722685
vn 0.74611413 0.23825936 0.62172839
vn 0.68275968 0.36980134 0.63014775
vn 0.59361812 0.48555049 0.64176184
vn 0.48247138 0.57987058 0.65648417
vn 0.25989046 0.34438744 0.90213871
vn 0.18582725 0.36555176 0.91205271
vn 0.10919242 0.37134776 0.92205090
vn 0.03272997 0.36030763 0.93225917
vn -0.03968965 0.33422968 0.94165559
vn -0.10525820 0.29357882 0.95012220
vn -0.16072094 0.23936804 0.95753419
vn -0.20359560 0.17512284 0.96326571
vn -0.23230186 0.10310798 0.96716317
vn -0.24560860 0.02639043 0.96900978
vn -0.24380721 -0.05095982 0.96848394
vn -0.22517906 -0.12633631 0.96609188
vn -0.19143447 -0.19623125 0.96168921
vn -0.14425178 -0.25754967 0.95543686
vn -0.08559009 -0.30767077 0.94763550
vn -0.01733111 -0.34403550 0.93879668
vn 0.05666160 -0.36549390 0.92908755
vn 0.13326361 -0.37120644 0.91893775
vn 0.20955988 -0.36058029 0.90888201
vn 0.28199466 -0.33468285 0.89914760
vn 0.34728489 -0.29298624 0.89081551
vn 0.40260362 -0.23908709 0.88359928
vn 0.44584174 -0.17479432 0.87787931
vn 0.47530485 -0.10315869 0.87375259
vn 0.48868894 -0.02683070 0.87204543
vn 0.48565673 0.05095110 0.87266346
vn 0.46725842 0.12633171 0.87504849
vn 0.43383083 0.19613728 0.87938670
vn 0.38670836 0.25753714 0.88551187
vn 0.32746768 0.30749870 0.89342569
vn -0.88758504 -0.37301556 -0.27028168
vn -0.80414145 -0.52273068 -0.28303561
vn -0.93843373 -0.22189566 -0.26477246
vn -0.96520169 -0.04349974 -0.25786329
vn -0.95688653 0.12695949 -0.26124595
vn -0.92096814 0.28654291 -0.26402812
vn -0.85427758 0.44024740 -0.27639110
vn -0.75401973 0.58969461 -0.28933459
vn -0.63678837 0.70967718 -0.30142807
vn -0.50552719 0.80058858 -0.32171445
vn -0.34453299 0.87362362 -0.34362593
vn -0.17538742 0.91435511 -0.36495752
vn -0.01735421 0.92272871 -0.38505916
vn 0.15830034 0.90055196 -0.40490390
vn 0.31937147 0.84498117 -0.42896234
vn 0.46524921 0.76642670 -0.44286937
vn 0.58853817 0.66082156 -0.46576570
vn 0.70339600 0.52277288 -0.48160418
vn 0.78727520 0.37301001 -0.49097992
vn 0.83808401 0.22181900 -0.49840900
vn 0.86560377 0.04346236 -0.49883979
vn 0.85652551 -0.12695062 -0.50024753
vn 0.82135789 -0.28641929 -0.49329019
vn 0.75383167 -0.44027203 -0.48774825
vn 0.65341549 -0.58980411 -0.47453061
vn 0.53713582 -0.70975072 -0.45578397
vn 0.40501686 -0.80061970 -0.44155343
vn 0.24392662 -0.87369083 -0.42090871
vn 0.07494326 -0.91440294 -0.39780746
vn -0.08295788 -0.92273596 -0.37639917
vn -0.25759335 -0.90065388 -0.34995466
vn -0.41947564 -0.84495153 -0.33180882
vn -0.56397785 -0.76638112 -0.30755320
vn -0.68895294 -0.66090048 -0.29758092
vn -0.37352313 -0.65371449 -0.65813208
vn -0.24968911 -0.69460885 -0.67466577
vn -0.12057016 -0.71209733 -0.69165037
vn 0.00971873 -0.70550461 -0.70863869
vn 0.13643035 -0.67458223 -0.72548300
vn 0.25571204 -0.62103896 -0.74089268
vn 0.36277342 -0.54604762 -0.75513406
vn 0.45459419 -0.45251965 -0.76718322
vn 0.52752403 -0.34361661 -0.77694661
vn 0.57991694 -0.22299806 -0.78356124
vn 0.60895556 -0.09476539 -0.78752311
vn 0.61416504 0.03662104 -0.78832747
vn 0.59556492 0.16683864 -0.78579087
vn 0.55332153 0.29129623 -0.78037285
vn 0.48920672 0.40577570 -0.77202517
vn 0.40555819 0.50655537 -0.76087069
vn 0.30479521 0.59005461 -0.74761984
vn 0.19041173 0.65367273 -0.73243112
vn 0.06651714 0.69463724 -0.71627828
vn -0.06251871 0.71213791 -0.69925032
vn -0.19271011 0.70538866 -0.68212144
vn -0.31962010 0.67466749 -0.66533208
vn -0.43863830 0.62088081 -0.64969490
vn -0.54575482 0.54595818 -0.63567393
vn -0.63764101 0.45251612 -0.62341246
vn -0.71070749 0.34363423 -0.61384883
vn -0.76279253 0.22301950 -0.60696776
vn -0.79190677 0.09478948 -0.60324010
vn -0.79731095 -0.03672506 -0.60245043
vn -0.77857329 -0.16679134 -0.60498287
vn -0.73654328 -0.29120778 -0.61049326
vn -0.67234124 -0.40578092 -0.61911154
vn -0.58857446 -0.50651888 -0.63009423
vn -0.48790167 -0.59006574 -0.64325297
vn -0.27523923 -0.35978810 -0.89151326
vn -0.20711243 -0.38235823 -0.90050354
vn -0.13600689 -0.39227654 -0.90973691
vn -0.06441123 -0.38812595 -0.91935273
vn 0.00542172 -0.37128758 -0.92850209
vn 0.07089755 -0.34169948 -0.93713126
vn 0.12988099 -0.30042049 -0.94492246
vn 0.18042441 -0.24891968 -0.95157029
vn 0.22049282 -0.18910003 -0.95688249
vn 0.24935596 -0.12274368 -0.96060168
vn 0.26531458 -0.05202067 -0.96275751
vn 0.26838358 0.02019724 -0.96310037
vn 0.25815595 0.09170762 -0.96174072
vn 0.23528684 0.16059772 -0.95856584
vn 0.19991591 0.22351891 -0.95397743
vn 0.15377711 0.27915629 -0.94785250
vn 0.09801841 0.32459320 -0.94076121
vn 0.03510691 0.35946869 -0.93249652
vn -0.03302180 0.38258835 -0.92332861
vn -0.10414300 0.39219913 -0.91396612
vn -0.17570924 0.38799128 -0.90475910
vn -0.24551358 0.37114875 -0.89552872
vn -0.31116609 0.34173588 -0.88678760
vn -0.37010370 0.30055300 -0.87902852
vn -0.42064382 0.24914314 -0.87234539
vn -0.46105948 0.18914835 -0.86697581
vn -0.48945052 0.12274940 -0.86334858
vn -0.50564276 0.05214667 -0.86116556
vn -0.50858974 -0.02024945 -0.86077084
vn -0.49819271 -0.09187152 -0.86218539
vn -0.47491833 -0.16024745 -0.86531690
vn -0.43954331 -0.22319903 -0.87004820
vn -0.39374039 -0.27901167 -0.87585443
vn -0.33833465 -0.32485799 -0.88317436
vn 0.34937984 -0.87355886 0.33886375
vn 0.75918877 -0.58615732 0.28293463
vn 0.92093765 -0.28665124 0.26401688
vn 0.96374791 0.04845107 0.26237845
vn 0.25191340 0.90006162 0.35556817
vn -0.66002767 0.58616039 0.46987176
vn -0.82113602 0.28659791 0.49355575
vn -0.86324238 -0.04851423 0.50245295
vn -0.83798183 -0.22191895 0.49853629
vn -0.03512680 -0.35980187 0.93236727
vn -0.09809808 -0.32481211 0.94067734
vn -0.15356418 -0.27885164 0.94797669
vn -0.19990273 -0.22347083 0.95399145
vn 0.03308293 -0.38233268 0.92343231
vn -0.06649905 -0.69453712 0.71637704
vn 0.10399823 -0.39223142 0.91396875
vn 0.06261074 -0.71210272 0.69927792
vn 0.01735292 -0.92278641 0.38492093
vn -0.19047745 -0.65352818 0.73254301
vn -0.30480456 -0.59016963 0.74752524
vn -0.40551659 -0.50646718 0.76095157
vn -0.48944090 -0.40582491 0.77185086
vn -0.22097371 0.18923277 0.95674531
vn -0.18069451 0.24940587 0.95139172
vn -0.52764762 0.34368356 0.77683306
vn -0.45458325 0.45263873 0.76711944
vn -0.75296594 0.44246231 0.48710307
vn -0.07100320 0.34168833 0.93712733
vn -0.00542558 0.37133244 0.92848413
vn -0.25553665 0.62092564 0.74104816
vn -0.13653239 0.67459224 0.72545449
vn -0.40313047 0.80228385 0.44025726
vn -0.24980471 0.87352357 0.41779681
vn 0.06427756 0.38801027 0.91941091
vn -0.00967894 0.70535607 0.70878708
vn -0.07491795 0.91438713 0.39784857
vn 0.13600596 0.39198047 0.90986465
vn 0.12057191 0.71225485 0.69148784
vn 0.08283072 0.92279371 0.37628559
vn 0.39400459 0.27897572 0.87574707
vn 0.43995087 0.22356475 0.86974826
vn 0.58869525 0.50653053 0.62997200
vn 0.67243953 0.40586446 0.61895001
vn 0.69084793 0.65943954 0.29642644
vn 0.80170121 0.52872401 0.27879399
vn 0.47530250 0.16055945 0.86504809
vn 0.73649767 0.29135545 0.61047784
vn 0.88743151 0.37305013 0.27073772
vn 0.49849945 0.09180390 0.86201528
vn 0.77864178 0.16681420 0.60488841
vn 0.93844108 0.22190578 0.26473792
vn 0.46089020 -0.18921379 0.86705154
vn 0.42068154 -0.24898472 0.87237243
vn 0.71061681 -0.34355101 0.61400037
vn 0.63758764 -0.45248071 0.62349275
vn 0.85343602 -0.44246756 0.27544402
vn 0.31109578 -0.34182158 0.88677924
vn 0.24557733 -0.37138790 0.89541208
vn 0.43858988 -0.62090607 0.64970344
vn 0.31962748 -0.67459753 0.66539946
vn 0.50337531 -0.80222842 0.32100290
vn -0.15132742 -0.90005208 0.40866400
vn -0.32137946 -0.84358231 0.43021405
vn -0.46513064 -0.76631653 0.44318446
vn -0.59073174 -0.65939844 0.46500507
vn -0.70223672 -0.52878549 0.47670692
vn -0.78735702 -0.37293856 0.49090300
vn -0.55323391 -0.29133645 0.78041996
vn -0.23497072 -0.16044595 0.95866879
vn -0.25814479 -0.09186195 0.96172899
vn -0.59555086 -0.16684313 0.78580057
vn -0.61430491 -0.03665806 0.78821676
vn -0.26856753 -0.02014077 0.96305027
vn -0.85570636 0.12935220 0.50103357
vn -0.60886022 0.09482715 0.78758939
vn -0.26545949 0.05219157 0.96270831
vn -0.24943961 0.12264987 0.96059195
vn -0.57951594 0.22292734 0.78387797
vn -0.53712986 0.70952667 0.45613969
vn -0.36280150 0.54584894 0.75526419
vn -0.13005823 0.30047367 0.94488117
vn 0.24962174 0.69456369 0.67473718
vn 0.20718289 0.38231209 0.90050692
vn 0.42182397 0.84361331 0.33223654
vn 0.37355109 0.65342567 0.65840298
vn 0.27512076 0.35945942 0.89168239
vn 0.33803941 0.32472921 0.88333476
vn 0.48798765 0.59016326 0.64309827
vn 0.56406307 0.76631645 0.30755803
vn 0.79724002 0.03666606 0.60254788
vn 0.50863913 0.02011821 0.86074473
vn 0.95625753 -0.12935885 0.26236964
vn 0.79194590 -0.09475424 0.60319427
vn 0.50564271 -0.05213469 0.86116632
vn 0.48957854 -0.12281464 0.86326671
vn 0.76262942 -0.22301742 0.60717345
vn 0.63687534 -0.70956171 0.30151614
vn 0.54587700 -0.54596236 0.63556542
vn 0.37016727 -0.30061795 0.87897955
vn 0.17531112 -0.91434918 0.36500902
vn 0.19278733 -0.70546850 0.68201704
vn 0.17588137 -0.38824998 0.90461467
f 1//1 2//2 3//3
f 3//3 2//2 4//4
f 3//3 4//4 5//5
f 6//6 7//7 8//8
f 8//8 7//7 9//9
f 8//8 9//9 10//10
f 8//8 11//11 6//6
f 6//6 11//11 12//12
f 6//6 12//12 1//1
f 1//1 12//12 13//13
f 1//1 13//13 2//2
f 11//11 14//14 15//15
f 11//11 15//15 12//12
f 12//12 15//15 16//16
f 12//12 16//16 13//13
f 13//13 16//16 17//17
f 13//13 17//17 2//2
f 18//18 5//5 17//17
f 17//17 5//5 4//4
f 17//17 4//4 2//2
f 19//19 20//20 21//21
f 19//19 21//21 22//22
f 21//21 23//23 22//22
f 22//22 23//23 24//24
f 22//22 24//24 25//25
f 25//25 24//24 26//26
f 25//25 26//26 27//27
f 27//27 26//26 28//28
f 27//27 28//28 29//29
f 30//30 31//31 32//32
f 20//20 19//19 33//33
f 33//33 19//19 22//22
f 33//33 22//22 34//34
f 22//22 25//25 34//34
f 34//34 25//25 27//27
f 34//34 27//27 35//35
f 35//35 27//27 29//29
f 35//35 29//29 32//32
f 32//32 29//29 36//36
f 32//32 36//36 30//30
f 37//37 38//38 39//39
f 40//40 41//41 42//42
f 43//43 44//44 45//45
f 45//45 44//44 46//46
f 45//45 46//46 47//47
f 43//43 45//45 48//48
f 48//48 45//45 49//49
f 48//48 49//49 50//50
f 50//50 49//49 51//51
f 50//50 51//51 52//52
f 52//52 51//51 23//23
f 52//52 23//23 21//21
f 53//53 28//28 26//26
f 26//26 54//54 53//53
f 53//53 54//54 55//55
f 53//53 55//55 56//56
f 56//56 55//55 42//42
f 56//56 42//42 57//57
f 57//57 42//42 41//41
f 57//57 41//41 58//58
f 26//26 24//24 54//54
f 54//54 24//24 59//59
f 54//54 59//59 55//55
f 55//55 59//59 60//60
f 55//55 60//60 42//42
f 42//42 60//60 39//39
f 42//42 39//39 40//40
f 40//40 39//39 38//38
f 24//24 23//23 59//59
f 59//59 23//23 51//51
f 59//59 51//51 60//60
f 60//60 51//51 49//49
f 60//60 49//49 39//39
f 39//39 49//49 45//45
f 39//39 45//45 37//37
f 37//37 45//45 47//47
f 61//61 58//58 62//62
f 62//62 58//58 41//41
f 62//62 41//41 63//63
f 63//63 41//41 40//40
f 63//63 40//40 64//64
f 64//64 40//40 38//38
f 64//64 38//38 65//65
f 65//65 38//38 37//37
f 65//65 37//37 66//66
f 66//66 37//37 47//47
f 66//66 47//47 67//67
f 67//67 47//47 46//46
f 67//67 68//68 66//66
f 66//66 68//68 69//69
f 66//66 69//69 65//65
f 65//65 69//69 70//70
f 65//65 70//70 64//64
f 64//64 70//70 63//63
f 63//63 70//70 71//71
f 63//63 71//71 62//62
f 62//62 71//71 72//72
f 62//62 72//72 61//61
f 73//73 72//72 74//74
f 74//74 72//72 71//71
f 74//74 71//71 75//75
f 75//75 71//71 70//70
f 75//75 70//70 76//76
f 76//76 70//70 69//69
f 76//76 69//69 77//77
f 77//77 69//69 68//68
f 77//77 68//68 78//78
f 79//79 80//80 74//74
f 74//74 75//75 79//79
f 79//79 75//75 81//81
f 79//79 81//81 82//82
f 82//82 81//81 83//83
f 82//82 83//83 84//84
f 75//75 76//76 81//81
f 81//81 76//76 77//77
f 81//81 77//77 83//83
f 83//83 77//77 78//78
f 83//83 78//78 84//84
f 85//85 86//86 87//87
f 87//87 86//86 88//88
f 87//87 88//88 89//89
f 89//89 88//88 90//90
f 91//91 29//29 92//92
f 92//92 29//29 28//28
f 92//92 28//28 93//93
f 94//94 95//95 96//96
f 96//96 95//95 97//97
f 96//96 97//97 98//98
f 98//98 97//97 30//30
f 98//98 30//30 91//91
f 91//91 30//30 36//36
f 91//91 36//36 29//29
f 99//99 58//58 100//100
f 100//100 58//58 61//61
f 100//100 61//61 101//101
f 101//101 61//61 72//72
f 101//101 72//72 102//102
f 102//102 72//72 73//73
f 102//102 73//73 103//103
f 103//103 73//73 104//104
f 103//103 104//104 105//105
f 105//105 104//104 106//106
f 105//105 106//106 94//94
f 94//94 106//106 107//107
f 94//94 107//107 95//95
f 28//28 53//53 93//93
f 93//93 53//53 56//56
f 93//93 56//56 99//99
f 99//99 56//56 57//57
f 99//99 57//57 58//58
f 108//108 109//109 110//110
f 110//110 109//109 111//111
f 112//112 113//113 114//114
f 114//114 113//113 115//115
f 114//114 115//115 116//116
f 117//117 111//111 118//118
f 118//118 111//111 109//109
f 118//118 109//109 119//119
f 120//120 80//80 116//116
f 116//116 80//80 79//79
f 116//116 79//79 114//114
f 114//114 79//79 82//82
f 114//114 82//82 112//112
f 112//112 82//82 119//119
f 112//112 119//119 113//113
f 113//113 119//119 109//109
f 113//113 109//109 115//115
f 115//115 109//109 108//108
f 115//115 108//108 116//116
f 116//116 108//108 121//121
f 116//116 121//121 120//120
f 120//120 121//121 122//122
f 73//73 74//74 80//80
f 123//123 124//124 104//104
f 104//104 124//124 125//125
f 104//104 125//125 126//126
f 73//73 80//80 104//104
f 123//123 104//104 122//122
f 122//122 104//104 80//80
f 122//122 80//80 120//120
f 127//127 128//128 129//129
f 123//123 122//122 121//121
f 128//128 127//127 130//130
f 131//131 132//132 133//133
f 133//133 132//132 130//130
f 127//127 108//108 110//110
f 130//130 127//127 133//133
f 133//133 127//127 110//110
f 133//133 110//110 111//111
f 111//111 117//117 133//133
f 133//133 117//117 134//134
f 133//133 134//134 131//131
f 131//131 134//134 135//135
f 108//108 127//127 121//121
f 121//121 127//127 129//129
f 121//121 129//129 123//123
f 123//123 129//129 136//136
f 123//123 136//136 124//124
f 137//137 97//97 138//138
f 138//138 97//97 95//95
f 138//138 95//95 139//139
f 139//139 95//95 140//140
f 140//140 95//95 107//107
f 140//140 107//107 141//141
f 141//141 107//107 106//106
f 141//141 106//106 142//142
f 104//104 126//126 106//106
f 106//106 126//126 143//143
f 106//106 143//143 142//142
f 144//144 145//145 97//97
f 137//137 146//146 97//97
f 97//97 146//146 147//147
f 97//97 147//147 144//144
f 145//145 148//148 97//97
f 97//97 148//148 149//149
f 97//97 149//149 150//150
f 150//150 151//151 97//97
f 97//97 151//151 31//31
f 97//97 31//31 30//30
f 31//31 151//151 152//152
f 31//31 152//152 32//32
f 32//32 152//152 153//153
f 32//32 153//153 35//35
f 35//35 153//153 154//154
f 35//35 154//154 34//34
f 34//34 154//154 155//155
f 34//34 155//155 33//33
f 156//156 157//157 158//158
f 158//158 10//10 9//9
f 9//9 159//159 158//158
f 158//158 159//159 160//160
f 158//158 160//160 156//156
f 159//159 9//9 7//7
f 159//159 7//7 161//161
f 161//161 7//7 6//6
f 161//161 6//6 162//162
f 162//162 6//6 1//1
f 162//162 1//1 163//163
f 163//163 1//1 3//3
f 163//163 3//3 164//164
f 165//165 166//166 167//167
f 167//167 166//166 168//168
f 169//169 170//170 168//168
f 168//168 170//170 171//171
f 168//168 171//171 167//167
f 172//172 173//173 174//174
f 174//174 175//175 172//172
f 172//172 175//175 176//176
f 172//172 176//176 169//169
f 169//169 176//176 177//177
f 169//169 177//177 170//170
f 178//178 173//173 179//179
f 179//179 173//173 172//172
f 179//179 172//172 157//157
f 157//157 172//172 158//158
f 165//165 180//180 166//166
f 166//166 180//180 181//181
f 181//181 182//182 166//166
f 166//166 182//182 183//183
f 166//166 183//183 184//184
f 185//185 186//186 187//187
f 187//187 186//186 18//18
f 187//187 18//18 17//17
f 185//185 187//187 188//188
f 188//188 187//187 189//189
f 188//188 189//189 190//190
f 190//190 189//189 191//191
f 190//190 191//191 192//192
f 192//192 191//191 193//193
f 192//192 193//193 194//194
f 195//195 196//196 197//197
f 197//197 198//198 195//195
f 195//195 198//198 199//199
f 195//195 199//199 200//200
f 200//200 199//199 201//201
f 200//200 201//201 202//202
f 202//202 201//201 15//15
f 202//202 15//15 14//14
f 197//197 203//203 198//198
f 198//198 203//203 204//204
f 198//198 204//204 199//199
f 199//199 204//204 205//205
f 199//199 205//205 201//201
f 201//201 205//205 206//206
f 201//201 206//206 15//15
f 15//15 206//206 16//16
f 203//203 193//193 204//204
f 204//204 193//193 191//191
f 204//204 191//191 205//205
f 205//205 191//191 189//189
f 205//205 189//189 206//206
f 206//206 189//189 187//187
f 206//206 187//187 16//16
f 16//16 187//187 17//17
f 207//207 208//208 209//209
f 209//209 208//208 196//196
f 209//209 196//196 210//210
f 211//211 8//8 212//212
f 212//212 8//8 10//10
f 212//212 10//10 213//213
f 213//213 10//10 158//158
f 213//213 158//158 214//214
f 214//214 158//158 172//172
f 214//214 172//172 215//215
f 196//196 195//195 210//210
f 210//210 195//195 200//200
f 210//210 200//200 216//216
f 216//216 200//200 202//202
f 216//216 202//202 217//217
f 217//217 202//202 14//14
f 217//217 14//14 211//211
f 211//211 14//14 11//11
f 211//211 11//11 8//8
f 172//172 169//169 215//215
f 215//215 169//169 168//168
f 215//215 168//168 218//218
f 218//218 168//168 166//166
f 218//218 166//166 219//219
f 219//219 166//166 184//184
f 219//219 184//184 207//207
f 207//207 184//184 220//220
f 207//207 220//220 208//208
f 182//182 181//181 221//221
f 183//183 182//182 222//222
f 182//182 221//221 222//222
f 222//222 221//221 223//223
f 222//222 223//223 224//224
f 224//224 223//223 225//225
f 224//224 225//225 226//226
f 226//226 225//225 227//227
f 226//226 227//227 228//228
f 183//183 222//222 229//229
f 229//229 222//222 224//224
f 229//229 224//224 230//230
f 230//230 224//224 226//226
f 230//230 226//226 231//231
f 231//231 226//226 228//228
f 231//231 228//228 232//232
f 18//18 233//233 5//5
f 5//5 233//233 234//234
f 234//234 21//21 20//20
f 234//234 20//20 5//5
f 5//5 20//20 235//235
f 5//5 235//235 3//3
f 33//33 236//236 20//20
f 20//20 236//236 237//237
f 20//20 237//237 235//235
f 46//46 44//44 238//238
f 238//238 44//44 239//239
f 44//44 43//43 239//239
f 239//239 43//43 48//48
f 239//239 48//48 240//240
f 21//21 234//234 52//52
f 52//52 234//234 240//240
f 52//52 240//240 50//50
f 50//50 240//240 48//48
f 67//67 46//46 241//241
f 241//241 46//46 238//238
f 67//67 241//241 68//68
f 68//68 241//241 242//242
f 68//68 242//242 78//78
f 78//78 242//242 243//243
f 244//244 82//82 84//84
f 78//78 243//243 84//84
f 84//84 243//243 245//245
f 84//84 245//245 244//244
f 89//89 246//246 87//87
f 87//87 246//246 247//247
f 87//87 247//247 85//85
f 85//85 247//247 248//248
f 85//85 248//248 86//86
f 86//86 248//248 249//249
f 86//86 249//249 88//88
f 88//88 249//249 250//250
f 88//88 250//250 90//90
f 90//90 250//250 251//251
f 90//90 251//251 89//89
f 89//89 251//251 246//246
f 252//252 218//218 253//253
f 253//253 218//218 219//219
f 253//253 219//219 254//254
f 254//254 219//219 207//207
f 254//254 207//207 255//255
f 255//255 207//207 209//209
f 255//255 209//209 256//256
f 256//256 209//209 210//210
f 256//256 210//210 257//257
f 257//257 210//210 216//216
f 257//257 216//216 258//258
f 258//258 216//216 217//217
f 258//258 217//217 259//259
f 259//259 217//217 211//211
f 259//259 211//211 260//260
f 260//260 211//211 212//212
f 260//260 212//212 261//261
f 261//261 212//212 213//213
f 261//261 213//213 262//262
f 262//262 213//213 214//214
f 262//262 214//214 263//263
f 263//263 214//214 215//215
f 263//263 215//215 252//252
f 252//252 215//215 218//218
f 264//264 103//103 265//265
f 265//265 103//103 105//105
f 265//265 105//105 266//266
f 266//266 105//105 94//94
f 266//266 94//94 267//267
f 267//267 94//94 96//96
f 267//267 96//96 268//268
f 268//268 96//96 98//98
f 268//268 98//98 269//269
f 269//269 98//98 91//91
f 269//269 91//91 270//270
f 270//270 91//91 92//92
f 270//270 92//92 271//271
f 271//271 92//92 93//93
f 271//271 93//93 272//272
f 272//272 93//93 99//99
f 272//272 99//99 273//273
f 273//273 99//99 100//100
f 273//273 100//100 274//274
f 274//274 100//100 101//101
f 274//274 101//101 275//275
f 275//275 101//101 102//102
f 275//275 102//102 264//264
f 264//264 102//102 103//103
f 276//276 244//244 245//245
f 245//245 277//277 276//276
f 276//276 277//277 278//278
f 276//276 278//278 279//279
f 276//276 279//279 280//280
f 281//281 244//244 282//282
f 282//282 244//244 276//276
f 276//276 280//280 282//282
f 282//282 280//280 283//283
f 282//282 283//283 284//284
f 284//284 283//283 285//285
f 285//285 283//283 286//286
f 285//285 286//286 287//287
f 281//281 282//282 288//288
f 288//288 282//282 284//284
f 288//288 284//284 289//289
f 289//289 284//284 285//285
f 289//289 285//285 290//290
f 290//290 285//285 287//287
f 290//290 287//287 291//291
f 292//292 293//293 294//294
f 295//295 296//296 293//293
f 293//293 296//296 297//297
f 293//293 297//297 294//294
f 298//298 299//299 295//295
f 295//295 299//299 300//300
f 295//295 300//300 296//296
f 301//301 302//302 298//298
f 298//298 302//302 303//303
f 298//298 303//303 299//299
f 304//304 305//305 306//306
f 306//306 305//305 307//307
f 306//306 307//307 301//301
f 301//301 307//307 308//308
f 301//301 308//308 302//302
f 304//304 306//306 309//309
f 309//309 306//306 310//310
f 309//309 310//310 311//311
f 311//311 310//310 312//312
f 311//311 312//312 313//313
f 313//313 312//312 314//314
f 314//314 312//312 315//315
f 314//314 315//315 316//316
f 316//316 315//315 317//317
f 317//317 315//315 318//318
f 317//317 318//318 319//319
f 319//319 318//318 320//320
f 320//320 318//318 321//321
f 320//320 321//321 322//322
f 322//322 321//321 323//323
f 323//323 321//321 324//324
f 323//323 324//324 325//325
f 294//294 326//326 292//292
f 292//292 326//326 327//327
f 292//292 327//327 324//324
f 324//324 327//327 328//328
f 324//324 328//328 325//325
f 329//329 330//330 331//331
f 332//332 333//333 330//330
f 330//330 333//333 334//334
f 330//330 334//334 331//331
f 335//335 336//336 332//332
f 332//332 336//336 337//337
f 332//332 337//337 333//333
f 338//338 339//339 335//335
f 335//335 339//339 340//340
f 335//335 340//340 336//336
f 341//341 342//342 343//343
f 343//343 342//342 344//344
f 343//343 344//344 338//338
f 338//338 344//344 345//345
f 338//338 345//345 339//339
f 341//341 343//343 346//346
f 346//346 343//343 347//347
f 346//346 347//347 348//348
f 348//348 347//347 349//349
f 348//348 349//349 350//350
f 350//350 349//349 351//351
f 351//351 349//349 352//352
f 351//351 352//352 353//353
f 353//353 352//352 354//354
f 354//354 352//352 355//355
f 354//354 355//355 356//356
f 356//356 355//355 357//357
f 357//357 355//355 358//358
f 357//357 358//358 359//359
f 359//359 358//358 360//360
f 360//360 358//358 361//361
f 360//360 361//361 362//362
f 331//331 363//363 329//329
f 329//329 363//363 364//364
f 329//329 364//364 361//361
f 361//361 364//364 365//365
f 361//361 365//365 362//362
f 366//366 367//367 368//368
f 369//369 370//370 367//367
f 367//367 370//370 371//371
f 367//367 371//371 368//368
f 372//372 373//373 369//369
f 369//369 373//373 374//374
f 369//369 374//374 370//370
f 375//375 376//376 372//372
f 372//372 376//376 377//377
f 372//372 377//377 373//373
f 378//378 379//379 380//380
f 380//380 379//379 381//381
f 380//380 381//381 375//375
f 375//375 381//381 382//382
f 375//375 382//382 376//376
f 378//378 380//380 383//383
f 383//383 380//380 384//384
f 383//383 384//384 385//385
f 385//385 384//384 386//386
f 385//385 386//386 387//387
f 387//387 386//386 388//388
f 388//388 386//386 389//389
f 388//388 389//389 390//390
f 390//390 389//389 391//391
f 391//391 389//389 392//392
f 391//391 392//392 393//393
f 393//393 392//392 394//394
f 394//394 392//392 395//395
f 394//394 395//395 396//396
f 396//396 395//395 397//397
f 397//397 395//395 398//398
f 397//397 398//398 399//399
f 368//368 400//400 366//366
f 366//366 400//400 401//401
f 366//366 401//401 398//398
f 398//398 401//401 402//402
f 398//398 402//402 399//399
f 403//403 404//404 117//117
f 244//244 281//281 82//82
f 82//82 281//281 405//405
f 281//281 288//288 405//405
f 405//405 288//288 289//289
f 405//405 289//289 406//406
f 406//406 289//289 290//290
f 406//406 290//290 407//407
f 407//407 290//290 291//291
f 291//291 403//403 407//407
f 407//407 403//403 117//117
f 407//407 117//117 406//406
f 406//406 117//117 118//118
f 406//406 118//118 405//405
f 405//405 118//118 119//119
f 405//405 119//119 82//82
f 117//117 404//404 134//134
f 134//134 404//404 135//135
f 135//135 408//408 409//409
f 125//125 124//124 136//136
f 125//125 136//136 410//410
f 410//410 136//136 129//129
f 410//410 129//129 411//411
f 126//126 125//125 412//412
f 412//412 125//125 410//410
f 412//412 410//410 413//413
f 413//413 410//410 411//411
f 413//413 411//411 414//414
f 129//129 128//128 411//411
f 411//411 128//128 130//130
f 411//411 130//130 415//415
f 415//415 130//130 132//132
f 415//415 132//132 409//409
f 409//409 132//132 131//131
f 409//409 131//131 135//135
f 414//414 411//411 416//416
f 416//416 411//411 415//415
f 416//416 415//415 417//417
f 417//417 415//415 409//409
f 417//417 409//409 418//418
f 418//418 409//409 408//408
f 418//418 408//408 419//419
f 139//139 140//140 420//420
f 421//421 422//422 423//423
f 424//424 425//425 423//423
f 426//426 427//427 428//428
f 429//429 430//430 431//431
f 430//430 432//432 431//431
f 431//431 432//432 433//433
f 431//431 433//433 434//434
f 140//140 141//141 435//435
f 435//435 141//141 142//142
f 436//436 437//437 438//438
f 438//438 437//437 439//439
f 440//440 439//439 416//416
f 419//419 441//441 418//418
f 418//418 441//441 440//440
f 418//418 440//440 417//417
f 417//417 440//440 416//416
f 427//427 429//429 428//428
f 428//428 429//429 431//431
f 428//428 431//431 442//442
f 442//442 431//431 434//434
f 442//442 434//434 443//443
f 420//420 140//140 438//438
f 438//438 140//140 435//435
f 438//438 435//435 436//436
f 436//436 435//435 142//142
f 436//436 142//142 143//143
f 137//137 138//138 443//443
f 443//443 138//138 444//444
f 443//443 444//444 442//442
f 442//442 444//444 421//421
f 442//442 421//421 428//428
f 428//428 421//421 423//423
f 428//428 423//423 426//426
f 426//426 423//423 425//425
f 143//143 126//126 436//436
f 436//436 126//126 412//412
f 436//436 412//412 437//437
f 437//437 412//412 413//413
f 437//437 413//413 439//439
f 439//439 413//413 414//414
f 439//439 414//414 416//416
f 138//138 139//139 444//444
f 444//444 139//139 420//420
f 444//444 420//420 421//421
f 421//421 420//420 438//438
f 421//421 438//438 422//422
f 422//422 438//438 439//439
f 422//422 439//439 423//423
f 423//423 439//439 440//440
f 423//423 440//440 424//424
f 424//424 440//440 441//441
f 445//445 446//446 447//447
f 447//447 446//446 448//448
f 447//447 448//448 449//449
f 449//449 448//448 450//450
f 449//449 450//450 154//154
f 154//154 450//450 155//155
f 451//451 452//452 453//453
f 453//453 452//452 454//454
f 433//433 432//432 455//455
f 455//455 432//432 456//456
f 455//455 456//456 452//452
f 452//452 456//456 457//457
f 452//452 457//457 454//454
f 146//146 137//137 443//443
f 148//148 145//145 458//458
f 458//458 145//145 144//144
f 458//458 144//144 459//459
f 459//459 144//144 147//147
f 459//459 147//147 460//460
f 460//460 147//147 146//146
f 460//460 146//146 461//461
f 461//461 146//146 443//443
f 433//433 455//455 462//462
f 462//462 455//455 452//452
f 462//462 452//452 463//463
f 463//463 452//452 451//451
f 463//463 451//451 464//464
f 434//434 433//433 465//465
f 465//465 433//433 462//462
f 465//465 462//462 466//466
f 466//466 462//462 463//463
f 466//466 463//463 467//467
f 467//467 463//463 464//464
f 467//467 464//464 447//447
f 447//447 464//464 451//451
f 447//447 451//451 445//445
f 154//154 153//153 449//449
f 449//449 153//153 468//468
f 449//449 468//468 447//447
f 447//447 468//468 469//469
f 447//447 469//469 467//467
f 148//148 458//458 149//149
f 149//149 458//458 470//470
f 149//149 470//470 150//150
f 150//150 470//470 152//152
f 150//150 152//152 151//151
f 443//443 434//434 461//461
f 461//461 434//434 465//465
f 461//461 465//465 460//460
f 460//460 465//465 466//466
f 460//460 466//466 459//459
f 459//459 466//466 467//467
f 459//459 467//467 458//458
f 458//458 467//467 469//469
f 458//458 469//469 470//470
f 470//470 469//469 468//468
f 470//470 468//468 152//152
f 152//152 468//468 153//153
f 164//164 3//3 471//471
f 471//471 3//3 235//235
f 471//471 235//235 472//472
f 472//472 235//235 473//473
f 473//473 235//235 237//237
f 473//473 237//237 474//474
f 474//474 237//237 475//475
f 475//475 237//237 236//236
f 475//475 236//236 476//476
f 476//476 236//236 33//33
f 476//476 33//33 155//155
f 477//477 478//478 479//479
f 479//479 478//478 480//480
f 479//479 480//480 481//481
f 163//163 164//164 482//482
f 482//482 164//164 483//483
f 478//478 484//484 480//480
f 480//480 484//484 485//485
f 480//480 485//485 486//486
f 487//487 482//482 488//488
f 488//488 482//482 483//483
f 488//488 483//483 481//481
f 157//157 489//489 490//490
f 490//490 489//489 486//486
f 490//490 486//486 491//491
f 491//491 486//486 485//485
f 481//481 480//480 488//488
f 488//488 480//480 486//486
f 488//488 486//486 487//487
f 487//487 486//486 489//489
f 487//487 489//489 492//492
f 492//492 489//489 157//157
f 492//492 157//157 156//156
f 162//162 493//493 161//161
f 161//161 493//493 494//494
f 161//161 494//494 159//159
f 159//159 494//494 160//160
f 156//156 160//160 492//492
f 492//492 160//160 494//494
f 492//492 494//494 487//487
f 487//487 494//494 493//493
f 487//487 493//493 482//482
f 482//482 493//493 162//162
f 482//482 162//162 163//163
f 495//495 496//496 497//497
f 498//498 499//499 500//500
f 500//500 499//499 495//495
f 501//501 502//502 503//503
f 504//504 505//505 501//501
f 501//501 505//505 506//506
f 501//501 506//506 502//502
f 507//507 508//508 509//509
f 509//509 508//508 510//510
f 509//509 510//510 504//504
f 507//507 511//511 512//512
f 512//512 511//511 478//478
f 512//512 478//478 477//477
f 513//513 170//170 177//177
f 175//175 514//514 515//515
f 513//513 177//177 515//515
f 515//515 177//177 176//176
f 515//515 176//176 175//175
f 157//157 490//490 179//179
f 179//179 490//490 516//516
f 179//179 516//516 178//178
f 178//178 516//516 517//517
f 178//178 517//517 173//173
f 173//173 517//517 514//514
f 173//173 514//514 174//174
f 174//174 514//514 175//175
f 518//518 485//485 484//484
f 491//491 485//485 519//519
f 519//519 485//485 518//518
f 519//519 518//518 520//520
f 520//520 518//518 521//521
f 520//520 521//521 522//522
f 523//523 501//501 500//500
f 500//500 501//501 503//503
f 500//500 503//503 498//498
f 524//524 525//525 526//526
f 526//526 525//525 165//165
f 526//526 165//165 167//167
f 495//495 497//497 500//500
f 500//500 497//497 524//524
f 500//500 524//524 523//523
f 523//523 524//524 526//526
f 523//523 526//526 527//527
f 527//527 526//526 167//167
f 527//527 167//167 171//171
f 490//490 491//491 516//516
f 516//516 491//491 519//519
f 516//516 519//519 517//517
f 517//517 519//519 520//520
f 517//517 520//520 514//514
f 514//514 520//520 522//522
f 514//514 522//522 515//515
f 515//515 522//522 528//528
f 515//515 528//528 513//513
f 513//513 528//528 529//529
f 171//171 170//170 527//527
f 527//527 170//170 513//513
f 527//527 513//513 523//523
f 523//523 513//513 529//529
f 523//523 529//529 501//501
f 501//501 529//529 528//528
f 501//501 528//528 504//504
f 504//504 528//528 522//522
f 504//504 522//522 509//509
f 509//509 522//522 521//521
f 509//509 521//521 507//507
f 507//507 521//521 518//518
f 507//507 518//518 511//511
f 511//511 518//518 484//484
f 511//511 484//484 478//478
f 180//180 165//165 525//525
f 181//181 180//180 530//530
f 180//180 525//525 530//530
f 530//530 525//525 524//524
f 530//530 524//524 531//531
f 531//531 524//524 497//497
f 531//531 497//497 532//532
f 532//532 497//497 496//496
f 532//532 496//496 533//533
f 181//181 530//530 221//221
f 221//221 530//530 531//531
f 221//221 531//531 223//223
f 223//223 531//531 532//532
f 223//223 532//532 225//225
f 225//225 532//532 533//533
f 225//225 533//533 227//227
f 18//18 186//186 233//233
f 233//233 186//186 534//534
f 186//186 185//185 534//534
f 534//534 185//185 188//188
f 534//534 188//188 535//535
f 194//194 536//536 192//192
f 192//192 536//536 535//535
f 192//192 535//535 190//190
f 190//190 535//535 188//188
f 537//537 538//538 194//194
f 537//537 194//194 539//539
f 194//194 193//193 539//539
f 539//539 193//193 203//203
f 539//539 203//203 540//540
f 540//540 203//203 197//197
f 540//540 197//197 541//541
f 541//541 197//197 196//196
f 541//541 196//196 208//208
f 541//541 230//230 231//231
f 183//183 229//229 184//184
f 184//184 229//229 220//220
f 230//230 541//541 229//229
f 229//229 541//541 208//208
f 229//229 208//208 220//220
f 538//538 537//537 232//232
f 232//232 537//537 539//539
f 232//232 539//539 231//231
f 231//231 539//539 540//540
f 231//231 540//540 541//541
f 542//542 232//232 228//228
f 542//542 228//228 543//543
f 543//543 228//228 227//227
f 543//543 227//227 544//544
f 545//545 398//398 546//546
f 546//546 398//398 395//395
f 546//546 395//395 547//547
f 547//547 395//395 392//392
f 547//547 392//392 548//548
f 548//548 392//392 389//389
f 548//548 389//389 549//549
f 549//549 389//389 386//386
f 549//549 386//386 550//550
f 550//550 386//386 384//384
f 550//550 384//384 551//551
f 551//551 384//384 380//380
f 551//551 380//380 552//552
f 552//552 380//380 375//375
f 552//552 375//375 553//553
f 553//553 375//375 372//372
f 553//553 372//372 554//554
f 554//554 372//372 369//369
f 554//554 369//369 555//555
f 555//555 369//369 367//367
f 555//555 367//367 556//556
f 556//556 367//367 366//366
f 556//556 366//366 545//545
f 545//545 366//366 398//398
f 557//557 361//361 558//558
f 558//558 361//361 358//358
f 558//558 358//358 559//559
f 559//559 358//358 355//355
f 559//559 355//355 560//560
f 560//560 355//355 352//352
f 560//560 352//352 561//561
f 561//561 352//352 349//349
f 561//561 349//349 562//562
f 562//562 349//349 347//347
f 562//562 347//347 563//563
f 563//563 347//347 343//343
f 563//563 343//343 564//564
f 564//564 343//343 338//338
f 564//564 338//338 565//565
f 565//565 338//338 335//335
f 565//565 335//335 566//566
f 566//566 335//335 332//332
f 566//566 332//332 567//567
f 567//567 332//332 330//330
f 567//567 330//330 568//568
f 568//568 330//330 329//329
f 568//568 329//329 557//557
f 557//557 329//329 361//361
f 569//569 324//324 570//570
f 570//570 324//324 321//321
f 570//570 321//321 571//571
f 571//571 321//321 318//318
f 571//571 318//318 572//572
f 572//572 318//318 315//315
f 572//572 315//315 573//573
f 573//573 315//315 312//312
f 573//573 312//312 574//574
f 574//574 312//312 310//310
f 574//574 310//310 575//575
f 575//575 310//310 306//306
f 575//575 306//306 576//576
f 576//576 306//306 301//301
f 576//576 301//301 577//577
f 577//577 301//301 298//298
f 577//577 298//298 578//578
f 578//578 298//298 295//295
f 578//578 295//295 579//579
f 579//579 295//295 293//293
f 579//579 293//293 580//580
f 580//580 293//293 292//292
f 580//580 292//292 569//569
f 569//569 292//292 324//324
f 250//250 264//264 251//251
f 251//251 264//264 265//265
f 251//251 265//265 266//266
f 248//248 259//259 260//260
f 233//233 246//246 251//251
f 272//272 239//239 271//271
f 271//271 239//239 240//240
f 271//271 240//240 270//270
f 270//270 240//240 234//234
f 270//270 234//234 269//269
f 269//269 234//234 233//233
f 269//269 233//233 268//268
f 268//268 233//233 251//251
f 268//268 251//251 267//267
f 267//267 251//251 266//266
f 581//581 278//278 275//275
f 275//275 278//278 277//277
f 248//248 260//260 249//249
f 249//249 260//260 261//261
f 249//249 261//261 262//262
f 263//263 252//252 582//582
f 277//277 245//245 275//275
f 275//275 245//245 243//243
f 275//275 243//243 274//274
f 274//274 243//243 242//242
f 274//274 242//242 273//273
f 273//273 242//242 241//241
f 273//273 241//241 272//272
f 272//272 241//241 238//238
f 272//272 238//238 239//239
f 262//262 263//263 249//249
f 249//249 263//263 582//582
f 249//249 582//582 250//250
f 250//250 582//582 581//581
f 250//250 581//581 264//264
f 264//264 581//581 275//275
f 252//252 253//253 582//582
f 582//582 253//253 254//254
f 582//582 254//254 536//536
f 536//536 254//254 255//255
f 536//536 255//255 535//535
f 535//535 255//255 256//256
f 535//535 256//256 534//534
f 534//534 256//256 257//257
f 534//534 257//257 233//233
f 233//233 257//257 258//258
f 233//233 258//258 246//246
f 246//246 258//258 259//259
f 246//246 259//259 247//247
f 247//247 259//259 248//248
f 581//581 583//583 278//278
f 278//278 583//583 279//279
f 583//583 584//584 585//585
f 585//585 584//584 586//586
f 585//585 586//586 587//587
f 587//587 586//586 588//588
f 587//587 588//588 589//589
f 280//280 279//279 583//583
f 583//583 585//585 280//280
f 280//280 585//585 587//587
f 280//280 587//587 283//283
f 283//283 587//587 589//589
f 283//283 589//589 286//286
f 590//590 591//591 592//592
f 592//592 591//591 593//593
f 592//592 593//593 594//594
f 594//594 595//595 592//592
f 592//592 595//595 596//596
f 592//592 596//596 597//597
f 597//597 596//596 598//598
f 596//596 599//599 598//598
f 598//598 599//599 600//600
f 598//598 600//600 601//601
f 601//601 600//600 602//602
f 603//603 604//604 605//605
f 604//604 606//606 607//607
f 606//606 608//608 609//609
f 608//608 610//610 611//611
f 591//591 603//603 612//612
f 591//591 612//612 593//593
f 593//593 612//612 613//613
f 593//593 613//613 594//594
f 594//594 613//613 614//614
f 594//594 614//614 595//595
f 595//595 614//614 615//615
f 595//595 615//615 596//596
f 615//615 616//616 596//596
f 596//596 616//616 617//617
f 596//596 617//617 599//599
f 599//599 617//617 618//618
f 599//599 618//618 600//600
f 600//600 618//618 619//619
f 600//600 619//619 602//602
f 602//602 619//619 620//620
f 602//602 620//620 601//601
f 601//601 620//620 621//621
f 601//601 621//621 598//598
f 598//598 621//621 622//622
f 598//598 622//622 597//597
f 597//597 622//622 623//623
f 597//597 623//623 592//592
f 592//592 623//623 624//624
f 592//592 624//624 590//590
f 608//608 611//611 609//609
f 609//609 611//611 625//625
f 609//609 625//625 626//626
f 626//626 625//625 627//627
f 626//626 627//627 628//628
f 627//627 629//629 628//628
f 628//628 629//629 630//630
f 628//628 630//630 631//631
f 632//632 633//633 634//634
f 634//634 633//633 631//631
f 634//634 631//631 635//635
f 635//635 631//631 630//630
f 636//636 637//637 632//632
f 632//632 637//637 638//638
f 632//632 638//638 633//633
f 636//636 639//639 637//637
f 637//637 639//639 640//640
f 637//637 640//640 641//641
f 641//641 640//640 642//642
f 641//641 642//642 643//643
f 643//643 642//642 644//644
f 643//643 644//644 645//645
f 644//644 646//646 645//645
f 645//645 646//646 647//647
f 645//645 647//647 648//648
f 647//647 649//649 648//648
f 648//648 649//649 650//650
f 648//648 650//650 651//651
f 651//651 650//650 652//652
f 651//651 652//652 653//653
f 606//606 609//609 607//607
f 607//607 609//609 626//626
f 607//607 626//626 654//654
f 654//654 626//626 628//628
f 654//654 628//628 655//655
f 655//655 628//628 631//631
f 655//655 631//631 656//656
f 656//656 631//631 633//633
f 656//656 633//633 657//657
f 657//657 633//633 638//638
f 657//657 638//638 658//658
f 658//658 638//638 637//637
f 658//658 637//637 659//659
f 659//659 637//637 641//641
f 659//659 641//641 660//660
f 660//660 641//641 643//643
f 660//660 643//643 661//661
f 661//661 643//643 645//645
f 661//661 645//645 662//662
f 662//662 645//645 648//648
f 662//662 648//648 663//663
f 663//663 648//648 651//651
f 663//663 651//651 664//664
f 664//664 651//651 653//653
f 664//664 653//653 665//665
f 604//604 607//607 605//605
f 605//605 607//607 654//654
f 605//605 654//654 666//666
f 666//666 654//654 655//655
f 666//666 655//655 667//667
f 667//667 655//655 656//656
f 667//667 656//656 668//668
f 668//668 656//656 657//657
f 668//668 657//657 669//669
f 669//669 657//657 658//658
f 669//669 658//658 670//670
f 670//670 658//658 659//659
f 670//670 659//659 671//671
f 671//671 659//659 660//660
f 671//671 660//660 672//672
f 672//672 660//660 661//661
f 672//672 661//661 673//673
f 673//673 661//661 662//662
f 673//673 662//662 674//674
f 674//674 662//662 663//663
f 674//674 663//663 675//675
f 675//675 663//663 664//664
f 675//675 664//664 676//676
f 676//676 664//664 665//665
f 676//676 665//665 677//677
f 603//603 605//605 612//612
f 612//612 605//605 666//666
f 612//612 666//666 613//613
f 613//613 666//666 667//667
f 613//613 667//667 614//614
f 614//614 667//667 668//668
f 614//614 668//668 615//615
f 615//615 668//668 669//669
f 615//615 669//669 616//616
f 616//616 669//669 670//670
f 616//616 670//670 617//617
f 617//617 670//670 671//671
f 617//617 671//671 618//618
f 618//618 671//671 672//672
f 618//618 672//672 619//619
f 619//619 672//672 673//673
f 619//619 673//673 620//620
f 620//620 673//673 674//674
f 620//620 674//674 621//621
f 621//621 674//674 675//675
f 621//621 675//675 622//622
f 622//622 675//675 676//676
f 622//622 676//676 623//623
f 623//623 676//676 677//677
f 623//623 677//677 624//624
f 649//649 678//678 650//650
f 650//650 678//678 679//679
f 680//680 652//652 681//681
f 681//681 652//652 650//650
f 681//681 650//650 682//682
f 682//682 650//650 679//679
f 683//683 684//684 644//644
f 644//644 684//684 685//685
f 644//644 685//685 646//646
f 646//646 685//685 678//678
f 646//646 678//678 647//647
f 647//647 678//678 649//649
f 385//385 644//644 383//383
f 383//383 644//644 642//642
f 383//383 642//642 378//378
f 378//378 642//642 640//640
f 378//378 640//640 379//379
f 346//346 348//348 686//686
f 687//687 313//313 314//314
f 314//314 316//316 687//687
f 687//687 316//316 317//317
f 687//687 317//317 688//688
f 688//688 317//317 319//319
f 322//322 689//689 320//320
f 320//320 689//689 690//690
f 320//320 690//690 319//319
f 319//319 690//690 691//691
f 319//319 691//691 688//688
f 323//323 692//692 322//322
f 322//322 692//692 693//693
f 322//322 693//693 689//689
f 694//694 695//695 328//328
f 323//323 325//325 692//692
f 692//692 325//325 328//328
f 692//692 328//328 696//696
f 696//696 328//328 695//695
f 694//694 364//364 363//363
f 401//401 400//400 630//630
f 630//630 400//400 368//368
f 630//630 368//368 635//635
f 697//697 698//698 627//627
f 627//627 698//698 699//699
f 627//627 699//699 629//629
f 629//629 699//699 700//700
f 629//629 700//700 630//630
f 697//697 627//627 701//701
f 701//701 627//627 625//625
f 701//701 625//625 702//702
f 625//625 611//611 702//702
f 702//702 611//611 610//610
f 702//702 610//610 703//703
f 307//307 350//350 308//308
f 308//308 350//350 351//351
f 308//308 351//351 353//353
f 687//687 704//704 313//313
f 313//313 704//704 705//705
f 313//313 705//705 311//311
f 311//311 705//705 686//686
f 311//311 686//686 309//309
f 309//309 686//686 348//348
f 309//309 348//348 304//304
f 304//304 348//348 350//350
f 304//304 350//350 305//305
f 305//305 350//350 307//307
f 353//353 354//354 308//308
f 308//308 354//354 356//356
f 308//308 356//356 302//302
f 302//302 356//356 357//357
f 302//302 357//357 303//303
f 303//303 357//357 359//359
f 303//303 359//359 299//299
f 299//299 359//359 300//300
f 360//360 297//297 359//359
f 359//359 297//297 296//296
f 359//359 296//296 300//300
f 328//328 327//327 694//694
f 694//694 327//327 326//326
f 694//694 326//326 364//364
f 364//364 326//326 294//294
f 364//364 294//294 365//365
f 365//365 294//294 297//297
f 365//365 297//297 362//362
f 362//362 297//297 360//360
f 344//344 387//387 345//345
f 345//345 387//387 388//388
f 345//345 388//388 390//390
f 344//344 342//342 387//387
f 387//387 342//342 341//341
f 387//387 341//341 385//385
f 385//385 341//341 346//346
f 385//385 346//346 644//644
f 644//644 346//346 686//686
f 644//644 686//686 683//683
f 390//390 391//391 345//345
f 345//345 391//391 393//393
f 345//345 393//393 339//339
f 339//339 393//393 394//394
f 339//339 394//394 340//340
f 340//340 394//394 396//396
f 340//340 396//396 336//336
f 336//336 396//396 337//337
f 397//397 334//334 396//396
f 396//396 334//334 333//333
f 396//396 333//333 337//337
f 700//700 694//694 630//630
f 630//630 694//694 363//363
f 630//630 363//363 401//401
f 401//401 363//363 331//331
f 401//401 331//331 402//402
f 402//402 331//331 334//334
f 402//402 334//334 399//399
f 399//399 334//334 397//397
f 635//635 368//368 634//634
f 634//634 368//368 371//371
f 634//634 371//371 370//370
f 370//370 374//374 634//634
f 634//634 374//374 373//373
f 634//634 373//373 632//632
f 632//632 373//373 377//377
f 632//632 377//377 636//636
f 636//636 377//377 376//376
f 636//636 376//376 639//639
f 639//639 376//376 382//382
f 639//639 382//382 640//640
f 640//640 382//382 381//381
f 640//640 381//381 379//379
f 681//681 682//682 706//706
f 707//707 708//708 709//709
f 710//710 711//711 712//712
f 713//713 714//714 715//715
f 713//713 715//715 716//716
f 716//716 715//715 717//717
f 716//716 717//717 718//718
f 710//710 712//712 719//719
f 719//719 712//712 720//720
f 719//719 720//720 721//721
f 721//721 720//720 722//722
f 722//722 720//720 707//707
f 722//722 707//707 723//723
f 723//723 707//707 724//724
f 724//724 707//707 709//709
f 724//724 709//709 725//725
f 725//725 709//709 726//726
f 725//725 726//726 727//727
f 728//728 729//729 730//730
f 730//730 729//729 731//731
f 730//730 731//731 732//732
f 732//732 731//731 733//733
f 732//732 733//733 734//734
f 734//734 733//733 735//735
f 734//734 735//735 726//726
f 726//726 735//735 736//736
f 726//726 736//736 727//727
f 737//737 738//738 730//730
f 730//730 738//738 739//739
f 730//730 739//739 728//728
f 740//740 741//741 742//742
f 742//742 743//743 740//740
f 740//740 743//743 744//744
f 740//740 744//744 737//737
f 737//737 744//744 745//745
f 737//737 745//745 738//738
f 746//746 747//747 748//748
f 748//748 747//747 749//749
f 748//748 749//749 740//740
f 740//740 749//749 750//750
f 740//740 750//750 741//741
f 748//748 751//751 746//746
f 746//746 751//751 752//752
f 746//746 752//752 753//753
f 680//680 681//681 754//754
f 754//754 681//681 706//706
f 754//754 706//706 755//755
f 755//755 706//706 756//756
f 756//756 706//706 757//757
f 756//756 757//757 758//758
f 759//759 760//760 761//761
f 761//761 760//760 762//762
f 761//761 762//762 757//757
f 757//757 762//762 763//763
f 757//757 763//763 758//758
f 764//764 765//765 759//759
f 764//764 759//759 766//766
f 767//767 768//768 769//769
f 770//770 771//771 772//772
f 771//771 773//773 772//772
f 772//772 773//773 774//774
f 772//772 774//774 775//775
f 714//714 776//776 715//715
f 715//715 776//776 777//777
f 715//715 777//777 778//778
f 778//778 777//777 779//779
f 778//778 779//779 780//780
f 780//780 779//779 781//781
f 780//780 781//781 770//770
f 782//782 783//783 687//687
f 784//784 685//685 684//684
f 784//784 684//684 785//785
f 685//685 784//784 678//678
f 678//678 784//784 786//786
f 678//678 786//786 679//679
f 684//684 683//683 785//785
f 785//785 683//683 686//686
f 785//785 686//686 787//787
f 787//787 686//686 705//705
f 787//787 705//705 783//783
f 783//783 705//705 704//704
f 783//783 704//704 687//687
f 708//708 707//707 788//788
f 788//788 707//707 720//720
f 788//788 720//720 789//789
f 789//789 720//720 712//712
f 789//789 712//712 790//790
f 790//790 712//712 711//711
f 790//790 711//711 791//791
f 710//710 718//718 711//711
f 711//711 718//718 717//717
f 711//711 717//717 791//791
f 791//791 717//717 715//715
f 791//791 715//715 792//792
f 792//792 715//715 778//778
f 792//792 778//778 793//793
f 793//793 778//778 780//780
f 766//766 759//759 769//769
f 769//769 759//759 761//761
f 769//769 761//761 767//767
f 767//767 761//761 757//757
f 767//767 757//757 794//794
f 794//794 757//757 706//706
f 794//794 706//706 795//795
f 795//795 706//706 682//682
f 795//795 682//682 679//679
f 679//679 786//786 795//795
f 795//795 786//786 796//796
f 795//795 796//796 794//794
f 794//794 796//796 772//772
f 794//794 772//772 767//767
f 767//767 772//772 775//775
f 767//767 775//775 768//768
f 740//740 697//697 748//748
f 748//748 697//697 701//701
f 748//748 701//701 751//751
f 751//751 701//701 702//702
f 751//751 702//702 752//752
f 752//752 702//702 703//703
f 709//709 693//693 726//726
f 726//726 693//693 692//692
f 726//726 692//692 734//734
f 734//734 692//692 696//696
f 734//734 696//696 732//732
f 696//696 695//695 732//732
f 732//732 695//695 694//694
f 732//732 694//694 730//730
f 730//730 694//694 700//700
f 730//730 700//700 737//737
f 737//737 700//700 699//699
f 737//737 699//699 740//740
f 740//740 699//699 698//698
f 740//740 698//698 697//697
f 687//687 688//688 782//782
f 782//782 688//688 691//691
f 782//782 691//691 797//797
f 797//797 691//691 690//690
f 797//797 690//690 689//689
f 770//770 772//772 780//780
f 780//780 772//772 796//796
f 780//780 796//796 793//793
f 793//793 796//796 786//786
f 793//793 786//786 792//792
f 792//792 786//786 784//784
f 792//792 784//784 791//791
f 791//791 784//784 785//785
f 791//791 785//785 790//790
f 790//790 785//785 787//787
f 790//790 787//787 789//789
f 789//789 787//787 783//783
f 789//789 783//783 788//788
f 788//788 783//783 782//782
f 788//788 782//782 708//708
f 708//708 782//782 797//797
f 708//708 797//797 709//709
f 709//709 797//797 689//689
f 709//709 689//689 693//693
f 724//724 725//725 798//798
f 533//533 496//496 799//799
f 589//589 588//588 800//800
f 800//800 765//765 764//764
f 408//408 135//135 404//404
f 419//419 408//408 800//800
f 441//441 419//419 801//801
f 801//801 419//419 800//800
f 801//801 800//800 802//802
f 802//802 800//800 764//764
f 408//408 404//404 800//800
f 800//800 404//404 403//403
f 800//800 403//403 291//291
f 291//291 287//287 800//800
f 800//800 287//287 286//286
f 800//800 286//286 589//589
f 426//426 425//425 801//801
f 801//801 425//425 424//424
f 801//801 424//424 441//441
f 775//775 774//774 429//429
f 770//770 781//781 771//771
f 771//771 781//781 429//429
f 771//771 429//429 773//773
f 773//773 429//429 774//774
f 432//432 430//430 777//777
f 777//777 430//430 429//429
f 777//777 429//429 779//779
f 779//779 429//429 781//781
f 803//803 454//454 804//804
f 804//804 454//454 457//457
f 448//448 446//446 805//805
f 805//805 446//446 445//445
f 805//805 445//445 806//806
f 806//806 445//445 451//451
f 806//806 451//451 803//803
f 803//803 451//451 453//453
f 803//803 453//453 454//454
f 448//448 805//805 450//450
f 450//450 805//805 476//476
f 450//450 476//476 155//155
f 474//474 475//475 807//807
f 807//807 475//475 808//808
f 807//807 808//808 809//809
f 810//810 471//471 811//811
f 811//811 471//471 472//472
f 811//811 472//472 798//798
f 481//481 483//483 810//810
f 810//810 483//483 164//164
f 810//810 164//164 471//471
f 812//812 477//477 479//479
f 733//733 731//731 477//477
f 477//477 731//731 729//729
f 729//729 728//728 477//477
f 477//477 728//728 739//739
f 477//477 739//739 512//512
f 813//813 510//510 508//508
f 739//739 738//738 512//512
f 512//512 738//738 745//745
f 512//512 745//745 507//507
f 507//507 745//745 744//744
f 507//507 744//744 508//508
f 508//508 744//744 743//743
f 508//508 743//743 813//813
f 813//813 743//743 742//742
f 510//510 813//813 504//504
f 504//504 813//813 814//814
f 504//504 814//814 505//505
f 799//799 496//496 815//815
f 815//815 496//496 495//495
f 815//815 495//495 499//499
f 499//499 498//498 815//815
f 815//815 498//498 503//503
f 815//815 503//503 502//502
f 227//227 533//533 544//544
f 544//544 533//533 799//799
f 544//544 799//799 816//816
f 816//816 799//799 815//815
f 816//816 815//815 817//817
f 817//817 815//815 818//818
f 742//742 741//741 813//813
f 813//813 741//741 750//750
f 813//813 750//750 814//814
f 814//814 750//750 749//749
f 814//814 749//749 819//819
f 819//819 749//749 747//747
f 819//819 747//747 820//820
f 820//820 747//747 746//746
f 477//477 812//812 733//733
f 733//733 812//812 821//821
f 733//733 821//821 735//735
f 735//735 821//821 736//736
f 736//736 821//821 822//822
f 736//736 822//822 727//727
f 472//472 473//473 798//798
f 798//798 473//473 823//823
f 798//798 823//823 724//724
f 721//721 722//722 823//823
f 823//823 722//722 723//723
f 823//823 723//723 724//724
f 823//823 824//824 721//721
f 721//721 824//824 825//825
f 721//721 825//825 719//719
f 713//713 716//716 826//826
f 456//456 432//432 827//827
f 827//827 432//432 777//777
f 827//827 777//777 828//828
f 828//828 777//777 776//776
f 828//828 776//776 826//826
f 826//826 776//776 714//714
f 826//826 714//714 713//713
f 429//429 427//427 775//775
f 775//775 427//427 426//426
f 775//775 426//426 768//768
f 768//768 426//426 801//801
f 768//768 801//801 769//769
f 769//769 801//801 802//802
f 769//769 802//802 766//766
f 766//766 802//802 764//764
f 829//829 806//806 826//826
f 826//826 806//806 803//803
f 826//826 803//803 828//828
f 828//828 803//803 804//804
f 828//828 804//804 827//827
f 827//827 804//804 457//457
f 827//827 457//457 456//456
f 830//830 831//831 809//809
f 473//473 474//474 823//823
f 823//823 474//474 807//807
f 823//823 807//807 824//824
f 824//824 807//807 809//809
f 824//824 809//809 825//825
f 825//825 809//809 831//831
f 825//825 831//831 719//719
f 719//719 831//831 830//830
f 719//719 830//830 710//710
f 725//725 727//727 798//798
f 798//798 727//727 822//822
f 798//798 822//822 811//811
f 811//811 822//822 821//821
f 811//811 821//821 810//810
f 810//810 821//821 812//812
f 810//810 812//812 481//481
f 481//481 812//812 479//479
f 753//753 817//817 746//746
f 746//746 817//817 818//818
f 746//746 818//818 820//820
f 820//820 818//818 815//815
f 820//820 815//815 819//819
f 819//819 815//815 502//502
f 819//819 502//502 814//814
f 814//814 502//502 506//506
f 814//814 506//506 505//505
f 716//716 718//718 826//826
f 826//826 718//718 710//710
f 826//826 710//710 829//829
f 829//829 710//710 830//830
f 829//829 830//830 806//806
f 806//806 830//830 809//809
f 806//806 809//809 805//805
f 805//805 809//809 808//808
f 805//805 808//808 476//476
f 476//476 808//808 475//475
f 232//232 542//542 538//538
f 538//538 542//542 582//582
f 538//538 582//582 194//194
f 194//194 582//582 536//536
f 832//832 553//553 833//833
f 833//833 553//553 554//554
f 833//833 554//554 834//834
f 834//834 554//554 555//555
f 834//834 555//555 835//835
f 835//835 555//555 556//556
f 835//835 556//556 836//836
f 836//836 556//556 545//545
f 836//836 545//545 837//837
f 837//837 545//545 546//546
f 837//837 546//546 838//838
f 838//838 546//546 547//547
f 838//838 547//547 839//839
f 839//839 547//547 548//548
f 839//839 548//548 840//840
f 840//840 548//548 549//549
f 840//840 549//549 841//841
f 841//841 549//549 550//550
f 841//841 550//550 842//842
f 842//842 550//550 551//551
f 842//842 551//551 843//843
f 843//843 551//551 552//552
f 843//843 552//552 832//832
f 832//832 552//552 553//553
f 844//844 565//565 845//845
f 845//845 565//565 566//566
f 845//845 566//566 846//846
f 846//846 566//566 567//567
f 846//846 567//567 847//847
f 847//847 567//567 568//568
f 847//847 568//568 848//848
f 848//848 568//568 557//557
f 848//848 557//557 849//849
f 849//849 557//557 558//558
f 849//849 558//558 850//850
f 850//850 558//558 559//559
f 850//850 559//559 851//851
f 851//851 559//559 560//560
f 851//851 560//560 852//852
f 852//852 560//560 561//561
f 852//852 561//561 853//853
f 853//853 561//561 562//562
f 853//853 562//562 854//854
f 854//854 562//562 563//563
f 854//854 563//563 855//855
f 855//855 563//563 564//564
f 855//855 564//564 844//844
f 844//844 564//564 565//565
f 856//856 577//577 857//857
f 857//857 577//577 578//578
f 857//857 578//578 858//858
f 858//858 578//578 579//579
f 858//858 579//579 859//859
f 859//859 579//579 580//580
f 859//859 580//580 860//860
f 860//860 580//580 569//569
f 860//860 569//569 861//861
f 861//861 569//569 570//570
f 861//861 570//570 862//862
f 862//862 570//570 571//571
f 862//862 571//571 863//863
f 863//863 571//571 572//572
f 863//863 572//572 864//864
f 864//864 572//572 573//573
f 864//864 573//573 865//865
f 865//865 573//573 574//574
f 865//865 574//574 866//866
f 866//866 574//574 575//575
f 866//866 575//575 867//867
f 867//867 575//575 576//576
f 867//867 576//576 856//856
f 856//856 576//576 577//577
f 863//863 581//581 862//862
f 862//862 581//581 582//582
f 862//862 582//582 861//861
f 754//754 850//850 680//680
f 680//680 850//850 851//851
f 849//849 850//850 865//865
f 865//865 850//850 754//754
f 865//865 754//754 864//864
f 864//864 754//754 863//863
f 606//606 604//604 833//833
f 833//833 604//604 603//603
f 833//833 603//603 832//832
f 851//851 852//852 680//680
f 680//680 852//852 853//853
f 680//680 853//853 838//838
f 866//866 847//847 865//865
f 865//865 847//847 848//848
f 865//865 848//848 849//849
f 838//838 839//839 680//680
f 680//680 839//839 840//840
f 680//680 840//840 652//652
f 677//677 665//665 653//653
f 624//624 843//843 590//590
f 590//590 843//843 832//832
f 590//590 832//832 591//591
f 591//591 832//832 603//603
f 834//834 610//610 833//833
f 833//833 610//610 608//608
f 833//833 608//608 606//606
f 703//703 610//610 858//858
f 858//858 859//859 703//703
f 703//703 859//859 860//860
f 703//703 860//860 752//752
f 752//752 860//860 861//861
f 752//752 861//861 753//753
f 753//753 861//861 817//817
f 754//754 755//755 863//863
f 863//863 755//755 756//756
f 863//863 756//756 758//758
f 624//624 677//677 843//843
f 843//843 677//677 653//653
f 843//843 653//653 842//842
f 842//842 653//653 652//652
f 842//842 652//652 841//841
f 841//841 652//652 840//840
f 758//758 763//763 863//863
f 863//863 763//763 762//762
f 863//863 762//762 581//581
f 581//581 762//762 760//760
f 581//581 760//760 759//759
f 586//586 584//584 588//588
f 588//588 584//584 583//583
f 588//588 583//583 800//800
f 800//800 583//583 581//581
f 800//800 581//581 765//765
f 765//765 581//581 759//759
f 845//845 846//846 837//837
f 837//837 846//846 847//847
f 837//837 847//847 836//836
f 836//836 847//847 610//610
f 836//836 610//610 835//835
f 835//835 610//610 834//834
f 866//866 867//867 847//847
f 847//847 867//867 856//856
f 847//847 856//856 610//610
f 610//610 856//856 857//857
f 610//610 857//857 858//858
f 853//853 854//854 838//838
f 838//838 854//854 855//855
f 838//838 855//855 837//837
f 837//837 855//855 844//844
f 837//837 844//844 845//845
f 817//817 861//861 816//816
f 816//816 861//861 582//582
f 816//816 582//582 544//544
f 544//544 582//582 542//542
f 544//544 542//542 543//543
f 868//868 869//869 870//870
f 871//871 872//872 873//873
f 873//873 872//872 874//874
f 873//873 874//874 870//870
f 870//870 874//874 875//875
f 870//870 875//875 868//868
f 876//876 877//877 878//878
f 878//878 877//877 879//879
f 878//878 879//879 871//871
f 871//871 879//879 880//880
f 871//871 880//880 872//872
f 881//881 882//882 883//883
f 884//884 885//885 886//886
f 884//884 886//886 883//883
f 883//883 886//886 887//887
f 883//883 887//887 881//881
f 888//888 889//889 882//882
f 882//882 889//889 890//890
f 891//891 885//885 892//892
f 892//892 885//885 884//884
f 892//892 884//884 890//890
f 890//890 884//884 883//883
f 890//890 883//883 882//882
f 893//893 894//894 888//888
f 882//882 895//895 888//888
f 888//888 895//895 896//896
f 888//888 896//896 893//893
f 893//893 896//896 897//897
f 893//893 897//897 898//898
f 895//895 899//899 900//900
f 900//900 901//901 895//895
f 895//895 901//901 902//902
f 895//895 902//902 896//896
f 896//896 902//902 903//903
f 896//896 903//903 897//897
f 887//887 886//886 904//904
f 882//882 881//881 895//895
f 895//895 881//881 887//887
f 895//895 887//887 899//899
f 899//899 887//887 904//904
f 899//899 904//904 900//900
f 900//900 904//904 905//905
f 906//906 898//898 907//907
f 907//907 898//898 897//897
f 907//907 897//897 908//908
f 908//908 897//897 903//903
f 908//908 903//903 909//909
f 909//909 903//903 902//902
f 909//909 902//902 910//910
f 910//910 902//902 901//901
f 910//910 901//901 911//911
f 911//911 901//901 900//900
f 911//911 900//900 912//912
f 912//912 900//900 905//905
f 908//908 909//909 913//913
f 910//910 911//911 914//914
f 915//915 916//916 917//917
f 917//917 916//916 918//918
f 917//917 918//918 919//919
f 915//915 917//917 920//920
f 920//920 917//917 921//921
f 920//920 921//921 922//922
f 922//922 921//921 914//914
f 922//922 914//914 923//923
f 923//923 914//914 911//911
f 923//923 911//911 912//912
f 924//924 906//906 907//907
f 907//907 925//925 924//924
f 924//924 925//925 926//926
f 924//924 926//926 927//927
f 927//927 926//926 928//928
f 927//927 928//928 929//929
f 929//929 928//928 930//930
f 929//929 930//930 931//931
f 907//907 908//908 925//925
f 925//925 908//908 913//913
f 925//925 913//913 926//926
f 926//926 913//913 932//932
f 926//926 932//932 928//928
f 928//928 932//932 933//933
f 928//928 933//933 930//930
f 930//930 933//933 934//934
f 909//909 910//910 913//913
f 913//913 910//910 914//914
f 913//913 914//914 932//932
f 932//932 914//914 921//921
f 932//932 921//921 933//933
f 933//933 921//921 917//917
f 933//933 917//917 934//934
f 934//934 917//917 919//919
f 877//877 876//876 935//935
f 877//877 935//935 879//879
f 935//935 936//936 879//879
f 879//879 936//936 937//937
f 879//879 937//937 880//880
f 880//880 937//937 938//938
f 880//880 938//938 872//872
f 872//872 938//938 939//939
f 872//872 939//939 874//874
f 940//940 941//941 942//942
f 943//943 944//944 945//945
f 945//945 944//944 946//946
f 944//944 947//947 946//946
f 946//946 947//947 948//948
f 946//946 948//948 949//949
f 949//949 948//948 950//950
f 949//949 950//950 951//951
f 943//943 945//945 942//942
f 942//942 945//945 952//952
f 942//942 952//952 940//940
f 943//943 931//931 930//930
f 943//943 930//930 944//944
f 944//944 930//930 934//934
f 944//944 934//934 947//947
f 947//947 934//934 919//919
f 947//947 919//919 948//948
f 918//918 951//951 919//919
f 919//919 951//951 950//950
f 919//919 950//950 948//948
f 953//953 954//954 955//955
f 955//955 954//954 956//956
f 955//955 956//956 957//957
f 953//953 955//955 958//958
f 958//958 955//955 959//959
f 958//958 959//959 960//960
f 960//960 959//959 961//961
f 960//960 961//961 962//962
f 962//962 961//961 936//936
f 962//962 936//936 935//935
f 963//963 939//939 938//938
f 938//938 964//964 963//963
f 963//963 964//964 965//965
f 963//963 965//965 966//966
f 966//966 965//965 967//967
f 966//966 967//967 968//968
f 968//968 967//967 969//969
f 968//968 969//969 970//970
f 938//938 937//937 964//964
f 964//964 937//937 971//971
f 964//964 971//971 965//965
f 965//965 971//971 972//972
f 965//965 972//972 967//967
f 967//967 972//972 973//973
f 967//967 973//973 969//969
f 969//969 973//973 974//974
f 937//937 936//936 971//971
f 971//971 936//936 961//961
f 971//971 961//961 972//972
f 972//972 961//961 959//959
f 972//972 959//959 973//973
f 973//973 959//959 955//955
f 973//973 955//955 974//974
f 974//974 955//955 957//957
f 975//975 976//976 977//977
f 977//977 976//976 978//978
f 977//977 978//978 979//979
f 979//979 978//978 980//980
f 981//981 982//982 983//983
f 983//983 982//982 941//941
f 941//941 982//982 984//984
f 941//941 984//984 942//942
f 942//942 984//984 985//985
f 942//942 985//985 943//943
f 943//943 985//985 931//931
f 931//931 985//985 986//986
f 931//931 986//986 929//929
f 929//929 986//986 987//987
f 929//929 987//987 927//927
f 927//927 987//987 988//988
f 927//927 988//988 924//924
f 983//983 989//989 981//981
f 981//981 989//989 990//990
f 981//981 990//990 991//991
f 991//991 990//990 992//992
f 991//991 992//992 993//993
f 993//993 992//992 994//994
f 993//993 994//994 995//995
f 995//995 994//994 894//894
f 995//995 894//894 996//996
f 996//996 894//894 893//893
f 996//996 893//893 997//997
f 997//997 893//893 898//898
f 997//997 898//898 988//988
f 988//988 898//898 906//906
f 988//988 906//906 924//924
f 998//998 999//999 1000//1000
f 1000//1000 999//999 1001//1001
f 1000//1000 1001//1001 1002//1002
f 1002//1002 1001//1001 868//868
f 1002//1002 868//868 1003//1003
f 1004//1004 966//966 1005//1005
f 1005//1005 966//966 968//968
f 1005//1005 968//968 1006//1006
f 1006//1006 968//968 970//970
f 1006//1006 970//970 1007//1007
f 868//868 875//875 1003//1003
f 1003//1003 875//875 874//874
f 1003//1003 874//874 1008//1008
f 1008//1008 874//874 939//939
f 1008//1008 939//939 1004//1004
f 1004//1004 939//939 963//963
f 1004//1004 963//963 966//966
f 970//970 1009//1009 1007//1007
f 1007//1007 1009//1009 1010//1010
f 1007//1007 1010//1010 1011//1011
f 1011//1011 1010//1010 1012//1012
f 1011//1011 1012//1012 1013//1013
f 1013//1013 1012//1012 1014//1014
f 1013//1013 1014//1014 1015//1015
f 1015//1015 1014//1014 1016//1016
f 1015//1015 1016//1016 998//998
f 998//998 1016//1016 1017//1017
f 998//998 1017//1017 999//999
f 1014//1014 1012//1012 1018//1018
f 1014//1014 1019//1019 1020//1020
f 1018//1018 1021//1021 1014//1014
f 1014//1014 1021//1021 1022//1022
f 1014//1014 1022//1022 1019//1019
f 1020//1020 1023//1023 1014//1014
f 1014//1014 1023//1023 1024//1024
f 1014//1014 1024//1024 1025//1025
f 1026//1026 1001//1001 1027//1027
f 1027//1027 1001//1001 999//999
f 1027//1027 999//999 1028//1028
f 1028//1028 999//999 1029//1029
f 1029//1029 999//999 1017//1017
f 1029//1029 1017//1017 1030//1030
f 1030//1030 1017//1017 1016//1016
f 1030//1030 1016//1016 1031//1031
f 1031//1031 1016//1016 1032//1032
f 1032//1032 1016//1016 1014//1014
f 1032//1032 1014//1014 1025//1025
f 1026//1026 1033//1033 1001//1001
f 1001//1001 1033//1033 1034//1034
f 1034//1034 1035//1035 1001//1001
f 1001//1001 1035//1035 869//869
f 1001//1001 869//869 868//868
f 1036//1036 1037//1037 952//952
f 952//952 1037//1037 940//940
f 1038//1038 1039//1039 1040//1040
f 1040//1040 1039//1039 1041//1041
f 1042//1042 1038//1038 1043//1043
f 1043//1043 1038//1038 1040//1040
f 1043//1043 1040//1040 1044//1044
f 1044//1044 1040//1040 1041//1041
f 1044//1044 1041//1041 1045//1045
f 945//945 946//946 1046//1046
f 1046//1046 946//946 1047//1047
f 1046//1046 1047//1047 1048//1048
f 952//952 945//945 1036//1036
f 1036//1036 945//945 1046//1046
f 1036//1036 1046//1046 1049//1049
f 1049//1049 1046//1046 1048//1048
f 1049//1049 1048//1048 1050//1050
f 1051//1051 1042//1042 1050//1050
f 1050//1050 1042//1042 1043//1043
f 1050//1050 1043//1043 1049//1049
f 1049//1049 1043//1043 1044//1044
f 1049//1049 1044//1044 1036//1036
f 1036//1036 1044//1044 1045//1045
f 1036//1036 1045//1045 1037//1037
f 1052//1052 1051//1051 1053//1053
f 1053//1053 1051//1051 1050//1050
f 1053//1053 1050//1050 1054//1054
f 1054//1054 1050//1050 1048//1048
f 1054//1054 1048//1048 1055//1055
f 1055//1055 1048//1048 1047//1047
f 1055//1055 1047//1047 949//949
f 949//949 1047//1047 946//946
f 1056//1056 1057//1057 1058//1058
f 1059//1059 1060//1060 1061//1061
f 1059//1059 1061//1061 1062//1062
f 1062//1062 1061//1061 1063//1063
f 1062//1062 1063//1063 1064//1064
f 1064//1064 1063//1063 1065//1065
f 1064//1064 1065//1065 1066//1066
f 1034//1034 1066//1066 1035//1035
f 1035//1035 1066//1066 1065//1065
f 1035//1035 1065//1065 1067//1067
f 1067//1067 1065//1065 1063//1063
f 1067//1067 1063//1063 1068//1068
f 1068//1068 1063//1063 1061//1061
f 1068//1068 1061//1061 1058//1058
f 1058//1058 1061//1061 1060//1060
f 1058//1058 1060//1060 1056//1056
f 1057//1057 878//878 871//871
f 1057//1057 871//871 1058//1058
f 1058//1058 871//871 873//873
f 1058//1058 873//873 1068//1068
f 1068//1068 873//873 870//870
f 1068//1068 870//870 1067//1067
f 1067//1067 870//870 869//869
f 1067//1067 869//869 1035//1035
f 1069//1069 1070//1070 983//983
f 983//983 941//941 1069//1069
f 1069//1069 941//941 940//940
f 1069//1069 940//940 1039//1039
f 1039//1039 940//940 1037//1037
f 1039//1039 1037//1037 1041//1041
f 1041//1041 1037//1037 1045//1045
f 1071//1071 994//994 1072//1072
f 1072//1072 994//994 992//992
f 990//990 1073//1073 992//992
f 992//992 1073//1073 1074//1074
f 992//992 1074//1074 1072//1072
f 1075//1075 1076//1076 990//990
f 990//990 1076//1076 1077//1077
f 990//990 1077//1077 1073//1073
f 990//990 989//989 1075//1075
f 1075//1075 989//989 983//983
f 1075//1075 983//983 1070//1070
f 994//994 1071//1071 1078//1078
f 1078//1078 1079//1079 994//994
f 994//994 1079//1079 1080//1080
f 994//994 1080//1080 1081//1081
f 1081//1081 1082//1082 994//994
f 994//994 1082//1082 889//889
f 994//994 889//889 894//894
f 894//894 889//889 888//888
f 1080//1080 1079//1079 1083//1083
f 1084//1084 1085//1085 1086//1086
f 1086//1086 1085//1085 1087//1087
f 1084//1084 1086//1086 1088//1088
f 1084//1084 1088//1088 1089//1089
f 1083//1083 1090//1090 1087//1087
f 1087//1087 1090//1090 1091//1091
f 1087//1087 1091//1091 1086//1086
f 1086//1086 1091//1091 1092//1092
f 1086//1086 1092//1092 1088//1088
f 1085//1085 1093//1093 1087//1087
f 1087//1087 1093//1093 1094//1094
f 1087//1087 1094//1094 1083//1083
f 1083//1083 1094//1094 1081//1081
f 1083//1083 1081//1081 1080//1080
f 1095//1095 1096//1096 1097//1097
f 1084//1084 1089//1089 1095//1095
f 1095//1095 1089//1089 1098//1098
f 1095//1095 1098//1098 1096//1096
f 1096//1096 1098//1098 1099//1099
f 1082//1082 1081//1081 1100//1100
f 1100//1100 1081//1081 1094//1094
f 1100//1100 1094//1094 1097//1097
f 1097//1097 1094//1094 1093//1093
f 1097//1097 1093//1093 1095//1095
f 1095//1095 1093//1093 1085//1085
f 1095//1095 1085//1085 1084//1084
f 1099//1099 891//891 1096//1096
f 1096//1096 891//891 892//892
f 1096//1096 892//892 1097//1097
f 1097//1097 892//892 890//890
f 1097//1097 890//890 1100//1100
f 1100//1100 890//890 889//889
f 1100//1100 889//889 1082//1082
f 1021//1021 1018//1018 1101//1101
f 1022//1022 1021//1021 1102//1102
f 1022//1022 1102//1102 1103//1103
f 1103//1103 1102//1102 1104//1104
f 1103//1103 1104//1104 1105//1105
f 1021//1021 1101//1101 1102//1102
f 1102//1102 1101//1101 1106//1106
f 1102//1102 1106//1106 1104//1104
f 1104//1104 1106//1106 1107//1107
f 1104//1104 1107//1107 1108//1108
f 1108//1108 1107//1107 1109//1109
f 1109//1109 1107//1107 1110//1110
f 1109//1109 1110//1110 1111//1111
f 1105//1105 1104//1104 1112//1112
f 1112//1112 1104//1104 1108//1108
f 1112//1112 1108//1108 1113//1113
f 1113//1113 1108//1108 1109//1109
f 1113//1113 1109//1109 1114//1114
f 1114//1114 1109//1109 1111//1111
f 1114//1114 1111//1111 1115//1115
f 1116//1116 1117//1117 1110//1110
f 1110//1110 1117//1117 1118//1118
f 1110//1110 1118//1118 1119//1119
f 1110//1110 1107//1107 1116//1116
f 1116//1116 1107//1107 1106//1106
f 1116//1116 1106//1106 1120//1120
f 1120//1120 1106//1106 1009//1009
f 1009//1009 1106//1106 1101//1101
f 1009//1009 1101//1101 1010//1010
f 1010//1010 1101//1101 1018//1018
f 1010//1010 1018//1018 1012//1012
f 1009//1009 970//970 969//969
f 1009//1009 969//969 1120//1120
f 1120//1120 969//969 974//974
f 1120//1120 974//974 1116//1116
f 1116//1116 974//974 957//957
f 1116//1116 957//957 1117//1117
f 956//956 1119//1119 957//957
f 957//957 1119//1119 1118//1118
f 957//957 1118//1118 1117//1117
f 1121//1121 1122//1122 1123//1123
f 891//891 1121//1121 885//885
f 885//885 1121//1121 1123//1123
f 885//885 1123//1123 886//886
f 886//886 1123//1123 1124//1124
f 1125//1125 905//905 1126//1126
f 1126//1126 905//905 904//904
f 1126//1126 904//904 1124//1124
f 1124//1124 904//904 886//886
f 912//912 905//905 1127//1127
f 1127//1127 905//905 1125//1125
f 918//918 916//916 1128//1128
f 1128//1128 916//916 1129//1129
f 916//916 915//915 1129//1129
f 1129//1129 915//915 920//920
f 1129//1129 920//920 1130//1130
f 912//912 1127//1127 923//923
f 923//923 1127//1127 1130//1130
f 923//923 1130//1130 922//922
f 922//922 1130//1130 920//920
f 1131//1131 935//935 876//876
f 1131//1131 876//876 1128//1128
f 1128//1128 876//876 951//951
f 1128//1128 951//951 918//918
f 876//876 878//878 1132//1132
f 876//876 1132//1132 951//951
f 951//951 1132//1132 1133//1133
f 951//951 1133//1133 949//949
f 956//956 954//954 1134//1134
f 1134//1134 954//954 1135//1135
f 954//954 953//953 1135//1135
f 1135//1135 953//953 958//958
f 1135//1135 958//958 1136//1136
f 935//935 1131//1131 962//962
f 962//962 1131//1131 1136//1136
f 962//962 1136//1136 960//960
f 960//960 1136//1136 958//958
f 979//979 1137//1137 977//977
f 977//977 1137//1137 1138//1138
f 977//977 1138//1138 975//975
f 975//975 1138//1138 1139//1139
f 975//975 1139//1139 976//976
f 976//976 1139//1139 1140//1140
f 976//976 1140//1140 978//978
f 978//978 1140//1140 1141//1141
f 978//978 1141//1141 980//980
f 980//980 1141//1141 1142//1142
f 980//980 1142//1142 979//979
f 979//979 1142//1142 1137//1137
f 1143//1143 986//986 1144//1144
f 1144//1144 986//986 985//985
f 1144//1144 985//985 1145//1145
f 1145//1145 985//985 984//984
f 1145//1145 984//984 1146//1146
f 1146//1146 984//984 982//982
f 1146//1146 982//982 1147//1147
f 1147//1147 982//982 981//981
f 1147//1147 981//981 1148//1148
f 1148//1148 981//981 991//991
f 1148//1148 991//991 1149//1149
f 1149//1149 991//991 993//993
f 1149//1149 993//993 1150//1150
f 1150//1150 993//993 995//995
f 1150//1150 995//995 1151//1151
f 1151//1151 995//995 996//996
f 1151//1151 996//996 1152//1152
f 1152//1152 996//996 997//997
f 1152//1152 997//997 1153//1153
f 1153//1153 997//997 988//988
f 1153//1153 988//988 1154//1154
f 1154//1154 988//988 987//987
f 1154//1154 987//987 1143//1143
f 1143//1143 987//987 986//986
f 1155//1155 1008//1008 1156//1156
f 1156//1156 1008//1008 1004//1004
f 1156//1156 1004//1004 1157//1157
f 1157//1157 1004//1004 1005//1005
f 1157//1157 1005//1005 1158//1158
f 1158//1158 1005//1005 1006//1006
f 1158//1158 1006//1006 1159//1159
f 1159//1159 1006//1006 1007//1007
f 1159//1159 1007//1007 1160//1160
f 1160//1160 1007//1007 1011//1011
f 1160//1160 1011//1011 1161//1161
f 1161//1161 1011//1011 1013//1013
f 1161//1161 1013//1013 1162//1162
f 1162//1162 1013//1013 1015//1015
f 1162//1162 1015//1015 1163//1163
f 1163//1163 1015//1015 998//998
f 1163//1163 998//998 1164//1164
f 1164//1164 998//998 1000//1000
f 1164//1164 1000//1000 1165//1165
f 1165//1165 1000//1000 1002//1002
f 1165//1165 1002//1002 1166//1166
f 1166//1166 1002//1002 1003//1003
f 1166//1166 1003//1003 1155//1155
f 1155//1155 1003//1003 1008//1008
f 1167//1167 1168//1168 1169//1169
f 1169//1169 1170//1170 1167//1167
f 1167//1167 1170//1170 1123//1123
f 1167//1167 1123//1123 1122//1122
f 1171//1171 1172//1172 1173//1173
f 1174//1174 1175//1175 1176//1176
f 1176//1176 1175//1175 1177//1177
f 1176//1176 1177//1177 1178//1178
f 1178//1178 1177//1177 1179//1179
f 1178//1178 1179//1179 1180//1180
f 1180//1180 1179//1179 1167//1167
f 1180//1180 1167//1167 1122//1122
f 1174//1174 1171//1171 1175//1175
f 1175//1175 1171//1171 1173//1173
f 1175//1175 1173//1173 1177//1177
f 1177//1177 1173//1173 1181//1181
f 1177//1177 1181//1181 1179//1179
f 1179//1179 1181//1181 1168//1168
f 1179//1179 1168//1168 1167//1167
f 1182//1182 1183//1183 1184//1184
f 1185//1185 1186//1186 1187//1187
f 1184//1184 1183//1183 1188//1188
f 1189//1189 1186//1186 1190//1190
f 1190//1190 1186//1186 1185//1185
f 1190//1190 1185//1185 1191//1191
f 1191//1191 1185//1185 1192//1192
f 1193//1193 1194//1194 1195//1195
f 1020//1020 1019//1019 1196//1196
f 1197//1197 1112//1112 1113//1113
f 1195//1195 1192//1192 1193//1193
f 1193//1193 1192//1192 1185//1185
f 1193//1193 1185//1185 1198//1198
f 1198//1198 1185//1185 1187//1187
f 1198//1198 1187//1187 1199//1199
f 1200//1200 1025//1025 1024//1024
f 1201//1201 1199//1199 1200//1200
f 1199//1199 1201//1201 1198//1198
f 1198//1198 1201//1201 1182//1182
f 1198//1198 1182//1182 1193//1193
f 1193//1193 1182//1182 1184//1184
f 1193//1193 1184//1184 1194//1194
f 1114//1114 1115//1115 1188//1188
f 1188//1188 1115//1115 1202//1202
f 1188//1188 1202//1202 1184//1184
f 1184//1184 1202//1202 1203//1203
f 1184//1184 1203//1203 1194//1194
f 1105//1105 1196//1196 1103//1103
f 1103//1103 1196//1196 1019//1019
f 1103//1103 1019//1019 1022//1022
f 1024//1024 1023//1023 1204//1204
f 1204//1204 1023//1023 1020//1020
f 1204//1204 1020//1020 1205//1205
f 1205//1205 1020//1020 1196//1196
f 1205//1205 1196//1196 1197//1197
f 1197//1197 1196//1196 1105//1105
f 1197//1197 1105//1105 1112//1112
f 1200//1200 1024//1024 1201//1201
f 1201//1201 1024//1024 1204//1204
f 1201//1201 1204//1204 1182//1182
f 1182//1182 1204//1204 1205//1205
f 1182//1182 1205//1205 1183//1183
f 1183//1183 1205//1205 1197//1197
f 1183//1183 1197//1197 1188//1188
f 1188//1188 1197//1197 1113//1113
f 1188//1188 1113//1113 1114//1114
f 1206//1206 1207//1207 1208//1208
f 1208//1208 1207//1207 1209//1209
f 1208//1208 1209//1209 1210//1210
f 1211//1211 1212//1212 1207//1207
f 1207//1207 1212//1212 1213//1213
f 1207//1207 1213//1213 1209//1209
f 1214//1214 1215//1215 1216//1216
f 1217//1217 1218//1218 1219//1219
f 1219//1219 1218//1218 1220//1220
f 1219//1219 1220//1220 1221//1221
f 1221//1221 1220//1220 1214//1214
f 1221//1221 1214//1214 1222//1222
f 1222//1222 1214//1214 1216//1216
f 1223//1223 1187//1187 1186//1186
f 1215//1215 1214//1214 1224//1224
f 1224//1224 1214//1214 1223//1223
f 1224//1224 1223//1223 1225//1225
f 1225//1225 1223//1223 1186//1186
f 1225//1225 1186//1186 1189//1189
f 1025//1025 1200//1200 1032//1032
f 1032//1032 1200//1200 1226//1226
f 1032//1032 1226//1226 1031//1031
f 1031//1031 1226//1226 1227//1227
f 1031//1031 1227//1227 1030//1030
f 1199//1199 1187//1187 1228//1228
f 1228//1228 1187//1187 1223//1223
f 1228//1228 1223//1223 1229//1229
f 1229//1229 1223//1223 1214//1214
f 1229//1229 1214//1214 1230//1230
f 1230//1230 1214//1214 1220//1220
f 1230//1230 1220//1220 1231//1231
f 1231//1231 1220//1220 1218//1218
f 1231//1231 1218//1218 1232//1232
f 1227//1227 1233//1233 1030//1030
f 1030//1030 1233//1233 1234//1234
f 1030//1030 1234//1234 1029//1029
f 1029//1029 1234//1234 1235//1235
f 1029//1029 1235//1235 1028//1028
f 1028//1028 1235//1235 1236//1236
f 1028//1028 1236//1236 1027//1027
f 1217//1217 1211//1211 1218//1218
f 1218//1218 1211//1211 1207//1207
f 1218//1218 1207//1207 1232//1232
f 1232//1232 1207//1207 1206//1206
f 1232//1232 1206//1206 1237//1237
f 1237//1237 1206//1206 1238//1238
f 1237//1237 1238//1238 1026//1026
f 1200//1200 1199//1199 1226//1226
f 1226//1226 1199//1199 1228//1228
f 1226//1226 1228//1228 1227//1227
f 1227//1227 1228//1228 1229//1229
f 1227//1227 1229//1229 1233//1233
f 1233//1233 1229//1229 1230//1230
f 1233//1233 1230//1230 1234//1234
f 1234//1234 1230//1230 1231//1231
f 1234//1234 1231//1231 1235//1235
f 1235//1235 1231//1231 1232//1232
f 1235//1235 1232//1232 1236//1236
f 1236//1236 1232//1232 1237//1237
f 1236//1236 1237//1237 1027//1027
f 1027//1027 1237//1237 1026//1026
f 1239//1239 1033//1033 1026//1026
f 1066//1066 1034//1034 1033//1033
f 1026//1026 1238//1238 1239//1239
f 1239//1239 1238//1238 1206//1206
f 1239//1239 1206//1206 1240//1240
f 1240//1240 1206//1206 1208//1208
f 1240//1240 1208//1208 1241//1241
f 1241//1241 1208//1208 1210//1210
f 1241//1241 1210//1210 1242//1242
f 1033//1033 1239//1239 1066//1066
f 1066//1066 1239//1239 1240//1240
f 1066//1066 1240//1240 1064//1064
f 1064//1064 1240//1240 1241//1241
f 1064//1064 1241//1241 1062//1062
f 1062//1062 1241//1241 1242//1242
f 1062//1062 1242//1242 1059//1059
f 1243//1243 1052//1052 1053//1053
f 1244//1244 1056//1056 1060//1060
f 1132//1132 878//878 1057//1057
f 1055//1055 949//949 1245//1245
f 1245//1245 949//949 1133//1133
f 1245//1245 1133//1133 1132//1132
f 1243//1243 1053//1053 1246//1246
f 1246//1246 1053//1053 1247//1247
f 1246//1246 1247//1247 1248//1248
f 1248//1248 1247//1247 1249//1249
f 1249//1249 1247//1247 1250//1250
f 1249//1249 1250//1250 1251//1251
f 1053//1053 1054//1054 1247//1247
f 1247//1247 1054//1054 1252//1252
f 1247//1247 1252//1252 1250//1250
f 1250//1250 1252//1252 1253//1253
f 1250//1250 1253//1253 1251//1251
f 1251//1251 1253//1253 1244//1244
f 1251//1251 1244//1244 1254//1254
f 1254//1254 1244//1244 1060//1060
f 1254//1254 1060//1060 1059//1059
f 1054//1054 1055//1055 1252//1252
f 1252//1252 1055//1055 1245//1245
f 1252//1252 1245//1245 1253//1253
f 1253//1253 1245//1245 1132//1132
f 1253//1253 1132//1132 1244//1244
f 1244//1244 1132//1132 1057//1057
f 1244//1244 1057//1057 1056//1056
f 1069//1069 1039//1039 1038//1038
f 1070//1070 1069//1069 1255//1255
f 1255//1255 1069//1069 1256//1256
f 1255//1255 1256//1256 1257//1257
f 1257//1257 1256//1256 1258//1258
f 1257//1257 1258//1258 1259//1259
f 1069//1069 1038//1038 1256//1256
f 1256//1256 1038//1038 1042//1042
f 1256//1256 1042//1042 1258//1258
f 1258//1258 1042//1042 1051//1051
f 1258//1258 1051//1051 1260//1260
f 1260//1260 1051//1051 1261//1261
f 1261//1261 1051//1051 1052//1052
f 1261//1261 1052//1052 1262//1262
f 1259//1259 1258//1258 1263//1263
f 1263//1263 1258//1258 1260//1260
f 1263//1263 1260//1260 1264//1264
f 1264//1264 1260//1260 1261//1261
f 1264//1264 1261//1261 1265//1265
f 1265//1265 1261//1261 1262//1262
f 1265//1265 1262//1262 1266//1266
f 1076//1076 1075//1075 1267//1267
f 1268//1268 1269//1269 1270//1270
f 1270//1270 1269//1269 1271//1271
f 1270//1270 1271//1271 1272//1272
f 1273//1273 1274//1274 1275//1275
f 1275//1275 1274//1274 1276//1276
f 1277//1277 1278//1278 1267//1267
f 1267//1267 1278//1278 1279//1279
f 1267//1267 1279//1279 1076//1076
f 1076//1076 1279//1279 1077//1077
f 1280//1280 1281//1281 1275//1275
f 1275//1275 1281//1281 1282//1282
f 1275//1275 1282//1282 1273//1273
f 1273//1273 1282//1282 1283//1283
f 1281//1281 1263//1263 1282//1282
f 1282//1282 1263//1263 1264//1264
f 1282//1282 1264//1264 1283//1283
f 1283//1283 1264//1264 1265//1265
f 1283//1283 1265//1265 1266//1266
f 1277//1277 1281//1281 1278//1278
f 1278//1278 1281//1281 1280//1280
f 1278//1278 1280//1280 1284//1284
f 1284//1284 1280//1280 1275//1275
f 1284//1284 1275//1275 1270//1270
f 1270//1270 1275//1275 1276//1276
f 1270//1270 1276//1276 1268//1268
f 1072//1072 1074//1074 1285//1285
f 1285//1285 1074//1074 1073//1073
f 1071//1071 1072//1072 1286//1286
f 1286//1286 1072//1072 1285//1285
f 1286//1286 1285//1285 1287//1287
f 1075//1075 1070//1070 1267//1267
f 1267//1267 1070//1070 1255//1255
f 1267//1267 1255//1255 1277//1277
f 1277//1277 1255//1255 1257//1257
f 1277//1277 1257//1257 1281//1281
f 1281//1281 1257//1257 1259//1259
f 1281//1281 1259//1259 1263//1263
f 1077//1077 1279//1279 1073//1073
f 1073//1073 1279//1279 1278//1278
f 1073//1073 1278//1278 1285//1285
f 1285//1285 1278//1278 1284//1284
f 1285//1285 1284//1284 1287//1287
f 1287//1287 1284//1284 1270//1270
f 1287//1287 1270//1270 1288//1288
f 1288//1288 1270//1270 1272//1272
f 1288//1288 1272//1272 1289//1289
f 1290//1290 1291//1291 1292//1292
f 1288//1288 1289//1289 1293//1293
f 1078//1078 1071//1071 1286//1286
f 1079//1079 1078//1078 1294//1294
f 1078//1078 1286//1286 1294//1294
f 1294//1294 1286//1286 1287//1287
f 1294//1294 1287//1287 1295//1295
f 1295//1295 1287//1287 1288//1288
f 1295//1295 1288//1288 1292//1292
f 1292//1292 1288//1288 1293//1293
f 1292//1292 1293//1293 1290//1290
f 1079//1079 1294//1294 1083//1083
f 1083//1083 1294//1294 1295//1295
f 1083//1083 1295//1295 1090//1090
f 1090//1090 1295//1295 1292//1292
f 1090//1090 1292//1292 1091//1091
f 1091//1091 1292//1292 1291//1291
f 1091//1091 1291//1291 1092//1092
f 1092//1092 1296//1296 1088//1088
f 1088//1088 1296//1296 1297//1297
f 1088//1088 1297//1297 1089//1089
f 1296//1296 1298//1298 1299//1299
f 1300//1300 1301//1301 1099//1099
f 891//891 1099//1099 1121//1121
f 1121//1121 1099//1099 1301//1301
f 1121//1121 1301//1301 1122//1122
f 1099//1099 1098//1098 1300//1300
f 1300//1300 1098//1098 1089//1089
f 1300//1300 1089//1089 1299//1299
f 1299//1299 1089//1089 1297//1297
f 1299//1299 1297//1297 1296//1296
f 1122//1122 1301//1301 1180//1180
f 1180//1180 1301//1301 1300//1300
f 1180//1180 1300//1300 1178//1178
f 1178//1178 1300//1300 1299//1299
f 1178//1178 1299//1299 1176//1176
f 1176//1176 1299//1299 1298//1298
f 1176//1176 1298//1298 1174//1174
f 543//543 544//544 1302//1302
f 1302//1302 1303//1303 1111//1111
f 1111//1111 1303//1303 1304//1304
f 1111//1111 1304//1304 1115//1115
f 1302//1302 1111//1111 543//543
f 543//543 1111//1111 1110//1110
f 543//543 1110//1110 542//542
f 1305//1305 1306//1306 1307//1307
f 1307//1307 1306//1306 1308//1308
f 1307//1307 1308//1308 1309//1309
f 1310//1310 1311//1311 1307//1307
f 1307//1307 1311//1311 1312//1312
f 1307//1307 1312//1312 1305//1305
f 1313//1313 1314//1314 1307//1307
f 1307//1307 1314//1314 1315//1315
f 1307//1307 1315//1315 1310//1310
f 1309//1309 1316//1316 1307//1307
f 1307//1307 1316//1316 1317//1317
f 1307//1307 1317//1317 1313//1313
f 1318//1318 1319//1319 1320//1320
f 1320//1320 1319//1319 1321//1321
f 1320//1320 1321//1321 1322//1322
f 1323//1323 1324//1324 1320//1320
f 1320//1320 1324//1324 1325//1325
f 1320//1320 1325//1325 1318//1318
f 1326//1326 1327//1327 1320//1320
f 1320//1320 1327//1327 1328//1328
f 1320//1320 1328//1328 1323//1323
f 1322//1322 1329//1329 1320//1320
f 1320//1320 1329//1329 1330//1330
f 1320//1320 1330//1330 1326//1326
f 1331//1331 1332//1332 1333//1333
f 1333//1333 1332//1332 1334//1334
f 1333//1333 1334//1334 1335//1335
f 1336//1336 1337//1337 1333//1333
f 1333//1333 1337//1337 1338//1338
f 1333//1333 1338//1338 1331//1331
f 1339//1339 1340//1340 1333//1333
f 1333//1333 1340//1340 1341//1341
f 1333//1333 1341//1341 1336//1336
f 1335//1335 1342//1342 1333//1333
f 1333//1333 1342//1342 1343//1343
f 1333//1333 1343//1343 1339//1339
f 956//956 1134//1134 1119//1119
f 1119//1119 1134//1134 582//582
f 1119//1119 582//582 1110//1110
f 1110//1110 582//582 542//542
f 1139//1139 1138//1138 1137//1137
f 1160//1160 1161//1161 582//582
f 1142//1142 1141//1141 1147//1147
f 1147//1147 1148//1148 1142//1142
f 1142//1142 1148//1148 581//581
f 1142//1142 581//581 1137//1137
f 1137//1137 581//581 582//582
f 1137//1137 582//582 1139//1139
f 1148//1148 1149//1149 581//581
f 581//581 1149//1149 1150//1150
f 581//581 1150//1150 1169//1169
f 1131//1131 1144//1144 1145//1145
f 1164//1164 1165//1165 1140//1140
f 1153//1153 1127//1127 1152//1152
f 1152//1152 1127//1127 1125//1125
f 1152//1152 1125//1125 1151//1151
f 1144//1144 1131//1131 1143//1143
f 1143//1143 1131//1131 1128//1128
f 1143//1143 1128//1128 1154//1154
f 1154//1154 1128//1128 1129//1129
f 1154//1154 1129//1129 1153//1153
f 1153//1153 1129//1129 1130//1130
f 1153//1153 1130//1130 1127//1127
f 582//582 1161//1161 1139//1139
f 1139//1139 1161//1161 1162//1162
f 1139//1139 1162//1162 1140//1140
f 1140//1140 1162//1162 1163//1163
f 1140//1140 1163//1163 1164//1164
f 1170//1170 1169//1169 1123//1123
f 1123//1123 1169//1169 1150//1150
f 1123//1123 1150//1150 1124//1124
f 1124//1124 1150//1150 1151//1151
f 1124//1124 1151//1151 1126//1126
f 1126//1126 1151//1151 1125//1125
f 1165//1165 1131//1131 1140//1140
f 1140//1140 1131//1131 1145//1145
f 1140//1140 1145//1145 1141//1141
f 1141//1141 1145//1145 1146//1146
f 1141//1141 1146//1146 1147//1147
f 1165//1165 1166//1166 1131//1131
f 1131//1131 1166//1166 1155//1155
f 1131//1131 1155//1155 1136//1136
f 1136//1136 1155//1155 1156//1156
f 1136//1136 1156//1156 1135//1135
f 1135//1135 1156//1156 1157//1157
f 1135//1135 1157//1157 1134//1134
f 1134//1134 1157//1157 1158//1158
f 1134//1134 1158//1158 582//582
f 582//582 1158//1158 1159//1159
f 582//582 1159//1159 1160//1160
f 1169//1169 1168//1168 581//581
f 581//581 1168//1168 1344//1344
f 581//581 1344//1344 583//583
f 583//583 1344//1344 1345//1345
f 583//583 1345//1345 584//584
f 584//584 1345//1345 1346//1346
f 584//584 1346//1346 586//586
f 586//586 1346//1346 1347//1347
f 586//586 1347//1347 588//588
f 1344//1344 1168//1168 1181//1181
f 1344//1344 1181//1181 1345//1345
f 1345//1345 1181//1181 1173//1173
f 1345//1345 1173//1173 1346//1346
f 1346//1346 1173//1173 1172//1172
f 1346//1346 1172//1172 1347//1347
f 1348//1348 1246//1246 1248//1248
f 1202//1202 1115//1115 1304//1304
f 1349//1349 1304//1304 1303//1303
f 1350//1350 1351//1351 1352//1352
f 1352//1352 1351//1351 1353//1353
f 1354//1354 1355//1355 1356//1356
f 1357//1357 1358//1358 765//765
f 1357//1357 588//588 1358//1358
f 1358//1358 588//588 1347//1347
f 1358//1358 1347//1347 1359//1359
f 1360//1360 1361//1361 1362//1362
f 1362//1362 1361//1361 1363//1363
f 1362//1362 1363//1363 1364//1364
f 1365//1365 1366//1366 1356//1356
f 1356//1356 1366//1366 1367//1367
f 1356//1356 1367//1367 1368//1368
f 1368//1368 1369//1369 1356//1356
f 1356//1356 1369//1369 1370//1370
f 1356//1356 1370//1370 1354//1354
f 1371//1371 1372//1372 1373//1373
f 1374//1374 1375//1375 1350//1350
f 1350//1350 1375//1375 1376//1376
f 1350//1350 1376//1376 1351//1351
f 1377//1377 1378//1378 1379//1379
f 1379//1379 1378//1378 1380//1380
f 1379//1379 1380//1380 1374//1374
f 1374//1374 1380//1380 1381//1381
f 1374//1374 1381//1381 1375//1375
f 1382//1382 1383//1383 1384//1384
f 1384//1384 1383//1383 1385//1385
f 1385//1385 1383//1383 1386//1386
f 1386//1386 1383//1383 1387//1387
f 1386//1386 1387//1387 1388//1388
f 1389//1389 1390//1390 1391//1391
f 1391//1391 1390//1390 1387//1387
f 1387//1387 1390//1390 1392//1392
f 1387//1387 1392//1392 1388//1388
f 1393//1393 1394//1394 1395//1395
f 1394//1394 1393//1393 1396//1396
f 1396//1396 1393//1393 1397//1397
f 1397//1397 1393//1393 1398//1398
f 1397//1397 1398//1398 1399//1399
f 1400//1400 1401//1401 1402//1402
f 1402//1402 1401//1401 1403//1403
f 1402//1402 1403//1403 1404//1404
f 1404//1404 1403//1403 1405//1405
f 1404//1404 1405//1405 1399//1399
f 1399//1399 1405//1405 1406//1406
f 1399//1399 1406//1406 1397//1397
f 1202//1202 1304//1304 1203//1203
f 1203//1203 1304//1304 1349//1349
f 1203//1203 1349//1349 1194//1194
f 1194//1194 1349//1349 1407//1407
f 1194//1194 1407//1407 1195//1195
f 1398//1398 1191//1191 1192//1192
f 1224//1224 1393//1393 1391//1391
f 1391//1391 1393//1393 1395//1395
f 1391//1391 1395//1395 1389//1389
f 1224//1224 1225//1225 1393//1393
f 1393//1393 1225//1225 1189//1189
f 1393//1393 1189//1189 1398//1398
f 1398//1398 1189//1189 1190//1190
f 1398//1398 1190//1190 1191//1191
f 1221//1221 1222//1222 1387//1387
f 1387//1387 1222//1222 1216//1216
f 1387//1387 1216//1216 1391//1391
f 1391//1391 1216//1216 1215//1215
f 1391//1391 1215//1215 1224//1224
f 1382//1382 1059//1059 1383//1383
f 1383//1383 1059//1059 1242//1242
f 1383//1383 1242//1242 1210//1210
f 1210//1210 1209//1209 1383//1383
f 1383//1383 1209//1209 1213//1213
f 1383//1383 1213//1213 1212//1212
f 1212//1212 1211//1211 1383//1383
f 1383//1383 1211//1211 1217//1217
f 1383//1383 1217//1217 1387//1387
f 1387//1387 1217//1217 1219//1219
f 1387//1387 1219//1219 1221//1221
f 1348//1348 1266//1266 1262//1262
f 1246//1246 1348//1348 1243//1243
f 1243//1243 1348//1348 1262//1262
f 1243//1243 1262//1262 1052//1052
f 1276//1276 1274//1274 1408//1408
f 1408//1408 1274//1274 1273//1273
f 1408//1408 1273//1273 1348//1348
f 1348//1348 1273//1273 1283//1283
f 1348//1348 1283//1283 1266//1266
f 1269//1269 1268//1268 1372//1372
f 1372//1372 1268//1268 1276//1276
f 1372//1372 1276//1276 1409//1409
f 1410//1410 1289//1289 1371//1371
f 1371//1371 1289//1289 1272//1272
f 1371//1371 1272//1272 1372//1372
f 1372//1372 1272//1272 1271//1271
f 1372//1372 1271//1271 1269//1269
f 1291//1291 1290//1290 1410//1410
f 1410//1410 1290//1290 1293//1293
f 1410//1410 1293//1293 1289//1289
f 1373//1373 1411//1411 1371//1371
f 1371//1371 1411//1411 1365//1365
f 1371//1371 1365//1365 1410//1410
f 1410//1410 1365//1365 1356//1356
f 1410//1410 1356//1356 1291//1291
f 1291//1291 1356//1356 1355//1355
f 1291//1291 1355//1355 1092//1092
f 1296//1296 1412//1412 1298//1298
f 1298//1298 1412//1412 1174//1174
f 1360//1360 1362//1362 1354//1354
f 1354//1354 1362//1362 1412//1412
f 1354//1354 1412//1412 1355//1355
f 1355//1355 1412//1412 1296//1296
f 1355//1355 1296//1296 1092//1092
f 1171//1171 1174//1174 1172//1172
f 1172//1172 1174//1174 1412//1412
f 1172//1172 1412//1412 1347//1347
f 1347//1347 1412//1412 1362//1362
f 1347//1347 1362//1362 1359//1359
f 1359//1359 1362//1362 1364//1364
f 1359//1359 1364//1364 1358//1358
f 1358//1358 1364//1364 1413//1413
f 1358//1358 1413//1413 765//765
f 1414//1414 1400//1400 1415//1415
f 1415//1415 1400//1400 1402//1402
f 1415//1415 1402//1402 1416//1416
f 1416//1416 1402//1402 1404//1404
f 1416//1416 1404//1404 1417//1417
f 1417//1417 1404//1404 1399//1399
f 1417//1417 1399//1399 1418//1418
f 1418//1418 1399//1399 1398//1398
f 1384//1384 1377//1377 1382//1382
f 1382//1382 1377//1377 1379//1379
f 1382//1382 1379//1379 1419//1419
f 1419//1419 1379//1379 1374//1374
f 1419//1419 1374//1374 1420//1420
f 1420//1420 1374//1374 1350//1350
f 1420//1420 1350//1350 1421//1421
f 1421//1421 1350//1350 1352//1352
f 1421//1421 1352//1352 1409//1409
f 1409//1409 1352//1352 1353//1353
f 1409//1409 1353//1353 1372//1372
f 1372//1372 1353//1353 1422//1422
f 1372//1372 1422//1422 1373//1373
f 1276//1276 1408//1408 1409//1409
f 1409//1409 1408//1408 1348//1348
f 1409//1409 1348//1348 1421//1421
f 1421//1421 1348//1348 1248//1248
f 1421//1421 1248//1248 1420//1420
f 1420//1420 1248//1248 1249//1249
f 1420//1420 1249//1249 1419//1419
f 1419//1419 1249//1249 1251//1251
f 1419//1419 1251//1251 1382//1382
f 1382//1382 1251//1251 1254//1254
f 1382//1382 1254//1254 1059//1059
f 1192//1192 1195//1195 1398//1398
f 1398//1398 1195//1195 1407//1407
f 1398//1398 1407//1407 1418//1418
f 1418//1418 1407//1407 1349//1349
f 1418//1418 1349//1349 1417//1417
f 1417//1417 1349//1349 1303//1303
f 1417//1417 1303//1303 1416//1416
f 1416//1416 1303//1303 1302//1302
f 1416//1416 1302//1302 1415//1415
f 703//703 1423//1423 1424//1424
f 703//703 1424//1424 1425//1425
f 1425//1425 1424//1424 1426//1426
f 1425//1425 1426//1426 753//753
f 1427//1427 1428//1428 1429//1429
f 1427//1427 753//753 1426//1426
f 1426//1426 1414//1414 1427//1427
f 1427//1427 1414//1414 1415//1415
f 1427//1427 1415//1415 1428//1428
f 1428//1428 1415//1415 1302//1302
f 1428//1428 1302//1302 1429//1429
f 1429//1429 1302//1302 544//544
f 1430//1430 1308//1308 1431//1431
f 1431//1431 1308//1308 1306//1306
f 1431//1431 1306//1306 1432//1432
f 1432//1432 1306//1306 1305//1305
f 1432//1432 1305//1305 1433//1433
f 1433//1433 1305//1305 1312//1312
f 1433//1433 1312//1312 1434//1434
f 1434//1434 1312//1312 1311//1311
f 1434//1434 1311//1311 1435//1435
f 1435//1435 1311//1311 1310//1310
f 1435//1435 1310//1310 1436//1436
f 1436//1436 1310//1310 1315//1315
f 1436//1436 1315//1315 1437//1437
f 1437//1437 1315//1315 1314//1314
f 1437//1437 1314//1314 1438//1438
f 1438//1438 1314//1314 1313//1313
f 1438//1438 1313//1313 1439//1439
f 1439//1439 1313//1313 1317//1317
f 1439//1439 1317//1317 1440//1440
f 1440//1440 1317//1317 1316//1316
f 1440//1440 1316//1316 1441//1441
f 1441//1441 1316//1316 1309//1309
f 1441//1441 1309//1309 1430//1430
f 1430//1430 1309//1309 1308//1308
f 1442//1442 1321//1321 1443//1443
f 1443//1443 1321//1321 1319//1319
f 1443//1443 1319//1319 1444//1444
f 1444//1444 1319//1319 1318//1318
f 1444//1444 1318//1318 1445//1445
f 1445//1445 1318//1318 1325//1325
f 1445//1445 1325//1325 1446//1446
f 1446//1446 1325//1325 1324//1324
f 1446//1446 1324//1324 1447//1447
f 1447//1447 1324//1324 1323//1323
f 1447//1447 1323//1323 1448//1448
f 1448//1448 1323//1323 1328//1328
f 1448//1448 1328//1328 1449//1449
f 1449//1449 1328//1328 1327//1327
f 1449//1449 1327//1327 1450//1450
f 1450//1450 1327//1327 1326//1326
f 1450//1450 1326//1326 1451//1451
f 1451//1451 1326//1326 1330//1330
f 1451//1451 1330//1330 1452//1452
f 1452//1452 1330//1330 1329//1329
f 1452//1452 1329//1329 1453//1453
f 1453//1453 1329//1329 1322//1322
f 1453//1453 1322//1322 1442//1442
f 1442//1442 1322//1322 1321//1321
f 1454//1454 1334//1334 1455//1455
f 1455//1455 1334//1334 1332//1332
f 1455//1455 1332//1332 1456//1456
f 1456//1456 1332//1332 1331//1331
f 1456//1456 1331//1331 1457//1457
f 1457//1457 1331//1331 1338//1338
f 1457//1457 1338//1338 1458//1458
f 1458//1458 1338//1338 1337//1337
f 1458//1458 1337//1337 1459//1459
f 1459//1459 1337//1337 1336//1336
f 1459//1459 1336//1336 1460//1460
f 1460//1460 1336//1336 1341//1341
f 1460//1460 1341//1341 1461//1461
f 1461//1461 1341//1341 1340//1340
f 1461//1461 1340//1340 1462//1462
f 1462//1462 1340//1340 1339//1339
f 1462//1462 1339//1339 1463//1463
f 1463//1463 1339//1339 1343//1343
f 1463//1463 1343//1343 1464//1464
f 1464//1464 1343//1343 1342//1342
f 1464//1464 1342//1342 1465//1465
f 1465//1465 1342//1342 1335//1335
f 1465//1465 1335//1335 1454//1454
f 1454//1454 1335//1335 1334//1334
f 1466//1466 591//591 590//590
f 1466//1466 1467//1467 1468//1468
f 590//590 1469//1469 1466//1466
f 1466//1466 1469//1469 1470//1470
f 1466//1466 1470//1470 1467//1467
f 1471//1471 1472//1472 1468//1468
f 1468//1468 1472//1472 1473//1473
f 1468//1468 1473//1473 1474//1474
f 1474//1474 1475//1475 1468//1468
f 1468//1468 1475//1475 1476//1476
f 1468//1468 1476//1476 1466//1466
f 1477//1477 1478//1478 1479//1479
f 1480//1480 1424//1424 1423//1423
f 1481//1481 1482//1482 1479//1479
f 1483//1483 1484//1484 1485//1485
f 1486//1486 1403//1403 1487//1487
f 1487//1487 1403//1403 1401//1401
f 1487//1487 1401//1401 1488//1488
f 1488//1488 1401//1401 1400//1400
f 1488//1488 1400//1400 1414//1414
f 1396//1396 1397//1397 1489//1489
f 1489//1489 1397//1397 1406//1406
f 1489//1489 1406//1406 1486//1486
f 1486//1486 1406//1406 1405//1405
f 1486//1486 1405//1405 1403//1403
f 1490//1490 1395//1395 1489//1489
f 1489//1489 1395//1395 1394//1394
f 1489//1489 1394//1394 1396//1396
f 1392//1392 1390//1390 1490//1490
f 1490//1490 1390//1390 1389//1389
f 1490//1490 1389//1389 1395//1395
f 1491//1491 1385//1385 1386//1386
f 1377//1377 1384//1384 1492//1492
f 1492//1492 1384//1384 1385//1385
f 1380//1380 1378//1378 1493//1493
f 1493//1493 1378//1378 1494//1494
f 1375//1375 1495//1495 1376//1376
f 1376//1376 1495//1495 1496//1496
f 1376//1376 1496//1496 1351//1351
f 1351//1351 1496//1496 1353//1353
f 1366//1366 1365//1365 1497//1497
f 1497//1497 1365//1365 1411//1411
f 1497//1497 1411//1411 1498//1498
f 1498//1498 1411//1411 1373//1373
f 1498//1498 1373//1373 1496//1496
f 1496//1496 1373//1373 1422//1422
f 1496//1496 1422//1422 1353//1353
f 1370//1370 1369//1369 1497//1497
f 1497//1497 1369//1369 1368//1368
f 1497//1497 1368//1368 1366//1366
f 1366//1366 1368//1368 1367//1367
f 1499//1499 1361//1361 1500//1500
f 1500//1500 1361//1361 1360//1360
f 1500//1500 1360//1360 1497//1497
f 1497//1497 1360//1360 1354//1354
f 1497//1497 1354//1354 1370//1370
f 1413//1413 1364//1364 1499//1499
f 1499//1499 1364//1364 1363//1363
f 1499//1499 1363//1363 1361//1361
f 1499//1499 1501//1501 1413//1413
f 1413//1413 1501//1501 1502//1502
f 1413//1413 1502//1502 765//765
f 1503//1503 1504//1504 1505//1505
f 1506//1506 1507//1507 1508//1508
f 1508//1508 1507//1507 1509//1509
f 1506//1506 1510//1510 1507//1507
f 1507//1507 1510//1510 1511//1511
f 1507//1507 1511//1511 1504//1504
f 1504//1504 1511//1511 1512//1512
f 1504//1504 1512//1512 1505//1505
f 1423//1423 1513//1513 1480//1480
f 1480//1480 1513//1513 1514//1514
f 1480//1480 1514//1514 1515//1515
f 1515//1515 1514//1514 1516//1516
f 1515//1515 1516//1516 1509//1509
f 1509//1509 1516//1516 1517//1517
f 1509//1509 1517//1517 1508//1508
f 1492//1492 1518//1518 1519//1519
f 1378//1378 1377//1377 1494//1494
f 1494//1494 1377//1377 1492//1492
f 1494//1494 1492//1492 1520//1520
f 1520//1520 1492//1492 1519//1519
f 1385//1385 1491//1491 1492//1492
f 1492//1492 1491//1491 1521//1521
f 1492//1492 1521//1521 1518//1518
f 1488//1488 1522//1522 1487//1487
f 1487//1487 1522//1522 1523//1523
f 1487//1487 1523//1523 1486//1486
f 1486//1486 1523//1523 1524//1524
f 1486//1486 1524//1524 1489//1489
f 1489//1489 1524//1524 1525//1525
f 1489//1489 1525//1525 1490//1490
f 1490//1490 1525//1525 1526//1526
f 1490//1490 1526//1526 1527//1527
f 1527//1527 1526//1526 1528//1528
f 1503//1503 1528//1528 1504//1504
f 1504//1504 1528//1528 1526//1526
f 1504//1504 1526//1526 1507//1507
f 1507//1507 1526//1526 1525//1525
f 1507//1507 1525//1525 1509//1509
f 1509//1509 1525//1525 1524//1524
f 1509//1509 1524//1524 1515//1515
f 1515//1515 1524//1524 1523//1523
f 1515//1515 1523//1523 1480//1480
f 1480//1480 1523//1523 1522//1522
f 1480//1480 1522//1522 1424//1424
f 1424//1424 1522//1522 1488//1488
f 1424//1424 1488//1488 1426//1426
f 1426//1426 1488//1488 1414//1414
f 1484//1484 1529//1529 1485//1485
f 1485//1485 1529//1529 1530//1530
f 1485//1485 1530//1530 1531//1531
f 1531//1531 1530//1530 1532//1532
f 1531//1531 1532//1532 1533//1533
f 1533//1533 1532//1532 1534//1534
f 1533//1533 1534//1534 1535//1535
f 1535//1535 1534//1534 1536//1536
f 1535//1535 1536//1536 1537//1537
f 1537//1537 1536//1536 1538//1538
f 1537//1537 1538//1538 1539//1539
f 1539//1539 1538//1538 1540//1540
f 1540//1540 1538//1538 1541//1541
f 1540//1540 1541//1541 1542//1542
f 1519//1519 1543//1543 1544//1544
f 1529//1529 1545//1545 1530//1530
f 1530//1530 1545//1545 1546//1546
f 1530//1530 1546//1546 1532//1532
f 1532//1532 1546//1546 1547//1547
f 1532//1532 1547//1547 1534//1534
f 1534//1534 1547//1547 1548//1548
f 1534//1534 1548//1548 1536//1536
f 1536//1536 1548//1548 1549//1549
f 1536//1536 1549//1549 1538//1538
f 1538//1538 1549//1549 1550//1550
f 1538//1538 1550//1550 1541//1541
f 1495//1495 1542//1542 1496//1496
f 1496//1496 1542//1542 1541//1541
f 1496//1496 1541//1541 1498//1498
f 1498//1498 1541//1541 1550//1550
f 1498//1498 1550//1550 1497//1497
f 1497//1497 1550//1550 1549//1549
f 1497//1497 1549//1549 1500//1500
f 1500//1500 1549//1549 1548//1548
f 1500//1500 1548//1548 1499//1499
f 1499//1499 1548//1548 1547//1547
f 1499//1499 1547//1547 1501//1501
f 1501//1501 1547//1547 1546//1546
f 1501//1501 1546//1546 1502//1502
f 1502//1502 1546//1546 1545//1545
f 1519//1519 1544//1544 1520//1520
f 1520//1520 1544//1544 1551//1551
f 1520//1520 1551//1551 1494//1494
f 1494//1494 1551//1551 1552//1552
f 1494//1494 1552//1552 1493//1493
f 1493//1493 1552//1552 1381//1381
f 1493//1493 1381//1381 1380//1380
f 1553//1553 1554//1554 1555//1555
f 1555//1555 1554//1554 1556//1556
f 1555//1555 1556//1556 1557//1557
f 1557//1557 1556//1556 1558//1558
f 1557//1557 1558//1558 1559//1559
f 1559//1559 1558//1558 1560//1560
f 1560//1560 1558//1558 1561//1561
f 1560//1560 1561//1561 1562//1562
f 1562//1562 1561//1561 1563//1563
f 1563//1563 1561//1561 1564//1564
f 1563//1563 1564//1564 1565//1565
f 1478//1478 1477//1477 1566//1566
f 1566//1566 1477//1477 1567//1567
f 1566//1566 1567//1567 1568//1568
f 1568//1568 1567//1567 1569//1569
f 1568//1568 1569//1569 1570//1570
f 1570//1570 1569//1569 1571//1571
f 1570//1570 1571//1571 1572//1572
f 1572//1572 1571//1571 1573//1573
f 1572//1572 1573//1573 1543//1543
f 1505//1505 1574//1574 1503//1503
f 1503//1503 1574//1574 1575//1575
f 1503//1503 1575//1575 1576//1576
f 1576//1576 1575//1575 1577//1577
f 1576//1576 1577//1577 1578//1578
f 1578//1578 1577//1577 1579//1579
f 1578//1578 1579//1579 1580//1580
f 1580//1580 1579//1579 1581//1581
f 1580//1580 1581//1581 1564//1564
f 1564//1564 1581//1581 1582//1582
f 1564//1564 1582//1582 1565//1565
f 1482//1482 1483//1483 1479//1479
f 1479//1479 1483//1483 1485//1485
f 1479//1479 1485//1485 1477//1477
f 1477//1477 1485//1485 1531//1531
f 1477//1477 1531//1531 1567//1567
f 1567//1567 1531//1531 1533//1533
f 1567//1567 1533//1533 1569//1569
f 1569//1569 1533//1533 1535//1535
f 1569//1569 1535//1535 1571//1571
f 1571//1571 1535//1535 1537//1537
f 1571//1571 1537//1537 1573//1573
f 1573//1573 1537//1537 1539//1539
f 1573//1573 1539//1539 1543//1543
f 1543//1543 1539//1539 1540//1540
f 1543//1543 1540//1540 1544//1544
f 1544//1544 1540//1540 1542//1542
f 1544//1544 1542//1542 1551//1551
f 1551//1551 1542//1542 1495//1495
f 1551//1551 1495//1495 1552//1552
f 1552//1552 1495//1495 1375//1375
f 1552//1552 1375//1375 1381//1381
f 680//680 1481//1481 1553//1553
f 1553//1553 1481//1481 1479//1479
f 1553//1553 1479//1479 1554//1554
f 1554//1554 1479//1479 1478//1478
f 1554//1554 1478//1478 1556//1556
f 1556//1556 1478//1478 1566//1566
f 1556//1556 1566//1566 1558//1558
f 1558//1558 1566//1566 1568//1568
f 1558//1558 1568//1568 1561//1561
f 1561//1561 1568//1568 1570//1570
f 1561//1561 1570//1570 1564//1564
f 1564//1564 1570//1570 1572//1572
f 1564//1564 1572//1572 1580//1580
f 1580//1580 1572//1572 1543//1543
f 1580//1580 1543//1543 1578//1578
f 1578//1578 1543//1543 1519//1519
f 1578//1578 1519//1519 1576//1576
f 1576//1576 1519//1519 1518//1518
f 1576//1576 1518//1518 1503//1503
f 1503//1503 1518//1518 1521//1521
f 1503//1503 1521//1521 1528//1528
f 1528//1528 1521//1521 1491//1491
f 1528//1528 1491//1491 1527//1527
f 1527//1527 1491//1491 1386//1386
f 1527//1527 1386//1386 1490//1490
f 1490//1490 1386//1386 1388//1388
f 1490//1490 1388//1388 1392//1392
f 1443//1443 1444//1444 1460//1460
f 1456//1456 1457//1457 703//703
f 703//703 1457//1457 1458//1458
f 703//703 1458//1458 610//610
f 1583//1583 1435//1435 603//603
f 603//603 1435//1435 1436//1436
f 603//603 1436//1436 591//591
f 1444//1444 1445//1445 1460//1460
f 1460//1460 1445//1445 610//610
f 1460//1460 610//610 1459//1459
f 1459//1459 610//610 1458//1458
f 652//652 1439//1439 1440//1440
f 1431//1431 1432//1432 1448//1448
f 1448//1448 1432//1432 1433//1433
f 1448//1448 1433//1433 1583//1583
f 1583//1583 1433//1433 1434//1434
f 1583//1583 1434//1434 1435//1435
f 1442//1442 1462//1462 1453//1453
f 1453//1453 1462//1462 1452//1452
f 680//680 652//652 1462//1462
f 1445//1445 1446//1446 610//610
f 610//610 1446//1446 1447//1447
f 610//610 1447//1447 608//608
f 608//608 1447//1447 1448//1448
f 608//608 1448//1448 606//606
f 606//606 1448//1448 1583//1583
f 591//591 1436//1436 590//590
f 590//590 1436//1436 1437//1437
f 590//590 1437//1437 624//624
f 653//653 1437//1437 652//652
f 652//652 1437//1437 1438//1438
f 652//652 1438//1438 1439//1439
f 1450//1450 1441//1441 1430//1430
f 1452//1452 1462//1462 1451//1451
f 1451//1451 1462//1462 652//652
f 1451//1451 652//652 1450//1450
f 1450//1450 652//652 1440//1440
f 1450//1450 1440//1440 1441//1441
f 1443//1443 1460//1460 1442//1442
f 1442//1442 1460//1460 1461//1461
f 1442//1442 1461//1461 1462//1462
f 1456//1456 703//703 1455//1455
f 1455//1455 703//703 1425//1425
f 1455//1455 1425//1425 753//753
f 653//653 665//665 1437//1437
f 1437//1437 665//665 677//677
f 1437//1437 677//677 624//624
f 1431//1431 1448//1448 1430//1430
f 1430//1430 1448//1448 1449//1449
f 1430//1430 1449//1449 1450//1450
f 1502//1502 1545//1545 581//581
f 581//581 1545//1545 1465//1465
f 581//581 1465//1465 582//582
f 582//582 1465//1465 1454//1454
f 582//582 1454//1454 1455//1455
f 1545//1545 1529//1529 1465//1465
f 1465//1465 1529//1529 1484//1484
f 1465//1465 1484//1484 1483//1483
f 753//753 1427//1427 1455//1455
f 1455//1455 1427//1427 1429//1429
f 1455//1455 1429//1429 582//582
f 582//582 1429//1429 544//544
f 582//582 544//544 542//542
f 542//542 544//544 543//543
f 1462//1462 1463//1463 680//680
f 680//680 1463//1463 1464//1464
f 680//680 1464//1464 1481//1481
f 1481//1481 1464//1464 1465//1465
f 1481//1481 1465//1465 1482//1482
f 1482//1482 1465//1465 1483//1483
f 583//583 584//584 586//586
f 586//586 588//588 583//583
f 583//583 588//588 1357//1357
f 583//583 1357//1357 581//581
f 581//581 1357//1357 765//765
f 581//581 765//765 1502//1502
f 624//624 677//677 1584//1584
f 677//677 665//665 1585//1585
f 665//665 653//653 1586//1586
f 653//653 652//652 1587//1587
f 590//590 624//624 1588//1588
f 590//590 1588//1588 1469//1469
f 1469//1469 1588//1588 1589//1589
f 1469//1469 1589//1589 1470//1470
f 1470//1470 1589//1589 1590//1590
f 1470//1470 1590//1590 1467//1467
f 1467//1467 1590//1590 1591//1591
f 1467//1467 1591//1591 1468//1468
f 1591//1591 1592//1592 1468//1468
f 1468//1468 1592//1592 1593//1593
f 1468//1468 1593//1593 1471//1471
f 1471//1471 1593//1593 1594//1594
f 1471//1471 1594//1594 1472//1472
f 1472//1472 1594//1594 1595//1595
f 1472//1472 1595//1595 1473//1473
f 1473//1473 1595//1595 1596//1596
f 1473//1473 1596//1596 1474//1474
f 1474//1474 1596//1596 1597//1597
f 1474//1474 1597//1597 1475//1475
f 1475//1475 1597//1597 1598//1598
f 1475//1475 1598//1598 1476//1476
f 1476//1476 1598//1598 1599//1599
f 1476//1476 1599//1599 1466//1466
f 1466//1466 1599//1599 603//603
f 1466//1466 603//603 591//591
f 653//653 1587//1587 1586//1586
f 1586//1586 1587//1587 1600//1600
f 1586//1586 1600//1600 1601//1601
f 1601//1601 1600//1600 1602//1602
f 1601//1601 1602//1602 1603//1603
f 1602//1602 1604//1604 1603//1603
f 1603//1603 1604//1604 1605//1605
f 1603//1603 1605//1605 1606//1606
f 1605//1605 1607//1607 1606//1606
f 1606//1606 1607//1607 1608//1608
f 1606//1606 1608//1608 1609//1609
f 1609//1609 1608//1608 1610//1610
f 1609//1609 1610//1610 1611//1611
f 1611//1611 1610//1610 1612//1612
f 1611//1611 1612//1612 1613//1613
f 1612//1612 1614//1614 1613//1613
f 1613//1613 1614//1614 1615//1615
f 1613//1613 1615//1615 1616//1616
f 1616//1616 1615//1615 1617//1617
f 1616//1616 1617//1617 1618//1618
f 1618//1618 1617//1617 1619//1619
f 1618//1618 1619//1619 1620//1620
f 1619//1619 1621//1621 1620//1620
f 1620//1620 1621//1621 1622//1622
f 1620//1620 1622//1622 1623//1623
f 1622//1622 1624//1624 1623//1623
f 1623//1623 1624//1624 1625//1625
f 1623//1623 1625//1625 1626//1626
f 1626//1626 1625//1625 610//610
f 1626//1626 610//610 608//608
f 665//665 1586//1586 1585//1585
f 1585//1585 1586//1586 1601//1601
f 1585//1585 1601//1601 1627//1627
f 1627//1627 1601//1601 1603//1603
f 1627//1627 1603//1603 1628//1628
f 1628//1628 1603//1603 1606//1606
f 1628//1628 1606//1606 1629//1629
f 1629//1629 1606//1606 1609//1609
f 1629//1629 1609//1609 1630//1630
f 1630//1630 1609//1609 1611//1611
f 1630//1630 1611//1611 1631//1631
f 1631//1631 1611//1611 1613//1613
f 1631//1631 1613//1613 1632//1632
f 1632//1632 1613//1613 1616//1616
f 1632//1632 1616//1616 1633//1633
f 1633//1633 1616//1616 1618//1618
f 1633//1633 1618//1618 1634//1634
f 1634//1634 1618//1618 1620//1620
f 1634//1634 1620//1620 1635//1635
f 1635//1635 1620//1620 1623//1623
f 1635//1635 1623//1623 1636//1636
f 1636//1636 1623//1623 1626//1626
f 1636//1636 1626//1626 1637//1637
f 1637//1637 1626//1626 608//608
f 1637//1637 608//608 606//606
f 677//677 1585//1585 1584//1584
f 1584//1584 1585//1585 1627//1627
f 1584//1584 1627//1627 1638//1638
f 1638//1638 1627//1627 1628//1628
f 1638//1638 1628//1628 1639//1639
f 1639//1639 1628//1628 1629//1629
f 1639//1639 1629//1629 1640//1640
f 1640//1640 1629//1629 1630//1630
f 1640//1640 1630//1630 1641//1641
f 1641//1641 1630//1630 1631//1631
f 1641//1641 1631//1631 1642//1642
f 1642//1642 1631//1631 1632//1632
f 1642//1642 1632//1632 1643//1643
f 1643//1643 1632//1632 1633//1633
f 1643//1643 1633//1633 1644//1644
f 1644//1644 1633//1633 1634//1634
f 1644//1644 1634//1634 1645//1645
f 1645//1645 1634//1634 1635//1635
f 1645//1645 1635//1635 1646//1646
f 1646//1646 1635//1635 1636//1636
f 1646//1646 1636//1636 1647//1647
f 1647//1647 1636//1636 1637//1637
f 1647//1647 1637//1637 1648//1648
f 1648//1648 1637//1637 606//606
f 1648//1648 606//606 1583//1583
f 624//624 1584//1584 1588//1588
f 1588//1588 1584//1584 1638//1638
f 1588//1588 1638//1638 1589//1589
f 1589//1589 1638//1638 1639//1639
f 1589//1589 1639//1639 1590//1590
f 1590//1590 1639//1639 1640//1640
f 1590//1590 1640//1640 1591//1591
f 1591//1591 1640//1640 1641//1641
f 1591//1591 1641//1641 1592//1592
f 1592//1592 1641//1641 1642//1642
f 1592//1592 1642//1642 1593//1593
f 1593//1593 1642//1642 1643//1643
f 1593//1593 1643//1643 1594//1594
f 1594//1594 1643//1643 1644//1644
f 1594//1594 1644//1644 1595//1595
f 1595//1595 1644//1644 1645//1645
f 1595//1595 1645//1645 1596//1596
f 1596//1596 1645//1645 1646//1646
f 1596//1596 1646//1646 1597//1597
f 1597//1597 1646//1646 1647//1647
f 1597//1597 1647//1647 1598//1598
f 1598//1598 1647//1647 1648//1648
f 1598//1598 1648//1648 1599//1599
f 1599//1599 1648//1648 1583//1583
f 1599//1599 1583//1583 603//603
f 1423//1423 703//703 610//610
f 1423//1423 610//610 1513//1513
f 1513//1513 610//610 1625//1625
f 1513//1513 1625//1625 1514//1514
f 1514//1514 1625//1625 1516//1516
f 1516//1516 1625//1625 1624//1624
f 1516//1516 1624//1624 1517//1517
f 1517//1517 1624//1624 1622//1622
f 1517//1517 1622//1622 1508//1508
f 1575//1575 1574//1574 1615//1615
f 1615//1615 1574//1574 1505//1505
f 1615//1615 1505//1505 1617//1617
f 1617//1617 1505//1505 1512//1512
f 1617//1617 1512//1512 1619//1619
f 1619//1619 1512//1512 1511//1511
f 1619//1619 1511//1511 1621//1621
f 1621//1621 1511//1511 1510//1510
f 1621//1621 1510//1510 1622//1622
f 1622//1622 1510//1510 1506//1506
f 1622//1622 1506//1506 1508//1508
f 1575//1575 1615//1615 1577//1577
f 1577//1577 1615//1615 1614//1614
f 1577//1577 1614//1614 1579//1579
f 1614//1614 1612//1612 1579//1579
f 1579//1579 1612//1612 1610//1610
f 1579//1579 1610//1610 1581//1581
f 1581//1581 1610//1610 1608//1608
f 1563//1563 1565//1565 1608//1608
f 1608//1608 1565//1565 1582//1582
f 1608//1608 1582//1582 1581//1581
f 1563//1563 1608//1608 1562//1562
f 1562//1562 1608//1608 1607//1607
f 1562//1562 1607//1607 1560//1560
f 1560//1560 1607//1607 1605//1605
f 1560//1560 1605//1605 1559//1559
f 1559//1559 1605//1605 1604//1604
f 1559//1559 1604//1604 1557//1557
f 1557//1557 1604//1604 1602//1602
f 1557//1557 1602//1602 1555//1555
f 1555//1555 1602//1602 1600//1600
f 1555//1555 1600//1600 1553//1553
f 1600//1600 1587//1587 1553//1553
f 1553//1553 1587//1587 652//652
f 1553//1553 652//652 680//680
f 1649//1649 1650//1650 1651//1651
f 1651//1651 1650//1650 1652//1652
f 1651//1651 1652//1652 1653//1653
f 1653//1653 1652//1652 1654//1654
f 1653//1653 1654//1654 1655//1655
f 1655//1655 1654//1654 1656//1656
f 1655//1655 1656//1656 1657//1657
f 1657//1657 1656//1656 1658//1658
f 1657//1657 1658//1658 1659//1659
f 1659//1659 1658//1658 1660//1660
f 1659//1659 1660//1660 1661//1661
f 1661//1661 1660//1660 1662//1662
f 1661//1661 1662//1662 1663//1663
f 1664//1664 1665//1665 1666//1666
f 1666//1666 1665//1665 1667//1667
f 1666//1666 1667//1667 1668//1668
f 1668//1668 1667//1667 1669//1669
f 1668//1668 1669//1669 1670//1670
f 1670//1670 1669//1669 1671//1671
f 1670//1670 1671//1671 1672//1672
f 1672//1672 1671//1671 1673//1673
f 1672//1672 1673//1673 1674//1674
f 1674//1674 1673//1673 1675//1675
f 1674//1674 1675//1675 1676//1676
f 1676//1676 1675//1675 1677//1677
f 1676//1676 1677//1677 1678//1678
f 1678//1678 1677//1677 1679//1679
f 1678//1678 1679//1679 1649//1649
f 1649//1649 1679//1679 1680//1680
f 1649//1649 1680//1680 1650//1650
f 1681//1681 1682//1682 1683//1683
f 1683//1683 1682//1682 1684//1684
f 1683//1683 1684//1684 1685//1685
f 1685//1685 1684//1684 1686//1686
f 1685//1685 1686//1686 1687//1687
f 1687//1687 1686//1686 1688//1688
f 1687//1687 1688//1688 1689//1689
f 1689//1689 1688//1688 1690//1690
f 1689//1689 1690//1690 1691//1691
f 1691//1691 1690//1690 1692//1692
f 1691//1691 1692//1692 1693//1693
f 1693//1693 1692//1692 1694//1694
f 1693//1693 1694//1694 1664//1664
f 1664//1664 1694//1694 1695//1695
f 1664//1664 1695//1695 1665//1665
f 1662//1662 1696//1696 1663//1663
f 1663//1663 1696//1696 1697//1697
f 1663//1663 1697//1697 1698//1698
f 1698//1698 1697//1697 1699//1699
f 1698//1698 1699//1699 1700//1700
f 1700//1700 1699//1699 1701//1701
f 1700//1700 1701//1701 1702//1702
f 1702//1702 1701//1701 1703//1703
f 1702//1702 1703//1703 1704//1704
f 1704//1704 1703//1703 1705//1705
f 1704//1704 1705//1705 1706//1706
f 1706//1706 1705//1705 1707//1707
f 1706//1706 1707//1707 1708//1708
f 1708//1708 1707//1707 1709//1709
f 1708//1708 1709//1709 1710//1710
f 1710//1710 1709//1709 1711//1711
f 1710//1710 1711//1711 1681//1681
f 1681//1681 1711//1711 1712//1712
f 1681//1681 1712//1712 1682//1682
f 1713//1713 1714//1714 1715//1715
f 1715//1715 1714//1714 1716//1716
f 1715//1715 1716//1716 1717//1717
f 1717//1717 1716//1716 1718//1718
f 1717//1717 1718//1718 1719//1719
f 1719//1719 1718//1718 1720//1720
f 1719//1719 1720//1720 1721//1721
f 1721//1721 1720//1720 1722//1722
f 1721//1721 1722//1722 1723//1723
f 1723//1723 1722//1722 1724//1724
f 1723//1723 1724//1724 1725//1725
f 1725//1725 1724//1724 1726//1726
f 1725//1725 1726//1726 1727//1727
f 1728//1728 1729//1729 1730//1730
f 1730//1730 1729//1729 1731//1731
f 1730//1730 1731//1731 1732//1732
f 1732//1732 1731//1731 1733//1733
f 1732//1732 1733//1733 1734//1734
f 1734//1734 1733//1733 1735//1735
f 1734//1734 1735//1735 1736//1736
f 1736//1736 1735//1735 1737//1737
f 1736//1736 1737//1737 1738//1738
f 1738//1738 1737//1737 1739//1739
f 1738//1738 1739//1739 1740//1740
f 1740//1740 1739//1739 1741//1741
f 1740//1740 1741//1741 1742//1742
f 1726//1726 1743//1743 1727//1727
f 1727//1727 1743//1743 1744//1744
f 1727//1727 1744//1744 1745//1745
f 1745//1745 1744//1744 1746//1746
f 1745//1745 1746//1746 1747//1747
f 1747//1747 1746//1746 1748//1748
f 1747//1747 1748//1748 1749//1749
f 1749//1749 1748//1748 1750//1750
f 1749//1749 1750//1750 1751//1751
f 1751//1751 1750//1750 1752//1752
f 1751//1751 1752//1752 1753//1753
f 1753//1753 1752//1752 1754//1754
f 1753//1753 1754//1754 1755//1755
f 1755//1755 1754//1754 1756//1756
f 1755//1755 1756//1756 1757//1757
f 1757//1757 1756//1756 1758//1758
f 1757//1757 1758//1758 1728//1728
f 1728//1728 1758//1758 1759//1759
f 1728//1728 1759//1759 1729//1729
f 1741//1741 1760//1760 1742//1742
f 1742//1742 1760//1760 1761//1761
f 1742//1742 1761//1761 1762//1762
f 1762//1762 1761//1761 1763//1763
f 1762//1762 1763//1763 1764//1764
f 1764//1764 1763//1763 1765//1765
f 1764//1764 1765//1765 1766//1766
f 1766//1766 1765//1765 1767//1767
f 1766//1766 1767//1767 1768//1768
f 1768//1768 1767//1767 1769//1769
f 1768//1768 1769//1769 1770//1770
f 1770//1770 1769//1769 1771//1771
f 1770//1770 1771//1771 1772//1772
f 1772//1772 1771//1771 1773//1773
f 1772//1772 1773//1773 1774//1774
f 1774//1774 1773//1773 1775//1775
f 1774//1774 1775//1775 1713//1713
f 1713//1713 1775//1775 1776//1776
f 1713//1713 1776//1776 1714//1714
f 1777//1777 1778//1778 1779//1779
f 1779//1779 1778//1778 1780//1780
f 1779//1779 1780//1780 1781//1781
f 1781//1781 1780//1780 1782//1782
f 1781//1781 1782//1782 1783//1783
f 1783//1783 1782//1782 1784//1784
f 1783//1783 1784//1784 1785//1785
f 1785//1785 1784//1784 1786//1786
f 1785//1785 1786//1786 1787//1787
f 1787//1787 1786//1786 1788//1788
f 1787//1787 1788//1788 1789//1789
f 1789//1789 1788//1788 1790//1790
f 1789//1789 1790//1790 1791//1791
f 1791//1791 1790//1790 1792//1792
f 1791//1791 1792//1792 1793//1793
f 1793//1793 1792//1792 1794//1794
f 1793//1793 1794//1794 1795//1795
f 1795//1795 1794//1794 1796//1796
f 1795//1795 1796//1796 1797//1797
f 1797//1797 1796//1796 1798//1798
f 1797//1797 1798//1798 1799//1799
f 1799//1799 1798//1798 1800//1800
f 1799//1799 1800//1800 1801//1801
f 1801//1801 1800//1800 1802//1802
f 1801//1801 1802//1802 1803//1803
f 1803//1803 1802//1802 1804//1804
f 1803//1803 1804//1804 1805//1805
f 1805//1805 1804//1804 1806//1806
f 1805//1805 1806//1806 1807//1807
f 1807//1807 1806//1806 1808//1808
f 1807//1807 1808//1808 1809//1809
f 1809//1809 1808//1808 1810//1810
f 1809//1809 1810//1810 1811//1811
f 1811//1811 1810//1810 1812//1812
f 1811//1811 1812//1812 1813//1813
f 1813//1813 1812//1812 1814//1814
f 1813//1813 1814//1814 1815//1815
f 1815//1815 1814//1814 1816//1816
f 1815//1815 1816//1816 1817//1817
f 1817//1817 1816//1816 1818//1818
f 1817//1817 1818//1818 1819//1819
f 1819//1819 1818//1818 1820//1820
f 1819//1819 1820//1820 1821//1821
f 1821//1821 1820//1820 1822//1822
f 1821//1821 1822//1822 1823//1823
f 1823//1823 1822//1822 1824//1824
f 1823//1823 1824//1824 1825//1825
f 1825//1825 1824//1824 1826//1826
f 1825//1825 1826//1826 1827//1827
f 1827//1827 1826//1826 1828//1828
f 1827//1827 1828//1828 1829//1829
f 1829//1829 1828//1828 1830//1830
f 1829//1829 1830//1830 1831//1831
f 1831//1831 1830//1830 1832//1832
f 1831//1831 1832//1832 1833//1833
f 1833//1833 1832//1832 1834//1834
f 1833//1833 1834//1834 1835//1835
f 1835//1835 1834//1834 1836//1836
f 1835//1835 1836//1836 1837//1837
f 1837//1837 1836//1836 1838//1838
f 1837//1837 1838//1838 1839//1839
f 1839//1839 1838//1838 1840//1840
f 1839//1839 1840//1840 1841//1841
f 1841//1841 1840//1840 1842//1842
f 1841//1841 1842//1842 1843//1843
f 1843//1843 1842//1842 1844//1844
f 1843//1843 1844//1844 1845//1845
f 1845//1845 1844//1844 1846//1846
f 1845//1845 1846//1846 1847//1847
f 1847//1847 1846//1846 1848//1848
f 1847//1847 1848//1848 1849//1849
f 1849//1849 1848//1848 1850//1850
f 1849//1849 1850//1850 1851//1851
f 1851//1851 1850//1850 1852//1852
f 1851//1851 1852//1852 1853//1853
f 1853//1853 1852//1852 1854//1854
f 1853//1853 1854//1854 1855//1855
f 1855//1855 1854//1854 1856//1856
f 1855//1855 1856//1856 1857//1857
f 1857//1857 1856//1856 1858//1858
f 1857//1857 1858//1858 1859//1859
f 1859//1859 1858//1858 1860//1860
f 1859//1859 1860//1860 1861//1861
f 1861//1861 1860//1860 1862//1862
f 1861//1861 1862//1862 1863//1863
f 1863//1863 1862//1862 1864//1864
f 1863//1863 1864//1864 1865//1865
f 1865//1865 1864//1864 1866//1866
f 1865//1865 1866//1866 1867//1867
f 1867//1867 1866//1866 1868//1868
f 1867//1867 1868//1868 1869//1869
f 1869//1869 1868//1868 1870//1870
f 1869//1869 1870//1870 1871//1871
f 1871//1871 1870//1870 1872//1872
f 1871//1871 1872//1872 1873//1873
f 1873//1873 1872//1872 1874//1874
f 1873//1873 1874//1874 1875//1875
f 1875//1875 1874//1874 1876//1876
f 1875//1875 1876//1876 1877//1877
f 1877//1877 1876//1876 1878//1878
f 1877//1877 1878//1878 1879//1879
f 1879//1879 1878//1878 1880//1880
f 1879//1879 1880//1880 1881//1881
f 1881//1881 1880//1880 1882//1882
f 1881//1881 1882//1882 1883//1883
f 1883//1883 1882//1882 1884//1884
f 1883//1883 1884//1884 1885//1885
f 1885//1885 1884//1884 1886//1886
f 1885//1885 1886//1886 1887//1887
f 1887//1887 1886//1886 1888//1888
f 1887//1887 1888//1888 1777//1777
f 1777//1777 1888//1888 1778//1778
f 1889//1889 1890//1890 1891//1891
f 1891//1891 1890//1890 1892//1892
f 1891//1891 1892//1892 1893//1893
f 1893//1893 1892//1892 1894//1894
f 1893//1893 1894//1894 1895//1895
f 1895//1895 1894//1894 1896//1896
f 1895//1895 1896//1896 1897//1897
f 1897//1897 1896//1896 1898//1898
f 1897//1897 1898//1898 1899//1899
f 1899//1899 1898//1898 1900//1900
f 1899//1899 1900//1900 1901//1901
f 1901//1901 1900//1900 1902//1902
f 1901//1901 1902//1902 1903//1903
f 1903//1903 1902//1902 1904//1904
f 1903//1903 1904//1904 1905//1905
f 1905//1905 1904//1904 1906//1906
f 1905//1905 1906//1906 1907//1907
f 1907//1907 1906//1906 1908//1908
f 1907//1907 1908//1908 1909//1909
f 1909//1909 1908//1908 1910//1910
f 1909//1909 1910//1910 1911//1911
f 1911//1911 1910//1910 1912//1912
f 1911//1911 1912//1912 1913//1913
f 1913//1913 1912//1912 1914//1914
f 1913//1913 1914//1914 1915//1915
f 1915//1915 1914//1914 1916//1916
f 1915//1915 1916//1916 1917//1917
f 1917//1917 1916//1916 1918//1918
f 1917//1917 1918//1918 1919//1919
f 1919//1919 1918//1918 1920//1920
f 1919//1919 1920//1920 1921//1921
f 1921//1921 1920//1920 1922//1922
f 1921//1921 1922//1922 1923//1923
f 1923//1923 1922//1922 1924//1924
f 1923//1923 1924//1924 1925//1925
f 1925//1925 1924//1924 1926//1926
f 1925//1925 1926//1926 1927//1927
f 1927//1927 1926//1926 1928//1928
f 1927//1927 1928//1928 1929//1929
f 1929//1929 1928//1928 1930//1930
f 1929//1929 1930//1930 1931//1931
f 1931//1931 1930//1930 1932//1932
f 1931//1931 1932//1932 1933//1933
f 1933//1933 1932//1932 1934//1934
f 1933//1933 1934//1934 1935//1935
f 1935//1935 1934//1934 1936//1936
f 1935//1935 1936//1936 1937//1937
f 1937//1937 1936//1936 1938//1938
f 1937//1937 1938//1938 1939//1939
f 1939//1939 1938//1938 1940//1940
f 1939//1939 1940//1940 1941//1941
f 1941//1941 1940//1940 1942//1942
f 1941//1941 1942//1942 1943//1943
f 1943//1943 1942//1942 1944//1944
f 1943//1943 1944//1944 1945//1945
f 1945//1945 1944//1944 1946//1946
f 1945//1945 1946//1946 1947//1947
f 1947//1947 1946//1946 1948//1948
f 1947//1947 1948//1948 1949//1949
f 1949//1949 1948//1948 1950//1950
f 1949//1949 1950//1950 1951//1951
f 1951//1951 1950//1950 1952//1952
f 1951//1951 1952//1952 1953//1953
f 1953//1953 1952//1952 1954//1954
f 1953//1953 1954//1954 1955//1955
f 1955//1955 1954//1954 1956//1956
f 1955//1955 1956//1956 1957//1957
f 1957//1957 1956//1956 1958//1958
f 1957//1957 1958//1958 1959//1959
f 1959//1959 1958//1958 1960//1960
f 1959//1959 1960//1960 1961//1961
f 1961//1961 1960//1960 1962//1962
f 1961//1961 1962//1962 1963//1963
f 1963//1963 1962//1962 1964//1964
f 1963//1963 1964//1964 1965//1965
f 1965//1965 1964//1964 1966//1966
f 1965//1965 1966//1966 1967//1967
f 1967//1967 1966//1966 1968//1968
f 1967//1967 1968//1968 1889//1889
f 1889//1889 1968//1968 1890//1890
f 1768//1768 1770//1770 1969//1969
f 1969//1969 1770//1770 1970//1970
f 1969//1969 1970//1970 1971//1971
f 1971//1971 1970//1970 1972//1972
f 1971//1971 1972//1972 1973//1973
f 1973//1973 1972//1972 1974//1974
f 1772//1772 1774//1774 1975//1975
f 1975//1975 1774//1774 1976//1976
f 1975//1975 1976//1976 1977//1977
f 1977//1977 1976//1976 1978//1978
f 1977//1977 1978//1978 1979//1979
f 1979//1979 1978//1978 1980//1980
f 1774//1774 1713//1713 1976//1976
f 1976//1976 1713//1713 1981//1981
f 1976//1976 1981//1981 1978//1978
f 1978//1978 1981//1981 1982//1982
f 1978//1978 1982//1982 1980//1980
f 1980//1980 1982//1982 1983//1983
f 1715//1715 1717//1717 1984//1984
f 1984//1984 1717//1717 1985//1985
f 1984//1984 1985//1985 1986//1986
f 1986//1986 1985//1985 1987//1987
f 1986//1986 1987//1987 1988//1988
f 1988//1988 1987//1987 1989//1989
f 1717//1717 1719//1719 1985//1985
f 1985//1985 1719//1719 1990//1990
f 1985//1985 1990//1990 1987//1987
f 1987//1987 1990//1990 1991//1991
f 1987//1987 1991//1991 1989//1989
f 1989//1989 1991//1991 1992//1992
f 1721//1721 1723//1723 1993//1993
f 1993//1993 1723//1723 1994//1994
f 1993//1993 1994//1994 1995//1995
f 1995//1995 1994//1994 1996//1996
f 1995//1995 1996//1996 1997//1997
f 1997//1997 1996//1996 1998//1998
f 1723//1723 1725//1725 1994//1994
f 1994//1994 1725//1725 1999//1999
f 1994//1994 1999//1999 1996//1996
f 1996//1996 1999//1999 2000//2000
f 1996//1996 2000//2000 1998//1998
f 1998//1998 2000//2000 2001//2001
f 1727//1727 1745//1745 2002//2002
f 2002//2002 1745//1745 2003//2003
f 2002//2002 2003//2003 2004//2004
f 2004//2004 2003//2003 2005//2005
f 2004//2004 2005//2005 2006//2006
f 2006//2006 2005//2005 2007//2007
f 1745//1745 1747//1747 2003//2003
f 2003//2003 1747//1747 2008//2008
f 2003//2003 2008//2008 2005//2005
f 2005//2005 2008//2008 2009//2009
f 2005//2005 2009//2009 2007//2007
f 2007//2007 2009//2009 2010//2010
f 1749//1749 1751//1751 2011//2011
f 2011//2011 1751//1751 2012//2012
f 2011//2011 2012//2012 2013//2013
f 2013//2013 2012//2012 2014//2014
f 2013//2013 2014//2014 2015//2015
f 2015//2015 2014//2014 2016//2016
f 1751//1751 1753//1753 2012//2012
f 2012//2012 1753//1753 2017//2017
f 2012//2012 2017//2017 2014//2014
f 2014//2014 2017//2017 2018//2018
f 2014//2014 2018//2018 2016//2016
f 2016//2016 2018//2018 2019//2019
f 1755//1755 1757//1757 2020//2020
f 2020//2020 1757//1757 2021//2021
f 2020//2020 2021//2021 2022//2022
f 2022//2022 2021//2021 2023//2023
f 2022//2022 2023//2023 2024//2024
f 2024//2024 2023//2023 2025//2025
f 1757//1757 1728//1728 2021//2021
f 2021//2021 1728//1728 2026//2026
f 2021//2021 2026//2026 2023//2023
f 2023//2023 2026//2026 2027//2027
f 2023//2023 2027//2027 2025//2025
f 2025//2025 2027//2027 2028//2028
f 1730//1730 1732//1732 2029//2029
f 2029//2029 1732//1732 2030//2030
f 2029//2029 2030//2030 2031//2031
f 2031//2031 2030//2030 2032//2032
f 2031//2031 2032//2032 2033//2033
f 2033//2033 2032//2032 2034//2034
f 1732//1732 1734//1734 2030//2030
f 2030//2030 1734//1734 2035//2035
f 2030//2030 2035//2035 2032//2032
f 2032//2032 2035//2035 2036//2036
f 2032//2032 2036//2036 2034//2034
f 2034//2034 2036//2036 2037//2037
f 1736//1736 1738//1738 2038//2038
f 2038//2038 1738//1738 2039//2039
f 2038//2038 2039//2039 2040//2040
f 2040//2040 2039//2039 2041//2041
f 2040//2040 2041//2041 2042//2042
f 2042//2042 2041//2041 2043//2043
f 1738//1738 1740//1740 2039//2039
f 2039//2039 1740//1740 2044//2044
f 2039//2039 2044//2044 2041//2041
f 2041//2041 2044//2044 2045//2045
f 2041//2041 2045//2045 2043//2043
f 2043//2043 2045//2045 2046//2046
f 1742//1742 1762//1762 2047//2047
f 2047//2047 1762//1762 2048//2048
f 2047//2047 2048//2048 2049//2049
f 2049//2049 2048//2048 2050//2050
f 2049//2049 2050//2050 2051//2051
f 2051//2051 2050//2050 2052//2052
f 1762//1762 1764//1764 2048//2048
f 2048//2048 1764//1764 2053//2053
f 2048//2048 2053//2053 2050//2050
f 2050//2050 2053//2053 2054//2054
f 2050//2050 2054//2054 2052//2052
f 2052//2052 2054//2054 2055//2055
f 1766//1766 1768//1768 2056//2056
f 2056//2056 1768//1768 1969//1969
f 2056//2056 1969//1969 2057//2057
f 2057//2057 1969//1969 1971//1971
f 2057//2057 1971//1971 2058//2058
f 2058//2058 1971//1971 1973//1973
f 1938//1938 1936//1936 1974//1974
f 1983//1983 1940//1940 1980//1980
f 1980//1980 1940//1940 1938//1938
f 1980//1980 1938//1938 1979//1979
f 1979//1979 1938//1938 1974//1974
f 1979//1979 1974//1974 1977//1977
f 1977//1977 1974//1974 1972//1972
f 1977//1977 1972//1972 1975//1975
f 1975//1975 1972//1972 1970//1970
f 1975//1975 1970//1970 1772//1772
f 1772//1772 1970//1970 1770//1770
f 1946//1946 1944//1944 1983//1983
f 1983//1983 1944//1944 1942//1942
f 1983//1983 1942//1942 1940//1940
f 1992//1992 1948//1948 1989//1989
f 1989//1989 1948//1948 1946//1946
f 1989//1989 1946//1946 1988//1988
f 1988//1988 1946//1946 1983//1983
f 1988//1988 1983//1983 1986//1986
f 1986//1986 1983//1983 1982//1982
f 1986//1986 1982//1982 1984//1984
f 1984//1984 1982//1982 1981//1981
f 1984//1984 1981//1981 1715//1715
f 1715//1715 1981//1981 1713//1713
f 1954//1954 1952//1952 1992//1992
f 1992//1992 1952//1952 1950//1950
f 1992//1992 1950//1950 1948//1948
f 2001//2001 1956//1956 1998//1998
f 1998//1998 1956//1956 1954//1954
f 1998//1998 1954//1954 1997//1997
f 1997//1997 1954//1954 1992//1992
f 1997//1997 1992//1992 1995//1995
f 1995//1995 1992//1992 1991//1991
f 1995//1995 1991//1991 1993//1993
f 1993//1993 1991//1991 1990//1990
f 1993//1993 1990//1990 1721//1721
f 1721//1721 1990//1990 1719//1719
f 1962//1962 1960//1960 2001//2001
f 2001//2001 1960//1960 1958//1958
f 2001//2001 1958//1958 1956//1956
f 2010//2010 1964//1964 2007//2007
f 2007//2007 1964//1964 1962//1962
f 2007//2007 1962//1962 2006//2006
f 2006//2006 1962//1962 2001//2001
f 2006//2006 2001//2001 2004//2004
f 2004//2004 2001//2001 2000//2000
f 2004//2004 2000//2000 2002//2002
f 2002//2002 2000//2000 1999//1999
f 2002//2002 1999//1999 1727//1727
f 1727//1727 1999//1999 1725//1725
f 1890//1890 1968//1968 2010//2010
f 2010//2010 1968//1968 1966//1966
f 2010//2010 1966//1966 1964//1964
f 2019//2019 1892//1892 2016//2016
f 2016//2016 1892//1892 1890//1890
f 2016//2016 1890//1890 2015//2015
f 2015//2015 1890//1890 2010//2010
f 2015//2015 2010//2010 2013//2013
f 2013//2013 2010//2010 2009//2009
f 2013//2013 2009//2009 2011//2011
f 2011//2011 2009//2009 2008//2008
f 2011//2011 2008//2008 1749//1749
f 1749//1749 2008//2008 1747//1747
f 1898//1898 1896//1896 2019//2019
f 2019//2019 1896//1896 1894//1894
f 2019//2019 1894//1894 1892//1892
f 2028//2028 1900//1900 2025//2025
f 2025//2025 1900//1900 1898//1898
f 2025//2025 1898//1898 2024//2024
f 2024//2024 1898//1898 2019//2019
f 2024//2024 2019//2019 2022//2022
f 2022//2022 2019//2019 2018//2018
f 2022//2022 2018//2018 2020//2020
f 2020//2020 2018//2018 2017//2017
f 2020//2020 2017//2017 1755//1755
f 1755//1755 2017//2017 1753//1753
f 1906//1906 1904//1904 2028//2028
f 2028//2028 1904//1904 1902//1902
f 2028//2028 1902//1902 1900//1900
f 2037//2037 1908//1908 2034//2034
f 2034//2034 1908//1908 1906//1906
f 2034//2034 1906//1906 2033//2033
f 2033//2033 1906//1906 2028//2028
f 2033//2033 2028//2028 2031//2031
f 2031//2031 2028//2028 2027//2027
f 2031//2031 2027//2027 2029//2029
f 2029//2029 2027//2027 2026//2026
f 2029//2029 2026//2026 1730//1730
f 1730//1730 2026//2026 1728//1728
f 1914//1914 1912//1912 2037//2037
f 2037//2037 1912//1912 1910//1910
f 2037//2037 1910//1910 1908//1908
f 2046//2046 1916//1916 2043//2043
f 2043//2043 1916//1916 1914//1914
f 2043//2043 1914//1914 2042//2042
f 2042//2042 1914//1914 2037//2037
f 2042//2042 2037//2037 2040//2040
f 2040//2040 2037//2037 2036//2036
f 2040//2040 2036//2036 2038//2038
f 2038//2038 2036//2036 2035//2035
f 2038//2038 2035//2035 1736//1736
f 1736//1736 2035//2035 1734//1734
f 1922//1922 1920//1920 2046//2046
f 2046//2046 1920//1920 1918//1918
f 2046//2046 1918//1918 1916//1916
f 2055//2055 1924//1924 2052//2052
f 2052//2052 1924//1924 1922//1922
f 2052//2052 1922//1922 2051//2051
f 2051//2051 1922//1922 2046//2046
f 2051//2051 2046//2046 2049//2049
f 2049//2049 2046//2046 2045//2045
f 2049//2049 2045//2045 2047//2047
f 2047//2047 2045//2045 2044//2044
f 2047//2047 2044//2044 1742//1742
f 1742//1742 2044//2044 1740//1740
f 1930//1930 1928//1928 2055//2055
f 2055//2055 1928//1928 1926//1926
f 2055//2055 1926//1926 1924//1924
f 1936//1936 1934//1934 1974//1974
f 1974//1974 1934//1934 1932//1932
f 1974//1974 1932//1932 1973//1973
f 1973//1973 1932//1932 1930//1930
f 1973//1973 1930//1930 2058//2058
f 2058//2058 1930//1930 2055//2055
f 2058//2058 2055//2055 2057//2057
f 2057//2057 2055//2055 2054//2054
f 2057//2057 2054//2054 2056//2056
f 2056//2056 2054//2054 2053//2053
f 2056//2056 2053//2053 1766//1766
f 1766//1766 2053//2053 1764//1764
f 2059//2059 1939//1939 2060//2060
f 2060//2060 1939//1939 1941//1941
f 2060//2060 1941//1941 2061//2061
f 2061//2061 1941//1941 1943//1943
f 2061//2061 1943//1943 2062//2062
f 1943//1943 1945//1945 2062//2062
f 2062//2062 1945//1945 1947//1947
f 2062//2062 1947//1947 2063//2063
f 2063//2063 1947//1947 1949//1949
f 2063//2063 1949//1949 2064//2064
f 2064//2064 1949//1949 1951//1951
f 2064//2064 1951//1951 2065//2065
f 1951//1951 1953//1953 2065//2065
f 2065//2065 1953//1953 1955//1955
f 2065//2065 1955//1955 2066//2066
f 2066//2066 1955//1955 1957//1957
f 2066//2066 1957//1957 2067//2067
f 2067//2067 1957//1957 1959//1959
f 2067//2067 1959//1959 2068//2068
f 1959//1959 1961//1961 2068//2068
f 2068//2068 1961//1961 1963//1963
f 2068//2068 1963//1963 2069//2069
f 2069//2069 1963//1963 1965//1965
f 2069//2069 1965//1965 2070//2070
f 2070//2070 1965//1965 1967//1967
f 2070//2070 1967//1967 2071//2071
f 1967//1967 1889//1889 2071//2071
f 2071//2071 1889//1889 1891//1891
f 2071//2071 1891//1891 2072//2072
f 2072//2072 1891//1891 1893//1893
f 2072//2072 1893//1893 2073//2073
f 2073//2073 1893//1893 1895//1895
f 2073//2073 1895//1895 2074//2074
f 1895//1895 1897//1897 2074//2074
f 2074//2074 1897//1897 1899//1899
f 2074//2074 1899//1899 2075//2075
f 2075//2075 1899//1899 1901//1901
f 2075//2075 1901//1901 2076//2076
f 2076//2076 1901//1901 1903//1903
f 2076//2076 1903//1903 2077//2077
f 1903//1903 1905//1905 2077//2077
f 2077//2077 1905//1905 1907//1907
f 2077//2077 1907//1907 2078//2078
f 2078//2078 1907//1907 1909//1909
f 2078//2078 1909//1909 2079//2079
f 2079//2079 1909//1909 1911//1911
f 2079//2079 1911//1911 2080//2080
f 1911//1911 1913//1913 2080//2080
f 2080//2080 1913//1913 1915//1915
f 2080//2080 1915//1915 2081//2081
f 2081//2081 1915//1915 1917//1917
f 2081//2081 1917//1917 2082//2082
f 2082//2082 1917//1917 1919//1919
f 2082//2082 1919//1919 2083//2083
f 1919//1919 1921//1921 2083//2083
f 2083//2083 1921//1921 1923//1923
f 2083//2083 1923//1923 2084//2084
f 2084//2084 1923//1923 1925//1925
f 2084//2084 1925//1925 2085//2085
f 2085//2085 1925//1925 1927//1927
f 2085//2085 1927//1927 2086//2086
f 1927//1927 1929//1929 2086//2086
f 2086//2086 1929//1929 1931//1931
f 2086//2086 1931//1931 2087//2087
f 2087//2087 1931//1931 1933//1933
f 2087//2087 1933//1933 2088//2088
f 2088//2088 1933//1933 1935//1935
f 2088//2088 1935//1935 2059//2059
f 2059//2059 1935//1935 1937//1937
f 2059//2059 1937//1937 1939//1939
f 2087//2087 2089//2089 2086//2086
f 2086//2086 2089//2089 2090//2090
f 2086//2086 2090//2090 2085//2085
f 2085//2085 2090//2090 2091//2091
f 2085//2085 2091//2091 2084//2084
f 2084//2084 2091//2091 2092//2092
f 2084//2084 2092//2092 2083//2083
f 2083//2083 2092//2092 2093//2093
f 2083//2083 2093//2093 2082//2082
f 2082//2082 2093//2093 2094//2094
f 2082//2082 2094//2094 2081//2081
f 2081//2081 2094//2094 2095//2095
f 2081//2081 2095//2095 2080//2080
f 2080//2080 2095//2095 2096//2096
f 2080//2080 2096//2096 2079//2079
f 2079//2079 2096//2096 2097//2097
f 2079//2079 2097//2097 2078//2078
f 2078//2078 2097//2097 2098//2098
f 2078//2078 2098//2098 2077//2077
f 2077//2077 2098//2098 2099//2099
f 2077//2077 2099//2099 2076//2076
f 2076//2076 2099//2099 2100//2100
f 2076//2076 2100//2100 2075//2075
f 2075//2075 2100//2100 2101//2101
f 2075//2075 2101//2101 2074//2074
f 2074//2074 2101//2101 2102//2102
f 2074//2074 2102//2102 2073//2073
f 2073//2073 2102//2102 2103//2103
f 2073//2073 2103//2103 2072//2072
f 2072//2072 2103//2103 2104//2104
f 2072//2072 2104//2104 2071//2071
f 2071//2071 2104//2104 2105//2105
f 2071//2071 2105//2105 2070//2070
f 2070//2070 2105//2105 2106//2106
f 2070//2070 2106//2106 2069//2069
f 2069//2069 2106//2106 2107//2107
f 2069//2069 2107//2107 2068//2068
f 2068//2068 2107//2107 2108//2108
f 2068//2068 2108//2108 2067//2067
f 2067//2067 2108//2108 2109//2109
f 2067//2067 2109//2109 2066//2066
f 2066//2066 2109//2109 2110//2110
f 2066//2066 2110//2110 2065//2065
f 2065//2065 2110//2110 2111//2111
f 2065//2065 2111//2111 2064//2064
f 2064//2064 2111//2111 2112//2112
f 2064//2064 2112//2112 2063//2063
f 2063//2063 2112//2112 2113//2113
f 2063//2063 2113//2113 2062//2062
f 2062//2062 2113//2113 2114//2114
f 2062//2062 2114//2114 2061//2061
f 2061//2061 2114//2114 2115//2115
f 2061//2061 2115//2115 2060//2060
f 2060//2060 2115//2115 2116//2116
f 2060//2060 2116//2116 2059//2059
f 2059//2059 2116//2116 2117//2117
f 2059//2059 2117//2117 2088//2088
f 2088//2088 2117//2117 2118//2118
f 2088//2088 2118//2118 2087//2087
f 2087//2087 2118//2118 2089//2089
f 2118//2118 2119//2119 2089//2089
f 2089//2089 2119//2119 2120//2120
f 2089//2089 2120//2120 2090//2090
f 2090//2090 2120//2120 2121//2121
f 2090//2090 2121//2121 2091//2091
f 2091//2091 2121//2121 2122//2122
f 2091//2091 2122//2122 2092//2092
f 2092//2092 2122//2122 2123//2123
f 2092//2092 2123//2123 2093//2093
f 2093//2093 2123//2123 2124//2124
f 2093//2093 2124//2124 2094//2094
f 2094//2094 2124//2124 2125//2125
f 2094//2094 2125//2125 2095//2095
f 2095//2095 2125//2125 2126//2126
f 2095//2095 2126//2126 2096//2096
f 2096//2096 2126//2126 2127//2127
f 2096//2096 2127//2127 2097//2097
f 2097//2097 2127//2127 2128//2128
f 2097//2097 2128//2128 2098//2098
f 2098//2098 2128//2128 2129//2129
f 2098//2098 2129//2129 2099//2099
f 2099//2099 2129//2129 2130//2130
f 2099//2099 2130//2130 2100//2100
f 2100//2100 2130//2130 2131//2131
f 2100//2100 2131//2131 2101//2101
f 2101//2101 2131//2131 2132//2132
f 2101//2101 2132//2132 2102//2102
f 2102//2102 2132//2132 2133//2133
f 2102//2102 2133//2133 2103//2103
f 2103//2103 2133//2133 2134//2134
f 2103//2103 2134//2134 2104//2104
f 2104//2104 2134//2134 2135//2135
f 2104//2104 2135//2135 2105//2105
f 2105//2105 2135//2135 2136//2136
f 2105//2105 2136//2136 2106//2106
f 2106//2106 2136//2136 2137//2137
f 2106//2106 2137//2137 2107//2107
f 2107//2107 2137//2137 2138//2138
f 2107//2107 2138//2138 2108//2108
f 2108//2108 2138//2138 2139//2139
f 2108//2108 2139//2139 2109//2109
f 2109//2109 2139//2139 2140//2140
f 2109//2109 2140//2140 2110//2110
f 2110//2110 2140//2140 2141//2141
f 2110//2110 2141//2141 2111//2111
f 2111//2111 2141//2141 2142//2142
f 2111//2111 2142//2142 2112//2112
f 2112//2112 2142//2142 2143//2143
f 2112//2112 2143//2143 2113//2113
f 2113//2113 2143//2143 2144//2144
f 2113//2113 2144//2144 2114//2114
f 2114//2114 2144//2144 2145//2145
f 2114//2114 2145//2145 2115//2115
f 2115//2115 2145//2145 2146//2146
f 2115//2115 2146//2146 2116//2116
f 2116//2116 2146//2146 2147//2147
f 2116//2116 2147//2147 2117//2117
f 2117//2117 2147//2147 2148//2148
f 2117//2117 2148//2148 2118//2118
f 2118//2118 2148//2148 2119//2119
f 2148//2148 1674//1674 2119//2119
f 2119//2119 1674//1674 1676//1676
f 2119//2119 1676//1676 2120//2120
f 2120//2120 1676//1676 1678//1678
f 2120//2120 1678//1678 2121//2121
f 2121//2121 1678//1678 1649//1649
f 2121//2121 1649//1649 2122//2122
f 2122//2122 1649//1649 1651//1651
f 2122//2122 1651//1651 2123//2123
f 2123//2123 1651//1651 1653//1653
f 2123//2123 1653//1653 2124//2124
f 2124//2124 1653//1653 1655//1655
f 2124//2124 1655//1655 2125//2125
f 2125//2125 1655//1655 1657//1657
f 2125//2125 1657//1657 2126//2126
f 2126//2126 1657//1657 1659//1659
f 2126//2126 1659//1659 2127//2127
f 2127//2127 1659//1659 1661//1661
f 2127//2127 1661//1661 2128//2128
f 2128//2128 1661//1661 1663//1663
f 2128//2128 1663//1663 2129//2129
f 2129//2129 1663//1663 1698//1698
f 2129//2129 1698//1698 2130//2130
f 2130//2130 1698//1698 1700//1700
f 2130//2130 1700//1700 2131//2131
f 2131//2131 1700//1700 1702//1702
f 2131//2131 1702//1702 2132//2132
f 2132//2132 1702//1702 1704//1704
f 2132//2132 1704//1704 2133//2133
f 2133//2133 1704//1704 1706//1706
f 2133//2133 1706//1706 2134//2134
f 2134//2134 1706//1706 1708//1708
f 2134//2134 1708//1708 2135//2135
f 2135//2135 1708//1708 1710//1710
f 2135//2135 1710//1710 2136//2136
f 2136//2136 1710//1710 1681//1681
f 2136//2136 1681//1681 2137//2137
f 2137//2137 1681//1681 1683//1683
f 2137//2137 1683//1683 2138//2138
f 2138//2138 1683//1683 1685//1685
f 2138//2138 1685//1685 2139//2139
f 2139//2139 1685//1685 1687//1687
f 2139//2139 1687//1687 2140//2140
f 2140//2140 1687//1687 1689//1689
f 2140//2140 1689//1689 2141//2141
f 2141//2141 1689//1689 1691//1691
f 2141//2141 1691//1691 2142//2142
f 2142//2142 1691//1691 1693//1693
f 2142//2142 1693//1693 2143//2143
f 2143//2143 1693//1693 1664//1664
f 2143//2143 1664//1664 2144//2144
f 2144//2144 1664//1664 1666//1666
f 2144//2144 1666//1666 2145//2145
f 2145//2145 1666//1666 1668//1668
f 2145//2145 1668//1668 2146//2146
f 2146//2146 1668//1668 1670//1670
f 2146//2146 1670//1670 2147//2147
f 2147//2147 1670//1670 1672//1672
f 2147//2147 1672//1672 2148//2148
f 2148//2148 1672//1672 1674//1674
f 1828//1828 2149//2149 2150//2150
f 1828//1828 1826//1826 2149//2149
f 2149//2149 1826//1826 1824//1824
f 2149//2149 1824//1824 2151//2151
f 2151//2151 1824//1824 1822//1822
f 2151//2151 1822//1822 2152//2152
f 2152//2152 1822//1822 1820//1820
f 2152//2152 1820//1820 2153//2153
f 2153//2153 1820//1820 1818//1818
f 1818//1818 1816//1816 2153//2153
f 2153//2153 1816//1816 1814//1814
f 2153//2153 1814//1814 2154//2154
f 2154//2154 1814//1814 1812//1812
f 2154//2154 1812//1812 2155//2155
f 1812//1812 1810//1810 2155//2155
f 2155//2155 1810//1810 1808//1808
f 2155//2155 1808//1808 2156//2156
f 1808//1808 1806//1806 2156//2156
f 2156//2156 1806//1806 1804//1804
f 2156//2156 1804//1804 2157//2157
f 1804//1804 1802//1802 2157//2157
f 2157//2157 1802//1802 1800//1800
f 2157//2157 1800//1800 2158//2158
f 2158//2158 1800//1800 1798//1798
f 2158//2158 1798//1798 2159//2159
f 1798//1798 1796//1796 2159//2159
f 2159//2159 1796//1796 1794//1794
f 2159//2159 1794//1794 2160//2160
f 1794//1794 1792//1792 2160//2160
f 2160//2160 1792//1792 1790//1790
f 2160//2160 1790//1790 2161//2161
f 2161//2161 1790//1790 1788//1788
f 2161//2161 1788//1788 2162//2162
f 2162//2162 1788//1788 1786//1786
f 2162//2162 1786//1786 2163//2163
f 2163//2163 1786//1786 1784//1784
f 1784//1784 1782//1782 2163//2163
f 2163//2163 1782//1782 1780//1780
f 2163//2163 1780//1780 2164//2164
f 2164//2164 1780//1780 1778//1778
f 2164//2164 1778//1778 2165//2165
f 2165//2165 1778//1778 1888//1888
f 2165//2165 1888//1888 2166//2166
f 1888//1888 1886//1886 2166//2166
f 2166//2166 1886//1886 1884//1884
f 2166//2166 1884//1884 2167//2167
f 1884//1884 1882//1882 2167//2167
f 2167//2167 1882//1882 1880//1880
f 2167//2167 1880//1880 2168//2168
f 2168//2168 1880//1880 1878//1878
f 2168//2168 1878//1878 2169//2169
f 2169//2169 1878//1878 1876//1876
f 2169//2169 1876//1876 2170//2170
f 2170//2170 1876//1876 1874//1874
f 1874//1874 1872//1872 2170//2170
f 2170//2170 1872//1872 1870//1870
f 2170//2170 1870//1870 2171//2171
f 2171//2171 1870//1870 1868//1868
f 2171//2171 1868//1868 2172//2172
f 1868//1868 1866//1866 2172//2172
f 2172//2172 1866//1866 1864//1864
f 2172//2172 1864//1864 2173//2173
f 1864//1864 1862//1862 2173//2173
f 2173//2173 1862//1862 1860//1860
f 2173//2173 1860//1860 2174//2174
f 1860//1860 1858//1858 2174//2174
f 2174//2174 1858//1858 1856//1856
f 2174//2174 1856//1856 2175//2175
f 2175//2175 1856//1856 1854//1854
f 2175//2175 1854//1854 2176//2176
f 1854//1854 1852//1852 2176//2176
f 2176//2176 1852//1852 1850//1850
f 2176//2176 1850//1850 2177//2177
f 1850//1850 1848//1848 2177//2177
f 2177//2177 1848//1848 1846//1846
f 2177//2177 1846//1846 2178//2178
f 2178//2178 1846//1846 1844//1844
f 2178//2178 1844//1844 2179//2179
f 2179//2179 1844//1844 1842//1842
f 2179//2179 1842//1842 2180//2180
f 2180//2180 1842//1842 1840//1840
f 1840//1840 1838//1838 2180//2180
f 2180//2180 1838//1838 1836//1836
f 2180//2180 1836//1836 2181//2181
f 2181//2181 1836//1836 1834//1834
f 2181//2181 1834//1834 2182//2182
f 2182//2182 1834//1834 1832//1832
f 2182//2182 1832//1832 2150//2150
f 2150//2150 1832//1832 1830//1830
f 2150//2150 1830//1830 1828//1828
f 2181//2181 2183//2183 2180//2180
f 2180//2180 2183//2183 2184//2184
f 2180//2180 2184//2184 2179//2179
f 2179//2179 2184//2184 2185//2185
f 2179//2179 2185//2185 2178//2178
f 2178//2178 2185//2185 2186//2186
f 2178//2178 2186//2186 2177//2177
f 2177//2177 2186//2186 2187//2187
f 2177//2177 2187//2187 2176//2176
f 2176//2176 2187//2187 2188//2188
f 2176//2176 2188//2188 2175//2175
f 2175//2175 2188//2188 2189//2189
f 2175//2175 2189//2189 2174//2174
f 2174//2174 2189//2189 2190//2190
f 2174//2174 2190//2190 2173//2173
f 2173//2173 2190//2190 2191//2191
f 2173//2173 2191//2191 2172//2172
f 2172//2172 2191//2191 2192//2192
f 2172//2172 2192//2192 2171//2171
f 2171//2171 2192//2192 2193//2193
f 2171//2171 2193//2193 2170//2170
f 2170//2170 2193//2193 2194//2194
f 2170//2170 2194//2194 2169//2169
f 2169//2169 2194//2194 2195//2195
f 2169//2169 2195//2195 2168//2168
f 2168//2168 2195//2195 2196//2196
f 2168//2168 2196//2196 2167//2167
f 2167//2167 2196//2196 2197//2197
f 2167//2167 2197//2197 2166//2166
f 2166//2166 2197//2197 2198//2198
f 2166//2166 2198//2198 2165//2165
f 2165//2165 2198//2198 2199//2199
f 2165//2165 2199//2199 2164//2164
f 2164//2164 2199//2199 2200//2200
f 2164//2164 2200//2200 2163//2163
f 2163//2163 2200//2200 2201//2201
f 2163//2163 2201//2201 2162//2162
f 2162//2162 2201//2201 2202//2202
f 2162//2162 2202//2202 2161//2161
f 2161//2161 2202//2202 2203//2203
f 2161//2161 2203//2203 2160//2160
f 2160//2160 2203//2203 2204//2204
f 2160//2160 2204//2204 2159//2159
f 2159//2159 2204//2204 2205//2205
f 2159//2159 2205//2205 2158//2158
f 2158//2158 2205//2205 2206//2206
f 2158//2158 2206//2206 2157//2157
f 2157//2157 2206//2206 2207//2207
f 2157//2157 2207//2207 2156//2156
f 2156//2156 2207//2207 2208//2208
f 2156//2156 2208//2208 2155//2155
f 2155//2155 2208//2208 2209//2209
f 2155//2155 2209//2209 2154//2154
f 2154//2154 2209//2209 2210//2210
f 2154//2154 2210//2210 2153//2153
f 2153//2153 2210//2210 2211//2211
f 2153//2153 2211//2211 2152//2152
f 2152//2152 2211//2211 2212//2212
f 2152//2152 2212//2212 2151//2151
f 2151//2151 2212//2212 2213//2213
f 2151//2151 2213//2213 2149//2149
f 2149//2149 2213//2213 2214//2214
f 2149//2149 2214//2214 2150//2150
f 2150//2150 2214//2214 2215//2215
f 2150//2150 2215//2215 2182//2182
f 2182//2182 2215//2215 2216//2216
f 2182//2182 2216//2216 2181//2181
f 2181//2181 2216//2216 2183//2183
f 2216//2216 2217//2217 2183//2183
f 2183//2183 2217//2217 2218//2218
f 2183//2183 2218//2218 2184//2184
f 2184//2184 2218//2218 2219//2219
f 2184//2184 2219//2219 2185//2185
f 2185//2185 2219//2219 2220//2220
f 2185//2185 2220//2220 2186//2186
f 2186//2186 2220//2220 2221//2221
f 2186//2186 2221//2221 2187//2187
f 2187//2187 2221//2221 2222//2222
f 2187//2187 2222//2222 2188//2188
f 2188//2188 2222//2222 2223//2223
f 2188//2188 2223//2223 2189//2189
f 2189//2189 2223//2223 2224//2224
f 2189//2189 2224//2224 2190//2190
f 2190//2190 2224//2224 2225//2225
f 2190//2190 2225//2225 2191//2191
f 2191//2191 2225//2225 2226//2226
f 2191//2191 2226//2226 2192//2192
f 2192//2192 2226//2226 2227//2227
f 2192//2192 2227//2227 2193//2193
f 2193//2193 2227//2227 2228//2228
f 2193//2193 2228//2228 2194//2194
f 2194//2194 2228//2228 2229//2229
f 2194//2194 2229//2229 2195//2195
f 2195//2195 2229//2229 2230//2230
f 2195//2195 2230//2230 2196//2196
f 2196//2196 2230//2230 2231//2231
f 2196//2196 2231//2231 2197//2197
f 2197//2197 2231//2231 2232//2232
f 2197//2197 2232//2232 2198//2198
f 2198//2198 2232//2232 2233//2233
f 2198//2198 2233//2233 2199//2199
f 2199//2199 2233//2233 2234//2234
f 2199//2199 2234//2234 2200//2200
f 2200//2200 2234//2234 2235//2235
f 2200//2200 2235//2235 2201//2201
f 2201//2201 2235//2235 2236//2236
f 2201//2201 2236//2236 2202//2202
f 2202//2202 2236//2236 2237//2237
f 2202//2202 2237//2237 2203//2203
f 2203//2203 2237//2237 2238//2238
f 2203//2203 2238//2238 2204//2204
f 2204//2204 2238//2238 2239//2239
f 2204//2204 2239//2239 2205//2205
f 2205//2205 2239//2239 2240//2240
f 2205//2205 2240//2240 2206//2206
f 2206//2206 2240//2240 2241//2241
f 2206//2206 2241//2241 2207//2207
f 2207//2207 2241//2241 2242//2242
f 2207//2207 2242//2242 2208//2208
f 2208//2208 2242//2242 2243//2243
f 2208//2208 2243//2243 2209//2209
f 2209//2209 2243//2243 2244//2244
f 2209//2209 2244//2244 2210//2210
f 2210//2210 2244//2244 2245//2245
f 2210//2210 2245//2245 2211//2211
f 2211//2211 2245//2245 2246//2246
f 2211//2211 2246//2246 2212//2212
f 2212//2212 2246//2246 2247//2247
f 2212//2212 2247//2247 2213//2213
f 2213//2213 2247//2247 2248//2248
f 2213//2213 2248//2248 2214//2214
f 2214//2214 2248//2248 2249//2249
f 2214//2214 2249//2249 2215//2215
f 2215//2215 2249//2249 2250//2250
f 2215//2215 2250//2250 2216//2216
f 2216//2216 2250//2250 2217//2217
f 2250//2250 1767//1767 2217//2217
f 2217//2217 1767//1767 1765//1765
f 2217//2217 1765//1765 2218//2218
f 2218//2218 1765//1765 1763//1763
f 2218//2218 1763//1763 2219//2219
f 2219//2219 1763//1763 1761//1761
f 2219//2219 1761//1761 2220//2220
f 2220//2220 1761//1761 1760//1760
f 2220//2220 1760//1760 2221//2221
f 2221//2221 1760//1760 1741//1741
f 2221//2221 1741//1741 2222//2222
f 2222//2222 1741//1741 1739//1739
f 2222//2222 1739//1739 2223//2223
f 2223//2223 1739//1739 1737//1737
f 2223//2223 1737//1737 2224//2224
f 2224//2224 1737//1737 1735//1735
f 2224//2224 1735//1735 2225//2225
f 2225//2225 1735//1735 1733//1733
f 2225//2225 1733//1733 2226//2226
f 2226//2226 1733//1733 1731//1731
f 2226//2226 1731//1731 2227//2227
f 2227//2227 1731//1731 1729//1729
f 2227//2227 1729//1729 2228//2228
f 2228//2228 1729//1729 1759//1759
f 2228//2228 1759//1759 2229//2229
f 2229//2229 1759//1759 1758//1758
f 2229//2229 1758//1758 2230//2230
f 2230//2230 1758//1758 1756//1756
f 2230//2230 1756//1756 2231//2231
f 2231//2231 1756//1756 1754//1754
f 2231//2231 1754//1754 2232//2232
f 2232//2232 1754//1754 1752//1752
f 2232//2232 1752//1752 2233//2233
f 2233//2233 1752//1752 1750//1750
f 2233//2233 1750//1750 2234//2234
f 2234//2234 1750//1750 1748//1748
f 2234//2234 1748//1748 2235//2235
f 2235//2235 1748//1748 1746//1746
f 2235//2235 1746//1746 2236//2236
f 2236//2236 1746//1746 1744//1744
f 2236//2236 1744//1744 2237//2237
f 2237//2237 1744//1744 1743//1743
f 2237//2237 1743//1743 2238//2238
f 2238//2238 1743//1743 1726//1726
f 2238//2238 1726//1726 2239//2239
f 2239//2239 1726//1726 1724//1724
f 2239//2239 1724//1724 2240//2240
f 2240//2240 1724//1724 1722//1722
f 2240//2240 1722//1722 2241//2241
f 2241//2241 1722//1722 1720//1720
f 2241//2241 1720//1720 2242//2242
f 2242//2242 1720//1720 1718//1718
f 2242//2242 1718//1718 2243//2243
f 2243//2243 1718//1718 1716//1716
f 2243//2243 1716//1716 2244//2244
f 2244//2244 1716//1716 1714//1714
f 2244//2244 1714//1714 2245//2245
f 2245//2245 1714//1714 1776//1776
f 2245//2245 1776//1776 2246//2246
f 2246//2246 1776//1776 1775//1775
f 2246//2246 1775//1775 2247//2247
f 2247//2247 1775//1775 1773//1773
f 2247//2247 1773//1773 2248//2248
f 2248//2248 1773//1773 1771//1771
f 2248//2248 1771//1771 2249//2249
f 2249//2249 1771//1771 1769//1769
f 2249//2249 1769//1769 2250//2250
f 2250//2250 1769//1769 1767//1767
f 1849//1849 1851//1851 2251//2251
f 1859//1859 1861//1861 2252//2252
f 1867//1867 1869//1869 2253//2253
f 1873//1873 1875//1875 2254//2254
f 1783//1783 1785//1785 2255//2255
f 1803//1803 1805//1805 2256//2256
f 1811//1811 1813//1813 2257//2257
f 1817//1817 1819//1819 2258//2258
f 1821//1821 1823//1823 2259//2259
f 2260//2260 1675//1675 1673//1673
f 2261//2261 1673//1673 1671//1671
f 2261//2261 1671//1671 2262//2262
f 2262//2262 1671//1671 1669//1669
f 2262//2262 1669//1669 2263//2263
f 1677//1677 1675//1675 2264//2264
f 2264//2264 1675//1675 2260//2260
f 2264//2264 2260//2260 2265//2265
f 1679//1679 1677//1677 2266//2266
f 2266//2266 1677//1677 2264//2264
f 2266//2266 2264//2264 2267//2267
f 2267//2267 2264//2264 2265//2265
f 2267//2267 2265//2265 2268//2268
f 2269//2269 2261//2261 2270//2270
f 2270//2270 2261//2261 2262//2262
f 2270//2270 2262//2262 2271//2271
f 2271//2271 2262//2262 2263//2263
f 2271//2271 2263//2263 2272//2272
f 1690//1690 1688//1688 2273//2273
f 2273//2273 1688//1688 2274//2274
f 2273//2273 2274//2274 2275//2275
f 2275//2275 2274//2274 2276//2276
f 2275//2275 2276//2276 2277//2277
f 2277//2277 2276//2276 2256//2256
f 1684//1684 1682//1682 2278//2278
f 2278//2278 1682//1682 2279//2279
f 2278//2278 2279//2279 2280//2280
f 2280//2280 2279//2279 2281//2281
f 2280//2280 2281//2281 2282//2282
f 2282//2282 2281//2281 2283//2283
f 1682//1682 1712//1712 2279//2279
f 2279//2279 1712//1712 2284//2284
f 2279//2279 2284//2284 2281//2281
f 2281//2281 2284//2284 2285//2285
f 2281//2281 2285//2285 2283//2283
f 2283//2283 2285//2285 2286//2286
f 1712//1712 1711//1711 2284//2284
f 2284//2284 1711//1711 2287//2287
f 2284//2284 2287//2287 2285//2285
f 2285//2285 2287//2287 2288//2288
f 2285//2285 2288//2288 2286//2286
f 2286//2286 2288//2288 2289//2289
f 1703//1703 1701//1701 2290//2290
f 2290//2290 1701//1701 2291//2291
f 2290//2290 2291//2291 2292//2292
f 2292//2292 2291//2291 2293//2293
f 2292//2292 2293//2293 2294//2294
f 2294//2294 2293//2293 2295//2295
f 1701//1701 1699//1699 2291//2291
f 2291//2291 1699//1699 2296//2296
f 2291//2291 2296//2296 2293//2293
f 2293//2293 2296//2296 2297//2297
f 2293//2293 2297//2297 2295//2295
f 2295//2295 2297//2297 2298//2298
f 1699//1699 1697//1697 2296//2296
f 2296//2296 1697//1697 2299//2299
f 2296//2296 2299//2299 2297//2297
f 2297//2297 2299//2299 2300//2300
f 2297//2297 2300//2300 2298//2298
f 2298//2298 2300//2300 2301//2301
f 1658//1658 1656//1656 2302//2302
f 2302//2302 1656//1656 2303//2303
f 2302//2302 2303//2303 2304//2304
f 2304//2304 2303//2303 2305//2305
f 2304//2304 2305//2305 2306//2306
f 2306//2306 2305//2305 2252//2252
f 1652//1652 1650//1650 2307//2307
f 2307//2307 1650//1650 2308//2308
f 2307//2307 2308//2308 2309//2309
f 2309//2309 2308//2308 2310//2310
f 2309//2309 2310//2310 2311//2311
f 2311//2311 2310//2310 2251//2251
f 2312//2312 2269//2269 2313//2313
f 2313//2313 2269//2269 2270//2270
f 2313//2313 2270//2270 2314//2314
f 2314//2314 2270//2270 2271//2271
f 2314//2314 2271//2271 2315//2315
f 2315//2315 2271//2271 2272//2272
f 2315//2315 2272//2272 2316//2316
f 1831//1831 2315//2315 1829//1829
f 1829//1829 2315//2315 2316//2316
f 1829//1829 2316//2316 1827//1827
f 1825//1825 1827//1827 2317//2317
f 2317//2317 1827//1827 2316//2316
f 2317//2317 2316//2316 2318//2318
f 2318//2318 2316//2316 2272//2272
f 2318//2318 2272//2272 2319//2319
f 2319//2319 2272//2272 2263//2263
f 2319//2319 2263//2263 1667//1667
f 1667//1667 2263//2263 1669//1669
f 1667//1667 1665//1665 2319//2319
f 2319//2319 1665//1665 2320//2320
f 2319//2319 2320//2320 2318//2318
f 2318//2318 2320//2320 2321//2321
f 2318//2318 2321//2321 2317//2317
f 2317//2317 2321//2321 2259//2259
f 2317//2317 2259//2259 1825//1825
f 1825//1825 2259//2259 1823//1823
f 1819//1819 1821//1821 2258//2258
f 2258//2258 1821//1821 2259//2259
f 2258//2258 2259//2259 2322//2322
f 2322//2322 2259//2259 2321//2321
f 2322//2322 2321//2321 2323//2323
f 2323//2323 2321//2321 2320//2320
f 2323//2323 2320//2320 1695//1695
f 1695//1695 2320//2320 1665//1665
f 1815//1815 1817//1817 2324//2324
f 2324//2324 1817//1817 2258//2258
f 2324//2324 2258//2258 2325//2325
f 2325//2325 2258//2258 2322//2322
f 2325//2325 2322//2322 2326//2326
f 2326//2326 2322//2322 2323//2323
f 2326//2326 2323//2323 1694//1694
f 1694//1694 2323//2323 1695//1695
f 1694//1694 1692//1692 2326//2326
f 2326//2326 1692//1692 2327//2327
f 2326//2326 2327//2327 2325//2325
f 2325//2325 2327//2327 2328//2328
f 2325//2325 2328//2328 2324//2324
f 2324//2324 2328//2328 2257//2257
f 2324//2324 2257//2257 1815//1815
f 1815//1815 2257//2257 1813//1813
f 1809//1809 1811//1811 2277//2277
f 2277//2277 1811//1811 2257//2257
f 2277//2277 2257//2257 2275//2275
f 2275//2275 2257//2257 2328//2328
f 2275//2275 2328//2328 2273//2273
f 2273//2273 2328//2328 2327//2327
f 2273//2273 2327//2327 1690//1690
f 1690//1690 2327//2327 1692//1692
f 2256//2256 1805//1805 2277//2277
f 2277//2277 1805//1805 1807//1807
f 2277//2277 1807//1807 1809//1809
f 1801//1801 1803//1803 2329//2329
f 2329//2329 1803//1803 2256//2256
f 2329//2329 2256//2256 2330//2330
f 2330//2330 2256//2256 2276//2276
f 2330//2330 2276//2276 2331//2331
f 2331//2331 2276//2276 2274//2274
f 2331//2331 2274//2274 1686//1686
f 1686//1686 2274//2274 1688//1688
f 1686//1686 1684//1684 2331//2331
f 2331//2331 1684//1684 2278//2278
f 2331//2331 2278//2278 2330//2330
f 2330//2330 2278//2278 2280//2280
f 2330//2330 2280//2280 2329//2329
f 2329//2329 2280//2280 2282//2282
f 2329//2329 2282//2282 1801//1801
f 1801//1801 2282//2282 1799//1799
f 1787//1787 1789//1789 2289//2289
f 2289//2289 1789//1789 1791//1791
f 2289//2289 1791//1791 2286//2286
f 2286//2286 1791//1791 1793//1793
f 2286//2286 1793//1793 2283//2283
f 2283//2283 1793//1793 1795//1795
f 2283//2283 1795//1795 2282//2282
f 2282//2282 1795//1795 1797//1797
f 2282//2282 1797//1797 1799//1799
f 1785//1785 1787//1787 2255//2255
f 2255//2255 1787//1787 2289//2289
f 2255//2255 2289//2289 2332//2332
f 2332//2332 2289//2289 2288//2288
f 2332//2332 2288//2288 2333//2333
f 2333//2333 2288//2288 2287//2287
f 2333//2333 2287//2287 1709//1709
f 1709//1709 2287//2287 1711//1711
f 1781//1781 1783//1783 2334//2334
f 2334//2334 1783//1783 2255//2255
f 2334//2334 2255//2255 2335//2335
f 2335//2335 2255//2255 2332//2332
f 2335//2335 2332//2332 2336//2336
f 2336//2336 2332//2332 2333//2333
f 2336//2336 2333//2333 1707//1707
f 1707//1707 2333//2333 1709//1709
f 1707//1707 1705//1705 2336//2336
f 2336//2336 1705//1705 2337//2337
f 2336//2336 2337//2337 2335//2335
f 2335//2335 2337//2337 2338//2338
f 2335//2335 2338//2338 2334//2334
f 2334//2334 2338//2338 2339//2339
f 2334//2334 2339//2339 1781//1781
f 1781//1781 2339//2339 1779//1779
f 1705//1705 1703//1703 2337//2337
f 2337//2337 1703//1703 2290//2290
f 2337//2337 2290//2290 2338//2338
f 2338//2338 2290//2290 2292//2292
f 2338//2338 2292//2292 2339//2339
f 2339//2339 2292//2292 2294//2294
f 2339//2339 2294//2294 1779//1779
f 1779//1779 2294//2294 1777//1777
f 1877//1877 1879//1879 2301//2301
f 2301//2301 1879//1879 1881//1881
f 2301//2301 1881//1881 2298//2298
f 2298//2298 1881//1881 1883//1883
f 2298//2298 1883//1883 2295//2295
f 2295//2295 1883//1883 1885//1885
f 2295//2295 1885//1885 2294//2294
f 2294//2294 1885//1885 1887//1887
f 2294//2294 1887//1887 1777//1777
f 1875//1875 1877//1877 2254//2254
f 2254//2254 1877//1877 2301//2301
f 2254//2254 2301//2301 2340//2340
f 2340//2340 2301//2301 2300//2300
f 2340//2340 2300//2300 2341//2341
f 2341//2341 2300//2300 2299//2299
f 2341//2341 2299//2299 1696//1696
f 1696//1696 2299//2299 1697//1697
f 1871//1871 1873//1873 2342//2342
f 2342//2342 1873//1873 2254//2254
f 2342//2342 2254//2254 2343//2343
f 2343//2343 2254//2254 2340//2340
f 2343//2343 2340//2340 2344//2344
f 2344//2344 2340//2340 2341//2341
f 2344//2344 2341//2341 1662//1662
f 1662//1662 2341//2341 1696//1696
f 1662//1662 1660//1660 2344//2344
f 2344//2344 1660//1660 2345//2345
f 2344//2344 2345//2345 2343//2343
f 2343//2343 2345//2345 2346//2346
f 2343//2343 2346//2346 2342//2342
f 2342//2342 2346//2346 2253//2253
f 2342//2342 2253//2253 1871//1871
f 1871//1871 2253//2253 1869//1869
f 1865//1865 1867//1867 2306//2306
f 2306//2306 1867//1867 2253//2253
f 2306//2306 2253//2253 2304//2304
f 2304//2304 2253//2253 2346//2346
f 2304//2304 2346//2346 2302//2302
f 2302//2302 2346//2346 2345//2345
f 2302//2302 2345//2345 1658//1658
f 1658//1658 2345//2345 1660//1660
f 2252//2252 1861//1861 2306//2306
f 2306//2306 1861//1861 1863//1863
f 2306//2306 1863//1863 1865//1865
f 1857//1857 1859//1859 2347//2347
f 2347//2347 1859//1859 2252//2252
f 2347//2347 2252//2252 2348//2348
f 2348//2348 2252//2252 2305//2305
f 2348//2348 2305//2305 2349//2349
f 2349//2349 2305//2305 2303//2303
f 2349//2349 2303//2303 1654//1654
f 1654//1654 2303//2303 1656//1656
f 1654//1654 1652//1652 2349//2349
f 2349//2349 1652//1652 2307//2307
f 2349//2349 2307//2307 2348//2348
f 2348//2348 2307//2307 2309//2309
f 2348//2348 2309//2309 2347//2347
f 2347//2347 2309//2309 2311//2311
f 2347//2347 2311//2311 1857//1857
f 1857//1857 2311//2311 1855//1855
f 2251//2251 1851//1851 2311//2311
f 2311//2311 1851//1851 1853//1853
f 2311//2311 1853//1853 1855//1855
f 1847//1847 1849//1849 2350//2350
f 2350//2350 1849//1849 2251//2251
f 2350//2350 2251//2251 2351//2351
f 2351//2351 2251//2251 2310//2310
f 2351//2351 2310//2310 2352//2352
f 2352//2352 2310//2310 2308//2308
f 2352//2352 2308//2308 1680//1680
f 1680//1680 2308//2308 1650//1650
f 1680//1680 1679//1679 2352//2352
f 2352//2352 1679//1679 2266//2266
f 2352//2352 2266//2266 2351//2351
f 2351//2351 2266//2266 2267//2267
f 2351//2351 2267//2267 2350//2350
f 2350//2350 2267//2267 2268//2268
f 2350//2350 2268//2268 1847//1847
f 1847//1847 2268//2268 1845//1845
f 1673//1673 2261//2261 2260//2260
f 2260//2260 2261//2261 2269//2269
f 2260//2260 2269//2269 2265//2265
f 2265//2265 2269//2269 2312//2312
f 2265//2265 2312//2312 2268//2268
f 2268//2268 2312//2312 1843//1843
f 2268//2268 1843//1843 1845//1845
f 1831//1831 1833//1833 2315//2315
f 2315//2315 1833//1833 1835//1835
f 2315//2315 1835//1835 2314//2314
f 2314//2314 1835//1835 1837//1837
f 2314//2314 1837//1837 2313//2313
f 2313//2313 1837//1837 1839//1839
f 2313//2313 1839//1839 2312//2312
f 2312//2312 1839//1839 1841//1841
f 2312//2312 1841//1841 1843//1843

