# https://github.com/mikedh/trimesh

o leader_finger_right_thumb.obj
v 0.00000000 0.00717300 -0.01946500
v 0.00000000 0.00717300 -0.02277400
v 0.00000000 0.00400800 -0.01946500
v 0.00000000 0.00432800 -0.02277400
v 0.00000000 0.00361000 -0.02273900
v 0.00000000 0.00290900 -0.02258600
v 0.00000000 0.00247000 -0.02235100
v 0.00000000 0.00213200 -0.02198600
v 0.00000000 0.00186600 -0.02108900
v 0.00000000 0.00199200 -0.02044800
v 0.00000000 0.00238100 -0.01992200
v 0.00000000 0.00193300 -0.02155700
v 0.00000000 0.00315000 -0.01954900
v 0.00300000 -0.00440200 0.01050000
v 0.00300000 -0.00400000 0.01200000
v 0.00300000 -0.00537500 0.00947800
v 0.00300000 -0.00440200 0.01350000
v 0.00300000 -0.00537500 0.01452200
v 0.00300000 -0.00959800 0.01350000
v 0.00300000 -0.01000000 0.01200000
v 0.00300000 -0.00862500 0.01452200
v 0.00300000 -0.00959800 0.01050000
v 0.00300000 -0.00862500 0.00947800
v 0.00300000 -0.00440200 -0.00150000
v 0.00300000 -0.00400000 0.00000000
v 0.00300000 -0.00537500 -0.00252200
v 0.00300000 -0.00440200 0.00150000
v 0.00300000 -0.00537500 0.00252200
v 0.00300000 -0.00959800 0.00150000
v 0.00300000 -0.01000000 -0.00000000
v 0.00300000 -0.00862500 0.00252200
v 0.00300000 -0.00959800 -0.00150000
v 0.00300000 -0.00862500 -0.00252200
v 0.00300000 0.00959800 -0.01350000
v 0.00300000 0.01000000 -0.01200000
v 0.00300000 0.00862500 -0.01452200
v 0.00300000 0.00959800 -0.01050000
v 0.00300000 0.00862500 -0.00947800
v 0.00300000 0.00440200 -0.01050000
v 0.00300000 0.00400000 -0.01200000
v 0.00300000 0.00537500 -0.00947800
v 0.00300000 0.00440200 -0.01350000
v 0.00300000 0.00537500 -0.01452200
v 0.00300000 0.00959800 -0.00150000
v 0.00300000 0.01000000 0.00000000
v 0.00300000 0.00862500 -0.00252200
v 0.00300000 0.00959800 0.00150000
v 0.00300000 0.00862500 0.00252200
v 0.00300000 0.00440200 0.00150000
v 0.00300000 0.00400000 -0.00000000
v 0.00300000 0.00537500 0.00252200
v 0.00300000 0.00440200 -0.00150000
v 0.00300000 0.00537500 -0.00252200
v 0.00300000 -0.00440200 -0.01350000
v 0.00300000 -0.00400000 -0.01200000
v 0.00300000 -0.00537500 -0.01452200
v 0.00300000 -0.00440200 -0.01050000
v 0.00300000 -0.00537500 -0.00947800
v 0.00300000 -0.00959800 -0.01050000
v 0.00300000 -0.01000000 -0.01200000
v 0.00300000 -0.00862500 -0.00947800
v 0.00300000 -0.00959800 -0.01350000
v 0.00300000 -0.00862500 -0.01452200
v 0.00300000 0.00959800 0.01050000
v 0.00300000 0.01000000 0.01200000
v 0.00300000 0.00862500 0.00947800
v 0.00300000 0.00959800 0.01350000
v 0.00300000 0.00862500 0.01452200
v 0.00300000 0.00440200 0.01350000
v 0.00300000 0.00400000 0.01200000
v 0.00300000 0.00537500 0.01452200
v 0.00300000 0.00440200 0.01050000
v 0.00300000 0.00537500 0.00947800
v 0.00280000 0.00537500 0.00252200
v 0.00280000 0.00537500 -0.00000000
v 0.00280000 0.00537500 -0.00252200
v 0.00280000 0.00862500 -0.00252200
v 0.00280000 0.00862500 -0.00000000
v 0.00280000 0.00862500 0.00252200
v 0.00280000 -0.00862500 0.00252200
v 0.00280000 -0.00862500 -0.00000000
v 0.00280000 -0.00862500 -0.00252200
v 0.00280000 -0.00537500 -0.00252200
v 0.00280000 -0.00537500 -0.00000000
v 0.00280000 -0.00537500 0.00252200
v 0.00280000 0.00537500 0.01452200
v 0.00280000 0.00537500 0.01200000
v 0.00280000 0.00537500 0.00947800
v 0.00280000 0.00862500 0.00947800
v 0.00280000 0.00862500 0.01200000
v 0.00280000 0.00862500 0.01452200
v 0.00280000 -0.00862500 -0.00947800
v 0.00280000 -0.00862500 -0.01200000
v 0.00280000 -0.00862500 -0.01452200
v 0.00280000 -0.00537500 -0.01452200
v 0.00280000 -0.00537500 -0.01200000
v 0.00280000 -0.00537500 -0.00947800
v 0.00280000 -0.00862500 0.01452200
v 0.00280000 -0.00862500 0.01200000
v 0.00280000 -0.00862500 0.00947800
v 0.00280000 -0.00537500 0.00947800
v 0.00280000 -0.00537500 0.01200000
v 0.00280000 -0.00537500 0.01452200
v 0.00280000 0.00537500 -0.00947800
v 0.00280000 0.00537500 -0.01200000
v 0.00280000 0.00537500 -0.01452200
v 0.00280000 0.00862500 -0.01452200
v 0.00280000 0.00862500 -0.01200000
v 0.00280000 0.00862500 -0.00947800
v 0.00040000 0.00717300 -0.02277400
v 0.00040000 0.00717300 -0.01946500
v 0.00040000 0.00400800 -0.01946500
v 0.00040000 0.00238100 -0.01992200
v 0.00040000 0.00315000 -0.01954900
v 0.00040000 0.00186600 -0.02108900
v 0.00040000 0.00199200 -0.02044800
v 0.00040000 0.00213200 -0.02198600
v 0.00040000 0.00193300 -0.02155700
v 0.00040000 0.00290900 -0.02258600
v 0.00040000 0.00247000 -0.02235100
v 0.00040000 0.00432800 -0.02277400
v 0.00040000 0.00361000 -0.02273900
v 0.00280000 -0.00850000 0.01459800
v 0.00280000 -0.00550000 0.00940200
v 0.00550000 -0.00550000 0.01459800
v 0.00550000 -0.00440200 0.01350000
v 0.00550000 -0.00400000 0.01200000
v 0.00550000 -0.00440200 0.01050000
v 0.00550000 -0.00550000 0.00940200
v 0.00280000 -0.00850000 0.00940200
v 0.00550000 -0.00700000 0.00900000
v 0.00280000 -0.00700000 0.00900000
v 0.00550000 -0.00850000 0.00940200
v 0.00550000 -0.00959800 0.01050000
v 0.00550000 -0.01000000 0.01200000
v 0.00550000 -0.00959800 0.01350000
v 0.00550000 -0.00850000 0.01459800
v 0.00550000 -0.00700000 0.01500000
v 0.00280000 -0.00700000 0.01500000
v 0.00280000 -0.00550000 0.01459800
v 0.00280000 -0.00850000 0.00259800
v 0.00280000 -0.00550000 -0.00259800
v 0.00550000 -0.00550000 0.00259800
v 0.00550000 -0.00440200 0.00150000
v 0.00550000 -0.00400000 -0.00000000
v 0.00550000 -0.00440200 -0.00150000
v 0.00550000 -0.00550000 -0.00259800
v 0.00280000 -0.00850000 -0.00259800
v 0.00550000 -0.00700000 -0.00300000
v 0.00280000 -0.00700000 -0.00300000
v 0.00550000 -0.00850000 -0.00259800
v 0.00550000 -0.00959800 -0.00150000
v 0.00550000 -0.01000000 -0.00000000
v 0.00550000 -0.00959800 0.00150000
v 0.00550000 -0.00850000 0.00259800
v 0.00550000 -0.00700000 0.00300000
v 0.00280000 -0.00700000 0.00300000
v 0.00280000 -0.00550000 0.00259800
v 0.00280000 0.00550000 -0.00940200
v 0.00280000 0.00850000 -0.01459800
v 0.00550000 0.00850000 -0.00940200
v 0.00550000 0.00959800 -0.01050000
v 0.00550000 0.01000000 -0.01200000
v 0.00550000 0.00959800 -0.01350000
v 0.00550000 0.00850000 -0.01459800
v 0.00280000 0.00550000 -0.01459800
v 0.00550000 0.00700000 -0.01500000
v 0.00280000 0.00700000 -0.01500000
v 0.00550000 0.00550000 -0.01459800
v 0.00550000 0.00440200 -0.01350000
v 0.00550000 0.00400000 -0.01200000
v 0.00550000 0.00440200 -0.01050000
v 0.00550000 0.00550000 -0.00940200
v 0.00550000 0.00700000 -0.00900000
v 0.00280000 0.00700000 -0.00900000
v 0.00280000 0.00850000 -0.00940200
v 0.00280000 0.00550000 0.00259800
v 0.00280000 0.00850000 -0.00259800
v 0.00550000 0.00850000 0.00259800
v 0.00550000 0.00959800 0.00150000
v 0.00550000 0.01000000 -0.00000000
v 0.00550000 0.00959800 -0.00150000
v 0.00550000 0.00850000 -0.00259800
v 0.00280000 0.00550000 -0.00259800
v 0.00550000 0.00700000 -0.00300000
v 0.00280000 0.00700000 -0.00300000
v 0.00550000 0.00550000 -0.00259800
v 0.00550000 0.00440200 -0.00150000
v 0.00550000 0.00400000 -0.00000000
v 0.00550000 0.00440200 0.00150000
v 0.00550000 0.00550000 0.00259800
v 0.00550000 0.00700000 0.00300000
v 0.00280000 0.00700000 0.00300000
v 0.00280000 0.00850000 0.00259800
v 0.00280000 -0.00850000 -0.00940200
v 0.00280000 -0.00550000 -0.01459800
v 0.00550000 -0.00550000 -0.00940200
v 0.00550000 -0.00440200 -0.01050000
v 0.00550000 -0.00400000 -0.01200000
v 0.00550000 -0.00440200 -0.01350000
v 0.00550000 -0.00550000 -0.01459800
v 0.00280000 -0.00850000 -0.01459800
v 0.00550000 -0.00700000 -0.01500000
v 0.00280000 -0.00700000 -0.01500000
v 0.00550000 -0.00850000 -0.01459800
v 0.00550000 -0.00959800 -0.01350000
v 0.00550000 -0.01000000 -0.01200000
v 0.00550000 -0.00959800 -0.01050000
v 0.00550000 -0.00850000 -0.00940200
v 0.00550000 -0.00700000 -0.00900000
v 0.00280000 -0.00700000 -0.00900000
v 0.00280000 -0.00550000 -0.00940200
v 0.00280000 0.00550000 0.01459800
v 0.00280000 0.00850000 0.00940200
v 0.00550000 0.00850000 0.01459800
v 0.00550000 0.00959800 0.01350000
v 0.00550000 0.01000000 0.01200000
v 0.00550000 0.00959800 0.01050000
v 0.00550000 0.00850000 0.00940200
v 0.00280000 0.00550000 0.00940200
v 0.00550000 0.00700000 0.00900000
v 0.00280000 0.00700000 0.00900000
v 0.00550000 0.00550000 0.00940200
v 0.00550000 0.00440200 0.01050000
v 0.00550000 0.00400000 0.01200000
v 0.00550000 0.00440200 0.01350000
v 0.00550000 0.00550000 0.01459800
v 0.00550000 0.00700000 0.01500000
v 0.00280000 0.00700000 0.01500000
v 0.00280000 0.00850000 0.01459800
v 0.00550000 -0.01000000 0.02100000
v 0.00550000 0.01000000 0.02100000
v 0.00050000 -0.01000000 0.02100000
v 0.00050000 0.01000000 0.02100000
v 0.00280000 0.00559300 0.00081300
v 0.00280000 0.00618700 0.00140700
v 0.00280000 0.00700000 0.00162500
v 0.00280000 0.00781200 0.00140700
v 0.00280000 0.00840700 0.00081300
v 0.00280000 0.00840700 -0.00081300
v 0.00280000 0.00781200 -0.00140700
v 0.00280000 0.00700000 -0.00162500
v 0.00280000 0.00618700 -0.00140700
v 0.00280000 0.00559300 -0.00081300
v 0.00280000 -0.00840700 0.00081300
v 0.00280000 -0.00781200 0.00140700
v 0.00280000 -0.00700000 0.00162500
v 0.00280000 -0.00618700 0.00140700
v 0.00280000 -0.00559300 0.00081300
v 0.00280000 -0.00559300 -0.00081300
v 0.00280000 -0.00618700 -0.00140700
v 0.00280000 -0.00700000 -0.00162500
v 0.00280000 -0.00781200 -0.00140700
v 0.00280000 -0.00840700 -0.00081300
v 0.00280000 0.00840700 0.01281200
v 0.00280000 0.00781200 0.01340700
v 0.00280000 0.00700000 0.01362500
v 0.00280000 0.00618700 0.01340700
v 0.00280000 0.00559300 0.01281200
v 0.00280000 0.00559300 0.01118800
v 0.00280000 0.00618700 0.01059300
v 0.00280000 0.00700000 0.01037500
v 0.00280000 0.00781200 0.01059300
v 0.00280000 0.00840700 0.01118800
v 0.00280000 -0.00559300 -0.01118800
v 0.00280000 -0.00618700 -0.01059300
v 0.00280000 -0.00700000 -0.01037500
v 0.00280000 -0.00781200 -0.01059300
v 0.00280000 -0.00840700 -0.01118800
v 0.00280000 -0.00840700 -0.01281200
v 0.00280000 -0.00781200 -0.01340700
v 0.00280000 -0.00700000 -0.01362500
v 0.00280000 -0.00618700 -0.01340700
v 0.00280000 -0.00559300 -0.01281200
v 0.00280000 -0.00559300 0.01281200
v 0.00280000 -0.00618700 0.01340700
v 0.00280000 -0.00700000 0.01362500
v 0.00280000 -0.00781200 0.01340700
v 0.00280000 -0.00840700 0.01281200
v 0.00280000 -0.00840700 0.01118800
v 0.00280000 -0.00781200 0.01059300
v 0.00280000 -0.00700000 0.01037500
v 0.00280000 -0.00618700 0.01059300
v 0.00280000 -0.00559300 0.01118800
v 0.00280000 0.00840700 -0.01118800
v 0.00280000 0.00781200 -0.01059300
v 0.00280000 0.00700000 -0.01037500
v 0.00280000 0.00618700 -0.01059300
v 0.00280000 0.00559300 -0.01118800
v 0.00280000 0.00559300 -0.01281200
v 0.00280000 0.00618700 -0.01340700
v 0.00280000 0.00700000 -0.01362500
v 0.00280000 0.00781200 -0.01340700
v 0.00280000 0.00840700 -0.01281200
v 0.00040000 -0.00849600 -0.01836000
v 0.00040000 -0.00057000 -0.01836000
v 0.00040000 -0.00386400 -0.01954000
v 0.00040000 -0.00057000 -0.01954000
v 0.00040000 -0.00849600 -0.01954000
v 0.00040000 -0.00518800 -0.01954000
v 0.00040000 -0.00518800 -0.02836000
v 0.00040000 -0.00386400 -0.02836000
v 0.00040000 0.00331900 -0.02381100
v 0.00040000 0.00849600 -0.01836000
v 0.00040000 0.00849600 -0.02836000
v 0.00040000 0.00717300 -0.02392000
v 0.00040000 0.00717300 -0.02836000
v 0.00040000 0.00060400 -0.02030600
v 0.00040000 0.00091700 -0.01958100
v 0.00040000 0.00139300 -0.01901100
v 0.00040000 0.00202900 -0.01863000
v 0.00040000 0.00303300 -0.01840700
v 0.00040000 0.00406200 -0.01836000
v 0.00040000 0.00563800 -0.02392000
v 0.00040000 0.00526800 -0.02392700
v 0.00040000 0.00490100 -0.02396700
v 0.00040000 0.00458800 -0.02407500
v 0.00040000 0.00217200 -0.02352700
v 0.00040000 0.00119000 -0.02288300
v 0.00040000 0.00066800 -0.02205500
v 0.00040000 0.00050100 -0.02108900
v 0.00040000 0.00429700 -0.02423300
v 0.00040000 0.00393500 -0.02454100
v 0.00040000 0.00290200 -0.02403200
v 0.00040000 0.00362600 -0.02490200
v 0.00040000 0.00134700 -0.02836000
v 0.00040000 -0.00031700 -0.02836000
v 0.00040000 0.00267100 -0.02628000
v 0.00040000 0.00142200 -0.02563900
v 0.00040000 0.00313300 -0.02558000
v 0.00040000 0.00193000 -0.02493900
v 0.00040000 0.00252000 -0.02430900
v -0.00409800 0.01842100 -0.04576200
v -0.00409800 0.01913500 -0.04646800
v 0.00550000 0.01913500 -0.04646800
v 0.00550000 0.02018200 -0.04774900
v -0.00409800 0.01997500 -0.04746700
v 0.00550000 0.02109900 -0.04924900
v -0.00409800 0.02109900 -0.04924900
v -0.00409800 0.02119000 -0.04942800
v 0.00550000 0.02137000 -0.04980700
v -0.00409800 0.02202300 -0.05157900
v 0.00550000 0.02214800 -0.05205300
v 0.00550000 0.02223900 -0.05245700
v -0.00409800 0.02223900 -0.05245700
v 0.00550000 0.02248600 -0.05440500
v -0.00409800 0.02244700 -0.05384700
v 0.00550000 0.02247100 -0.05585300
v -0.00409800 0.02247100 -0.05585300
v -0.00409800 0.02244700 -0.05615300
v 0.00550000 0.02237300 -0.05677900
v -0.00409800 0.02202300 -0.05842100
v 0.00550000 0.02181300 -0.05908800
v 0.00550000 0.02177800 -0.05918600
v -0.00409800 0.02177800 -0.05918600
v 0.00550000 0.02082500 -0.06125000
v -0.00409800 0.02119000 -0.06057200
v 0.00550000 0.02021200 -0.06220900
v -0.00409800 0.02021200 -0.06220900
v -0.00409800 0.01997500 -0.06253300
v 0.00550000 0.01944700 -0.06318600
v -0.00409800 0.01842100 -0.06423800
v 0.00550000 0.01788900 -0.06469600
v -0.00409800 0.01788900 -0.06469600
v 0.00550000 0.01772700 -0.06482600
v -0.00409800 0.01658000 -0.06562800
v 0.00550000 0.01572800 -0.06611000
v 0.00550000 0.01498000 -0.06646500
v -0.00409800 0.01498000 -0.06646500
v -0.00409800 0.01451600 -0.06665600
v 0.00550000 0.01352200 -0.06699400
v -0.00409800 0.01229700 -0.06728700
v 0.00550000 0.01170200 -0.06738400
v -0.00409800 0.01170200 -0.06738400
v 0.00550000 0.01118800 -0.06744300
v -0.00409800 0.01000000 -0.06750000
v 0.00550000 0.00881200 -0.06744300
v -0.00409800 0.00829800 -0.06738400
v 0.00550000 0.00829800 -0.06738400
v -0.00409800 0.00770300 -0.06728700
v 0.00550000 0.00647800 -0.06699400
v -0.00409800 0.00548400 -0.06665600
v 0.00550000 0.00502000 -0.06646500
v -0.00409800 0.00502000 -0.06646500
v 0.00550000 0.00427200 -0.06611000
v -0.00409800 0.00342000 -0.06562800
v 0.00550000 0.00227300 -0.06482600
v -0.00409800 0.00211100 -0.06469600
v 0.00550000 0.00211100 -0.06469600
v -0.00409800 0.00157900 -0.06423800
v 0.00550000 0.00055300 -0.06318600
v -0.00409800 0.00002500 -0.06253300
v 0.00550000 -0.00021200 -0.06220900
v -0.00409800 -0.00021200 -0.06220900
v 0.00550000 -0.00082500 -0.06125000
v -0.00409800 -0.00119000 -0.06057200
v 0.00550000 -0.00181300 -0.05908800
v -0.00409800 -0.00177800 -0.05918600
v -0.00409800 -0.00202300 -0.05842100
v 0.00550000 -0.00237300 -0.05677900
v -0.00409800 -0.00244700 -0.05615300
v 0.00550000 -0.00247100 -0.05585300
v -0.00409800 -0.00247100 -0.05585300
v 0.00550000 -0.00248600 -0.05440500
v -0.00409800 -0.00244700 -0.05384700
v 0.00550000 -0.00223900 -0.05245700
v -0.00409800 -0.00223900 -0.05245700
v 0.00550000 -0.00214800 -0.05205300
v -0.00409800 -0.00202300 -0.05157900
v 0.00550000 -0.00137000 -0.04980700
v -0.00409800 -0.00119000 -0.04942800
v 0.00550000 -0.00109900 -0.04924900
v -0.00409800 -0.00109900 -0.04924900
v 0.00550000 -0.00018200 -0.04774900
v -0.00409800 0.00002500 -0.04746700
v 0.00550000 0.00086500 -0.04646800
v -0.00409800 0.00086500 -0.04646800
v 0.00550000 0.00137400 -0.04595300
v -0.00409800 0.00157900 -0.04576200
v 0.00550000 0.00324200 -0.04448400
v -0.00409800 0.00342000 -0.04437200
v 0.00550000 0.01862600 -0.04595300
v 0.00550000 0.01675800 -0.04448400
v -0.00409800 0.01658000 -0.04437200
v 0.00550000 0.01649500 -0.04432000
v -0.00409800 0.01451600 -0.04334400
v 0.00550000 0.01464600 -0.04339500
v -0.00409800 0.01337200 -0.04296400
v 0.00550000 0.01337200 -0.04296400
v -0.00409800 0.01229700 -0.04271300
v 0.00550000 0.01236600 -0.04272600
v -0.00409800 0.01000000 -0.04250000
v 0.00550000 0.01000000 -0.04250000
v -0.00409800 0.00770300 -0.04271300
v 0.00550000 0.00763400 -0.04272600
v -0.00409800 0.00662800 -0.04296400
v 0.00550000 0.00662800 -0.04296400
v -0.00409800 0.00548400 -0.04334400
v 0.00550000 0.00535400 -0.04339500
v 0.00550000 0.00350500 -0.04432000
v 0.00050000 0.01069200 0.02087600
v 0.00550000 0.01069200 0.02087600
v 0.00050000 0.01100000 0.02073200
v 0.00550000 0.01100000 0.02073200
v 0.00050000 0.01141400 0.02041400
v 0.00550000 0.01141400 0.02041400
v 0.00050000 0.01173200 0.02000000
v 0.00550000 0.01173200 0.02000000
v 0.00050000 0.01187600 0.01969200
v 0.00550000 0.01187600 0.01969200
v 0.00050000 0.01200000 0.01900000
v 0.00550000 0.01200000 0.01900000
v 0.00593300 0.01175000 0.01900000
v 0.00593300 0.01175000 -0.01500000
v 0.00585400 0.01185400 0.01900000
v 0.00585400 0.01185400 -0.01500000
v 0.00575000 0.01193300 0.01900000
v 0.00575000 0.01193300 -0.01500000
v 0.00567300 0.01196900 0.01900000
v 0.00567300 0.01196900 -0.01500000
v 0.00550000 0.01200000 -0.01500000
v 0.00600000 0.01150000 -0.01500000
v 0.00596900 0.01167300 -0.01500000
v 0.00600000 0.01150000 -0.00600000
v 0.00600000 0.01150000 0.00600000
v 0.00600000 0.01150000 0.01800000
v 0.00596900 0.01167300 0.01900000
v 0.00600000 0.01150000 0.01900000
v 0.00567300 0.01068200 0.02084700
v 0.00567300 0.01184700 0.01968200
v 0.00585400 0.01173900 0.01964200
v 0.00596900 0.01157000 0.01957900
v 0.00596900 0.01118300 0.02018300
v 0.00600000 0.01106100 0.02006100
v 0.00600000 0.01140700 0.01951900
v 0.00596900 0.01057900 0.02057000
v 0.00600000 0.01051900 0.02040700
v 0.00600000 0.01000000 0.02050000
v 0.00596900 0.01000000 0.02067300
v 0.00593300 0.01000000 0.02075000
v 0.00585400 0.01064200 0.02073900
v 0.00567300 0.01000000 0.02096900
v 0.00575000 0.01000000 0.02093300
v 0.00585400 0.01000000 0.02085400
v 0.00585400 0.01131100 0.02031100
v 0.00567300 0.01139200 0.02039200
v 0.00567300 -0.01000000 0.02096900
v 0.00575000 -0.01000000 0.02093300
v 0.00585400 -0.01000000 0.02085400
v 0.00593300 -0.01000000 0.02075000
v 0.00596900 -0.01000000 0.02067300
v 0.00600000 -0.01000000 0.02050000
v 0.00550000 -0.01173200 0.02000000
v 0.00550000 -0.01187600 0.01969200
v 0.00567300 -0.01184700 0.01968200
v 0.00550000 -0.01200000 0.01900000
v 0.00567300 -0.01068200 0.02084700
v 0.00550000 -0.01069200 0.02087600
v 0.00550000 -0.01100000 0.02073200
v 0.00585400 -0.01064200 0.02073900
v 0.00596900 -0.01057900 0.02057000
v 0.00596900 -0.01118300 0.02018300
v 0.00600000 -0.01106100 0.02006100
v 0.00600000 -0.01051900 0.02040700
v 0.00596900 -0.01157000 0.01957900
v 0.00600000 -0.01140700 0.01951900
v 0.00600000 -0.01150000 0.01900000
v 0.00596900 -0.01167300 0.01900000
v 0.00593300 -0.01175000 0.01900000
v 0.00585400 -0.01173900 0.01964200
v 0.00567300 -0.01196900 0.01900000
v 0.00575000 -0.01193300 0.01900000
v 0.00585400 -0.01185400 0.01900000
v 0.00585400 -0.01131100 0.02031100
v 0.00567300 -0.01139200 0.02039200
v 0.00550000 -0.01141400 0.02041400
v 0.00600000 -0.00525000 0.00896900
v 0.00600000 -0.00396900 0.01025000
v 0.00600000 -0.00350000 0.01200000
v 0.00600000 -0.00396900 0.01375000
v 0.00600000 -0.00525000 0.01503100
v 0.00600000 -0.00700000 0.01550000
v 0.00600000 -0.00875000 0.01503100
v 0.00600000 -0.01003100 0.01375000
v 0.00600000 -0.01050000 0.01200000
v 0.00600000 -0.01003100 0.01025000
v 0.00600000 -0.00875000 0.00896900
v 0.00600000 -0.00700000 0.00850000
v 0.00600000 -0.00525000 -0.00303100
v 0.00600000 -0.00396900 -0.00175000
v 0.00600000 -0.00350000 -0.00000000
v 0.00600000 -0.00396900 0.00175000
v 0.00600000 -0.00525000 0.00303100
v 0.00600000 -0.00700000 0.00350000
v 0.00600000 -0.00875000 0.00303100
v 0.00600000 -0.01003100 0.00175000
v 0.00600000 -0.01050000 0.00000000
v 0.00600000 -0.01003100 -0.00175000
v 0.00600000 -0.00875000 -0.00303100
v 0.00600000 -0.00700000 -0.00350000
v 0.00600000 0.00875000 -0.01503100
v 0.00600000 0.01003100 -0.01375000
v 0.00600000 0.01050000 -0.01200000
v 0.00600000 0.01003100 -0.01025000
v 0.00600000 0.00875000 -0.00896900
v 0.00600000 0.00700000 -0.00850000
v 0.00600000 0.00525000 -0.00896900
v 0.00600000 0.00396900 -0.01025000
v 0.00600000 0.00350000 -0.01200000
v 0.00600000 0.00396900 -0.01375000
v 0.00600000 0.00525000 -0.01503100
v 0.00600000 0.00700000 -0.01550000
v 0.00600000 0.01000000 -0.06800000
v 0.00600000 0.01123600 -0.06794100
v 0.00596900 0.01121900 -0.06776900
v 0.00600000 0.01366300 -0.06747300
v 0.00596900 0.01361400 -0.06730700
v 0.00600000 0.01595700 -0.06655500
v 0.00596900 0.01587800 -0.06640100
v 0.00600000 0.01803600 -0.06521900
v 0.00596900 0.01792900 -0.06508300
v 0.00600000 0.01982500 -0.06351300
v 0.00596900 0.01969400 -0.06340000
v 0.00600000 0.02125800 -0.06150000
v 0.00596900 0.02110800 -0.06141300
v 0.00600000 0.02228500 -0.05925200
v 0.00596900 0.02212100 -0.05919500
v 0.00600000 0.02286800 -0.05685000
v 0.00596900 0.02269600 -0.05682500
v 0.00600000 0.02298500 -0.05438100
v 0.00596900 0.02281200 -0.05439000
v 0.00600000 0.02263400 -0.05193500
v 0.00596900 0.02246500 -0.05197600
v 0.00600000 0.02182500 -0.04960000
v 0.00596900 0.02166800 -0.04967100
v 0.00600000 0.02058900 -0.04745900
v 0.00596900 0.02044900 -0.04756000
v 0.00600000 0.01897100 -0.04559100
v 0.00596900 0.01885200 -0.04571700
v 0.00600000 0.01702800 -0.04406400
v 0.00596900 0.01693500 -0.04420900
v 0.00600000 0.01483200 -0.04293100
v 0.00596900 0.01476700 -0.04309200
v 0.00600000 0.01246000 -0.04223500
v 0.00596900 0.01242800 -0.04240500
v 0.00600000 0.01000000 -0.04200000
v 0.00596900 0.01000000 -0.04217300
v 0.00600000 0.00754000 -0.04223500
v 0.00596900 0.00757200 -0.04240500
v 0.00600000 0.00516800 -0.04293100
v 0.00596900 0.00523300 -0.04309200
v 0.00600000 0.00297200 -0.04406400
v 0.00596900 0.00306500 -0.04420900
v 0.00600000 0.00102900 -0.04559100
v 0.00596900 0.00114800 -0.04571700
v 0.00600000 -0.00058900 -0.04745900
v 0.00596900 -0.00044900 -0.04756000
v 0.00600000 -0.00182500 -0.04960000
v 0.00596900 -0.00166800 -0.04967100
v 0.00600000 -0.00263400 -0.05193500
v 0.00596900 -0.00246500 -0.05197600
v 0.00600000 -0.00298500 -0.05438100
v 0.00596900 -0.00281200 -0.05439000
v 0.00600000 -0.00286800 -0.05685000
v 0.00596900 -0.00269600 -0.05682500
v 0.00600000 -0.00228500 -0.05925200
v 0.00596900 -0.00212100 -0.05919500
v 0.00600000 -0.00125800 -0.06150000
v 0.00596900 -0.00110800 -0.06141300
v 0.00600000 0.00017500 -0.06351300
v 0.00596900 0.00030600 -0.06340000
v 0.00600000 0.00196400 -0.06521900
v 0.00596900 0.00207100 -0.06508300
v 0.00600000 0.00404300 -0.06655500
v 0.00596900 0.00412200 -0.06640100
v 0.00600000 0.00633700 -0.06747300
v 0.00596900 0.00638600 -0.06730700
v 0.00600000 0.00876400 -0.06794100
v 0.00596900 0.00878100 -0.06776900
v 0.00567300 0.00762900 -0.04269600
v 0.00567300 0.00534300 -0.04336700
v 0.00567300 0.00322500 -0.04445800
v 0.00567300 0.00135300 -0.04593100
v 0.00567300 -0.00020700 -0.04773100
v 0.00567300 -0.00139900 -0.04979400
v 0.00567300 -0.00217800 -0.05204600
v 0.00567300 -0.00085200 -0.06126500
v 0.00567300 -0.00184200 -0.05909800
v 0.00567300 -0.00240300 -0.05678300
v 0.00567300 -0.00251700 -0.05440400
v 0.00567300 0.00053000 -0.06320600
v 0.00567300 0.00425800 -0.06613800
v 0.00567300 0.00225400 -0.06485000
v 0.00567300 0.00647000 -0.06702300
v 0.00567300 0.01119100 -0.06747400
v 0.00567300 0.00880900 -0.06747400
v 0.00567300 0.01353000 -0.06702300
v 0.00567300 0.01774600 -0.06485000
v 0.00567300 0.01574200 -0.06613800
v 0.00567300 0.01947000 -0.06320600
v 0.00567300 0.02085200 -0.06126500
v 0.00567300 0.02184200 -0.05909800
v 0.00567300 0.02240300 -0.05678300
v 0.00567300 0.02251700 -0.05440400
v 0.00567300 0.02217800 -0.05204600
v 0.00567300 0.02139900 -0.04979400
v 0.00567300 0.02020700 -0.04773100
v 0.00567300 0.01864700 -0.04593100
v 0.00567300 0.01677500 -0.04445800
v 0.00567300 0.01000000 -0.04246900
v 0.00567300 0.01237100 -0.04269600
v 0.00567300 0.01465700 -0.04336700
v 0.00585400 0.01000000 -0.04235400
v 0.00585400 0.00760700 -0.04258200
v 0.00585400 0.00530000 -0.04325900
v 0.00585400 0.00316300 -0.04436100
v 0.00585400 0.00127300 -0.04584700
v 0.00585400 -0.00030100 -0.04766400
v 0.00585400 -0.00150400 -0.04974600
v 0.00585400 -0.00229000 -0.05201800
v 0.00585400 -0.00263200 -0.05439800
v 0.00585400 -0.00251800 -0.05680000
v 0.00585400 -0.00195100 -0.05913600
v 0.00585400 -0.00095200 -0.06132300
v 0.00585400 0.00044200 -0.06328200
v 0.00585400 0.00218200 -0.06494100
v 0.00585400 0.00420500 -0.06624100
v 0.00585400 0.00643700 -0.06713400
v 0.00585400 0.00879800 -0.06758900
v 0.00585400 0.01120200 -0.06758900
v 0.00585400 0.01356300 -0.06713400
v 0.00585400 0.01579500 -0.06624100
v 0.00585400 0.01781800 -0.06494100
v 0.00585400 0.01955800 -0.06328200
v 0.00585400 0.02095200 -0.06132300
v 0.00585400 0.02195100 -0.05913600
v 0.00585400 0.02251800 -0.05680000
v 0.00585400 0.02263200 -0.05439800
v 0.00585400 0.02229000 -0.05201800
v 0.00585400 0.02150400 -0.04974600
v 0.00585400 0.02030100 -0.04766400
v 0.00585400 0.01872700 -0.04584700
v 0.00585400 0.01683700 -0.04436100
v 0.00585400 0.01470000 -0.04325900
v 0.00585400 0.01239300 -0.04258200
v 0.00600000 0.00875000 -0.00303100
v 0.00600000 0.01003100 -0.00175000
v 0.00600000 0.01050000 -0.00000000
v 0.00600000 0.01003100 0.00175000
v 0.00600000 0.00875000 0.00303100
v 0.00600000 0.00700000 0.00350000
v 0.00600000 0.00525000 0.00303100
v 0.00600000 0.00396900 0.00175000
v 0.00600000 0.00350000 0.00000000
v 0.00600000 0.00396900 -0.00175000
v 0.00600000 0.00525000 -0.00303100
v 0.00600000 0.00700000 -0.00350000
v 0.00600000 -0.00525000 -0.01503100
v 0.00600000 -0.00396900 -0.01375000
v 0.00600000 -0.00350000 -0.01200000
v 0.00600000 -0.00396900 -0.01025000
v 0.00600000 -0.00525000 -0.00896900
v 0.00600000 -0.00700000 -0.00850000
v 0.00600000 -0.00875000 -0.00896900
v 0.00600000 -0.01003100 -0.01025000
v 0.00600000 -0.01050000 -0.01200000
v 0.00600000 -0.01003100 -0.01375000
v 0.00600000 -0.00875000 -0.01503100
v 0.00600000 -0.00700000 -0.01550000
v 0.00600000 0.00875000 0.00896900
v 0.00600000 0.01003100 0.01025000
v 0.00600000 0.01050000 0.01200000
v 0.00600000 0.01003100 0.01375000
v 0.00600000 0.00875000 0.01503100
v 0.00600000 0.00700000 0.01550000
v 0.00600000 0.00525000 0.01503100
v 0.00600000 0.00396900 0.01375000
v 0.00600000 0.00350000 0.01200000
v 0.00600000 0.00396900 0.01025000
v 0.00600000 0.00525000 0.00896900
v 0.00600000 0.00700000 0.00850000
v 0.00550000 -0.01200000 -0.01500000
v 0.00567300 -0.01196900 -0.01500000
v 0.00575000 -0.01193300 -0.01500000
v 0.00585400 -0.01185400 -0.01500000
v 0.00593300 -0.01175000 -0.01500000
v 0.00596900 -0.01167300 -0.01500000
v 0.00600000 -0.01150000 -0.01500000
v 0.00600000 -0.01150000 -0.00600000
v 0.00600000 -0.01150000 0.00600000
v 0.00600000 -0.01150000 0.01800000
v 0.00050000 -0.01200000 0.01900000
v 0.00050000 -0.01187600 0.01969200
v 0.00050000 -0.01173200 0.02000000
v 0.00050000 -0.01141400 0.02041400
v 0.00050000 -0.01100000 0.02073200
v 0.00050000 -0.01069200 0.02087600
v 0.00050000 0.01200000 -0.01500000
v 0.00032700 0.01196900 0.01900000
v 0.00032700 0.01196900 -0.01500000
v 0.00025000 0.01193300 0.01900000
v 0.00025000 0.01193300 -0.01500000
v 0.00014600 0.01185400 0.01900000
v 0.00014600 0.01185400 -0.01500000
v 0.00006700 0.01175000 0.01900000
v 0.00006700 0.01175000 -0.01500000
v 0.00000000 0.01150000 0.01900000
v 0.00003100 0.01167300 0.01900000
v 0.00000000 0.01150000 0.01706300
v 0.00000000 0.01150000 0.00600000
v 0.00000000 0.01150000 -0.00600000
v 0.00003100 0.01167300 -0.01500000
v 0.00000000 0.01150000 -0.01500000
v 0.00006700 0.01000000 0.02075000
v 0.00014600 0.01000000 0.02085400
v 0.00014600 0.01064200 0.02073900
v 0.00025000 0.01000000 0.02093300
v 0.00032700 0.01000000 0.02096900
v 0.00032700 0.01068200 0.02084700
v 0.00014600 0.01173900 0.01964200
v 0.00003100 0.01157000 0.01957900
v 0.00000000 0.01000000 0.02050000
v 0.00003100 0.01000000 0.02067300
v 0.00003100 0.01057900 0.02057000
v 0.00000000 0.01051900 0.02040700
v 0.00003100 0.01118300 0.02018300
v 0.00000000 0.01106100 0.02006100
v 0.00000000 0.01140700 0.01951900
v 0.00032700 0.01184700 0.01968200
v 0.00032700 0.01139200 0.02039200
v 0.00014600 0.01131100 0.02031100
v 0.00000000 0.00856000 0.02050000
v 0.00000000 0.00252900 0.02050000
v 0.00000000 -0.01000000 0.02050000
v 0.00003100 -0.01000000 0.02067300
v 0.00000000 -0.00856000 0.02050000
v 0.00000000 -0.00044300 0.02050000
v 0.00006700 -0.01000000 0.02075000
v 0.00014600 -0.01000000 0.02085400
v 0.00025000 -0.01000000 0.02093300
v 0.00032700 -0.01000000 0.02096900
v 0.00006700 -0.01175000 0.01900000
v 0.00014600 -0.01185400 0.01900000
v 0.00014600 -0.01173900 0.01964200
v 0.00025000 -0.01193300 0.01900000
v 0.00032700 -0.01196900 0.01900000
v 0.00032700 -0.01184700 0.01968200
v 0.00014600 -0.01064200 0.02073900
v 0.00003100 -0.01057900 0.02057000
v 0.00000000 -0.01150000 0.01900000
v 0.00003100 -0.01167300 0.01900000
v 0.00003100 -0.01157000 0.01957900
v 0.00000000 -0.01140700 0.01951900
v 0.00003100 -0.01118300 0.02018300
v 0.00000000 -0.01106100 0.02006100
v 0.00000000 -0.01051900 0.02040700
v 0.00032700 -0.01068200 0.02084700
v 0.00032700 -0.01139200 0.02039200
v 0.00014600 -0.01131100 0.02031100
v 0.00000000 -0.01150000 -0.00600000
v 0.00000000 -0.01150000 -0.01500000
v 0.00003100 -0.01167300 -0.01500000
v 0.00000000 -0.01150000 0.01706300
v 0.00000000 -0.01150000 0.00600000
v 0.00006700 -0.01175000 -0.01500000
v 0.00014600 -0.01185400 -0.01500000
v 0.00025000 -0.01193300 -0.01500000
v 0.00032700 -0.01196900 -0.01500000
v 0.00050000 -0.01200000 -0.01500000
v 0.00000000 0.00700000 -0.00162500
v 0.00000000 0.00781200 -0.00140700
v 0.00000000 0.00840700 -0.00081300
v 0.00000000 0.00862500 -0.00000000
v 0.00000000 0.00840700 0.00081300
v 0.00000000 0.00781200 0.00140700
v 0.00000000 0.00700000 0.00162500
v 0.00000000 0.00618700 0.00140700
v 0.00000000 0.00559300 0.00081300
v 0.00000000 0.00537500 0.00000000
v 0.00000000 0.00559300 -0.00081300
v 0.00000000 0.00618700 -0.00140700
v 0.00000000 -0.00700000 -0.00162500
v 0.00000000 -0.00618700 -0.00140700
v 0.00000000 -0.00559300 -0.00081300
v 0.00000000 -0.00537500 -0.00000000
v 0.00000000 -0.00559300 0.00081300
v 0.00000000 -0.00618700 0.00140700
v 0.00000000 -0.00700000 0.00162500
v 0.00000000 -0.00781200 0.00140700
v 0.00000000 -0.00840700 0.00081300
v 0.00000000 -0.00862500 0.00000000
v 0.00000000 -0.00840700 -0.00081300
v 0.00000000 -0.00781200 -0.00140700
v 0.00000000 0.00700000 0.01037500
v 0.00000000 0.00781200 0.01059300
v 0.00000000 0.00840700 0.01118800
v 0.00000000 0.00862500 0.01200000
v 0.00000000 0.00840700 0.01281200
v 0.00000000 0.00781200 0.01340700
v 0.00000000 0.00700000 0.01362500
v 0.00000000 0.00618700 0.01340700
v 0.00000000 0.00559300 0.01281200
v 0.00000000 0.00537500 0.01200000
v 0.00000000 0.00559300 0.01118800
v 0.00000000 0.00618700 0.01059300
v 0.00000000 -0.00700000 -0.01362500
v 0.00000000 -0.00618700 -0.01340700
v 0.00000000 -0.00559300 -0.01281200
v 0.00000000 -0.00537500 -0.01200000
v 0.00000000 -0.00559300 -0.01118800
v 0.00000000 -0.00618700 -0.01059300
v 0.00000000 -0.00700000 -0.01037500
v 0.00000000 -0.00781200 -0.01059300
v 0.00000000 -0.00840700 -0.01118800
v 0.00000000 -0.00862500 -0.01200000
v 0.00000000 -0.00840700 -0.01281200
v 0.00000000 -0.00781200 -0.01340700
v 0.00000000 -0.00700000 0.01037500
v 0.00000000 -0.00618700 0.01059300
v 0.00000000 -0.00559300 0.01118800
v 0.00000000 -0.00537500 0.01200000
v 0.00000000 -0.00559300 0.01281200
v 0.00000000 -0.00618700 0.01340700
v 0.00000000 -0.00700000 0.01362500
v 0.00000000 -0.00781200 0.01340700
v 0.00000000 -0.00840700 0.01281200
v 0.00000000 -0.00862500 0.01200000
v 0.00000000 -0.00840700 0.01118800
v 0.00000000 -0.00781200 0.01059300
v 0.00000000 0.00700000 -0.01362500
v 0.00000000 0.00781200 -0.01340700
v 0.00000000 0.00840700 -0.01281200
v 0.00000000 0.00862500 -0.01200000
v 0.00000000 0.00840700 -0.01118800
v 0.00000000 0.00781200 -0.01059300
v 0.00000000 0.00700000 -0.01037500
v 0.00000000 0.00618700 -0.01059300
v 0.00000000 0.00559300 -0.01118800
v 0.00000000 0.00537500 -0.01200000
v 0.00000000 0.00559300 -0.01281200
v 0.00000000 0.00618700 -0.01340700
v 0.00000000 -0.00518800 -0.01954000
v 0.00000000 -0.00849600 -0.01954000
v 0.00000000 -0.00849600 -0.01836000
v 0.00000000 -0.00057000 -0.01836000
v 0.00000000 -0.00057000 -0.01954000
v 0.00000000 -0.00386400 -0.01954000
v 0.00000000 -0.00386400 -0.02836000
v 0.00000000 -0.00518800 -0.02836000
v 0.00000000 0.00717300 -0.02392000
v 0.00000000 0.00563800 -0.02392000
v 0.00000000 0.00490100 -0.02396700
v 0.00000000 0.00526800 -0.02392700
v 0.00000000 0.00429700 -0.02423300
v 0.00000000 0.00458800 -0.02407500
v 0.00000000 0.00362600 -0.02490200
v 0.00000000 0.00393500 -0.02454100
v 0.00000000 0.00267100 -0.02628000
v 0.00000000 0.00313300 -0.02558000
v 0.00000000 0.00134700 -0.02836000
v 0.00000000 -0.00031700 -0.02836000
v 0.00000000 0.00142200 -0.02563900
v 0.00000000 0.00252000 -0.02430900
v 0.00000000 0.00193000 -0.02493900
v 0.00000000 0.00331900 -0.02381100
v 0.00000000 0.00290200 -0.02403200
v 0.00000000 0.00119000 -0.02288300
v 0.00000000 0.00217200 -0.02352700
v 0.00000000 0.00050100 -0.02108900
v 0.00000000 0.00066800 -0.02205500
v 0.00000000 0.00091700 -0.01958100
v 0.00000000 0.00060400 -0.02030600
v 0.00000000 0.00202900 -0.01863000
v 0.00000000 0.00139300 -0.01901100
v 0.00000000 0.00406200 -0.01836000
v 0.00000000 0.00303300 -0.01840700
v 0.00000000 0.00849600 -0.01836000
v 0.00000000 0.00849600 -0.02836000
v 0.00000000 0.00717300 -0.02836000
v -0.00991200 0.01457700 -0.06681400
v -0.00991200 0.01232800 -0.06745300
v -0.00991200 0.02011000 -0.06263500
v -0.00991200 0.01853500 -0.06436300
v -0.00991200 0.02261500 -0.05616900
v -0.00991200 0.02218600 -0.05846700
v -0.00991200 0.02134100 -0.04935300
v -0.00991200 0.02218600 -0.05153300
v -0.00991200 -0.00218600 -0.05153300
v -0.00991200 -0.00134100 -0.04935300
v -0.00991200 -0.00218600 -0.05846700
v -0.00991200 -0.00261500 -0.05616900
v -0.00991200 0.00146500 -0.06436300
v -0.00991200 -0.00011000 -0.06263500
v -0.00991200 0.00767200 -0.06745300
v -0.00991200 0.00542300 -0.06681400
v -0.00991200 0.00333100 -0.06577200
v -0.00991200 -0.00134100 -0.06064700
v -0.00991200 -0.00261500 -0.05383100
v -0.00991200 0.00146500 -0.04563700
v -0.00991200 -0.00011000 -0.04736500
v -0.00991200 0.00767200 -0.04254700
v -0.00991200 0.00542300 -0.04318600
v -0.00991200 0.00333100 -0.04422800
v -0.00991200 0.01232800 -0.04254700
v -0.00991200 0.01000000 -0.04233100
v -0.00991200 0.01853500 -0.04563700
v -0.00991200 0.01666900 -0.04422800
v -0.00991200 0.01457700 -0.04318600
v -0.00991200 0.02011000 -0.04736500
v -0.00991200 0.02261500 -0.05383100
v -0.00991200 0.02134100 -0.06064700
v -0.00991200 0.01666900 -0.06577200
v -0.00991200 0.01000000 -0.06766900
v -0.01570600 0.01000000 -0.06817600
v -0.01570600 0.00757900 -0.06795200
v -0.01570600 0.00524000 -0.06728600
v -0.01570600 0.00306400 -0.06620300
v -0.01570600 0.00112300 -0.06473700
v -0.01570600 -0.00051500 -0.06294000
v -0.01570600 -0.00179500 -0.06087300
v -0.01570600 -0.00267300 -0.05860600
v -0.01570600 -0.00312000 -0.05621600
v -0.01570600 -0.00312000 -0.05378400
v -0.01570600 -0.00267300 -0.05139400
v -0.01570600 -0.00179500 -0.04912700
v -0.01570600 -0.00051500 -0.04706000
v -0.01570600 0.00112300 -0.04526300
v -0.01570600 0.00306400 -0.04379700
v -0.01570600 0.00524000 -0.04271400
v -0.01570600 0.00757900 -0.04204800
v -0.01570600 0.01000000 -0.04182400
v -0.01570600 0.01242100 -0.04204800
v -0.01570600 0.01476000 -0.04271400
v -0.01570600 0.01693600 -0.04379700
v -0.01570600 0.01887700 -0.04526300
v -0.01570600 0.02051500 -0.04706000
v -0.01570600 0.02179500 -0.04912700
v -0.01570600 0.02267300 -0.05139400
v -0.01570600 0.02312000 -0.05378400
v -0.01570600 0.02312000 -0.05621600
v -0.01570600 0.02267300 -0.05860600
v -0.01570600 0.02179500 -0.06087300
v -0.01570600 0.02051500 -0.06294000
v -0.01570600 0.01887700 -0.06473700
v -0.01570600 0.01693600 -0.06620300
v -0.01570600 0.01476000 -0.06728600
v -0.01570600 0.01242100 -0.06795200
v -0.02146200 0.02348400 -0.05116400
v -0.02146200 0.02395900 -0.05370600
v -0.02146200 0.02401900 -0.05500000
v -0.02146200 0.02395900 -0.05629400
v -0.02146200 0.02348400 -0.05883600
v -0.02146200 0.02254900 -0.06124900
v -0.02146200 0.02118700 -0.06344800
v -0.02146200 0.01944500 -0.06536000
v -0.02146200 0.01738000 -0.06691900
v -0.02146200 0.01506400 -0.06807200
v -0.02146200 0.01257600 -0.06878000
v -0.02146200 0.01000000 -0.06901900
v -0.02146200 0.00742400 -0.06878000
v -0.02146200 0.00493600 -0.06807200
v -0.02146200 0.00262000 -0.06691900
v -0.02146200 0.00055500 -0.06536000
v -0.02146200 -0.00118700 -0.06344800
v -0.02146200 -0.00254900 -0.06124900
v -0.02146200 -0.00348400 -0.05883600
v -0.02146200 -0.00395900 -0.05629400
v -0.02146200 -0.00395900 -0.05370600
v -0.02146200 -0.00348400 -0.05116400
v -0.02146200 -0.00254900 -0.04875100
v -0.02146200 -0.00118700 -0.04655200
v -0.02146200 0.00055500 -0.04464000
v -0.02146200 0.00262000 -0.04308100
v -0.02146200 0.00493600 -0.04192800
v -0.02146200 0.00742400 -0.04122000
v -0.02146200 0.01000000 -0.04098100
v -0.02146200 0.01257600 -0.04122000
v -0.02146200 0.01506400 -0.04192800
v -0.02146200 0.01738000 -0.04308100
v -0.02146200 0.01944500 -0.04464000
v -0.02146200 0.02118700 -0.04655200
v -0.02146200 0.02254900 -0.04875100
v 0.00014600 0.01199200 -0.01857500
v 0.00032700 0.01210800 -0.01856600
v 0.00003100 0.01181200 -0.01858900
v 0.00000000 0.01164000 -0.01860200
v 0.00003100 0.01240500 -0.02319800
v 0.00000000 0.01223500 -0.02322800
v 0.00003100 0.01345800 -0.02772400
v 0.00000000 0.01329100 -0.02777100
v 0.00003100 0.01495900 -0.03212100
v 0.00000000 0.01479800 -0.03218500
v 0.00003100 0.01641700 -0.03540300
v 0.00000000 0.01626200 -0.03548000
v 0.00050000 0.01671000 -0.03525900
v 0.00032700 0.01668300 -0.03527300
v 0.00050000 0.01526300 -0.03200000
v 0.00032700 0.01523400 -0.03201200
v 0.00050000 0.01474900 -0.03065000
v 0.00032700 0.01374200 -0.02764200
v 0.00050000 0.01377200 -0.02763400
v 0.00050000 0.01310900 -0.02503300
v 0.00032700 0.01269700 -0.02314500
v 0.00050000 0.01272700 -0.02314000
v 0.00050000 0.01213800 -0.01856300
v 0.00014600 0.01657900 -0.03532400
v 0.00014600 0.01512700 -0.03205400
v 0.00014600 0.01363100 -0.02767400
v 0.00014600 0.01258300 -0.02316600
v 0.00600000 0.02228300 -0.04474700
v 0.00596900 0.02241600 -0.04463600
v 0.00596900 0.02067900 -0.04242200
v 0.00600000 0.02054000 -0.04252500
v 0.00596900 0.01823100 -0.03874000
v 0.00600000 0.01808300 -0.03882900
v 0.00596900 0.01614600 -0.03484200
v 0.00600000 0.01598900 -0.03491600
v 0.00596900 0.01444200 -0.03076200
v 0.00600000 0.01427900 -0.03082100
v 0.00596900 0.01313500 -0.02653800
v 0.00600000 0.01296800 -0.02658100
v 0.00596900 0.01223800 -0.02220800
v 0.00600000 0.01206700 -0.02223500
v 0.00596900 0.01175900 -0.01781300
v 0.00600000 0.01158600 -0.01782300
v 0.00585400 0.01193900 -0.01780200
v 0.00550000 0.01208500 -0.01779300
v 0.00567300 0.01205400 -0.01779500
v 0.00550000 0.01219700 -0.01925300
v 0.00567300 0.01253100 -0.02216200
v 0.00550000 0.01256100 -0.02215700
v 0.00550000 0.01310900 -0.02503300
v 0.00567300 0.01342200 -0.02646400
v 0.00550000 0.01345200 -0.02645600
v 0.00567300 0.01472000 -0.03066100
v 0.00550000 0.01474900 -0.03065000
v 0.00567300 0.01641300 -0.03471500
v 0.00550000 0.01644100 -0.03470100
v 0.00550000 0.01709000 -0.03601400
v 0.00567300 0.01848500 -0.03858800
v 0.00550000 0.01851200 -0.03857200
v 0.00550000 0.02009400 -0.04103600
v 0.00567300 0.02091800 -0.04224600
v 0.00550000 0.02094300 -0.04222800
v 0.00567300 0.02264400 -0.04444700
v 0.00550000 0.02266700 -0.04442700
v 0.00585400 0.02255500 -0.04452100
v 0.00585400 0.02082500 -0.04231500
v 0.00585400 0.01838600 -0.03864800
v 0.00585400 0.01630900 -0.03476400
v 0.00585400 0.01461100 -0.03070000
v 0.00585400 0.01331000 -0.02649300
v 0.00585400 0.01241700 -0.02218000
v 0.00600000 -0.00325000 -0.00600000
v 0.00600000 0.00025000 -0.00600000
v 0.00600000 0.00025000 0.00600000
v 0.00600000 0.00025000 0.01800000
v 0.00600000 -0.01100000 0.01800000
v 0.00600000 -0.00325000 0.01800000
v 0.00600000 0.00025000 -0.02875000
v 0.00600000 0.01362800 -0.07058300
v 0.00600000 0.01093200 -0.07097300
v 0.00600000 0.02378200 -0.04687200
v 0.00600000 0.00820900 -0.07089900
v 0.00600000 0.00553800 -0.07036500
v 0.00600000 0.00299700 -0.06938600
v 0.00600000 0.00065800 -0.06799000
v 0.00600000 0.01621900 -0.06974200
v 0.00600000 0.01862900 -0.06847400
v 0.00600000 0.02079000 -0.06681500
v 0.00600000 0.02263700 -0.06481300
v 0.00600000 0.02411900 -0.06252800
v 0.00600000 0.02519100 -0.06002400
v 0.00600000 0.02582300 -0.05737400
v 0.00600000 0.02599600 -0.05465600
v 0.00600000 0.02570600 -0.05194800
v 0.00600000 0.02496100 -0.04932800
v 0.00600000 -0.00325000 -0.02875000
v 0.00600000 -0.00141000 -0.06621700
v 0.00600000 -0.00314700 -0.06411900
v 0.00600000 -0.01088500 -0.02919300
v 0.00600000 -0.00996900 -0.03736800
v 0.00600000 -0.00864500 -0.04548700
v 0.00600000 -0.00691600 -0.05352900
v 0.00600000 -0.00540600 -0.05931800
v 0.00600000 -0.00450300 -0.06175700
v 0.00600000 -0.01139100 -0.02098200
v 0.00600000 -0.01100000 -0.00600000
v 0.00600000 -0.00325000 0.00600000
v 0.00600000 -0.01100000 0.00600000
v 0.00585400 -0.01174400 -0.02099500
v 0.00567300 -0.01186000 -0.02099900
v 0.00567300 -0.00585800 -0.05944500
v 0.00567300 -0.00737200 -0.05363900
v 0.00550000 -0.00588800 -0.05945300
v 0.00550000 -0.00740200 -0.05364600
v 0.00550000 -0.00832000 -0.04962400
v 0.00567300 -0.00910600 -0.04557400
v 0.00550000 -0.00913600 -0.04557900
v 0.00567300 -0.01043400 -0.03743200
v 0.00550000 -0.01046500 -0.03743600
v 0.00567300 -0.01135300 -0.02923300
v 0.00550000 -0.01138400 -0.02923600
v 0.00550000 -0.01168900 -0.02512100
v 0.00550000 -0.01189100 -0.02100000
v 0.00596900 -0.01156400 -0.02098800
v 0.00596900 -0.01105800 -0.02920800
v 0.00596900 -0.01014100 -0.03739100
v 0.00596900 -0.00881500 -0.04551900
v 0.00596900 -0.00708400 -0.05357000
v 0.00596900 -0.00557300 -0.05936500
v 0.00585400 -0.00574700 -0.05941400
v 0.00585400 -0.00725900 -0.05361200
v 0.00585400 -0.00899200 -0.04555200
v 0.00585400 -0.01032000 -0.03741600
v 0.00585400 -0.01123800 -0.02922300
v 0.00003100 -0.01092300 -0.03068300
v 0.00000000 -0.01075100 -0.03066700
v 0.00000000 -0.00970200 -0.03923100
v 0.00003100 -0.01152100 -0.02206600
v 0.00000000 -0.01134800 -0.02205900
v 0.00014600 -0.01170100 -0.02207400
v 0.00032700 -0.01181700 -0.02207900
v 0.00050000 -0.01184800 -0.02208000
v 0.00032700 -0.01121800 -0.03071100
v 0.00050000 -0.01124900 -0.03071400
v 0.00050000 -0.01168900 -0.02512100
v 0.00032700 -0.00897100 -0.04627900
v 0.00050000 -0.00900100 -0.04628500
v 0.00050000 -0.01019700 -0.03930500
v 0.00000900 -0.00860600 -0.04620900
v 0.00003100 -0.00868000 -0.04622300
v 0.00003100 -0.00987300 -0.03925700
v 0.00014600 -0.00885800 -0.04625700
v 0.00014600 -0.01005200 -0.03928400
v 0.00032700 -0.01016600 -0.03930100
v 0.00050000 -0.01046500 -0.03743600
v 0.00014600 -0.01110300 -0.03070000
v 0.00000000 -0.00851100 -0.04619000
v 0.00000000 0.00856000 0.00600000
v 0.00000000 0.00856000 0.01706300
v 0.00000000 0.01551500 -0.03525600
v 0.00000000 0.01247500 -0.03465000
v 0.00000000 0.00856000 -0.01599300
v 0.00000000 0.00937800 -0.03450900
v 0.00000000 -0.00856000 0.01706300
v 0.00000000 -0.00856000 -0.00600000
v 0.00000000 -0.00856000 -0.01599300
v 0.00000000 -0.00044300 -0.01599300
v 0.00000000 -0.00452100 -0.04052900
v 0.00000000 -0.00217300 -0.03850500
v 0.00000000 -0.00047100 -0.03737600
v 0.00000000 -0.00653700 -0.04288400
v 0.00000000 -0.00817400 -0.04551600
v 0.00000000 0.00329800 -0.03562600
v 0.00000000 0.00045300 -0.03685900
v 0.00000000 0.00629600 -0.03483700
v 0.00000000 0.00252900 -0.01599300
v 0.00000000 0.00856000 -0.00600000
v 0.00000000 0.00252900 0.00600000
v 0.00000000 0.00252900 -0.00600000
v 0.00000000 -0.00044300 -0.00600000
v 0.00000000 -0.00044300 0.00600000
v 0.00000000 -0.00856000 0.00600000
v 0.00000000 0.00252900 0.01706300
v 0.00000000 -0.00044300 0.01706300
v -0.00250200 -0.00672900 -0.05629500
v -0.00400000 -0.00588800 -0.05945300
v -0.00290900 -0.00646500 -0.05733900
v -0.00007400 -0.00826900 -0.04974800
v 0.00018100 -0.00839600 -0.04926500
v 0.00021800 -0.00862400 -0.04802000
v 0.00007100 -0.00854300 -0.04798400
v -0.00004100 -0.00842000 -0.04794500
v -0.00020400 -0.00821200 -0.04970500
v -0.00293500 -0.00651600 -0.05705800
v -0.00296300 -0.00650000 -0.05712300
v -0.00345800 -0.00621500 -0.05824500
v -0.00398400 -0.00589700 -0.05941800
v -0.00007900 -0.00834600 -0.04792500
v -0.00015100 -0.00821000 -0.04827900
v -0.00031900 -0.00805300 -0.04929300
v -0.00031000 -0.00812100 -0.04966100
v -0.00038400 -0.00800100 -0.04961800
v -0.00072700 -0.00780200 -0.05135300
v -0.00171600 -0.00719000 -0.05406500
v -0.00189200 -0.00709300 -0.05452800
v -0.00125500 -0.00746300 -0.05301800
v -0.00139300 -0.00736900 -0.05317200
v -0.00075100 -0.00774800 -0.05112300
v -0.00080300 -0.00771600 -0.05130900
v -0.00132600 -0.00740700 -0.05297700
v -0.00117300 -0.00750200 -0.05305900
v -0.00254600 -0.00672200 -0.05627200
v -0.00258800 -0.00671000 -0.05624800
v -0.00108400 -0.00752300 -0.05309900
v -0.00087400 -0.00759700 -0.05282700
v 0.00006800 -0.00828500 -0.04978400
v 0.00006100 0.01726300 -0.03659700
v -0.00022200 0.01798300 -0.03784500
v -0.00120100 0.01947700 -0.04019300
v -0.00128100 0.01941500 -0.04018900
v -0.00001400 0.01651300 -0.03591600
v -0.00131800 0.01937900 -0.04019200
v -0.00145000 0.01947900 -0.04038600
v -0.00171800 0.01984500 -0.04087800
v -0.00010800 0.01698900 -0.03671300
v -0.00004900 0.01713700 -0.03664400
v -0.00032700 0.01787900 -0.03787000
v -0.00036800 0.01781800 -0.03789200
v -0.00043000 0.01782100 -0.03801900
v -0.00038300 0.01772100 -0.03786700
v 0.00018700 0.01784500 -0.03742100
v 0.00005200 0.01809800 -0.03786700
v -0.00009200 0.01805800 -0.03784400
v -0.00083700 0.01934200 -0.03990800
v -0.00111200 0.01952600 -0.04021000
v -0.00278100 0.02142800 -0.04287600
v -0.00252400 0.02103800 -0.04237500
v -0.00400000 0.02266700 -0.04442700
v -0.00298000 0.02143800 -0.04292500
v -0.00269400 0.02108800 -0.04248700
v -0.00256800 0.02101300 -0.04236300
v -0.00260900 0.02098400 -0.04235500
v 0.00021000 0.01735000 -0.03657700
v -0.02183800 0.02541600 -0.06044700
v -0.02183800 0.02611500 -0.05776300
v -0.02124400 0.02626300 -0.05778900
v -0.02124400 0.01394900 -0.07102100
v -0.02124400 0.01347600 -0.07113000
v -0.02183800 0.01344500 -0.07098300
v -0.02183800 0.01069400 -0.07133600
v -0.02124400 -0.00638000 -0.05301100
v -0.02124400 -0.00596800 -0.05084200
v -0.02183800 -0.00582300 -0.05088000
v -0.02183800 0.01344500 -0.03901700
v -0.02183800 0.01069400 -0.03866400
v -0.02124400 0.01070000 -0.03851500
v -0.02183800 0.02611500 -0.05223700
v -0.02183800 0.02541600 -0.04955300
v -0.02124400 0.02555700 -0.04950300
v -0.02183800 0.02272100 -0.04472800
v -0.02124400 0.02357900 -0.04562700
v -0.02183800 0.02427400 -0.04702600
v -0.02124400 0.02440500 -0.04695300
v -0.02124400 0.02542800 -0.04914900
v -0.02183800 0.01857300 -0.04107700
v -0.02124400 0.01865100 -0.04095000
v -0.02183800 0.02080200 -0.04272600
v -0.02124400 0.02090100 -0.04261400
v -0.02124400 0.02283800 -0.04463400
v -0.02124400 0.01347600 -0.03887000
v -0.02124400 0.01394900 -0.03897900
v -0.02183800 0.01609600 -0.03982900
v -0.02124400 0.01615200 -0.03969000
v -0.02124400 0.01766800 -0.04039000
v -0.02183800 0.00521200 -0.03936600
v -0.02124400 0.00605100 -0.03897900
v -0.02183800 0.00792300 -0.03878200
v -0.02124400 0.00790400 -0.03863400
v -0.02124400 0.01000000 -0.03850000
v -0.02183800 0.00027800 -0.04185400
v -0.02124400 0.00233200 -0.04039000
v -0.02183800 0.00263900 -0.04040000
v -0.02124400 0.00257200 -0.04026700
v -0.02124400 0.00516800 -0.03922300
v -0.02183800 -0.00180400 -0.04368700
v -0.02124400 -0.00094200 -0.04265000
v -0.02124400 0.00018900 -0.04173400
v -0.02183800 -0.00354600 -0.04584400
v -0.02124400 -0.00357900 -0.04562700
v -0.02124400 -0.00191200 -0.04358300
v -0.02183800 -0.00489900 -0.04826500
v -0.02124400 -0.00542800 -0.04914900
v -0.02124400 -0.00503500 -0.04820400
v -0.02124400 -0.00367000 -0.04576000
v -0.02124400 -0.00644100 -0.05360100
v -0.02183800 -0.00629100 -0.05361300
v -0.02124400 -0.00644100 -0.05639900
v -0.02183800 -0.00629100 -0.05638700
v -0.02124400 -0.00638000 -0.05698900
v -0.02124400 -0.00596800 -0.05915800
v -0.02183800 -0.00582300 -0.05912000
v -0.02124400 -0.00542800 -0.06085100
v -0.02183800 -0.00489900 -0.06173500
v -0.02124400 -0.00503500 -0.06179600
v -0.02124400 -0.00367000 -0.06424000
v -0.02183800 -0.00354600 -0.06415600
v -0.02124400 -0.00357900 -0.06437300
v -0.02183800 -0.00180400 -0.06631300
v -0.02124400 -0.00191200 -0.06641700
v -0.02183800 0.00027800 -0.06814600
v -0.02124400 0.00018900 -0.06826600
v -0.02124400 -0.00094200 -0.06735000
v -0.02183800 0.00521200 -0.07063400
v -0.02124400 0.00516800 -0.07077700
v -0.02183800 0.00263900 -0.06960000
v -0.02124400 0.00257200 -0.06973300
v -0.02124400 0.00233200 -0.06961000
v -0.02124400 0.01070000 -0.07148500
v -0.02124400 0.01000000 -0.07150000
v -0.02183800 0.00792300 -0.07121800
v -0.02124400 0.00790400 -0.07136600
v -0.02124400 0.00605100 -0.07102100
v -0.02124400 0.01615200 -0.07031000
v -0.02183800 0.01609600 -0.07017100
v -0.02124400 0.01766800 -0.06961000
v -0.02183800 0.01857300 -0.06892300
v -0.02124400 0.01865100 -0.06905000
v -0.02124400 0.02090100 -0.06738600
v -0.02183800 0.02080200 -0.06727400
v -0.02124400 0.02094200 -0.06735000
v -0.02183800 0.02272100 -0.06527200
v -0.02124400 0.02283800 -0.06536600
v -0.02124400 0.02555700 -0.06049700
v -0.02124400 0.02542800 -0.06085100
v -0.02183800 0.02427400 -0.06297400
v -0.02124400 0.02440500 -0.06304700
v -0.02124400 0.02357900 -0.06437300
v -0.02124400 0.02626300 -0.05221100
v -0.02124400 0.02638000 -0.05301100
v -0.02183800 0.02635000 -0.05500000
v -0.02124400 0.02650000 -0.05500000
v -0.02124400 0.02638000 -0.05698900
v -0.02228900 0.00052300 -0.06781300
v -0.02228900 -0.00150600 -0.06602700
v -0.02228900 -0.00320400 -0.06392400
v -0.02228900 -0.00452200 -0.06156400
v -0.02228900 -0.00542300 -0.05901600
v -0.02228900 -0.00587900 -0.05635200
v -0.02228900 -0.00587900 -0.05364800
v -0.02228900 -0.00542300 -0.05098400
v -0.02228900 0.00282500 -0.06923000
v -0.02228900 0.00533300 -0.07023800
v -0.02228900 0.00797600 -0.07080800
v -0.02228900 0.01067600 -0.07092300
v -0.02228900 0.01335800 -0.07057900
v -0.02228900 0.01594200 -0.06978800
v -0.02228900 0.01835600 -0.06857100
v -0.02228900 0.02052900 -0.06696300
v -0.02228900 0.02239900 -0.06501200
v -0.02228900 0.02391300 -0.06277200
v -0.02228900 0.02502700 -0.06030900
v -0.02228900 0.02570800 -0.05769300
v -0.02228900 0.02593700 -0.05500000
v -0.02228900 0.02570800 -0.05230700
v -0.02228900 0.02502700 -0.04969100
v -0.02228900 0.02391300 -0.04722800
v -0.02228900 0.02239900 -0.04498800
v -0.02228900 0.02052900 -0.04303700
v -0.02228900 0.01835600 -0.04142900
v -0.02228900 0.01594200 -0.04021200
v -0.02228900 0.01335800 -0.03942100
v -0.02228900 0.01067600 -0.03907700
v -0.02228900 0.00797600 -0.03919200
v -0.02228900 0.00533300 -0.03976200
v -0.02228900 0.00282500 -0.04077000
v -0.02228900 0.00052300 -0.04218700
v -0.02228900 -0.00150600 -0.04397300
v -0.02228900 -0.00320400 -0.04607600
v -0.02228900 -0.00452200 -0.04843600
v -0.02249000 0.00086700 -0.06734900
v -0.02249000 -0.00108800 -0.06562700
v -0.02249000 -0.00272500 -0.06360100
v -0.02249000 -0.00399600 -0.06132600
v -0.02249000 -0.00486300 -0.05887000
v -0.02249000 -0.00530400 -0.05630300
v -0.02249000 -0.00530400 -0.05369700
v -0.02249000 -0.00486300 -0.05113000
v -0.02249000 -0.00399600 -0.04867400
v -0.02249000 0.00308500 -0.06871400
v -0.02249000 0.00550300 -0.06968600
v -0.02249000 0.00804900 -0.07023500
v -0.02249000 0.01065200 -0.07034500
v -0.02249000 0.01323600 -0.07001400
v -0.02249000 0.01572700 -0.06925100
v -0.02249000 0.01805300 -0.06807900
v -0.02249000 0.02014700 -0.06653000
v -0.02249000 0.02195000 -0.06464900
v -0.02249000 0.02340900 -0.06249000
v -0.02249000 0.02448200 -0.06011700
v -0.02249000 0.02513800 -0.05759600
v -0.02249000 0.02535900 -0.05500000
v -0.02249000 0.02513800 -0.05240400
v -0.02249000 0.02448200 -0.04988300
v -0.02249000 0.02340900 -0.04751000
v -0.02249000 0.02195000 -0.04535100
v -0.02249000 0.02014700 -0.04347000
v -0.02249000 0.01805300 -0.04192100
v -0.02249000 0.01572700 -0.04074900
v -0.02249000 0.01323600 -0.03998600
v -0.02249000 0.01065200 -0.03965500
v -0.02249000 0.00804900 -0.03976500
v -0.02249000 0.00550300 -0.04031400
v -0.02249000 0.00308500 -0.04128600
v -0.02249000 0.00086700 -0.04265100
v -0.02249000 -0.00108800 -0.04437300
v -0.02249000 -0.00272500 -0.04639900
v -0.02239200 0.00122600 -0.06686300
v -0.02239200 -0.00065200 -0.06520900
v -0.02239200 -0.00222500 -0.06326200
v -0.02239200 -0.00344500 -0.06107800
v -0.02239200 -0.00427900 -0.05871800
v -0.02239200 -0.00470200 -0.05625100
v -0.02239200 -0.00470200 -0.05374900
v -0.02239200 -0.00427900 -0.05128200
v -0.02239200 -0.00344500 -0.04892200
v -0.02239200 -0.00222500 -0.04673800
v -0.02239200 0.00335700 -0.06817500
v -0.02239200 0.00567900 -0.06910800
v -0.02239200 0.00812600 -0.06963500
v -0.02239200 0.01062600 -0.06974200
v -0.02239200 0.01310900 -0.06942400
v -0.02239200 0.01550100 -0.06869100
v -0.02239200 0.01773600 -0.06756400
v -0.02239200 0.01974800 -0.06607600
v -0.02239200 0.02148000 -0.06426900
v -0.02239200 0.02288100 -0.06219600
v -0.02239200 0.02391200 -0.05991500
v -0.02239200 0.02454300 -0.05749400
v -0.02239200 0.02475500 -0.05500000
v -0.02239200 0.02454300 -0.05250600
v -0.02239200 0.02391200 -0.05008500
v -0.02239200 0.02288100 -0.04780400
v -0.02239200 0.02148000 -0.04573100
v -0.02239200 0.01974800 -0.04392400
v -0.02239200 0.01773600 -0.04243600
v -0.02239200 0.01550100 -0.04130900
v -0.02239200 0.01310900 -0.04057600
v -0.02239200 0.01062600 -0.04025800
v -0.02239200 0.00812600 -0.04036500
v -0.02239200 0.00567900 -0.04089200
v -0.02239200 0.00335700 -0.04182500
v -0.02239200 0.00122600 -0.04313700
v -0.02239200 -0.00065200 -0.04479100
v -0.02202000 0.00151500 -0.06647300
v -0.02202000 -0.00030200 -0.06487400
v -0.02202000 -0.00182200 -0.06299100
v -0.02202000 -0.00300300 -0.06087800
v -0.02202000 -0.00380900 -0.05859600
v -0.02202000 -0.00421800 -0.05621000
v -0.02202000 -0.00421800 -0.05379000
v -0.02202000 -0.00380900 -0.05140400
v -0.02202000 -0.00300300 -0.04912200
v -0.02202000 -0.00182200 -0.04700900
v -0.02202000 -0.00030200 -0.04512600
v -0.02202000 0.00357600 -0.06774200
v -0.02202000 0.00582200 -0.06864400
v -0.02202000 0.00818800 -0.06915400
v -0.02202000 0.01060600 -0.06925700
v -0.02202000 0.01300600 -0.06894900
v -0.02202000 0.01532000 -0.06824000
v -0.02202000 0.01748200 -0.06715100
v -0.02202000 0.01942700 -0.06571200
v -0.02202000 0.02110200 -0.06396400
v -0.02202000 0.02245700 -0.06195900
v -0.02202000 0.02345400 -0.05975400
v -0.02202000 0.02406400 -0.05741200
v -0.02202000 0.02426900 -0.05500000
v -0.02202000 0.02406400 -0.05258800
v -0.02202000 0.02345400 -0.05024600
v -0.02202000 0.02245700 -0.04804100
v -0.02202000 0.02110200 -0.04603600
v -0.02202000 0.01942700 -0.04428800
v -0.02202000 0.01748200 -0.04284900
v -0.02202000 0.01532000 -0.04176000
v -0.02202000 0.01300600 -0.04105100
v -0.02202000 0.01060600 -0.04074300
v -0.02202000 0.00818800 -0.04084600
v -0.02202000 0.00582200 -0.04135600
v -0.02202000 0.00357600 -0.04225800
v -0.02202000 0.00151500 -0.04352700
v 0.00550000 0.02357900 -0.04562700
v 0.00567300 0.02418600 -0.04663400
v 0.00550000 0.02421300 -0.04661800
v 0.00567300 0.02539900 -0.04916200
v 0.00550000 0.02542800 -0.04915100
v 0.00567300 0.02616700 -0.05185800
v 0.00550000 0.02619700 -0.05185200
v 0.00550000 0.02638000 -0.05301100
v 0.00567300 0.02646500 -0.05464600
v 0.00550000 0.02649600 -0.05464500
v 0.00550000 0.02638000 -0.05698900
v 0.00567300 0.02628700 -0.05744400
v 0.00550000 0.02631700 -0.05744800
v 0.00567300 0.02563600 -0.06017100
v 0.00550000 0.02566600 -0.06018100
v 0.00550000 0.02542800 -0.06085100
v 0.00567300 0.02453300 -0.06274800
v 0.00550000 0.02456000 -0.06276300
v 0.00550000 0.02357900 -0.06437300
v 0.00567300 0.02300800 -0.06510100
v 0.00550000 0.02303200 -0.06512000
v 0.00567300 0.02110600 -0.06716100
v 0.00550000 0.02112700 -0.06718400
v 0.00567300 0.01640100 -0.07017400
v 0.00550000 0.01766800 -0.06961000
v 0.00567300 0.01888200 -0.06886900
v 0.00550000 0.01889900 -0.06889500
v 0.00550000 0.02094200 -0.06735000
v 0.00567300 0.01096000 -0.07144100
v 0.00550000 0.01374100 -0.07107000
v 0.00567300 0.01373400 -0.07104000
v 0.00550000 0.01394900 -0.07102100
v 0.00550000 0.01641300 -0.07020300
v 0.00567300 0.00815700 -0.07136600
v 0.00550000 0.01000000 -0.07150000
v 0.00550000 0.01096100 -0.07147200
v 0.00550000 0.00233200 -0.06961000
v 0.00550000 0.00277800 -0.06983600
v 0.00567300 0.00279200 -0.06980800
v 0.00550000 0.00539900 -0.07084600
v 0.00567300 0.00540800 -0.07081600
v 0.00550000 0.00605100 -0.07102100
v 0.00550000 0.00815300 -0.07139600
v 0.00550000 0.00036600 -0.06839600
v 0.00567300 0.00038400 -0.06837000
v 0.00550000 -0.00094200 -0.06735000
v 0.00567300 -0.00174400 -0.06654600
v 0.00550000 -0.00176600 -0.06656700
v 0.00567300 -0.00353200 -0.06438600
v 0.00550000 -0.00355800 -0.06440400
v 0.00567300 -0.00492800 -0.06195500
v 0.00550000 -0.00495700 -0.06196800
v 0.00550000 -0.00542800 -0.06085100
v 0.00596900 -0.00466000 -0.06183000
v 0.00596900 -0.00328900 -0.06421800
v 0.00596900 -0.00153300 -0.06633800
v 0.00596900 0.00055700 -0.06813000
v 0.00596900 0.00292100 -0.06954200
v 0.00596900 0.00549000 -0.07053200
v 0.00596900 0.00819000 -0.07107100
v 0.00596900 0.01094200 -0.07114600
v 0.00596900 0.01366700 -0.07075200
v 0.00596900 0.01628600 -0.06990100
v 0.00596900 0.01872200 -0.06861900
v 0.00596900 0.02090600 -0.06694200
v 0.00596900 0.02277400 -0.06491900
v 0.00596900 0.02427100 -0.06260900
v 0.00596900 0.02535500 -0.06007800
v 0.00596900 0.02599400 -0.05740000
v 0.00596900 0.02616900 -0.05465200
v 0.00596900 0.02587600 -0.05191500
v 0.00596900 0.02512300 -0.04926600
v 0.00596900 0.02393100 -0.04678400
v 0.00585400 0.02408600 -0.04669300
v 0.00585400 0.02529100 -0.04920200
v 0.00585400 0.02605300 -0.05188000
v 0.00585400 0.02635000 -0.05464800
v 0.00585400 0.02617200 -0.05742700
v 0.00585400 0.02552700 -0.06013500
v 0.00585400 0.02443100 -0.06269400
v 0.00585400 0.02291600 -0.06503000
v 0.00585400 0.02102800 -0.06707600
v 0.00585400 0.01882000 -0.06877100
v 0.00585400 0.01635600 -0.07006800
v 0.00585400 0.01370800 -0.07092800
v 0.00585400 0.01095300 -0.07132600
v 0.00585400 0.00817000 -0.07125100
v 0.00585400 0.00544000 -0.07070500
v 0.00585400 0.00284200 -0.06970400
v 0.00585400 0.00045200 -0.06827700
v 0.00585400 -0.00166200 -0.06646500
v 0.00585400 -0.00343800 -0.06432000
v 0.00585400 -0.00482400 -0.06190600
v -0.00014200 0.01523100 -0.03627200
v -0.00294500 0.02105400 -0.04256000
v -0.00294500 0.01905200 -0.04103500
v -0.00170000 0.01937000 -0.04054400
v -0.00072700 0.01748300 -0.03841000
v -0.00014200 0.00094500 -0.03779300
v -0.00014200 0.00364300 -0.03662400
v -0.00014200 0.00648600 -0.03587600
v -0.00014200 0.00941000 -0.03556400
v -0.00014200 0.01234800 -0.03569800
v -0.00014200 -0.00154600 -0.03935500
v -0.00014200 -0.00377300 -0.04127400
v -0.00014200 -0.00568500 -0.04350800
v -0.00014200 -0.00723900 -0.04600500
v -0.00072700 -0.00613500 -0.04658000
v -0.00072700 -0.00722000 -0.04910900
v -0.00170000 -0.00630000 -0.04942400
v -0.00170000 -0.00695400 -0.05194600
v -0.00294500 -0.00663600 -0.05455300
v -0.00294500 -0.00637800 -0.05205000
v -0.00400000 -0.00637200 -0.05704900
v -0.00400000 -0.00649400 -0.05455700
v -0.00400000 -0.00638000 -0.05301100
v -0.00400000 -0.00623900 -0.05207500
v -0.00294500 -0.00574600 -0.04961400
v -0.00400000 -0.00561200 -0.04966000
v -0.00294500 -0.00178800 -0.04325300
v -0.00400000 -0.00331000 -0.04524800
v -0.00294500 -0.00342400 -0.04516500
v -0.00400000 -0.00357900 -0.04562700
v -0.00294500 -0.00475400 -0.04730100
v -0.00400000 -0.00462800 -0.04736700
v -0.00400000 -0.00542800 -0.04914900
v -0.00400000 0.00020200 -0.04172400
v -0.00400000 -0.00094200 -0.04265000
v -0.00400000 -0.00168700 -0.04335300
v -0.00294500 0.00011800 -0.04161000
v -0.00294500 0.00225000 -0.04027300
v -0.00400000 0.00231600 -0.04039800
v -0.00294500 0.00455900 -0.03927300
v -0.00400000 0.00460600 -0.03940700
v -0.00400000 0.00605100 -0.03897900
v -0.00294500 0.00699300 -0.03863200
v -0.00400000 0.00701900 -0.03877200
v -0.00294500 0.00949500 -0.03836600
v -0.00400000 0.00950000 -0.03850800
v -0.00294500 0.01684300 -0.03983000
v -0.00400000 0.01443900 -0.03910800
v -0.00294500 0.01447700 -0.03897200
v -0.00400000 0.01394900 -0.03897900
v -0.00294500 0.01200900 -0.03848000
v -0.00400000 0.01199200 -0.03862100
v -0.00400000 0.01000000 -0.03850000
v -0.00400000 0.01897500 -0.04115400
v -0.00400000 0.01766800 -0.04039000
v -0.00400000 0.01678400 -0.03995900
v -0.00170000 -0.00527300 -0.04703000
v -0.00170000 -0.00389700 -0.04481800
v -0.00170000 -0.00220300 -0.04283900
v -0.00170000 -0.00023000 -0.04113900
v -0.00170000 0.00197700 -0.03975500
v -0.00170000 0.00436800 -0.03871900
v -0.00170000 0.00688700 -0.03805600
v -0.00170000 0.00947800 -0.03778100
v -0.00170000 0.01208000 -0.03789900
v -0.00170000 0.01463500 -0.03840800
v -0.00170000 0.01708300 -0.03929600
v -0.00400000 0.02096000 -0.04266600
v -0.00072700 0.01489600 -0.03747100
v -0.00072700 0.01219700 -0.03693300
v -0.00072700 0.00944800 -0.03680800
v -0.00072700 0.00671100 -0.03710000
v -0.00072700 0.00405000 -0.03780000
v -0.00072700 0.00152500 -0.03889400
v -0.00072700 -0.00080700 -0.04035600
v -0.00072700 -0.00289200 -0.04215300
v -0.00072700 -0.00468100 -0.04424400
vn -0.57735027 0.57735027 0.57735027
vn -0.57735027 0.57735027 -0.57735027
vn -0.69629138 -0.03500956 0.71690491
vn -0.70166663 -0.01735063 -0.71229411
vn -0.68889484 -0.09525951 -0.71857465
vn -0.67735374 -0.25445946 -0.69024799
vn -0.67170807 -0.45282407 -0.58630932
vn -0.67368262 -0.61380725 -0.41157307
vn -0.67130749 -0.74092945 0.01923035
vn -0.66086997 -0.68666369 0.30289249
vn -0.65708552 -0.48146763 0.58002375
vn -0.67576764 -0.70670093 -0.20955163
vn -0.66953752 -0.20141451 0.71494874
vn 0.65374826 -0.65830549 0.37315827
vn 0.65321796 -0.75716992 0.00000000
vn 0.12701053 -0.75080395 0.64819885
vn 0.65552367 -0.65857834 -0.36954469
vn 0.12989102 -0.74894137 -0.64978084
vn 0.65374826 0.65830549 -0.37315827
vn 0.65321796 0.75716992 -0.00000000
vn 0.12701053 0.75080395 -0.64819885
vn 0.65552367 0.65857834 0.36954469
vn 0.12989102 0.74894137 0.64978084
vn 0.65374826 -0.65830549 0.37315827
vn 0.65321796 -0.75716992 0.00000000
vn 0.12701053 -0.75080395 0.64819885
vn 0.65552367 -0.65857834 -0.36954469
vn 0.12989102 -0.74894137 -0.64978084
vn 0.65374826 0.65830549 -0.37315827
vn 0.65321796 0.75716992 -0.00000000
vn 0.12701053 0.75080395 -0.64819885
vn 0.65552367 0.65857834 0.36954469
vn 0.12989102 0.74894137 0.64978084
vn 0.65374826 -0.65830549 0.37315827
vn 0.65321796 -0.75716992 0.00000000
vn 0.12701053 -0.75080395 0.64819885
vn 0.65552367 -0.65857834 -0.36954469
vn 0.12989102 -0.74894137 -0.64978084
vn 0.65374826 0.65830549 -0.37315827
vn 0.65321796 0.75716992 -0.00000000
vn 0.12701053 0.75080395 -0.64819885
vn 0.65552367 0.65857834 0.36954469
vn 0.12989102 0.74894137 0.64978084
vn 0.65374826 -0.65830549 0.37315827
vn 0.65321796 -0.75716992 0.00000000
vn 0.12701053 -0.75080395 0.64819885
vn 0.65552367 -0.65857834 -0.36954469
vn 0.12989102 -0.74894137 -0.64978084
vn 0.65374826 0.65830549 -0.37315827
vn 0.65321796 0.75716992 -0.00000000
vn 0.12701053 0.75080395 -0.64819885
vn 0.65552367 0.65857834 0.36954469
vn 0.12989102 0.74894137 0.64978084
vn 0.65374826 -0.65830549 0.37315827
vn 0.65321796 -0.75716992 0.00000000
vn 0.12701053 -0.75080395 0.64819885
vn 0.65552367 -0.65857834 -0.36954469
vn 0.12989102 -0.74894137 -0.64978084
vn 0.65374826 0.65830549 -0.37315827
vn 0.65321796 0.75716992 -0.00000000
vn 0.12701053 0.75080395 -0.64819885
vn 0.65552367 0.65857834 0.36954469
vn 0.12989102 0.74894137 0.64978084
vn 0.65374826 -0.65830549 0.37315827
vn 0.65321796 -0.75716992 0.00000000
vn 0.12701053 -0.75080395 0.64819885
vn 0.65552367 -0.65857834 -0.36954469
vn 0.12989102 -0.74894137 -0.64978084
vn 0.65374826 0.65830549 -0.37315827
vn 0.65321796 0.75716992 -0.00000000
vn 0.12701053 0.75080395 -0.64819885
vn 0.65552367 0.65857834 0.36954469
vn 0.12989102 0.74894137 0.64978084
vn 0.61164442 0.68958312 -0.38777083
vn 0.08453450 0.99642055 -0.00000000
vn 0.61164442 0.68958312 0.38777083
vn 0.61164442 -0.68958312 0.38777083
vn 0.08453450 -0.99642055 0.00000000
vn 0.61164442 -0.68958312 -0.38777083
vn 0.61164442 0.68958312 -0.38777083
vn 0.08453450 0.99642055 -0.00000000
vn 0.61164442 0.68958312 0.38777083
vn 0.61164442 -0.68958312 0.38777083
vn 0.08453450 -0.99642055 0.00000000
vn 0.61164442 -0.68958312 -0.38777083
vn 0.61164442 0.68958312 -0.38777083
vn 0.08463660 0.99641189 0.00000000
vn 0.61164442 0.68958312 0.38777083
vn 0.61164442 -0.68958312 0.38777083
vn 0.08463660 -0.99641189 0.00000000
vn 0.61164442 -0.68958312 -0.38777083
vn 0.61164442 0.68958312 -0.38777083
vn 0.08463660 0.99641189 0.00000000
vn 0.61164442 0.68958312 0.38777083
vn 0.61164442 -0.68958312 0.38777083
vn 0.08463660 -0.99641189 0.00000000
vn 0.61164442 -0.68958312 -0.38777083
vn 0.61164442 0.68958312 -0.38777083
vn 0.08463660 0.99641189 0.00000000
vn 0.61164442 0.68958312 0.38777083
vn 0.61164442 -0.68958312 0.38777083
vn 0.08463660 -0.99641189 0.00000000
vn 0.61164442 -0.68958312 -0.38777083
vn 0.61164442 0.68958312 -0.38777083
vn 0.08463660 0.99641189 0.00000000
vn 0.61164442 0.68958312 0.38777083
vn 0.61164442 -0.68958312 0.38777083
vn 0.08463660 -0.99641189 0.00000000
vn 0.61164442 -0.68958312 -0.38777083
vn -0.90453403 0.30151134 -0.30151134
vn -0.90453403 0.30151134 0.30151134
vn -0.71825196 -0.03393765 0.69495493
vn -0.76503012 -0.41132384 0.49552157
vn -0.74897216 -0.17967348 0.63777594
vn -0.74678676 -0.66483967 0.01725549
vn -0.76001941 -0.59462057 0.26229158
vn -0.74389042 -0.55507014 -0.37218837
vn -0.74138150 -0.64339450 -0.19077995
vn -0.73949364 -0.23284319 -0.63161159
vn -0.74629538 -0.40685741 -0.52679242
vn -0.71262913 -0.01708363 -0.70133292
vn -0.72627347 -0.09033721 -0.68144408
vn 0.67655272 0.28951946 -0.67709298
vn 0.67655272 -0.28951946 0.67709298
vn 0.40381783 -0.45549779 -0.79338069
vn 0.40471889 -0.79293564 -0.45547305
vn 0.40697231 -0.91344050 0.00000000
vn 0.40695958 -0.79105644 0.45674238
vn 0.40587539 -0.45676035 0.79160290
vn 0.67655272 0.28951946 0.67709298
vn 0.40697231 -0.00000000 0.91344050
vn 0.65321796 0.00000000 0.75716992
vn 0.40381783 0.45549779 0.79338069
vn 0.40471889 0.79293564 0.45547305
vn 0.40697231 0.91344050 -0.00000000
vn 0.40695958 0.79105644 -0.45674238
vn 0.40587539 0.45676035 -0.79160290
vn 0.40697231 -0.00000000 -0.91344050
vn 0.65321796 -0.00000000 -0.75716992
vn 0.67655272 -0.28951946 -0.67709298
vn 0.67655272 0.28951946 -0.67709298
vn 0.67655272 -0.28951946 0.67709298
vn 0.40381783 -0.45549779 -0.79338069
vn 0.40471889 -0.79293564 -0.45547305
vn 0.40697231 -0.91344050 0.00000000
vn 0.40695958 -0.79105644 0.45674238
vn 0.40587539 -0.45676035 0.79160290
vn 0.67655272 0.28951946 0.67709298
vn 0.40697231 0.00000000 0.91344050
vn 0.65321796 0.00000000 0.75716992
vn 0.40381783 0.45549779 0.79338069
vn 0.40471889 0.79293564 0.45547305
vn 0.40697231 0.91344050 -0.00000000
vn 0.40695958 0.79105644 -0.45674238
vn 0.40587539 0.45676035 -0.79160290
vn 0.40697231 -0.00000000 -0.91344050
vn 0.65321796 -0.00000000 -0.75716992
vn 0.67655272 -0.28951946 -0.67709298
vn 0.67655272 0.28951946 -0.67709298
vn 0.67655272 -0.28951946 0.67709298
vn 0.40381783 -0.45549779 -0.79338069
vn 0.40471889 -0.79293564 -0.45547305
vn 0.40697231 -0.91344050 0.00000000
vn 0.40695958 -0.79105644 0.45674238
vn 0.40587539 -0.45676035 0.79160290
vn 0.67655272 0.28951946 0.67709298
vn 0.40697231 0.00000000 0.91344050
vn 0.65321796 0.00000000 0.75716992
vn 0.40381783 0.45549779 0.79338069
vn 0.40471889 0.79293564 0.45547305
vn 0.40697231 0.91344050 -0.00000000
vn 0.40695958 0.79105644 -0.45674238
vn 0.40587539 0.45676035 -0.79160290
vn 0.40697231 0.00000000 -0.91344050
vn 0.65321796 0.00000000 -0.75716992
vn 0.67655272 -0.28951946 -0.67709298
vn 0.67655272 0.28951946 -0.67709298
vn 0.67655272 -0.28951946 0.67709298
vn 0.40381783 -0.45549779 -0.79338069
vn 0.40471889 -0.79293564 -0.45547305
vn 0.40697231 -0.91344050 0.00000000
vn 0.40695958 -0.79105644 0.45674238
vn 0.40587539 -0.45676035 0.79160290
vn 0.67655272 0.28951946 0.67709298
vn 0.40697231 0.00000000 0.91344050
vn 0.65321796 0.00000000 0.75716992
vn 0.40381783 0.45549779 0.79338069
vn 0.40471889 0.79293564 0.45547305
vn 0.40697231 0.91344050 -0.00000000
vn 0.40695958 0.79105644 -0.45674238
vn 0.40587539 0.45676035 -0.79160290
vn 0.40697231 -0.00000000 -0.91344050
vn 0.65321796 -0.00000000 -0.75716992
vn 0.67655272 -0.28951946 -0.67709298
vn 0.67655272 0.28951946 -0.67709298
vn 0.67655272 -0.28951946 0.67709298
vn 0.40381783 -0.45549779 -0.79338069
vn 0.40471889 -0.79293564 -0.45547305
vn 0.40697231 -0.91344050 0.00000000
vn 0.40695958 -0.79105644 0.45674238
vn 0.40587539 -0.45676035 0.79160290
vn 0.67655272 0.28951946 0.67709298
vn 0.40697231 0.00000000 0.91344050
vn 0.65321796 0.00000000 0.75716992
vn 0.40381783 0.45549779 0.79338069
vn 0.40471889 0.79293564 0.45547305
vn 0.40697231 0.91344050 -0.00000000
vn 0.40695958 0.79105644 -0.45674238
vn 0.40587539 0.45676035 -0.79160290
vn 0.40697231 0.00000000 -0.91344050
vn 0.65321796 0.00000000 -0.75716992
vn 0.67655272 -0.28951946 -0.67709298
vn 0.67655272 0.28951946 -0.67709298
vn 0.67655272 -0.28951946 0.67709298
vn 0.40381783 -0.45549779 -0.79338069
vn 0.40471889 -0.79293564 -0.45547305
vn 0.40697231 -0.91344050 0.00000000
vn 0.40695958 -0.79105644 0.45674238
vn 0.40587539 -0.45676035 0.79160290
vn 0.67655272 0.28951946 0.67709298
vn 0.40697231 -0.00000000 0.91344050
vn 0.65321796 0.00000000 0.75716992
vn 0.40381783 0.45549779 0.79338069
vn 0.40471889 0.79293564 0.45547305
vn 0.40697231 0.91344050 -0.00000000
vn 0.40695958 0.79105644 -0.45674238
vn 0.40587539 0.45676035 -0.79160290
vn 0.40697231 -0.00000000 -0.91344050
vn 0.65321796 -0.00000000 -0.75716992
vn 0.67655272 -0.28951946 -0.67709298
vn 0.08777172 -0.08777172 0.99226622
vn 0.08772785 0.08771251 0.99227533
vn -0.08777172 -0.08777172 0.99226622
vn -0.08777172 0.08777172 0.99226622
vn 0.77023880 0.55228376 -0.31892764
vn 0.77023880 0.31892764 -0.55228376
vn 0.77034708 -0.00009821 -0.63762479
vn 0.77009238 -0.31886882 -0.55252186
vn 0.77034599 -0.55203750 -0.31909507
vn 0.77034599 -0.55203750 0.31909507
vn 0.77009238 -0.31886882 0.55252186
vn 0.77034708 -0.00009821 0.63762479
vn 0.77023880 0.31892764 0.55228376
vn 0.77023880 0.55228376 0.31892764
vn 0.77034599 0.55203750 -0.31909507
vn 0.77009238 0.31886882 -0.55252186
vn 0.77034708 0.00009821 -0.63762479
vn 0.77023880 -0.31892764 -0.55228376
vn 0.77023880 -0.55228376 -0.31892764
vn 0.77023880 -0.55228376 0.31892764
vn 0.77023880 -0.31892764 0.55228376
vn 0.77034708 0.00009821 0.63762479
vn 0.77009238 0.31886882 0.55252186
vn 0.77034599 0.55203750 0.31909507
vn 0.77019955 -0.55227568 -0.31903642
vn 0.77019955 -0.31903642 -0.55227568
vn 0.77034708 -0.00009821 -0.63762479
vn 0.77034599 0.31909507 -0.55203750
vn 0.77009238 0.55252186 -0.31886882
vn 0.77009238 0.55252186 0.31886882
vn 0.77034599 0.31909507 0.55203750
vn 0.77034708 -0.00009821 0.63762479
vn 0.77019955 -0.31903642 0.55227568
vn 0.77019955 -0.55227568 0.31903642
vn 0.77009238 -0.55252186 -0.31886882
vn 0.77034599 -0.31909507 -0.55203750
vn 0.77034708 0.00009821 -0.63762479
vn 0.77019955 0.31903642 -0.55227568
vn 0.77019955 0.55227568 -0.31903642
vn 0.77019955 0.55227568 0.31903642
vn 0.77019955 0.31903642 0.55227568
vn 0.77034708 0.00009821 0.63762479
vn 0.77034599 -0.31909507 0.55203750
vn 0.77009238 -0.55252186 0.31886882
vn 0.77009238 -0.55252186 -0.31886882
vn 0.77034599 -0.31909507 -0.55203750
vn 0.77034708 0.00009821 -0.63762479
vn 0.77019955 0.31903642 -0.55227568
vn 0.77019955 0.55227568 -0.31903642
vn 0.77019955 0.55227568 0.31903642
vn 0.77019955 0.31903642 0.55227568
vn 0.77034708 0.00009821 0.63762479
vn 0.77034599 -0.31909507 0.55203750
vn 0.77009238 -0.55252186 0.31886882
vn 0.77019955 -0.55227568 -0.31903642
vn 0.77019955 -0.31903642 -0.55227568
vn 0.77034708 -0.00009821 -0.63762479
vn 0.77034599 0.31909507 -0.55203750
vn 0.77009238 0.55252186 -0.31886882
vn 0.77009238 0.55252186 0.31886882
vn 0.77034599 0.31909507 0.55203750
vn 0.77034708 -0.00009821 0.63762479
vn 0.77019955 -0.31903642 0.55227568
vn 0.77019955 -0.55227568 0.31903642
vn -0.57735027 0.57735027 -0.57735027
vn -0.57735027 -0.57735027 -0.57735027
vn -0.90453403 -0.30151134 0.30151134
vn -0.57735027 -0.57735027 0.57735027
vn -0.57735027 0.57735027 0.57735027
vn -0.90453403 0.30151134 0.30151134
vn -0.57735027 0.57735027 0.57735027
vn -0.57735027 -0.57735027 0.57735027
vn -0.98021052 0.19647906 0.02415181
vn -0.57735027 -0.57735027 -0.57735027
vn -0.57735027 -0.57735027 0.57735027
vn -0.90453403 0.30151134 0.30151134
vn -0.57735027 0.57735027 0.57735027
vn -0.67733792 0.70918128 -0.19564065
vn -0.67616626 0.62745557 -0.38613301
vn -0.67140681 0.48158963 -0.56327997
vn -0.67282702 0.27381906 -0.68726045
vn -0.68817754 0.09556821 -0.71922068
vn -0.70200642 0.01625164 -0.71198517
vn -0.70924184 -0.00666770 0.70493373
vn -0.71733274 -0.04437954 0.69531590
vn -0.73311333 -0.14869139 0.66365331
vn -0.72615314 -0.27710411 0.62921771
vn -0.67116385 0.29656848 0.67940138
vn -0.66229838 0.53452550 0.52501747
vn -0.66585483 0.69644059 0.26759642
vn -0.67476642 0.73788085 0.01490407
vn -0.73118398 -0.38586152 0.56256633
vn -0.72529459 -0.48607705 0.48752114
vn -0.69169205 0.38200627 -0.61288932
vn -0.71613096 -0.54780603 0.43251012
vn -0.61315836 -0.38009291 0.69250719
vn -0.55319573 0.73064763 0.40016062
vn -0.70897058 -0.59178688 0.38360006
vn -0.70051683 0.58970281 -0.40190392
vn -0.71224418 -0.57692454 0.39983286
vn -0.69333167 0.55568266 -0.45881148
vn -0.68628446 0.48111266 -0.54547616
vn -0.01422967 -0.65442405 -0.75599383
vn -0.01062285 -0.73695616 -0.67585706
vn -0.03412217 -0.74779281 -0.66305475
vn 0.08906573 -0.81269711 -0.57583913
vn -0.01203337 -0.80575241 -0.59213026
vn -0.02157688 -0.87254728 -0.48805295
vn -0.01432919 -0.86944068 -0.49382950
vn -0.01370773 -0.91284109 -0.40808485
vn 0.09017290 -0.91991347 -0.38161244
vn -0.01396866 -0.95378763 -0.30015667
vn 0.08778463 -0.95826475 -0.27207080
vn 0.00949573 -0.98664922 -0.16258274
vn -0.01155407 -0.98158712 -0.19066525
vn 0.08999852 -0.99431149 -0.05696434
vn -0.01285000 -0.99646068 -0.08307224
vn -0.05142303 -0.99727341 0.05292833
vn -0.01424525 -0.99932426 0.03388347
vn -0.01346082 -0.99125805 0.13124896
vn 0.08562699 -0.98176341 0.16973104
vn -0.01374840 -0.96930541 0.24547505
vn 0.08734639 -0.95414314 0.28632408
vn 0.07203113 -0.92105659 0.38270912
vn -0.01266532 -0.93625398 0.35109553
vn 0.08995361 -0.87325623 0.47888611
vn -0.01394673 -0.89293477 0.44996999
vn -0.05898773 -0.81462400 0.57698196
vn -0.01419023 -0.83363917 0.55212713
vn -0.01334835 -0.77465405 0.63224435
vn 0.08502352 -0.73966786 0.66757955
vn -0.01353047 -0.69639330 0.71753278
vn 0.04335570 -0.67024845 0.74086928
vn -0.01120545 -0.61557682 0.78799722
vn 0.08635289 -0.58240566 0.80829872
vn -0.01226734 -0.52424573 0.85147867
vn 0.09019181 -0.48200054 0.87151644
vn -0.04306927 -0.38084589 0.92363491
vn -0.01416808 -0.42252709 0.90623955
vn -0.01332417 -0.32839410 0.94444681
vn 0.08527972 -0.27511173 0.95762253
vn -0.01335589 -0.21670347 0.97614611
vn -0.00996032 -0.17162428 0.98511212
vn -0.01129709 -0.11340355 0.99348478
vn 0.08786626 -0.05770254 0.99445962
vn -0.01175356 -0.00149148 0.99992981
vn 0.08786626 0.05770254 0.99445962
vn -0.01346976 0.11492399 0.99328296
vn -0.00996032 0.17162428 0.98511212
vn -0.01333922 0.21671652 0.97614344
vn 0.08527972 0.27511173 0.95762253
vn -0.01330749 0.32838160 0.94445140
vn -0.04467927 0.37975420 0.92400785
vn -0.01165489 0.42318255 0.90596948
vn 0.08839438 0.48303482 0.87112789
vn -0.01220353 0.52220395 0.85273332
vn 0.08639711 0.58245743 0.80825669
vn -0.01375274 0.61694411 0.78688679
vn 0.04844852 0.66781694 0.74274711
vn -0.01352957 0.69639382 0.71753229
vn 0.08630434 0.74088275 0.66606630
vn -0.01334745 0.77465361 0.63224491
vn -0.06029949 0.81401285 0.57770845
vn -0.01201659 0.83389579 0.55179110
vn 0.08744088 0.87445950 0.47715267
vn -0.01278388 0.89141359 0.45301035
vn 0.08577174 0.94151094 0.32588396
vn -0.01407946 0.93727926 0.34829494
vn -0.01368703 0.96931632 0.24543540
vn 0.08565649 0.98176849 0.16968679
vn -0.01348034 0.99125983 0.13123347
vn -0.05243578 0.99718166 0.05365847
vn -0.01249624 0.99935471 0.03367505
vn 0.08557660 0.99445052 -0.06119486
vn -0.01289663 0.99671478 -0.07995825
vn -0.01181801 0.98770940 -0.15585401
vn -0.01377688 0.98101074 -0.19346348
vn 0.08725206 0.95820119 -0.27246570
vn -0.01379908 0.95375518 -0.30026763
vn 0.09010533 0.91995824 -0.38152047
vn -0.01373116 0.91283316 -0.40810179
vn -0.02224061 0.87276999 -0.48762476
vn -0.01309385 0.86940230 -0.49393137
vn 0.08795773 0.81266925 -0.57604872
vn -0.01334384 0.80746485 -0.58976475
vn -0.03483590 0.74770181 -0.66312025
vn -0.01377125 0.73505678 -0.67786569
vn 0.08657136 0.66369819 -0.74297383
vn -0.01402764 0.65432018 -0.75608751
vn 0.08842122 0.57208191 -0.81541644
vn -0.01379611 0.52630881 -0.85018157
vn 0.08690731 -0.66387151 -0.74277974
vn 0.08846582 -0.57202454 -0.81545185
vn -0.01388242 -0.52625644 -0.85021258
vn 0.01928729 -0.47460545 -0.87998731
vn -0.01117807 -0.37875187 -0.92543075
vn 0.08473101 -0.38633041 -0.91846038
vn -0.00977644 -0.27434762 -0.96158089
vn -0.05619655 -0.27758954 -0.95905474
vn -0.01469391 -0.16009179 -0.98699276
vn 0.08732536 -0.16251742 -0.98283385
vn -0.01468301 -0.00010351 -0.99989219
vn 0.08883893 -0.00005138 -0.99604600
vn -0.01447025 0.16014536 -0.98698737
vn 0.08707262 0.16251919 -0.98285598
vn -0.01389236 0.27159831 -0.96231043
vn -0.05643390 0.27753156 -0.95905758
vn -0.01426194 0.38126889 -0.92435417
vn 0.08635048 0.38371284 -0.91940636
vn 0.02999177 0.47875522 -0.87743600
vn -0.08702832 0.30146706 0.94949654
vn 0.08698364 0.30152523 0.94948217
vn -0.17110633 0.51638484 0.83908839
vn 0.23448798 0.53184479 0.81373000
vn -0.10118069 0.71580522 0.69093079
vn 0.10118069 0.69093079 0.71580522
vn -0.23448798 0.81373000 0.53184479
vn 0.17110633 0.83908839 0.51638484
vn -0.08702832 0.94949654 0.30146706
vn 0.08702832 0.94949654 0.30146706
vn -0.08777172 0.99226622 0.08777172
vn 0.08777172 0.99226622 0.08777172
vn 0.85635713 0.51497785 0.03808255
vn 0.85623363 0.51653368 0.00754558
vn 0.70197489 0.70938607 0.06326664
vn 0.70843280 0.70571865 0.00917355
vn 0.51314338 0.85487693 0.07661136
vn 0.51620405 0.85640142 0.01048712
vn 0.29937916 0.95043499 0.08393715
vn 0.30435563 0.95248161 0.01210051
vn 0.08860405 0.99595149 0.01516438
vn 0.99614724 0.08768648 0.00132277
vn 0.95325382 0.30211376 0.00586714
vn 0.99144178 0.13054957 0.00000761
vn 0.99144177 0.13054969 0.00000000
vn 0.99145254 0.13046650 -0.00058855
vn 0.94872404 0.31573029 0.01539717
vn 0.99558198 0.09348170 0.00881418
vn 0.36988870 0.32278156 0.87120285
vn 0.37036153 0.87245112 0.31884382
vn 0.69338279 0.66817560 0.26974371
vn 0.92421655 0.35352789 0.14436689
vn 0.92254722 0.27296740 0.27275526
vn 0.99489908 0.07139074 0.07126843
vn 0.99507072 0.09224158 0.03641101
vn 0.92422428 0.14422167 0.35356696
vn 0.99507567 0.03631394 0.09222636
vn 0.99558198 0.00881418 0.09348170
vn 0.95068746 0.02800869 0.30888327
vn 0.85235300 0.04761942 0.52079436
vn 0.69326934 0.26988121 0.66823779
vn 0.29942352 0.08387168 0.95042680
vn 0.51314338 0.07661136 0.85487693
vn 0.70197489 0.06326664 0.70938607
vn 0.69186123 0.51047620 0.51062911
vn 0.36617318 0.64496251 0.67077608
vn 0.29937916 -0.08393715 0.95043499
vn 0.51314338 -0.07661136 0.85487693
vn 0.70197489 -0.06326664 0.70938607
vn 0.85235300 -0.04761942 0.52079436
vn 0.95068746 -0.02800869 0.30888327
vn 0.99558198 -0.00881418 0.09348170
vn 0.23448798 -0.81373000 0.53184479
vn 0.08698364 -0.94948217 0.30152523
vn 0.36988870 -0.87120285 0.32278156
vn 0.08772785 -0.99227533 0.08771251
vn 0.37036153 -0.31884382 0.87245112
vn 0.08702832 -0.30146706 0.94949654
vn 0.17110633 -0.51638484 0.83908839
vn 0.69338279 -0.26974371 0.66817560
vn 0.92421655 -0.14436689 0.35352789
vn 0.92254722 -0.27275526 0.27296740
vn 0.99489908 -0.07126843 0.07139074
vn 0.99507072 -0.03641101 0.09224158
vn 0.92422428 -0.35356696 0.14422167
vn 0.99507567 -0.09222636 0.03631394
vn 0.99558198 -0.09348170 0.00881418
vn 0.95068746 -0.30888327 0.02800869
vn 0.85235300 -0.52079436 0.04761942
vn 0.69326934 -0.66823779 0.26988121
vn 0.29942352 -0.95042680 0.08387168
vn 0.51314338 -0.85487693 0.07661136
vn 0.70197489 -0.70938607 0.06326664
vn 0.69186123 -0.51062911 0.51047620
vn 0.36617318 -0.67077608 0.64496251
vn 0.10118069 -0.71580522 0.69093079
vn 0.94544375 -0.16289906 0.28213472
vn 0.94544375 -0.28213472 0.16289906
vn 0.94545085 -0.32576477 0.00000000
vn 0.94544375 -0.28213472 -0.16289906
vn 0.94544375 -0.16289906 -0.28213472
vn 0.94545085 -0.00000000 -0.32576477
vn 0.94544375 0.16289906 -0.28213472
vn 0.94544375 0.28213472 -0.16289906
vn 0.94545085 0.32576477 -0.00000000
vn 0.94544375 0.28213472 0.16289906
vn 0.94544375 0.16289906 0.28213472
vn 0.94545085 -0.00000000 0.32576477
vn 0.94544375 -0.16289906 0.28213472
vn 0.94544375 -0.28213472 0.16289906
vn 0.94545085 -0.32576477 0.00000000
vn 0.94544375 -0.28213472 -0.16289906
vn 0.94544375 -0.16289906 -0.28213472
vn 0.94545085 0.00000000 -0.32576477
vn 0.94544375 0.16289906 -0.28213472
vn 0.94544375 0.28213472 -0.16289906
vn 0.94545085 0.32576477 -0.00000000
vn 0.94544375 0.28213472 0.16289906
vn 0.94544375 0.16289906 0.28213472
vn 0.94545085 -0.00000000 0.32576477
vn 0.94544375 -0.16289906 0.28213472
vn 0.94544375 -0.28213472 0.16289906
vn 0.94545085 -0.32576477 0.00000000
vn 0.94544375 -0.28213472 -0.16289906
vn 0.94544375 -0.16289906 -0.28213472
vn 0.94545085 0.00000000 -0.32576477
vn 0.94544375 0.16289906 -0.28213472
vn 0.94544375 0.28213472 -0.16289906
vn 0.94545085 0.32576477 -0.00000000
vn 0.94544375 0.28213472 0.16289906
vn 0.94544375 0.16289906 0.28213472
vn 0.94545085 0.00000000 0.32576477
vn 0.99777831 -0.00000000 0.06662160
vn 0.99641190 -0.00998344 0.08404552
vn 0.93601324 -0.03556965 0.35016283
vn 0.99653452 -0.02344143 0.07980887
vn 0.93539172 -0.09962368 0.33928963
vn 0.99653548 -0.03809596 0.07393066
vn 0.93535413 -0.16209229 0.31438629
vn 0.99653408 -0.05142333 0.06538703
vn 0.93534020 -0.21863948 0.27809261
vn 0.99653245 -0.06289328 0.05447484
vn 0.93526507 -0.26751665 0.23176300
vn 0.99654681 -0.07190731 0.04151854
vn 0.93534311 -0.30637616 0.17682455
vn 0.99655620 -0.07835580 0.02713141
vn 0.93532537 -0.33432197 0.11573792
vn 0.99656415 -0.08198174 0.01178535
vn 0.93527980 -0.35031809 0.05028846
vn 0.99654053 -0.08301364 -0.00396401
vn 0.93535148 -0.35332327 -0.01674141
vn 0.99656804 -0.08044167 -0.01952621
vn 0.93538183 -0.34368005 -0.08333585
vn 0.99650529 -0.07599326 -0.03467318
vn 0.93526046 -0.32196678 -0.14705533
vn 0.99651673 -0.06791652 -0.04839172
vn 0.93553046 -0.28781936 -0.20479934
vn 0.99654492 -0.05729021 -0.06013362
vn 0.93543643 -0.24397831 -0.25579927
vn 0.99650247 -0.04518892 -0.07029081
vn 0.93545559 -0.19114945 -0.29729570
vn 0.99655634 -0.03081514 -0.07697973
vn 0.93532190 -0.13142034 -0.32848385
vn 0.99653153 -0.01573347 -0.08171522
vn 0.93541753 -0.06698623 -0.34714103
vn 0.99653230 -0.00000087 -0.08320685
vn 0.93564807 -0.00003243 -0.35293440
vn 0.99653085 0.01572602 -0.08172488
vn 0.93540503 0.06698420 -0.34717510
vn 0.99655704 0.03084089 -0.07696046
vn 0.93532261 0.13152155 -0.32844132
vn 0.99650271 0.04515490 -0.07030918
vn 0.93545786 0.19104508 -0.29735562
vn 0.99654431 0.05731319 -0.06012180
vn 0.93543598 0.24403556 -0.25574631
vn 0.99651746 0.06790738 -0.04838937
vn 0.93552357 0.28780385 -0.20485260
vn 0.99650409 0.07599480 -0.03470423
vn 0.93525252 0.32197616 -0.14708527
vn 0.99656717 0.08045948 -0.01949759
vn 0.93538217 0.34369464 -0.08327180
vn 0.99654051 0.08301297 -0.00398229
vn 0.93534762 0.35333110 -0.01679157
vn 0.99656379 0.08198422 0.01179858
vn 0.93527902 0.35031320 0.05033715
vn 0.99655666 0.07835029 0.02713017
vn 0.93532821 0.33431617 0.11573178
vn 0.99654745 0.07189971 0.04151650
vn 0.93534142 0.30638365 0.17682050
vn 0.99653276 0.06289536 0.05446687
vn 0.93526448 0.26751851 0.23176323
vn 0.99653400 0.05142303 0.06538853
vn 0.93534209 0.21863938 0.27808630
vn 0.99653548 0.03809583 0.07393075
vn 0.93535647 0.16208181 0.31438473
vn 0.99653468 0.02343849 0.07980770
vn 0.93539872 0.09960371 0.33927619
vn 0.99641206 0.00998582 0.08404337
vn 0.93601792 0.03559245 0.35014802
vn 0.35994653 0.16496517 -0.91827283
vn 0.35939653 0.35258063 -0.86401449
vn 0.35671683 0.51646079 -0.77847374
vn 0.35805134 0.63437139 -0.68510742
vn 0.35960371 0.76051678 -0.54064721
vn 0.35975959 0.85461926 -0.37443150
vn 0.35672601 0.90462292 -0.23324648
vn 0.36068433 0.81320949 0.45672437
vn 0.36719191 0.87897804 0.30424941
vn 0.35912785 0.92196588 0.14493483
vn 0.36196803 0.93071056 -0.05250714
vn 0.36031252 0.69959547 0.61704219
vn 0.36038446 0.43900555 0.82304141
vn 0.35774384 0.56811104 0.74112698
vn 0.35846561 0.26029811 0.89651955
vn 0.35771911 -0.07408647 0.93088572
vn 0.35773163 0.07406480 0.93088264
vn 0.35845284 -0.26027920 0.89653014
vn 0.35798492 -0.56863862 0.74060578
vn 0.36041581 -0.43907060 0.82299298
vn 0.36153603 -0.69794884 0.61819019
vn 0.36014506 -0.81296987 0.45757571
vn 0.35952581 -0.88414135 0.29838776
vn 0.35916625 -0.92191698 0.14515057
vn 0.35956780 -0.93183915 -0.04885486
vn 0.35650704 -0.90451896 -0.23398328
vn 0.35970153 -0.85459788 -0.37453607
vn 0.35957528 -0.76049599 -0.54069535
vn 0.35802936 -0.63452144 -0.68497994
vn 0.35684143 -0.51554833 -0.77902126
vn 0.36721689 0.00014902 -0.93013533
vn 0.35998116 -0.16509553 -0.91823582
vn 0.36108934 -0.35495323 -0.86233560
vn 0.71376831 0.00004740 -0.70038189
vn 0.71471419 0.13221755 -0.68680576
vn 0.71440863 0.25996797 -0.64964372
vn 0.71378897 0.37861689 -0.58919824
vn 0.71448091 0.48276737 -0.50641158
vn 0.71419978 0.57004167 -0.40616643
vn 0.71377892 0.63706950 -0.29096753
vn 0.71339448 0.68099937 -0.16525183
vn 0.71323300 0.70013013 -0.03341409
vn 0.71423865 0.69277266 0.09964535
vn 0.71335641 0.66223079 0.22928807
vn 0.71373279 0.60658699 0.35019670
vn 0.71458195 0.52878543 0.45799411
vn 0.71441839 0.43260298 0.54996457
vn 0.71417657 0.32062010 0.62221747
vn 0.71420897 0.19716825 0.67158784
vn 0.71425876 0.06656563 0.69670901
vn 0.71427910 -0.06655639 0.69668904
vn 0.71423393 -0.19715793 0.67156432
vn 0.71418838 -0.32063613 0.62219565
vn 0.71443584 -0.43258727 0.54995425
vn 0.71456453 -0.52876234 0.45804795
vn 0.71370374 -0.60662765 0.35018548
vn 0.71339618 -0.66221645 0.22920573
vn 0.71422580 -0.69276927 0.09976094
vn 0.71318809 -0.70017259 -0.03348272
vn 0.71339068 -0.68100048 -0.16526371
vn 0.71374892 -0.63708901 -0.29099841
vn 0.71421378 -0.57003863 -0.40614607
vn 0.71446044 -0.48282355 -0.50638691
vn 0.71380240 -0.37855155 -0.58922394
vn 0.71445201 -0.25996094 -0.64959883
vn 0.71463355 -0.13230082 -0.68687362
vn 0.94544375 -0.16289906 0.28213472
vn 0.94544375 -0.28213472 0.16289906
vn 0.94545085 -0.32576477 0.00000000
vn 0.94544375 -0.28213472 -0.16289906
vn 0.94544375 -0.16289906 -0.28213472
vn 0.94545085 0.00000000 -0.32576477
vn 0.94544375 0.16289906 -0.28213472
vn 0.94544375 0.28213472 -0.16289906
vn 0.94545085 0.32576477 -0.00000000
vn 0.94544375 0.28213472 0.16289906
vn 0.94544375 0.16289906 0.28213472
vn 0.94545085 -0.00000000 0.32576477
vn 0.94544375 -0.16289906 0.28213472
vn 0.94544375 -0.28213472 0.16289906
vn 0.94545085 -0.32576477 0.00000000
vn 0.94544375 -0.28213472 -0.16289906
vn 0.94544375 -0.16289906 -0.28213472
vn 0.94545085 0.00000000 -0.32576477
vn 0.94544375 0.16289906 -0.28213472
vn 0.94544375 0.28213472 -0.16289906
vn 0.94545085 0.32576477 -0.00000000
vn 0.94544375 0.28213472 0.16289906
vn 0.94544375 0.16289906 0.28213472
vn 0.94545085 0.00000000 0.32576477
vn 0.94544375 -0.16289906 0.28213472
vn 0.94544375 -0.28213472 0.16289906
vn 0.94545085 -0.32576477 0.00000000
vn 0.94544375 -0.28213472 -0.16289906
vn 0.94544375 -0.16289906 -0.28213472
vn 0.94545085 -0.00000000 -0.32576477
vn 0.94544375 0.16289906 -0.28213472
vn 0.94544375 0.28213472 -0.16289906
vn 0.94545085 0.32576477 -0.00000000
vn 0.94544375 0.28213472 0.16289906
vn 0.94544375 0.16289906 0.28213472
vn 0.94545085 -0.00000000 0.32576477
vn 0.08848973 -0.99603605 -0.00904201
vn 0.30228214 -0.95317923 -0.00865254
vn 0.51685268 -0.85603865 -0.00781965
vn 0.70669745 -0.70748610 -0.00649041
vn 0.85562489 -0.51757466 -0.00474592
vn 0.95292655 -0.30318861 -0.00276582
vn 0.99602703 -0.08904771 -0.00081589
vn 0.99607276 -0.08853840 0.00000000
vn 0.99607276 -0.08853840 0.00000000
vn 0.99607276 -0.08853840 0.00000000
vn -0.08777172 -0.99226622 0.08777172
vn -0.08702832 -0.94949654 0.30146706
vn -0.17110633 -0.83908839 0.51638484
vn -0.10118069 -0.69093079 0.71580522
vn -0.23448798 -0.53184479 0.81373000
vn -0.08702832 -0.30146706 0.94949654
vn -0.08783885 0.99596053 0.01862678
vn -0.29937916 0.95043499 0.08393715
vn -0.30288550 0.95284678 0.01853084
vn -0.51314338 0.85487693 0.07661136
vn -0.51767292 0.85541808 0.01657303
vn -0.70197489 0.70938607 0.06326664
vn -0.70787530 0.70620595 0.01362765
vn -0.85448273 0.51775876 0.04225083
vn -0.85684318 0.51545602 0.01117413
vn -0.99558198 0.09348170 0.00881418
vn -0.94968179 0.31245687 0.02179915
vn -0.99144333 0.13053776 -0.00016227
vn -0.99144177 0.13054969 0.00000000
vn -0.99144178 0.13054957 0.00000761
vn -0.95334250 0.30180768 0.00708540
vn -0.99616703 0.08745542 0.00167293
vn -0.85235300 0.04761942 0.52079436
vn -0.70197489 0.06326664 0.70938607
vn -0.69338279 0.26974371 0.66817560
vn -0.51314338 0.07661136 0.85487693
vn -0.29937916 0.08393715 0.95043499
vn -0.37036153 0.31884382 0.87245112
vn -0.69326934 0.66823779 0.26988121
vn -0.92422428 0.35356696 0.14422167
vn -0.99558586 0.00875502 0.09344593
vn -0.95067841 0.02797399 0.30891426
vn -0.92420382 0.14440995 0.35354359
vn -0.99507414 0.03645387 0.09218773
vn -0.92254722 0.27275526 0.27296740
vn -0.99489908 0.07126843 0.07139074
vn -0.99507567 0.09222636 0.03631394
vn -0.36984739 0.87124133 0.32272504
vn -0.36617318 0.67077608 0.64496251
vn -0.69186123 0.51062911 0.51047620
vn -0.99607276 0.00000000 0.08853840
vn -0.99607276 0.00000000 0.08853840
vn -0.99558198 -0.00881418 0.09348170
vn -0.95068746 -0.02800869 0.30888327
vn -0.99607276 0.00000000 0.08853840
vn -0.99607276 0.00000000 0.08853840
vn -0.85235300 -0.04761942 0.52079436
vn -0.70197489 -0.06326664 0.70938607
vn -0.51314338 -0.07661136 0.85487693
vn -0.29937916 -0.08393715 0.95043499
vn -0.85235300 -0.52079436 0.04761942
vn -0.70197489 -0.70938607 0.06326664
vn -0.69338279 -0.66817560 0.26974371
vn -0.51314338 -0.85487693 0.07661136
vn -0.29937916 -0.95043499 0.08393715
vn -0.37036153 -0.87245112 0.31884382
vn -0.69326934 -0.26988121 0.66823779
vn -0.92422428 -0.14422167 0.35356696
vn -0.99558586 -0.09344593 0.00875502
vn -0.95067841 -0.30891426 0.02797399
vn -0.92420382 -0.35354359 0.14440995
vn -0.99507414 -0.09218773 0.03645387
vn -0.92254722 -0.27296740 0.27275526
vn -0.99489908 -0.07139074 0.07126843
vn -0.99507567 -0.03631394 0.09222636
vn -0.36984739 -0.32272504 0.87124133
vn -0.36617318 -0.64496251 0.67077608
vn -0.69186123 -0.51047620 0.51062911
vn -0.99607276 -0.08853840 0.00000000
vn -0.99601862 -0.08914022 -0.00096615
vn -0.95288576 -0.30331177 -0.00327100
vn -0.99607276 -0.08853840 0.00000000
vn -0.99607276 -0.08853840 0.00000000
vn -0.85557327 -0.51765149 -0.00559663
vn -0.70662134 -0.70755052 -0.00765116
vn -0.51679500 -0.85605948 -0.00922458
vn -0.30223864 -0.95317747 -0.01022371
vn -0.08891630 -0.99598665 -0.01022138
vn -0.77034708 -0.00009821 0.63762479
vn -0.77009238 -0.31886882 0.55252186
vn -0.77034599 -0.55203750 0.31909507
vn -0.77030782 -0.63767223 0.00000000
vn -0.77034599 -0.55203750 -0.31909507
vn -0.77009238 -0.31886882 -0.55252186
vn -0.77034708 -0.00009821 -0.63762479
vn -0.77023880 0.31892764 -0.55228376
vn -0.77023880 0.55228376 -0.31892764
vn -0.77030782 0.63767223 0.00000000
vn -0.77023880 0.55228376 0.31892764
vn -0.77023880 0.31892764 0.55228376
vn -0.77034708 0.00009821 0.63762479
vn -0.77023880 -0.31892764 0.55228376
vn -0.77023880 -0.55228376 0.31892764
vn -0.77030782 -0.63767223 0.00000000
vn -0.77023880 -0.55228376 -0.31892764
vn -0.77023880 -0.31892764 -0.55228376
vn -0.77034708 0.00009821 -0.63762479
vn -0.77009238 0.31886882 -0.55252186
vn -0.77034599 0.55203750 -0.31909507
vn -0.77030782 0.63767223 0.00000000
vn -0.77034599 0.55203750 0.31909507
vn -0.77009238 0.31886882 0.55252186
vn -0.77034708 -0.00009821 0.63762479
vn -0.77019955 -0.31903642 0.55227568
vn -0.77019955 -0.55227568 0.31903642
vn -0.77038634 -0.63757736 0.00000000
vn -0.77019955 -0.55227568 -0.31903642
vn -0.77019955 -0.31903642 -0.55227568
vn -0.77034708 -0.00009821 -0.63762479
vn -0.77034599 0.31909507 -0.55203750
vn -0.77009238 0.55252186 -0.31886882
vn -0.77038634 0.63757736 0.00000000
vn -0.77009238 0.55252186 0.31886882
vn -0.77034599 0.31909507 0.55203750
vn -0.77034708 0.00009821 0.63762479
vn -0.77034599 -0.31909507 0.55203750
vn -0.77009238 -0.55252186 0.31886882
vn -0.77038634 -0.63757736 0.00000000
vn -0.77009238 -0.55252186 -0.31886882
vn -0.77034599 -0.31909507 -0.55203750
vn -0.77034708 0.00009821 -0.63762479
vn -0.77019955 0.31903642 -0.55227568
vn -0.77019955 0.55227568 -0.31903642
vn -0.77038634 0.63757736 0.00000000
vn -0.77019955 0.55227568 0.31903642
vn -0.77019955 0.31903642 0.55227568
vn -0.77034708 0.00009821 0.63762479
vn -0.77034599 -0.31909507 0.55203750
vn -0.77009238 -0.55252186 0.31886882
vn -0.77038634 -0.63757736 0.00000000
vn -0.77009238 -0.55252186 -0.31886882
vn -0.77034599 -0.31909507 -0.55203750
vn -0.77034708 0.00009821 -0.63762479
vn -0.77019955 0.31903642 -0.55227568
vn -0.77019955 0.55227568 -0.31903642
vn -0.77038634 0.63757736 0.00000000
vn -0.77019955 0.55227568 0.31903642
vn -0.77019955 0.31903642 0.55227568
vn -0.77034708 -0.00009821 0.63762479
vn -0.77019955 -0.31903642 0.55227568
vn -0.77019955 -0.55227568 0.31903642
vn -0.77038634 -0.63757736 0.00000000
vn -0.77019955 -0.55227568 -0.31903642
vn -0.77019955 -0.31903642 -0.55227568
vn -0.77034708 -0.00009821 -0.63762479
vn -0.77034599 0.31909507 -0.55203750
vn -0.77009238 0.55252186 -0.31886882
vn -0.77038634 0.63757736 0.00000000
vn -0.77009238 0.55252186 0.31886882
vn -0.77034599 0.31909507 0.55203750
vn -0.57735027 0.57735027 0.57735027
vn -0.90453403 0.30151134 0.30151134
vn -0.90453403 0.30151134 -0.30151134
vn -0.90453403 -0.30151134 -0.30151134
vn -0.90453403 -0.30151134 0.30151134
vn -0.57735027 -0.57735027 0.57735027
vn -0.90453403 -0.30151134 0.30151134
vn -0.90453403 0.30151134 0.30151134
vn -0.57735027 0.57735027 0.57735027
vn -0.70498413 -0.00670797 0.70919136
vn -0.68282678 -0.15972645 0.71290606
vn -0.69715913 -0.04566530 0.71546057
vn -0.68451692 -0.41234241 0.60117412
vn -0.68900352 -0.29210732 0.66328536
vn -0.69830004 -0.56180735 0.44356460
vn -0.68978091 -0.51119822 0.51271695
vn -0.70525244 -0.59490695 0.38562251
vn -0.70204060 -0.58531224 0.40564588
vn -0.83294483 -0.26624982 0.48509169
vn -0.96151410 0.24098099 0.13198031
vn -0.71381774 0.57870894 -0.39441120
vn -0.72918644 0.45265724 -0.51321396
vn -0.72142132 0.53399710 -0.44090632
vn -0.54556597 0.83180710 0.10224828
vn -0.72320012 0.36531565 -0.58611097
vn -0.75815834 0.46520237 0.45692744
vn -0.74696325 0.26598636 0.60934157
vn -0.74258239 0.66961815 0.01352527
vn -0.75359479 0.61360300 0.23576737
vn -0.74090537 0.57197912 -0.35199308
vn -0.73951239 0.64890379 -0.17901200
vn -0.74492903 0.24692715 -0.61976424
vn -0.74666482 0.43227419 -0.50559932
vn -0.71227933 0.01601717 -0.70171334
vn -0.72706955 0.09043397 -0.68058178
vn -0.90453403 -0.30151134 -0.30151134
vn -0.90453403 -0.30151134 0.30151134
vn -0.90453403 0.30151134 0.30151134
vn -0.05675145 -0.35962576 0.93136920
vn -0.05781348 -0.18342005 0.98133312
vn -0.05698434 -0.79622864 0.60230618
vn -0.05778565 -0.67263527 0.73771445
vn -0.05725361 -0.99405004 0.09266357
vn -0.05774261 -0.96025152 0.27309854
vn -0.05752669 -0.89384502 -0.44467040
vn -0.05771173 -0.96020674 -0.27326246
vn -0.05623824 0.95993198 -0.27453208
vn -0.05803950 0.89361817 -0.44505952
vn -0.05633838 0.96066202 0.27194571
vn -0.05796023 0.99406598 0.09205129
vn -0.05646087 0.67353846 0.73699262
vn -0.05791700 0.79665385 0.60165460
vn -0.05660096 0.18443956 0.98121271
vn -0.05788041 0.36049688 0.93096287
vn -0.05663346 0.52458286 0.84947365
vn -0.05650531 0.89312187 0.44625159
vn -0.05638375 0.99428475 -0.09065705
vn -0.05624323 0.67159964 -0.73877644
vn -0.05632949 0.79760503 -0.60054409
vn -0.05625329 0.18198438 -0.98169102
vn -0.05624938 0.36185584 -0.93053552
vn -0.05825384 0.52557269 -0.84875193
vn -0.05774881 -0.18322008 -0.98137428
vn -0.05825381 -0.00001317 -0.99830180
vn -0.05772360 -0.67251990 -0.73782449
vn -0.05823428 -0.52554897 -0.84876796
vn -0.05824613 -0.36054229 -0.93092247
vn -0.05766665 -0.79642843 -0.60197700
vn -0.05739236 -0.99404376 -0.09264509
vn -0.05715269 -0.89401536 0.44437610
vn -0.05700557 -0.52641580 0.84831407
vn -0.05678871 -0.00108851 0.99838563
vn -0.11628545 -0.00000167 0.99321583
vn -0.11626308 0.18251288 0.97630525
vn -0.11621005 0.35880674 0.92614953
vn -0.11624402 0.52281187 0.84448510
vn -0.11626083 0.66916869 0.73395959
vn -0.11625765 0.79261882 0.59853118
vn -0.11623311 0.88909461 0.44271959
vn -0.11625042 0.95530508 0.27180517
vn -0.11628324 0.98897595 0.09167761
vn -0.11624493 0.98898124 -0.09166909
vn -0.11624627 0.95530157 -0.27181925
vn -0.11627201 0.88909631 -0.44270597
vn -0.11624074 0.79260757 -0.59854935
vn -0.11626468 0.66918333 -0.73394563
vn -0.11623724 0.52281620 -0.84448335
vn -0.11623311 0.35877398 -0.92615932
vn -0.11627844 0.18253363 -0.97629954
vn -0.11628545 0.00000167 -0.99321583
vn -0.11626308 -0.18251288 -0.97630525
vn -0.11621005 -0.35880674 -0.92614953
vn -0.11624402 -0.52281187 -0.84448510
vn -0.11626083 -0.66916869 -0.73395959
vn -0.11625765 -0.79261882 -0.59853118
vn -0.11623311 -0.88909461 -0.44271959
vn -0.11625042 -0.95530508 -0.27180517
vn -0.11849108 -0.98856439 -0.09327548
vn -0.11845279 -0.98856978 0.09326696
vn -0.11624627 -0.95530157 0.27181925
vn -0.11627201 -0.88909631 0.44270597
vn -0.11624074 -0.79260757 0.59854935
vn -0.11626468 -0.66918333 0.73394563
vn -0.11623724 -0.52281620 0.84448335
vn -0.11623311 -0.35877398 0.92615932
vn -0.11627844 -0.18253363 0.97629954
vn -0.21861255 -0.94514518 -0.24271206
vn -0.22712898 -0.96944401 -0.09268621
vn -0.27586293 -0.96116600 -0.00771758
vn -0.26149778 -0.95983006 0.10171118
vn -0.27014806 -0.92724183 0.25931180
vn -0.27374077 -0.86371675 0.42315407
vn -0.27854422 -0.77046915 0.57340248
vn -0.28235203 -0.64971253 0.70579810
vn -0.28378959 -0.50435441 0.81553056
vn -0.27839116 -0.34009959 0.89823751
vn -0.26701804 -0.16336092 0.94974448
vn -0.24981658 0.01959939 0.96809480
vn -0.22748908 0.20249512 0.95249380
vn -0.20101968 0.37917422 0.90322644
vn -0.26787672 0.50375316 0.82126416
vn -0.26961640 0.64620420 0.71395177
vn -0.27293260 0.76427577 0.58428618
vn -0.27727154 0.85696767 0.43442709
vn -0.28150261 0.92140529 0.26789658
vn -0.28373088 0.95467394 0.08996916
vn -0.28098228 0.95515046 -0.09346955
vn -0.27159458 0.92235868 -0.27475598
vn -0.25629987 0.85710319 -0.44686071
vn -0.23577901 0.76176535 -0.60342507
vn -0.21023799 0.63898814 -0.73992847
vn -0.26783493 0.50967262 -0.81761743
vn -0.26912928 0.35020289 -0.89717744
vn -0.27153102 0.18193106 -0.94507777
vn -0.27564314 0.00669264 -0.96123674
vn -0.28011252 -0.17036595 -0.94472875
vn -0.28319567 -0.34348615 -0.89544261
vn -0.28290430 -0.50702679 -0.81417995
vn -0.27515775 -0.65490644 -0.70383647
vn -0.26186594 -0.77972205 -0.56873522
vn -0.24249078 -0.87764348 -0.41344908
vn -0.71162339 0.70024635 0.05698416
vn -0.36482950 0.92789308 0.07690167
vn -0.93345601 0.35750808 0.02911782
vn -0.99626950 0.08599801 0.00717064
vn -0.93367388 0.35244594 0.06352123
vn -0.99630344 0.08454423 0.01522237
vn -0.93349522 0.34474548 0.09867736
vn -0.99633903 0.08219487 0.02350628
vn -0.93355409 0.33370632 0.13083141
vn -0.99630161 0.07999591 0.03136481
vn -0.93436915 0.30690841 0.18100142
vn -0.99194692 0.09689459 0.08156440
vn -0.08491069 0.89631192 0.43521847
vn -0.35912213 0.83543337 0.41603171
vn -0.09025049 0.92097121 0.37903415
vn -0.36089625 0.86535619 0.34772484
vn 0.04484468 0.94418896 0.32633748
vn -0.36090392 0.89627693 0.25775186
vn -0.09189623 0.95605384 0.27841719
vn 0.06557724 0.97264863 0.22283239
vn -0.36116552 0.91893715 0.15847389
vn -0.08736350 0.98255997 0.16414481
vn -0.08407118 0.99301591 0.08277342
vn -0.70617098 0.62468262 0.33330792
vn -0.71000054 0.65566307 0.25691471
vn -0.71050211 0.67654132 0.19359388
vn -0.71171033 0.69133997 0.12456907
vn 0.99594327 0.07223492 0.05365743
vn 0.93025640 0.29444367 0.21892000
vn 0.93334887 0.29091417 0.21030650
vn 0.99626497 0.06996304 0.05060917
vn 0.93332556 0.30814064 0.18426270
vn 0.99629405 0.07381782 0.04414860
vn 0.93367310 0.32348518 0.15366160
vn 0.99633068 0.07731054 0.03671852
vn 0.93334158 0.33747429 0.12241161
vn 0.99632116 0.08056656 0.02920902
vn 0.93347053 0.34731877 0.08945643
vn 0.99628366 0.08341089 0.02148250
vn 0.93380225 0.35342404 0.05572071
vn 0.99631244 0.08475081 0.01337231
vn 0.93311178 0.35872171 0.02492284
vn 0.99627606 0.08601383 0.00596996
vn 0.70951209 0.70299158 0.04894324
vn 0.08903910 0.99461781 0.05298542
vn 0.36065792 0.93092275 0.05752131
vn -0.03722459 0.99372691 0.10545687
vn 0.35972161 0.92165587 0.14543322
vn 0.08909729 0.98407453 0.15381477
vn -0.03804260 0.97736329 0.20811960
vn 0.36186350 0.90089664 0.23966652
vn 0.08994556 0.96069879 0.26261689
vn 0.36662469 0.87465234 0.31712713
vn 0.08693707 0.93707359 0.33813465
vn 0.36116179 0.84540762 0.39350746
vn 0.08809860 0.90610555 0.41377695
vn -0.03891673 0.88340796 0.46698593
vn 0.36282124 0.79975138 0.47828701
vn 0.08816779 0.85477685 0.51145183
vn -0.03737710 0.82871449 0.55842210
vn 0.36109274 0.75143033 0.55223591
vn 0.08902579 0.79856552 0.59528777
vn 0.36687642 0.74130668 0.56201966
vn 0.08644171 0.78840407 0.60905406
vn 0.70544662 0.56867824 0.42302496
vn 0.71089653 0.56994026 0.41206095
vn 0.71079884 0.60362967 0.36110418
vn 0.71011114 0.63600919 0.30205047
vn 0.71058081 0.66149960 0.23977737
vn 0.71111120 0.68085849 0.17536413
vn 0.71114001 0.69446357 0.10954558
vn 1.00000000 0.00000000 0.00000000
vn 1.00000000 0.00000000 0.00000000
vn 1.00000000 0.00000000 0.00000000
vn 1.00000000 0.00000000 0.00000000
vn 1.00000000 0.00000000 0.00000000
vn 1.00000000 0.00000000 0.00000000
vn 1.00000000 0.00000000 0.00000000
vn 0.99565953 0.02113036 -0.09064002
vn 0.99565140 0.00542243 -0.09299936
vn 0.99565001 0.08035309 0.04716403
vn 0.99564124 -0.01046234 -0.09267720
vn 0.99567459 -0.02590339 -0.08922509
vn 0.99566442 -0.04070527 -0.08363878
vn 0.99562003 -0.05458814 -0.07590056
vn 0.99561487 0.03635724 -0.08619273
vn 0.99560125 0.05052311 -0.07890226
vn 0.99558835 0.06326553 -0.06929145
vn 0.99564959 0.07359884 -0.05714103
vn 0.99559934 0.08268372 -0.04410616
vn 0.99562172 0.08874524 -0.02935414
vn 0.99563609 0.09229040 -0.01382928
vn 0.99564091 0.09324797 0.00200050
vn 0.99564702 0.09149463 0.01776943
vn 0.99565988 0.08702850 0.03297647
vn 1.00000000 0.00000000 0.00000000
vn 0.99561518 -0.06671472 -0.06557109
vn 0.99564268 -0.07662896 -0.05313804
vn 0.99597700 -0.08927366 -0.00774802
vn 0.99597138 -0.08883508 -0.01222075
vn 0.99594654 -0.08838357 -0.01669806
vn 0.99596114 -0.08735222 -0.02076059
vn 0.99584076 -0.08688208 -0.02743524
vn 0.99565538 -0.08432116 -0.03950080
vn 0.99596912 -0.08962540 -0.00357907
vn 1.00000000 0.00000000 0.00000000
vn 1.00000000 0.00000000 0.00000000
vn 1.00000000 0.00000000 0.00000000
vn 0.70635025 -0.70726301 -0.02912664
vn 0.36577847 -0.93006474 -0.03443377
vn 0.36688131 -0.88996019 -0.27086707
vn 0.36572014 -0.90476832 -0.21827292
vn 0.08858127 -0.95553896 -0.28124483
vn 0.08731282 -0.96757400 -0.23701694
vn 0.21790791 -0.95413331 -0.20529434
vn 0.36443384 -0.91561001 -0.16984196
vn 0.08746043 -0.97992036 -0.17918361
vn 0.36300895 -0.92308959 -0.12700437
vn 0.09113914 -0.98661062 -0.13525217
vn 0.36510495 -0.92721264 -0.08351703
vn 0.08950611 -0.99179552 -0.09127048
vn 0.21744652 -0.97420972 -0.06026960
vn 0.08824936 -0.99555296 -0.03295980
vn 0.93054802 -0.36586006 -0.01505990
vn 0.93061988 -0.36461701 -0.03163971
vn 0.93065367 -0.36249216 -0.04983146
vn 0.93023941 -0.36056989 -0.06814685
vn 0.93033121 -0.35677498 -0.08482602
vn 0.92955968 -0.35162670 -0.11080372
vn 0.70367476 -0.67774470 -0.21331653
vn 0.70636967 -0.68865285 -0.16370447
vn 0.70607999 -0.69582325 -0.13145744
vn 0.70530456 -0.70229283 -0.09659327
vn 0.70566125 -0.70589972 -0.06121909
vn -0.93049125 -0.36464254 -0.03495510
vn -0.99592910 -0.08972813 -0.00860713
vn -0.99596823 -0.08880014 -0.01272065
vn -0.93046498 -0.36598535 -0.01701876
vn -0.99595962 -0.08970945 -0.00408022
vn -0.70628045 -0.70716680 -0.03290979
vn -0.36646595 -0.92963603 -0.03846505
vn -0.08911911 -0.99532063 -0.03734464
vn -0.36559147 -0.92644743 -0.08965513
vn -0.08842560 -0.99128731 -0.09762371
vn -0.21800440 -0.97378481 -0.06494020
vn -0.35838468 -0.91987548 -0.15934091
vn -0.08542348 -0.97986478 -0.18046562
vn -0.08796310 -0.98402920 -0.15475472
vn -0.98188375 -0.18941224 -0.00522590
vn -0.90914863 -0.41358390 -0.04896051
vn -0.93066546 -0.36203676 -0.05283167
vn -0.70496086 -0.70073680 -0.10953595
vn -0.70583916 -0.70086378 -0.10286422
vn -0.36627809 -0.91991854 -0.13996513
vn -0.18714452 -0.97454630 -0.12343600
vn -0.70584517 -0.70513572 -0.06757374
vn -0.99501702 -0.09604275 0.02677525
vn -1.00000000 0.00000000 0.00000000
vn -1.00000000 0.00000000 0.00000000
vn -0.99789397 0.01571969 0.06293259
vn -0.99797528 0.00768576 0.06313693
vn -1.00000000 0.00000000 0.00000000
vn -0.99797539 -0.00193113 0.06357200
vn -1.00000000 0.00000000 0.00000000
vn -1.00000000 0.00000000 0.00000000
vn -1.00000000 0.00000000 0.00000000
vn -1.00000000 0.00000000 0.00000000
vn -0.99797584 -0.04504732 0.04488840
vn -0.99797527 -0.03790987 0.05107047
vn -0.99807396 -0.03321273 0.05239551
vn -0.99797698 -0.05128502 0.03757382
vn -0.99793493 -0.05644199 0.03066233
vn -0.99797681 -0.02078876 0.06008423
vn -0.99790591 -0.02873365 0.05794970
vn -0.99797749 -0.01148200 0.06252273
vn -1.00000000 0.00000000 0.00000000
vn -1.00000000 0.00000000 0.00000000
vn -1.00000000 0.00000000 0.00000000
vn -1.00000000 0.00000000 0.00000000
vn -1.00000000 0.00000000 0.00000000
vn -1.00000000 0.00000000 0.00000000
vn -1.00000000 0.00000000 0.00000000
vn -1.00000000 0.00000000 0.00000000
vn -1.00000000 0.00000000 0.00000000
vn -0.07508713 -0.97500977 -0.20908817
vn -0.00961463 -0.96372912 -0.26670909
vn -0.07358281 -0.97220354 -0.22227427
vn -0.28794767 -0.94817495 -0.13435175
vn -0.07645522 -0.97879935 -0.19001692
vn -0.37058922 -0.91771377 -0.14305618
vn -0.62887919 -0.77351545 -0.07864361
vn -0.82056524 -0.57138072 -0.01402745
vn -0.54225545 -0.83878209 -0.04902686
vn -0.20344846 -0.97208544 -0.11687007
vn -0.16203653 -0.97145312 -0.17327147
vn 0.00874222 -0.96469091 -0.26323947
vn -0.30099490 -0.94759001 -0.10712258
vn -0.88921070 -0.45743055 0.00784989
vn -0.95352646 -0.27296615 0.12758048
vn -0.88731602 -0.45460883 0.07746668
vn -0.75375362 -0.65591119 0.04044751
vn -0.85520549 -0.50738975 0.10573175
vn -0.75765136 -0.64626567 0.09113230
vn -0.55661305 -0.82753632 0.07324998
vn -0.48502377 -0.87449861 -0.00203290
vn -0.52572265 -0.85063514 0.00596242
vn -0.63361367 -0.77016126 0.07338493
vn -0.80142150 -0.58780648 0.11048584
vn -0.74297924 -0.66014580 0.11040548
vn -0.63653148 -0.76765318 0.07440604
vn -0.36175284 -0.92905234 -0.07743794
vn -0.27344366 -0.95530971 -0.11230281
vn -0.36092827 -0.93029911 -0.06537846
vn -0.17096134 -0.97088702 -0.16778143
vn -0.04749901 -0.97574477 -0.21369603
vn -0.07470913 -0.97772123 -0.19616253
vn -0.63041630 0.63504594 0.44642127
vn -0.53810436 0.63460105 0.55472985
vn -0.36260657 0.67697302 0.64048732
vn -0.51503019 0.57133683 0.63899775
vn -0.99505423 0.00806373 0.09900529
vn -0.52193227 0.57285973 0.63199560
vn -0.60782479 0.44566951 0.65721207
vn -0.60250894 0.40952560 0.68503413
vn -0.93580179 0.17957900 0.30335851
vn -0.85574837 0.38262081 0.34827582
vn -0.73121522 0.45056784 0.51216494
vn -0.84493498 0.29106224 0.44874007
vn -0.87536948 0.17912126 0.44904771
vn -0.87769094 0.26722541 0.39780547
vn -0.06155076 0.86684354 0.49476639
vn -0.06990645 0.84820918 0.52502788
vn -0.27536709 0.78494068 0.55501450
vn -0.01618701 0.83591793 0.54861571
vn -0.25774090 0.72164842 0.64248983
vn 0.02239280 0.79675223 0.60389109
vn -0.29411225 0.67565348 0.67601062
vn -0.01386305 0.76797571 0.64032892
vn -0.31038891 0.62252921 0.71841221
vn -0.28079650 0.65546925 0.70108015
vn -0.27114372 0.68170513 0.67952866
vn -0.33590070 0.61330215 0.71486446
vn -0.43631792 0.76441114 0.47466018
vn -0.47517028 0.83184538 -0.28678645
vn -0.47588829 0.86557643 -0.15590954
vn -0.12265142 0.97263365 -0.19733326
vn -0.14518786 0.27162032 -0.95138998
vn -0.12312301 0.17489561 -0.97685836
vn -0.47577417 0.17946568 -0.86106388
vn -0.47585771 0.04628800 -0.87830340
vn -0.14269891 -0.97884044 0.14665746
vn -0.12803338 -0.95973725 0.25002372
vn -0.47155846 -0.85240787 0.22590581
vn -0.47621227 0.17765885 0.86119638
vn -0.47536501 0.04464001 0.87865544
vn -0.12294532 0.07308541 0.98971863
vn -0.47625362 0.86505854 0.15765852
vn -0.47458396 0.83168783 0.28821074
vn -0.12276398 0.94737697 0.29564484
vn -0.47542545 0.67902517 0.55937060
vn -0.15473957 0.81645370 0.55629041
vn -0.47416452 0.77218715 0.42295983
vn -0.12416188 0.87363269 0.47047821
vn -0.13894533 0.91210358 0.38569580
vn -0.47474453 0.46778131 0.74551880
vn -0.12242661 0.54136772 0.83182493
vn -0.46911532 0.58344178 0.66296795
vn -0.12264677 0.65577611 0.74492648
vn -0.12272011 0.75749588 0.64120181
vn -0.12378952 0.17521916 0.97671613
vn -0.13977943 0.26717363 0.95345685
vn -0.47088090 0.33187993 0.81739029
vn -0.12839751 0.36747431 0.92112796
vn -0.18208142 0.43805334 0.88031564
vn -0.47617692 -0.26639456 0.83802713
vn -0.15035700 -0.21955947 0.96394316
vn -0.47240981 -0.10618455 0.87495932
vn -0.12416929 -0.11758913 0.98526889
vn -0.15569954 -0.03248843 0.98727005
vn -0.47523825 -0.51826844 0.71101788
vn -0.13102593 -0.49264056 0.86031243
vn -0.47435638 -0.39156722 0.78845491
vn -0.12253055 -0.41230667 0.90276767
vn -0.12262360 -0.31712499 0.94042288
vn -0.47530135 -0.64019208 0.60352525
vn -0.15573602 -0.65351613 0.74071787
vn -0.12232556 -0.57711152 0.80745201
vn -0.47277272 -0.73192224 0.49068909
vn -0.12809924 -0.79321574 0.59531452
vn -0.12322953 -0.72962307 0.67265493
vn -0.47522033 -0.79856175 0.36941138
vn -0.17587129 -0.92856423 0.32686046
vn -0.12276779 -0.89313291 0.43271430
vn -0.12335393 -0.84323394 0.52320200
vn -0.12325334 -0.99100537 0.05212450
vn -0.47671799 -0.87656970 0.06607216
vn -0.12383397 -0.99095470 -0.05171014
vn -0.47624947 -0.87668952 -0.06783751
vn -0.15130191 -0.97662075 -0.15270771
vn -0.12560863 -0.96259486 -0.24006999
vn -0.47317520 -0.85413873 -0.21575972
vn -0.15265201 -0.92873019 -0.33787216
vn -0.47556798 -0.79769533 -0.37083320
vn -0.12211344 -0.89307170 -0.43302570
vn -0.12274604 -0.84347840 -0.52295085
vn -0.47284842 -0.73187067 -0.49069307
vn -0.12750483 -0.79303617 -0.59568125
vn -0.47508502 -0.63932384 -0.60461496
vn -0.12253717 -0.72989408 -0.67248738
vn -0.46993289 -0.52637559 -0.70858437
vn -0.12839105 -0.58358638 -0.80183706
vn -0.19470510 -0.63849068 -0.74459356
vn -0.47588820 -0.26472274 -0.83872063
vn -0.12223809 -0.31780722 -0.94024274
vn -0.47437290 -0.39157961 -0.78843881
vn -0.12180093 -0.41195658 -0.90302620
vn -0.13097966 -0.49264288 -0.86031815
vn -0.12222270 0.07338379 -0.98978605
vn -0.14517935 -0.02495678 -0.98909055
vn -0.47155891 -0.11655213 -0.87409828
vn -0.12623493 -0.12851690 -0.98364025
vn -0.16959250 -0.20945751 -0.96299841
vn -0.12469909 0.35804238 -0.92534091
vn -0.47332476 0.32194530 -0.81994810
vn -0.15382731 0.45038275 -0.87948425
vn -0.47500078 0.46901845 -0.74457770
vn -0.12210632 0.54141147 -0.83184354
vn -0.12261422 0.62326210 -0.77234067
vn -0.47068643 0.58197473 -0.66314380
vn -0.12430689 0.68711652 -0.71583426
vn -0.47541379 0.68021982 -0.55792717
vn -0.12296410 0.75796854 -0.64059622
vn -0.12219158 0.94752691 -0.29540138
vn -0.13533239 0.91391165 -0.38268869
vn -0.47091956 0.76893907 -0.43239735
vn -0.12815936 0.86823119 -0.47932221
vn -0.18770594 0.81884863 -0.54245128
vn -0.12312625 0.97265371 0.19693827
vn -0.14858792 0.98404005 0.09791230
vn -0.47230082 0.88142229 -0.00516455
vn -0.12622884 0.99198740 -0.00522327
vn -0.16338691 0.98249526 -0.08948624
vn -0.82940431 -0.33226391 -0.44909818
vn -0.82938925 -0.40336024 -0.38654105
vn -0.82933730 -0.46295223 -0.31284961
vn -0.82955174 -0.50884098 -0.23005384
vn -0.82948464 -0.54050838 -0.14073351
vn -0.82934324 -0.55673220 -0.04731850
vn -0.82936466 -0.55669821 0.04734315
vn -0.82947589 -0.54052591 0.14071776
vn -0.82966296 -0.25132099 -0.49849486
vn -0.82960312 -0.16354014 -0.53386636
vn -0.82938768 -0.07100628 -0.55414275
vn -0.82948262 0.02373758 -0.55802787
vn -0.82939872 0.11774515 -0.54610790
vn -0.82930070 0.20826916 -0.51854055
vn -0.82945605 0.29287786 -0.47563140
vn -0.82952015 0.36902843 -0.41918295
vn -0.82950849 0.43452425 -0.35086229
vn -0.82945177 0.48764773 -0.27241411
vn -0.82918290 0.52703640 -0.18624808
vn -0.82931597 0.55075222 -0.09437697
vn -0.82930628 0.55879432 -0.00000311
vn -0.82930828 0.55075870 0.09440675
vn -0.82920195 0.52703449 0.18616868
vn -0.82948090 0.48758877 0.27243096
vn -0.82951193 0.43451440 0.35086635
vn -0.82950455 0.36903761 0.41920573
vn -0.82942120 0.29288986 0.47568478
vn -0.82929454 0.20831795 0.51853081
vn -0.82941334 0.11774168 0.54608645
vn -0.82949140 0.02369676 0.55801655
vn -0.82941357 -0.07094178 0.55411225
vn -0.82962004 -0.16356005 0.53383397
vn -0.82965308 -0.25137688 0.49848312
vn -0.82937820 -0.33224823 0.44915800
vn -0.82939107 -0.40336318 0.38653409
vn -0.82937778 -0.46287721 0.31285330
vn -0.82954498 -0.50887067 0.23001256
vn -0.99497713 -0.05953277 -0.08047590
vn -0.99501437 -0.07197993 -0.06903112
vn -0.99498565 -0.08286618 -0.05600668
vn -0.99497262 -0.09127120 -0.04121956
vn -0.99502300 -0.09641685 -0.02516001
vn -0.99496684 -0.09984694 -0.00846070
vn -0.99496447 -0.09986533 0.00852221
vn -0.99502257 -0.09644951 0.02505133
vn -0.99497388 -0.09123154 0.04127685
vn -0.99499460 -0.04497503 -0.08923556
vn -0.99498116 -0.02931167 -0.09567293
vn -0.99497302 -0.01275392 -0.09932792
vn -0.99501367 0.00428484 -0.09964654
vn -0.99500239 0.02102581 -0.09761224
vn -0.99501040 0.03720867 -0.09257335
vn -0.99497789 0.05247565 -0.08523671
vn -0.99497421 0.06615317 -0.07516707
vn -0.99497207 0.07792389 -0.06291625
vn -0.99497952 0.08736607 -0.04881529
vn -0.99497993 0.09435281 -0.03335387
vn -0.99500433 0.09839838 -0.01685653
vn -0.99499554 0.09991935 -0.00001168
vn -0.99500496 0.09838674 0.01688715
vn -0.99497949 0.09436250 0.03333973
vn -0.99497830 0.08737474 0.04882459
vn -0.99497183 0.07793234 0.06290955
vn -0.99497543 0.06615075 0.07515294
vn -0.99497942 0.05248218 0.08521486
vn -0.99500959 0.03717692 0.09259480
vn -0.99500211 0.02104872 0.09761021
vn -0.99501418 0.00422807 0.09964385
vn -0.99497182 -0.01270641 0.09934595
vn -0.99498032 -0.02931002 0.09568216
vn -0.99499450 -0.04499631 0.08922595
vn -0.99497865 -0.05948995 0.08048869
vn -0.99501426 -0.07202128 0.06898959
vn -0.99498327 -0.08287701 0.05603290
vn -0.92293707 0.22891897 0.30948871
vn -0.92276001 0.27827411 0.26660361
vn -0.92297785 0.31882959 0.21554486
vn -0.92289869 0.35086110 0.15860172
vn -0.92293970 0.37252772 0.09698144
vn -0.92300019 0.38341317 0.03263425
vn -0.92300172 0.38341105 -0.03261582
vn -0.92293179 0.37254323 -0.09699714
vn -0.92289845 0.35084794 -0.15863221
vn -0.92297255 0.31888368 -0.21548752
vn -0.92288743 0.17337110 0.34383318
vn -0.92296455 0.11269079 0.36801796
vn -0.92288967 0.04895162 0.38194031
vn -0.92291023 -0.01629001 0.38467043
vn -0.92301698 -0.08113737 0.37610688
vn -0.92302768 -0.14346243 0.35698521
vn -0.92288221 -0.20186026 0.32793424
vn -0.92293038 -0.25435686 0.28896732
vn -0.92300342 -0.29939692 0.24171506
vn -0.92301061 -0.33591252 0.18765447
vn -0.92297546 -0.36286925 0.12822714
vn -0.92302153 -0.37921279 0.06503009
vn -0.92303171 -0.38472387 -0.00000645
vn -0.92303056 -0.37919189 -0.06502386
vn -0.92297909 -0.36286570 -0.12821113
vn -0.92300530 -0.33591863 -0.18766963
vn -0.92300899 -0.29937617 -0.24171949
vn -0.92294275 -0.25433673 -0.28894552
vn -0.92287100 -0.20192357 -0.32792680
vn -0.92300619 -0.14344404 -0.35704816
vn -0.92302394 -0.08110508 -0.37609677
vn -0.92293251 -0.01631478 -0.38461593
vn -0.92289330 0.04893649 -0.38193348
vn -0.92296049 0.11273043 -0.36801600
vn -0.92289293 0.17333077 -0.34383876
vn -0.92295148 0.22894718 -0.30942488
vn -0.92275924 0.27820551 -0.26667785
vn -0.64216447 0.45745104 0.61511246
vn -0.64027788 0.55813175 0.52776244
vn -0.63787524 0.64205265 0.42530410
vn -0.63408946 0.70803129 0.31084120
vn -0.63015497 0.75327850 0.18835129
vn -0.62796661 0.77577117 0.06194384
vn -0.62925369 0.77453306 -0.06432992
vn -0.63497969 0.74942657 -0.18751165
vn -0.64468204 0.70146353 -0.30386506
vn -0.65669454 0.63324521 -0.40957634
vn -0.66976280 0.54801222 -0.50109920
vn -0.68873926 0.30553824 0.65748355
vn -0.67490484 0.19876943 0.71062942
vn -0.66085301 0.07935997 0.74630777
vn -0.64855131 -0.04568090 0.75979895
vn -0.63803247 -0.17122910 0.75072975
vn -0.63055683 -0.29263009 0.71886418
vn -0.62780114 -0.40608162 0.66405079
vn -0.62892704 -0.50860137 0.58802672
vn -0.63271435 -0.59726618 0.49289518
vn -0.63647084 -0.66947030 0.38303315
vn -0.63956951 -0.72279770 0.26175242
vn -0.64179069 -0.75532026 0.13264999
vn -0.62291856 -0.78226225 -0.00618436
vn -0.67917226 -0.71953918 -0.14487378
vn -0.66536956 -0.69804478 -0.26460696
vn -0.65222572 -0.65462184 -0.38219347
vn -0.64110103 -0.59035625 -0.49037636
vn -0.63228727 -0.50771940 -0.58517845
vn -0.62824594 -0.40824396 -0.66230198
vn -0.62836719 -0.29510875 -0.71976767
vn -0.63154705 -0.17131600 -0.75617402
vn -0.63543061 -0.04104160 -0.77106649
vn -0.63866593 0.09115649 -0.76406565
vn -0.64128020 0.22073325 -0.73487178
vn -0.64247477 0.34396549 -0.68477288
vn -0.68365922 0.45215037 -0.57286133
vn 0.21195483 0.80037543 0.56078010
vn 0.36916042 0.80676033 0.46136574
vn 0.08910008 0.87003291 0.48487515
vn 0.36008315 0.87232899 0.33072989
vn 0.08840610 0.93134966 0.35323106
vn 0.36774792 0.91056684 0.18875778
vn 0.08732782 0.97286921 0.21424135
vn 0.22258774 0.96893502 0.10779438
vn 0.36695251 0.93012043 0.01489431
vn 0.08807830 0.99605426 0.01086863
vn 0.16294284 0.98325213 -0.08163877
vn 0.36996350 0.91649827 -0.15217728
vn 0.08588971 0.97925747 -0.18351505
vn 0.36989432 0.88635804 -0.27847373
vn 0.08963964 0.95509892 -0.28240182
vn 0.19316664 0.90690462 -0.37444714
vn 0.36720228 0.82150671 -0.43622151
vn 0.08769142 0.88051209 -0.46584189
vn 0.20923537 0.81572698 -0.53926807
vn 0.36893711 0.72612073 -0.58020177
vn 0.08731054 0.76926610 -0.63293486
vn 0.37028471 0.63477656 -0.67819462
vn 0.08884553 0.69917516 -0.70940860
vn 0.36811778 0.35356113 -0.85993245
vn 0.22590267 0.45318617 -0.86231681
vn 0.36757766 0.50974889 -0.77784493
vn 0.08958914 0.55291615 -0.82840661
vn 0.13365146 0.62098113 -0.77234689
vn 0.36799578 0.06704820 -0.92740695
vn 0.08791407 0.18587937 -0.97863169
vn 0.36922377 0.19913615 -0.90775470
vn 0.12392953 0.27954814 -0.95209995
vn 0.08917197 0.37046102 -0.92455773
vn 0.36627659 -0.10608729 -0.92443872
vn 0.21237133 -0.01827034 -0.97701823
vn 0.08835239 0.08562741 -0.99240204
vn 0.18616773 -0.49393561 -0.84933456
vn 0.08883933 -0.40469988 -0.91012394
vn 0.37075786 -0.39445930 -0.84079752
vn 0.08889891 -0.30862260 -0.94702116
vn 0.37065614 -0.27228093 -0.88796234
vn 0.18967629 -0.20597250 -0.95999908
vn 0.08605035 -0.11565923 -0.98955459
vn 0.09210437 -0.57062998 -0.81602586
vn 0.36660683 -0.53668044 -0.75998259
vn 0.22110545 -0.63860802 -0.73708356
vn 0.36597690 -0.67190050 -0.64390265
vn 0.08658120 -0.72802325 -0.68006312
vn 0.36101049 -0.76619917 -0.53161100
vn 0.08995333 -0.81820991 -0.56783883
vn 0.36803543 -0.83756242 -0.40378103
vn 0.09045798 -0.89240078 -0.44208393
vn 0.21454360 -0.91510724 -0.34139389
vn 0.92814505 -0.33707201 -0.15788995
vn 0.92796049 -0.30616090 -0.21249665
vn 0.92808706 -0.26556367 -0.26101790
vn 0.92792549 -0.21770568 -0.30258639
vn 0.92787497 -0.16320418 -0.33527964
vn 0.92783511 -0.10394327 -0.35821474
vn 0.92822216 -0.04170625 -0.36968122
vn 0.92788344 0.02168324 -0.37223939
vn 0.92808692 0.08446245 -0.36265793
vn 0.92811450 0.14473966 -0.34300714
vn 0.92795835 0.20097191 -0.31385282
vn 0.92808349 0.25109206 -0.27497966
vn 0.92782459 0.29468434 -0.22869778
vn 0.92810121 0.32850752 -0.17524543
vn 0.92819189 0.35328348 -0.11683575
vn 0.92768643 0.36923966 -0.05531687
vn 0.92817835 0.37205059 0.00795649
vn 0.92791739 0.36595231 0.07105083
vn 0.92763927 0.34921621 0.13241380
vn 0.92763191 0.32206144 0.18914407
vn 0.70189139 0.61428858 0.36055239
vn 0.70047200 0.66723926 0.25324048
vn 0.70230140 0.69880410 0.13581449
vn 0.70132802 0.71267175 0.01542677
vn 0.70221995 0.70406542 -0.10573092
vn 0.70110670 0.67702550 -0.22379872
vn 0.70201826 0.62838095 -0.33512348
vn 0.70235346 0.56214601 -0.43668236
vn 0.70195114 0.48027759 -0.52592588
vn 0.70250285 0.38386721 -0.59927933
vn 0.70153251 0.27696657 -0.65661379
vn 0.70099139 0.16176435 -0.69458143
vn 0.70101966 0.04158113 -0.71192868
vn 0.70237466 -0.07970454 -0.70733092
vn 0.70124020 -0.19876369 -0.68465698
vn 0.70115640 -0.31215661 -0.64104442
vn 0.70124235 -0.41612874 -0.57887481
vn 0.70162481 -0.50817428 -0.49948126
vn 0.70069480 -0.58632382 -0.40651098
vn 0.70113748 -0.64575296 -0.30233980
vn -0.95981793 0.07143122 0.27138005
vn -0.23127247 0.63733618 0.73506166
vn -0.28681842 0.52104940 0.80389223
vn -0.53094772 0.45079856 0.71754803
vn -0.81035297 0.23836968 0.53526439
vn -0.96139680 -0.12758104 0.24380169
vn -0.96119762 -0.09019402 0.26069940
vn -0.96119508 -0.04986611 0.27132524
vn -0.96119873 -0.00837707 0.27572962
vn -0.96117518 0.03332604 0.27391906
vn -0.96119053 -0.16380366 0.22199354
vn -0.96120083 -0.19539006 0.19471954
vn -0.96121067 -0.22248770 0.16301312
vn -0.96123002 -0.24375867 0.12891298
vn -0.82233875 -0.50420534 0.26369670
vn -0.81451563 -0.55165695 0.17955195
vn -0.57846373 -0.77274877 0.26122604
vn -0.44679041 -0.87475552 0.18756627
vn -0.27528009 -0.96125952 0.01417735
vn -0.28055198 -0.94334146 0.17719336
vn -0.06773289 -0.99021374 -0.12202053
vn -0.06660182 -0.99769989 0.01261420
vn -0.05532085 -0.99236668 0.11021786
vn -0.06602941 -0.97765940 0.19955505
vn -0.28061446 -0.90899902 0.30818225
vn -0.06615582 -0.95318440 0.29506424
vn -0.28053093 -0.68230735 0.67509931
vn -0.06631037 -0.78670741 0.61375434
vn -0.28006642 -0.77205008 0.57052736
vn -0.06008808 -0.83579140 0.54574917
vn -0.28294133 -0.85145211 0.44155804
vn -0.06415924 -0.88550154 0.46018541
vn -0.05362145 -0.92382381 0.37904394
vn -0.06219018 -0.58482792 0.80876986
vn -0.03951859 -0.65062721 0.75836833
vn -0.06674876 -0.72220901 0.68844662
vn -0.28464945 -0.56922655 0.77133380
vn -0.28455201 -0.44647305 0.84834661
vn -0.06656232 -0.46477836 0.88292159
vn -0.28087094 -0.31806738 0.90550795
vn -0.06681322 -0.34030230 0.93793941
vn -0.05584702 -0.24684853 0.96744349
vn -0.27957678 -0.16807253 0.94529807
vn -0.06838397 -0.15729450 0.98518124
vn -0.28081366 -0.03158134 0.95924257
vn -0.06765634 -0.06129003 0.99582436
vn -0.28021657 0.39160798 0.87642562
vn -0.06614168 0.29720215 0.95252095
vn -0.27957470 0.26232066 0.92359399
vn -0.05924461 0.21566606 0.97466827
vn -0.28255102 0.11314513 0.95255609
vn -0.06412826 0.11745880 0.99100504
vn -0.05494714 0.02748931 0.99811079
vn -0.06224017 0.55073877 0.83235387
vn -0.04080527 0.47922723 0.87674180
vn -0.06639371 0.38962808 0.91857598
vn -0.57868876 -0.72305125 0.37724820
vn -0.57882524 -0.65781452 0.48191430
vn -0.57890356 -0.57753354 0.57560896
vn -0.57879669 -0.48417459 0.65617784
vn -0.57872189 -0.37985132 0.72166055
vn -0.57882857 -0.26659404 0.77063941
vn -0.57875190 -0.14733524 0.80208389
vn -0.57887342 -0.02462201 0.81504559
vn -0.57879531 0.09844197 0.80950921
vn -0.57879249 0.21939000 0.78540899
vn -0.57864898 0.33532768 0.74345188
vn -0.06711548 0.66254387 0.74601014
vn -0.82423576 0.14839402 0.54645642
vn -0.82216905 0.06872016 0.56508016
vn -0.82221972 -0.01724249 0.56890898
vn -0.82204063 -0.10294823 0.56004541
vn -0.82210221 -0.18613315 0.53805429
vn -0.82208899 -0.26514644 0.50385222
vn -0.82209382 -0.33801797 0.45815456
vn -0.82206450 -0.40333443 0.40190956
vn -0.82201902 -0.45940152 0.33650404
f 1//1 2//2 3//3
f 3//3 2//2 4//4
f 3//3 4//4 5//5
f 5//5 6//6 3//3
f 3//3 6//6 7//7
f 3//3 7//7 8//8
f 9//9 10//10 11//11
f 8//8 12//12 3//3
f 3//3 12//12 9//9
f 3//3 9//9 13//13
f 13//13 9//9 11//11
f 14//14 15//15 16//16
f 16//16 15//15 17//17
f 16//16 17//17 18//18
f 19//19 20//20 21//21
f 21//21 20//20 22//22
f 21//21 22//22 23//23
f 24//24 25//25 26//26
f 26//26 25//25 27//27
f 26//26 27//27 28//28
f 29//29 30//30 31//31
f 31//31 30//30 32//32
f 31//31 32//32 33//33
f 34//34 35//35 36//36
f 36//36 35//35 37//37
f 36//36 37//37 38//38
f 39//39 40//40 41//41
f 41//41 40//40 42//42
f 41//41 42//42 43//43
f 44//44 45//45 46//46
f 46//46 45//45 47//47
f 46//46 47//47 48//48
f 49//49 50//50 51//51
f 51//51 50//50 52//52
f 51//51 52//52 53//53
f 54//54 55//55 56//56
f 56//56 55//55 57//57
f 56//56 57//57 58//58
f 59//59 60//60 61//61
f 61//61 60//60 62//62
f 61//61 62//62 63//63
f 64//64 65//65 66//66
f 66//66 65//65 67//67
f 66//66 67//67 68//68
f 69//69 70//70 71//71
f 71//71 70//70 72//72
f 71//71 72//72 73//73
f 74//74 51//51 75//75
f 75//75 51//51 53//53
f 75//75 53//53 76//76
f 77//77 46//46 78//78
f 78//78 46//46 48//48
f 78//78 48//48 79//79
f 80//80 31//31 81//81
f 81//81 31//31 33//33
f 81//81 33//33 82//82
f 83//83 26//26 84//84
f 84//84 26//26 28//28
f 84//84 28//28 85//85
f 86//86 71//71 87//87
f 87//87 71//71 73//73
f 87//87 73//73 88//88
f 89//89 66//66 90//90
f 90//90 66//66 68//68
f 90//90 68//68 91//91
f 92//92 61//61 93//93
f 93//93 61//61 63//63
f 93//93 63//63 94//94
f 95//95 56//56 96//96
f 96//96 56//56 58//58
f 96//96 58//58 97//97
f 98//98 21//21 99//99
f 99//99 21//21 23//23
f 99//99 23//23 100//100
f 101//101 16//16 102//102
f 102//102 16//16 18//18
f 102//102 18//18 103//103
f 104//104 41//41 105//105
f 105//105 41//41 43//43
f 105//105 43//43 106//106
f 107//107 36//36 108//108
f 108//108 36//36 38//38
f 108//108 38//38 109//109
f 110//110 2//2 111//111
f 111//111 2//2 1//1
f 111//111 1//1 112//112
f 112//112 1//1 3//3
f 11//11 113//113 114//114
f 11//11 114//114 13//13
f 13//13 114//114 112//112
f 13//13 112//112 3//3
f 9//9 115//115 116//116
f 9//9 116//116 10//10
f 10//10 116//116 113//113
f 10//10 113//113 11//11
f 8//8 117//117 118//118
f 8//8 118//118 12//12
f 12//12 118//118 115//115
f 12//12 115//115 9//9
f 6//6 119//119 120//120
f 6//6 120//120 7//7
f 7//7 120//120 117//117
f 7//7 117//117 8//8
f 4//4 121//121 122//122
f 4//4 122//122 5//5
f 5//5 122//122 119//119
f 5//5 119//119 6//6
f 121//121 4//4 110//110
f 110//110 4//4 2//2
f 21//21 98//98 123//123
f 16//16 101//101 124//124
f 125//125 18//18 126//126
f 126//126 18//18 17//17
f 126//126 17//17 127//127
f 127//127 17//17 15//15
f 127//127 15//15 128//128
f 128//128 15//15 14//14
f 128//128 14//14 129//129
f 130//130 100//100 23//23
f 14//14 16//16 129//129
f 129//129 16//16 124//124
f 129//129 124//124 131//131
f 131//131 124//124 132//132
f 131//131 132//132 133//133
f 132//132 130//130 133//133
f 133//133 130//130 23//23
f 133//133 23//23 134//134
f 134//134 23//23 22//22
f 134//134 22//22 135//135
f 135//135 22//22 20//20
f 135//135 20//20 136//136
f 136//136 20//20 19//19
f 136//136 19//19 137//137
f 19//19 21//21 137//137
f 137//137 21//21 123//123
f 137//137 123//123 138//138
f 138//138 123//123 139//139
f 138//138 139//139 125//125
f 125//125 139//139 140//140
f 125//125 140//140 18//18
f 18//18 140//140 103//103
f 31//31 80//80 141//141
f 26//26 83//83 142//142
f 143//143 28//28 144//144
f 144//144 28//28 27//27
f 144//144 27//27 145//145
f 145//145 27//27 25//25
f 145//145 25//25 146//146
f 146//146 25//25 24//24
f 146//146 24//24 147//147
f 148//148 82//82 33//33
f 24//24 26//26 147//147
f 147//147 26//26 142//142
f 147//147 142//142 149//149
f 149//149 142//142 150//150
f 149//149 150//150 151//151
f 150//150 148//148 151//151
f 151//151 148//148 33//33
f 151//151 33//33 152//152
f 152//152 33//33 32//32
f 152//152 32//32 153//153
f 153//153 32//32 30//30
f 153//153 30//30 154//154
f 154//154 30//30 29//29
f 154//154 29//29 155//155
f 29//29 31//31 155//155
f 155//155 31//31 141//141
f 155//155 141//141 156//156
f 156//156 141//141 157//157
f 156//156 157//157 143//143
f 143//143 157//157 158//158
f 143//143 158//158 28//28
f 28//28 158//158 85//85
f 41//41 104//104 159//159
f 36//36 107//107 160//160
f 161//161 38//38 162//162
f 162//162 38//38 37//37
f 162//162 37//37 163//163
f 163//163 37//37 35//35
f 163//163 35//35 164//164
f 164//164 35//35 34//34
f 164//164 34//34 165//165
f 166//166 106//106 43//43
f 34//34 36//36 165//165
f 165//165 36//36 160//160
f 165//165 160//160 167//167
f 167//167 160//160 168//168
f 167//167 168//168 169//169
f 168//168 166//166 169//169
f 169//169 166//166 43//43
f 169//169 43//43 170//170
f 170//170 43//43 42//42
f 170//170 42//42 171//171
f 171//171 42//42 40//40
f 171//171 40//40 172//172
f 172//172 40//40 39//39
f 172//172 39//39 173//173
f 39//39 41//41 173//173
f 173//173 41//41 159//159
f 173//173 159//159 174//174
f 174//174 159//159 175//175
f 174//174 175//175 161//161
f 161//161 175//175 176//176
f 161//161 176//176 38//38
f 38//38 176//176 109//109
f 51//51 74//74 177//177
f 46//46 77//77 178//178
f 179//179 48//48 180//180
f 180//180 48//48 47//47
f 180//180 47//47 181//181
f 181//181 47//47 45//45
f 181//181 45//45 182//182
f 182//182 45//45 44//44
f 182//182 44//44 183//183
f 184//184 76//76 53//53
f 44//44 46//46 183//183
f 183//183 46//46 178//178
f 183//183 178//178 185//185
f 185//185 178//178 186//186
f 185//185 186//186 187//187
f 186//186 184//184 187//187
f 187//187 184//184 53//53
f 187//187 53//53 188//188
f 188//188 53//53 52//52
f 188//188 52//52 189//189
f 189//189 52//52 50//50
f 189//189 50//50 190//190
f 190//190 50//50 49//49
f 190//190 49//49 191//191
f 49//49 51//51 191//191
f 191//191 51//51 177//177
f 191//191 177//177 192//192
f 192//192 177//177 193//193
f 192//192 193//193 179//179
f 179//179 193//193 194//194
f 179//179 194//194 48//48
f 48//48 194//194 79//79
f 61//61 92//92 195//195
f 56//56 95//95 196//196
f 197//197 58//58 198//198
f 198//198 58//58 57//57
f 198//198 57//57 199//199
f 199//199 57//57 55//55
f 199//199 55//55 200//200
f 200//200 55//55 54//54
f 200//200 54//54 201//201
f 202//202 94//94 63//63
f 54//54 56//56 201//201
f 201//201 56//56 196//196
f 201//201 196//196 203//203
f 203//203 196//196 204//204
f 203//203 204//204 205//205
f 204//204 202//202 205//205
f 205//205 202//202 63//63
f 205//205 63//63 206//206
f 206//206 63//63 62//62
f 206//206 62//62 207//207
f 207//207 62//62 60//60
f 207//207 60//60 208//208
f 208//208 60//60 59//59
f 208//208 59//59 209//209
f 59//59 61//61 209//209
f 209//209 61//61 195//195
f 209//209 195//195 210//210
f 210//210 195//195 211//211
f 210//210 211//211 197//197
f 197//197 211//211 212//212
f 197//197 212//212 58//58
f 58//58 212//212 97//97
f 71//71 86//86 213//213
f 66//66 89//89 214//214
f 215//215 68//68 216//216
f 216//216 68//68 67//67
f 216//216 67//67 217//217
f 217//217 67//67 65//65
f 217//217 65//65 218//218
f 218//218 65//65 64//64
f 218//218 64//64 219//219
f 220//220 88//88 73//73
f 64//64 66//66 219//219
f 219//219 66//66 214//214
f 219//219 214//214 221//221
f 221//221 214//214 222//222
f 221//221 222//222 223//223
f 222//222 220//220 223//223
f 223//223 220//220 73//73
f 223//223 73//73 224//224
f 224//224 73//73 72//72
f 224//224 72//72 225//225
f 225//225 72//72 70//70
f 225//225 70//70 226//226
f 226//226 70//70 69//69
f 226//226 69//69 227//227
f 69//69 71//71 227//227
f 227//227 71//71 213//213
f 227//227 213//213 228//228
f 228//228 213//213 229//229
f 228//228 229//229 215//215
f 215//215 229//229 230//230
f 215//215 230//230 68//68
f 68//68 230//230 91//91
f 231//231 232//232 233//233
f 233//233 232//232 234//234
f 74//74 75//75 235//235
f 74//74 235//235 177//177
f 177//177 235//235 236//236
f 177//177 236//236 193//193
f 193//193 236//236 237//237
f 193//193 237//237 194//194
f 194//194 237//237 238//238
f 194//194 238//238 79//79
f 79//79 238//238 239//239
f 79//79 239//239 78//78
f 77//77 78//78 240//240
f 77//77 240//240 178//178
f 178//178 240//240 241//241
f 178//178 241//241 186//186
f 186//186 241//241 242//242
f 186//186 242//242 184//184
f 184//184 242//242 243//243
f 184//184 243//243 76//76
f 76//76 243//243 244//244
f 76//76 244//244 75//75
f 80//80 81//81 245//245
f 80//80 245//245 141//141
f 141//141 245//245 246//246
f 141//141 246//246 157//157
f 157//157 246//246 247//247
f 157//157 247//247 158//158
f 158//158 247//247 248//248
f 158//158 248//248 85//85
f 85//85 248//248 249//249
f 85//85 249//249 84//84
f 83//83 84//84 250//250
f 83//83 250//250 142//142
f 142//142 250//250 251//251
f 142//142 251//251 150//150
f 150//150 251//251 252//252
f 150//150 252//252 148//148
f 148//148 252//252 253//253
f 148//148 253//253 82//82
f 82//82 253//253 254//254
f 82//82 254//254 81//81
f 255//255 90//90 91//91
f 255//255 91//91 256//256
f 256//256 91//91 230//230
f 256//256 230//230 257//257
f 257//257 230//230 229//229
f 257//257 229//229 258//258
f 258//258 229//229 213//213
f 258//258 213//213 259//259
f 259//259 213//213 86//86
f 259//259 86//86 87//87
f 260//260 87//87 88//88
f 260//260 88//88 261//261
f 261//261 88//88 220//220
f 261//261 220//220 262//262
f 262//262 220//220 222//222
f 262//262 222//222 263//263
f 263//263 222//222 214//214
f 263//263 214//214 264//264
f 264//264 214//214 89//89
f 264//264 89//89 90//90
f 265//265 96//96 97//97
f 265//265 97//97 266//266
f 266//266 97//97 212//212
f 266//266 212//212 267//267
f 267//267 212//212 211//211
f 267//267 211//211 268//268
f 268//268 211//211 195//195
f 268//268 195//195 269//269
f 269//269 195//195 92//92
f 269//269 92//92 93//93
f 270//270 93//93 94//94
f 270//270 94//94 271//271
f 271//271 94//94 202//202
f 271//271 202//202 272//272
f 272//272 202//202 204//204
f 272//272 204//204 273//273
f 273//273 204//204 196//196
f 273//273 196//196 274//274
f 274//274 196//196 95//95
f 274//274 95//95 96//96
f 275//275 102//102 103//103
f 275//275 103//103 276//276
f 276//276 103//103 140//140
f 276//276 140//140 277//277
f 277//277 140//140 139//139
f 277//277 139//139 278//278
f 278//278 139//139 123//123
f 278//278 123//123 279//279
f 279//279 123//123 98//98
f 279//279 98//98 99//99
f 280//280 99//99 100//100
f 280//280 100//100 281//281
f 281//281 100//100 130//130
f 281//281 130//130 282//282
f 282//282 130//130 132//132
f 282//282 132//132 283//283
f 283//283 132//132 124//124
f 283//283 124//124 284//284
f 284//284 124//124 101//101
f 284//284 101//101 102//102
f 285//285 108//108 109//109
f 285//285 109//109 286//286
f 286//286 109//109 176//176
f 286//286 176//176 287//287
f 287//287 176//176 175//175
f 287//287 175//175 288//288
f 288//288 175//175 159//159
f 288//288 159//159 289//289
f 289//289 159//159 104//104
f 289//289 104//104 105//105
f 290//290 105//105 106//106
f 290//290 106//106 291//291
f 291//291 106//106 166//166
f 291//291 166//166 292//292
f 292//292 166//166 168//168
f 292//292 168//168 293//293
f 293//293 168//168 160//160
f 293//293 160//160 294//294
f 294//294 160//160 107//107
f 294//294 107//107 108//108
f 295//295 296//296 297//297
f 297//297 296//296 298//298
f 299//299 295//295 300//300
f 300//300 295//295 297//297
f 300//300 297//297 301//301
f 301//301 297//297 302//302
f 121//121 110//110 303//303
f 304//304 305//305 306//306
f 306//306 305//305 307//307
f 115//115 308//308 116//116
f 116//116 308//308 309//309
f 116//116 309//309 113//113
f 309//309 310//310 113//113
f 113//113 310//310 311//311
f 113//113 311//311 114//114
f 114//114 311//311 312//312
f 114//114 312//312 112//112
f 112//112 312//312 313//313
f 112//112 313//313 111//111
f 111//111 313//313 304//304
f 111//111 304//304 110//110
f 110//110 304//304 306//306
f 110//110 306//306 314//314
f 314//314 315//315 110//110
f 110//110 315//315 316//316
f 110//110 316//316 303//303
f 303//303 316//316 317//317
f 318//318 319//319 117//117
f 117//117 319//319 118//118
f 118//118 319//319 320//320
f 118//118 320//320 115//115
f 115//115 320//320 321//321
f 115//115 321//321 308//308
f 117//117 120//120 318//318
f 318//318 120//120 119//119
f 318//318 119//119 303//303
f 303//303 119//119 122//122
f 303//303 122//122 121//121
f 317//317 322//322 303//303
f 303//303 322//322 323//323
f 303//303 323//323 324//324
f 324//324 323//323 325//325
f 326//326 327//327 328//328
f 328//328 327//327 329//329
f 328//328 329//329 330//330
f 330//330 329//329 331//331
f 330//330 331//331 325//325
f 325//325 331//331 332//332
f 325//325 332//332 324//324
f 333//333 334//334 335//335
f 335//335 334//334 336//336
f 336//336 334//334 337//337
f 336//336 337//337 338//338
f 337//337 339//339 338//338
f 338//338 339//339 340//340
f 338//338 340//340 341//341
f 341//341 340//340 342//342
f 341//341 342//342 343//343
f 343//343 342//342 344//344
f 344//344 342//342 345//345
f 344//344 345//345 346//346
f 346//346 345//345 347//347
f 346//346 347//347 348//348
f 347//347 349//349 348//348
f 348//348 349//349 350//350
f 348//348 350//350 351//351
f 351//351 350//350 352//352
f 351//351 352//352 353//353
f 353//353 352//352 354//354
f 354//354 352//352 355//355
f 354//354 355//355 356//356
f 356//356 355//355 357//357
f 356//356 357//357 358//358
f 357//357 359//359 358//358
f 358//358 359//359 360//360
f 358//358 360//360 361//361
f 361//361 360//360 362//362
f 361//361 362//362 363//363
f 363//363 362//362 364//364
f 363//363 364//364 365//365
f 365//365 364//364 366//366
f 365//365 366//366 367//367
f 367//367 366//366 368//368
f 366//366 369//369 368//368
f 368//368 369//369 370//370
f 368//368 370//370 371//371
f 371//371 370//370 372//372
f 371//371 372//372 373//373
f 373//373 372//372 374//374
f 373//373 374//374 375//375
f 375//375 374//374 376//376
f 375//375 376//376 377//377
f 377//377 376//376 378//378
f 377//377 378//378 379//379
f 379//379 378//378 380//380
f 379//379 380//380 381//381
f 381//381 380//380 382//382
f 381//381 382//382 383//383
f 383//383 382//382 384//384
f 383//383 384//384 385//385
f 385//385 384//384 386//386
f 385//385 386//386 387//387
f 387//387 386//386 388//388
f 387//387 388//388 389//389
f 389//389 388//388 390//390
f 389//389 390//390 391//391
f 391//391 390//390 392//392
f 391//391 392//392 393//393
f 393//393 392//392 394//394
f 393//393 394//394 395//395
f 395//395 394//394 396//396
f 395//395 396//396 397//397
f 396//396 398//398 397//397
f 397//397 398//398 399//399
f 397//397 399//399 400//400
f 400//400 399//399 401//401
f 400//400 401//401 402//402
f 402//402 401//401 403//403
f 402//402 403//403 404//404
f 404//404 403//403 405//405
f 404//404 405//405 406//406
f 406//406 405//405 407//407
f 406//406 407//407 408//408
f 408//408 407//407 409//409
f 408//408 409//409 410//410
f 410//410 409//409 411//411
f 410//410 411//411 412//412
f 412//412 411//411 413//413
f 412//412 413//413 414//414
f 414//414 413//413 415//415
f 414//414 415//415 416//416
f 416//416 415//415 417//417
f 416//416 417//417 418//418
f 418//418 417//417 419//419
f 418//418 419//419 420//420
f 420//420 419//419 421//421
f 335//335 422//422 333//333
f 333//333 422//422 423//423
f 333//333 423//423 424//424
f 424//424 423//423 425//425
f 424//424 425//425 426//426
f 426//426 425//425 427//427
f 426//426 427//427 428//428
f 428//428 427//427 429//429
f 428//428 429//429 430//430
f 430//430 429//429 431//431
f 430//430 431//431 432//432
f 432//432 431//431 433//433
f 432//432 433//433 434//434
f 434//434 433//433 435//435
f 434//434 435//435 436//436
f 436//436 435//435 437//437
f 436//436 437//437 438//438
f 438//438 437//437 439//439
f 438//438 439//439 421//421
f 421//421 439//439 440//440
f 421//421 440//440 420//420
f 234//234 232//232 441//441
f 441//441 232//232 442//442
f 441//441 442//442 443//443
f 443//443 442//442 444//444
f 443//443 444//444 445//445
f 445//445 444//444 446//446
f 445//445 446//446 447//447
f 447//447 446//446 448//448
f 447//447 448//448 449//449
f 449//449 448//448 450//450
f 449//449 450//450 451//451
f 451//451 450//450 452//452
f 453//453 454//454 455//455
f 455//455 454//454 456//456
f 455//455 456//456 457//457
f 457//457 456//456 458//458
f 457//457 458//458 459//459
f 459//459 458//458 460//460
f 459//459 460//460 452//452
f 452//452 460//460 461//461
f 462//462 463//463 464//464
f 464//464 463//463 454//454
f 464//464 454//454 465//465
f 465//465 454//454 453//453
f 465//465 453//453 466//466
f 466//466 453//453 467//467
f 466//466 467//467 468//468
f 444//444 442//442 469//469
f 469//469 442//442 232//232
f 470//470 450//450 448//448
f 452//452 450//450 459//459
f 459//459 450//450 470//470
f 459//459 470//470 457//457
f 457//457 470//470 471//471
f 457//457 471//471 455//455
f 455//455 471//471 453//453
f 453//453 471//471 472//472
f 453//453 472//472 467//467
f 473//473 474//474 475//475
f 476//476 477//477 474//474
f 478//478 477//477 479//479
f 479//479 477//477 476//476
f 479//479 476//476 480//480
f 480//480 476//476 481//481
f 232//232 482//482 469//469
f 469//469 482//482 483//483
f 469//469 483//483 481//481
f 481//481 483//483 484//484
f 481//481 484//484 480//480
f 474//474 473//473 476//476
f 476//476 473//473 485//485
f 476//476 485//485 481//481
f 481//481 485//485 486//486
f 481//481 486//486 469//469
f 469//469 486//486 446//446
f 469//469 446//446 444//444
f 468//468 467//467 475//475
f 475//475 467//467 472//472
f 475//475 472//472 473//473
f 473//473 472//472 471//471
f 473//473 471//471 485//485
f 485//485 471//471 470//470
f 485//485 470//470 486//486
f 486//486 470//470 448//448
f 486//486 448//448 446//446
f 232//232 231//231 482//482
f 482//482 231//231 487//487
f 482//482 487//487 483//483
f 483//483 487//487 488//488
f 483//483 488//488 484//484
f 484//484 488//488 489//489
f 484//484 489//489 480//480
f 480//480 489//489 490//490
f 480//480 490//490 479//479
f 479//479 490//490 491//491
f 479//479 491//491 478//478
f 478//478 491//491 492//492
f 493//493 494//494 495//495
f 495//495 494//494 496//496
f 497//497 498//498 499//499
f 231//231 498//498 487//487
f 487//487 498//498 497//497
f 487//487 497//497 488//488
f 488//488 497//497 500//500
f 488//488 500//500 489//489
f 489//489 500//500 490//490
f 490//490 500//500 501//501
f 490//490 501//501 491//491
f 502//502 503//503 504//504
f 505//505 506//506 503//503
f 507//507 506//506 508//508
f 508//508 506//506 505//505
f 508//508 505//505 509//509
f 509//509 505//505 510//510
f 496//496 511//511 495//495
f 495//495 511//511 512//512
f 495//495 512//512 510//510
f 510//510 512//512 513//513
f 510//510 513//513 509//509
f 503//503 502//502 505//505
f 505//505 502//502 514//514
f 505//505 514//514 510//510
f 510//510 514//514 515//515
f 510//510 515//515 495//495
f 495//495 515//515 516//516
f 495//495 516//516 493//493
f 492//492 491//491 504//504
f 504//504 491//491 501//501
f 504//504 501//501 502//502
f 502//502 501//501 500//500
f 502//502 500//500 514//514
f 514//514 500//500 497//497
f 514//514 497//497 515//515
f 515//515 497//497 499//499
f 515//515 499//499 516//516
f 129//129 517//517 128//128
f 128//128 517//517 518//518
f 128//128 518//518 127//127
f 127//127 518//518 519//519
f 127//127 519//519 126//126
f 126//126 519//519 520//520
f 126//126 520//520 125//125
f 125//125 520//520 521//521
f 125//125 521//521 138//138
f 138//138 521//521 522//522
f 138//138 522//522 137//137
f 137//137 522//522 523//523
f 137//137 523//523 136//136
f 136//136 523//523 524//524
f 136//136 524//524 135//135
f 135//135 524//524 525//525
f 135//135 525//525 134//134
f 134//134 525//525 526//526
f 134//134 526//526 133//133
f 133//133 526//526 527//527
f 133//133 527//527 131//131
f 131//131 527//527 528//528
f 131//131 528//528 129//129
f 129//129 528//528 517//517
f 147//147 529//529 146//146
f 146//146 529//529 530//530
f 146//146 530//530 145//145
f 145//145 530//530 531//531
f 145//145 531//531 144//144
f 144//144 531//531 532//532
f 144//144 532//532 143//143
f 143//143 532//532 533//533
f 143//143 533//533 156//156
f 156//156 533//533 534//534
f 156//156 534//534 155//155
f 155//155 534//534 535//535
f 155//155 535//535 154//154
f 154//154 535//535 536//536
f 154//154 536//536 153//153
f 153//153 536//536 537//537
f 153//153 537//537 152//152
f 152//152 537//537 538//538
f 152//152 538//538 151//151
f 151//151 538//538 539//539
f 151//151 539//539 149//149
f 149//149 539//539 540//540
f 149//149 540//540 147//147
f 147//147 540//540 529//529
f 165//165 541//541 164//164
f 164//164 541//541 542//542
f 164//164 542//542 163//163
f 163//163 542//542 543//543
f 163//163 543//543 162//162
f 162//162 543//543 544//544
f 162//162 544//544 161//161
f 161//161 544//544 545//545
f 161//161 545//545 174//174
f 174//174 545//545 546//546
f 174//174 546//546 173//173
f 173//173 546//546 547//547
f 173//173 547//547 172//172
f 172//172 547//547 548//548
f 172//172 548//548 171//171
f 171//171 548//548 549//549
f 171//171 549//549 170//170
f 170//170 549//549 550//550
f 170//170 550//550 169//169
f 169//169 550//550 551//551
f 169//169 551//551 167//167
f 167//167 551//551 552//552
f 167//167 552//552 165//165
f 165//165 552//552 541//541
f 553//553 554//554 555//555
f 555//555 554//554 556//556
f 555//555 556//556 557//557
f 557//557 556//556 558//558
f 557//557 558//558 559//559
f 559//559 558//558 560//560
f 559//559 560//560 561//561
f 561//561 560//560 562//562
f 561//561 562//562 563//563
f 563//563 562//562 564//564
f 563//563 564//564 565//565
f 565//565 564//564 566//566
f 565//565 566//566 567//567
f 567//567 566//566 568//568
f 567//567 568//568 569//569
f 569//569 568//568 570//570
f 569//569 570//570 571//571
f 571//571 570//570 572//572
f 571//571 572//572 573//573
f 573//573 572//572 574//574
f 573//573 574//574 575//575
f 575//575 574//574 576//576
f 575//575 576//576 577//577
f 577//577 576//576 578//578
f 577//577 578//578 579//579
f 579//579 578//578 580//580
f 579//579 580//580 581//581
f 581//581 580//580 582//582
f 581//581 582//582 583//583
f 583//583 582//582 584//584
f 583//583 584//584 585//585
f 585//585 584//584 586//586
f 585//585 586//586 587//587
f 587//587 586//586 588//588
f 587//587 588//588 589//589
f 589//589 588//588 590//590
f 589//589 590//590 591//591
f 591//591 590//590 592//592
f 591//591 592//592 593//593
f 593//593 592//592 594//594
f 593//593 594//594 595//595
f 595//595 594//594 596//596
f 595//595 596//596 597//597
f 597//597 596//596 598//598
f 597//597 598//598 599//599
f 599//599 598//598 600//600
f 599//599 600//600 601//601
f 601//601 600//600 602//602
f 601//601 602//602 603//603
f 603//603 602//602 604//604
f 603//603 604//604 605//605
f 605//605 604//604 606//606
f 605//605 606//606 607//607
f 607//607 606//606 608//608
f 607//607 608//608 609//609
f 609//609 608//608 610//610
f 609//609 610//610 611//611
f 611//611 610//610 612//612
f 611//611 612//612 613//613
f 613//613 612//612 614//614
f 613//613 614//614 615//615
f 615//615 614//614 616//616
f 615//615 616//616 617//617
f 617//617 616//616 618//618
f 617//617 618//618 619//619
f 619//619 618//618 553//553
f 619//619 553//553 555//555
f 620//620 621//621 437//437
f 437//437 621//621 439//439
f 439//439 621//621 440//440
f 440//440 621//621 622//622
f 440//440 622//622 420//420
f 420//420 622//622 623//623
f 420//420 623//623 418//418
f 418//418 623//623 416//416
f 416//416 623//623 624//624
f 416//416 624//624 414//414
f 414//414 624//624 412//412
f 412//412 624//624 625//625
f 412//412 625//625 410//410
f 410//410 625//625 626//626
f 410//410 626//626 408//408
f 627//627 397//397 628//628
f 628//628 397//397 400//400
f 628//628 400//400 629//629
f 629//629 400//400 402//402
f 629//629 402//402 630//630
f 630//630 402//402 404//404
f 630//630 404//404 626//626
f 626//626 404//404 406//406
f 626//626 406//406 408//408
f 631//631 393//393 627//627
f 627//627 393//393 395//395
f 627//627 395//395 397//397
f 632//632 387//387 633//633
f 633//633 387//387 389//389
f 633//633 389//389 631//631
f 631//631 389//389 391//391
f 631//631 391//391 393//393
f 634//634 383//383 632//632
f 632//632 383//383 385//385
f 632//632 385//385 387//387
f 635//635 377//377 636//636
f 636//636 377//377 379//379
f 636//636 379//379 634//634
f 634//634 379//379 381//381
f 634//634 381//381 383//383
f 637//637 373//373 635//635
f 635//635 373//373 375//375
f 635//635 375//375 377//377
f 363//363 365//365 638//638
f 638//638 365//365 367//367
f 638//638 367//367 639//639
f 639//639 367//367 368//368
f 639//639 368//368 637//637
f 637//637 368//368 371//371
f 637//637 371//371 373//373
f 363//363 638//638 361//361
f 361//361 638//638 640//640
f 361//361 640//640 358//358
f 358//358 640//640 641//641
f 358//358 641//641 356//356
f 356//356 641//641 354//354
f 354//354 641//641 642//642
f 354//354 642//642 353//353
f 353//353 642//642 643//643
f 353//353 643//643 351//351
f 351//351 643//643 348//348
f 348//348 643//643 644//644
f 348//348 644//644 346//346
f 346//346 644//644 344//344
f 344//344 644//644 645//645
f 344//344 645//645 343//343
f 343//343 645//645 646//646
f 343//343 646//646 341//341
f 341//341 646//646 338//338
f 338//338 646//646 647//647
f 338//338 647//647 336//336
f 336//336 647//647 335//335
f 335//335 647//647 648//648
f 335//335 648//648 422//422
f 422//422 648//648 649//649
f 422//422 649//649 423//423
f 437//437 435//435 620//620
f 620//620 435//435 433//433
f 620//620 433//433 650//650
f 650//650 433//433 431//431
f 650//650 431//431 651//651
f 651//651 431//431 429//429
f 651//651 429//429 652//652
f 652//652 429//429 427//427
f 652//652 427//427 649//649
f 649//649 427//427 425//425
f 649//649 425//425 423//423
f 650//650 653//653 620//620
f 620//620 653//653 654//654
f 620//620 654//654 621//621
f 621//621 654//654 655//655
f 621//621 655//655 622//622
f 622//622 655//655 656//656
f 622//622 656//656 623//623
f 623//623 656//656 657//657
f 623//623 657//657 624//624
f 624//624 657//657 658//658
f 624//624 658//658 625//625
f 625//625 658//658 659//659
f 625//625 659//659 626//626
f 626//626 659//659 660//660
f 626//626 660//660 630//630
f 630//630 660//660 661//661
f 630//630 661//661 629//629
f 629//629 661//661 662//662
f 629//629 662//662 628//628
f 628//628 662//662 663//663
f 628//628 663//663 627//627
f 627//627 663//663 664//664
f 627//627 664//664 631//631
f 631//631 664//664 665//665
f 631//631 665//665 633//633
f 633//633 665//665 666//666
f 633//633 666//666 632//632
f 632//632 666//666 667//667
f 632//632 667//667 634//634
f 634//634 667//667 668//668
f 634//634 668//668 636//636
f 636//636 668//668 669//669
f 636//636 669//669 635//635
f 635//635 669//669 670//670
f 635//635 670//670 637//637
f 637//637 670//670 671//671
f 637//637 671//671 639//639
f 639//639 671//671 672//672
f 639//639 672//672 638//638
f 638//638 672//672 673//673
f 638//638 673//673 640//640
f 640//640 673//673 674//674
f 640//640 674//674 641//641
f 641//641 674//674 675//675
f 641//641 675//675 642//642
f 642//642 675//675 676//676
f 642//642 676//676 643//643
f 643//643 676//676 677//677
f 643//643 677//677 644//644
f 644//644 677//677 678//678
f 644//644 678//678 645//645
f 645//645 678//678 679//679
f 645//645 679//679 646//646
f 646//646 679//679 680//680
f 646//646 680//680 647//647
f 647//647 680//680 681//681
f 647//647 681//681 648//648
f 648//648 681//681 682//682
f 648//648 682//682 649//649
f 649//649 682//682 683//683
f 649//649 683//683 652//652
f 652//652 683//683 684//684
f 652//652 684//684 651//651
f 651//651 684//684 685//685
f 651//651 685//685 650//650
f 650//650 685//685 653//653
f 653//653 587//587 654//654
f 654//654 587//587 589//589
f 654//654 589//589 655//655
f 655//655 589//589 591//591
f 655//655 591//591 656//656
f 656//656 591//591 593//593
f 656//656 593//593 657//657
f 657//657 593//593 595//595
f 657//657 595//595 658//658
f 658//658 595//595 597//597
f 658//658 597//597 659//659
f 659//659 597//597 599//599
f 659//659 599//599 660//660
f 660//660 599//599 601//601
f 660//660 601//601 661//661
f 661//661 601//601 603//603
f 661//661 603//603 662//662
f 662//662 603//603 605//605
f 662//662 605//605 663//663
f 663//663 605//605 607//607
f 663//663 607//607 664//664
f 664//664 607//607 609//609
f 664//664 609//609 665//665
f 665//665 609//609 611//611
f 665//665 611//611 666//666
f 666//666 611//611 613//613
f 666//666 613//613 667//667
f 667//667 613//613 615//615
f 667//667 615//615 668//668
f 668//668 615//615 617//617
f 668//668 617//617 669//669
f 669//669 617//617 619//619
f 669//669 619//619 670//670
f 670//670 619//619 555//555
f 670//670 555//555 671//671
f 671//671 555//555 557//557
f 671//671 557//557 672//672
f 672//672 557//557 559//559
f 672//672 559//559 673//673
f 673//673 559//559 561//561
f 673//673 561//561 674//674
f 674//674 561//561 563//563
f 674//674 563//563 675//675
f 675//675 563//563 565//565
f 675//675 565//565 676//676
f 676//676 565//565 567//567
f 676//676 567//567 677//677
f 677//677 567//567 569//569
f 677//677 569//569 678//678
f 678//678 569//569 571//571
f 678//678 571//571 679//679
f 679//679 571//571 573//573
f 679//679 573//573 680//680
f 680//680 573//573 575//575
f 680//680 575//575 681//681
f 681//681 575//575 577//577
f 681//681 577//577 682//682
f 682//682 577//577 579//579
f 682//682 579//579 683//683
f 683//683 579//579 581//581
f 683//683 581//581 684//684
f 684//684 581//581 583//583
f 684//684 583//583 685//685
f 685//685 583//583 585//585
f 685//685 585//585 653//653
f 653//653 585//585 587//587
f 183//183 686//686 182//182
f 182//182 686//686 687//687
f 182//182 687//687 181//181
f 181//181 687//687 688//688
f 181//181 688//688 180//180
f 180//180 688//688 689//689
f 180//180 689//689 179//179
f 179//179 689//689 690//690
f 179//179 690//690 192//192
f 192//192 690//690 691//691
f 192//192 691//691 191//191
f 191//191 691//691 692//692
f 191//191 692//692 190//190
f 190//190 692//692 693//693
f 190//190 693//693 189//189
f 189//189 693//693 694//694
f 189//189 694//694 188//188
f 188//188 694//694 695//695
f 188//188 695//695 187//187
f 187//187 695//695 696//696
f 187//187 696//696 185//185
f 185//185 696//696 697//697
f 185//185 697//697 183//183
f 183//183 697//697 686//686
f 201//201 698//698 200//200
f 200//200 698//698 699//699
f 200//200 699//699 199//199
f 199//199 699//699 700//700
f 199//199 700//700 198//198
f 198//198 700//700 701//701
f 198//198 701//701 197//197
f 197//197 701//701 702//702
f 197//197 702//702 210//210
f 210//210 702//702 703//703
f 210//210 703//703 209//209
f 209//209 703//703 704//704
f 209//209 704//704 208//208
f 208//208 704//704 705//705
f 208//208 705//705 207//207
f 207//207 705//705 706//706
f 207//207 706//706 206//206
f 206//206 706//706 707//707
f 206//206 707//707 205//205
f 205//205 707//707 708//708
f 205//205 708//708 203//203
f 203//203 708//708 709//709
f 203//203 709//709 201//201
f 201//201 709//709 698//698
f 219//219 710//710 218//218
f 218//218 710//710 711//711
f 218//218 711//711 217//217
f 217//217 711//711 712//712
f 217//217 712//712 216//216
f 216//216 712//712 713//713
f 216//216 713//713 215//215
f 215//215 713//713 714//714
f 215//215 714//714 228//228
f 228//228 714//714 715//715
f 228//228 715//715 227//227
f 227//227 715//715 716//716
f 227//227 716//716 226//226
f 226//226 716//716 717//717
f 226//226 717//717 225//225
f 225//225 717//717 718//718
f 225//225 718//718 224//224
f 224//224 718//718 719//719
f 224//224 719//719 223//223
f 223//223 719//719 720//720
f 223//223 720//720 221//221
f 221//221 720//720 721//721
f 221//221 721//721 219//219
f 219//219 721//721 710//710
f 496//496 722//722 511//511
f 511//511 722//722 723//723
f 511//511 723//723 512//512
f 512//512 723//723 724//724
f 512//512 724//724 513//513
f 513//513 724//724 725//725
f 513//513 725//725 509//509
f 509//509 725//725 726//726
f 509//509 726//726 508//508
f 508//508 726//726 727//727
f 728//728 729//729 727//727
f 727//727 729//729 730//730
f 727//727 730//730 508//508
f 508//508 730//730 731//731
f 508//508 731//731 507//507
f 732//732 496//496 733//733
f 733//733 496//496 494//494
f 733//733 494//494 734//734
f 734//734 494//494 493//493
f 734//734 493//493 735//735
f 735//735 493//493 516//516
f 735//735 516//516 736//736
f 736//736 516//516 499//499
f 736//736 499//499 737//737
f 737//737 499//499 498//498
f 737//737 498//498 233//233
f 233//233 498//498 231//231
f 451//451 738//738 739//739
f 739//739 738//738 740//740
f 739//739 740//740 741//741
f 741//741 740//740 742//742
f 741//741 742//742 743//743
f 743//743 742//742 744//744
f 743//743 744//744 745//745
f 745//745 744//744 746//746
f 747//747 748//748 749//749
f 749//749 748//748 745//745
f 749//749 745//745 750//750
f 750//750 745//745 746//746
f 750//750 746//746 751//751
f 751//751 746//746 752//752
f 751//751 752//752 753//753
f 754//754 755//755 756//756
f 757//757 758//758 759//759
f 741//741 743//743 760//760
f 745//745 748//748 761//761
f 762//762 763//763 764//764
f 762//762 764//764 765//765
f 765//765 764//764 766//766
f 765//765 766//766 767//767
f 767//767 766//766 761//761
f 767//767 761//761 768//768
f 768//768 761//761 748//748
f 768//768 748//748 747//747
f 451//451 739//739 449//449
f 449//449 739//739 769//769
f 449//449 769//769 447//447
f 447//447 769//769 445//445
f 445//445 769//769 770//770
f 445//445 770//770 443//443
f 443//443 770//770 759//759
f 443//443 759//759 441//441
f 441//441 759//759 758//758
f 441//441 758//758 234//234
f 763//763 754//754 764//764
f 764//764 754//754 756//756
f 764//764 756//756 766//766
f 766//766 756//756 771//771
f 766//766 771//771 761//761
f 761//761 771//771 760//760
f 761//761 760//760 745//745
f 745//745 760//760 743//743
f 755//755 757//757 756//756
f 756//756 757//757 759//759
f 756//756 759//759 771//771
f 771//771 759//759 770//770
f 771//771 770//770 760//760
f 760//760 770//770 769//769
f 760//760 769//769 741//741
f 741//741 769//769 739//739
f 762//762 772//772 763//763
f 763//763 772//772 773//773
f 774//774 775//775 776//776
f 776//776 775//775 777//777
f 773//773 777//777 763//763
f 763//763 777//777 775//775
f 763//763 775//775 754//754
f 754//754 775//775 778//778
f 754//754 778//778 755//755
f 755//755 778//778 779//779
f 755//755 779//779 757//757
f 757//757 779//779 780//780
f 757//757 780//780 758//758
f 758//758 780//780 781//781
f 758//758 781//781 234//234
f 234//234 781//781 233//233
f 782//782 783//783 784//784
f 785//785 786//786 787//787
f 780//780 779//779 788//788
f 778//778 775//775 789//789
f 790//790 791//791 792//792
f 790//790 792//792 793//793
f 793//793 792//792 794//794
f 793//793 794//794 795//795
f 795//795 794//794 789//789
f 795//795 789//789 796//796
f 796//796 789//789 775//775
f 796//796 775//775 774//774
f 233//233 781//781 737//737
f 737//737 781//781 797//797
f 737//737 797//797 736//736
f 736//736 797//797 735//735
f 735//735 797//797 798//798
f 735//735 798//798 734//734
f 734//734 798//798 787//787
f 734//734 787//787 733//733
f 733//733 787//787 786//786
f 733//733 786//786 732//732
f 791//791 782//782 792//792
f 792//792 782//782 784//784
f 792//792 784//784 794//794
f 794//794 784//784 799//799
f 794//794 799//799 789//789
f 789//789 799//799 788//788
f 789//789 788//788 778//778
f 778//778 788//788 779//779
f 783//783 785//785 784//784
f 784//784 785//785 787//787
f 784//784 787//787 799//799
f 799//799 787//787 798//798
f 799//799 798//798 788//788
f 788//788 798//798 797//797
f 788//788 797//797 780//780
f 780//780 797//797 781//781
f 800//800 801//801 802//802
f 791//791 790//790 803//803
f 800//800 802//802 804//804
f 803//803 804//804 791//791
f 791//791 804//804 802//802
f 791//791 802//802 782//782
f 782//782 802//802 805//805
f 782//782 805//805 783//783
f 783//783 805//805 806//806
f 783//783 806//806 785//785
f 785//785 806//806 807//807
f 785//785 807//807 786//786
f 786//786 807//807 808//808
f 786//786 808//808 732//732
f 732//732 808//808 809//809
f 810//810 242//242 811//811
f 811//811 242//242 241//241
f 811//811 241//241 812//812
f 812//812 241//241 240//240
f 812//812 240//240 813//813
f 813//813 240//240 78//78
f 813//813 78//78 814//814
f 814//814 78//78 239//239
f 814//814 239//239 815//815
f 815//815 239//239 238//238
f 815//815 238//238 816//816
f 816//816 238//238 237//237
f 816//816 237//237 817//817
f 817//817 237//237 236//236
f 817//817 236//236 818//818
f 818//818 236//236 235//235
f 818//818 235//235 819//819
f 819//819 235//235 75//75
f 819//819 75//75 820//820
f 820//820 75//75 244//244
f 820//820 244//244 821//821
f 821//821 244//244 243//243
f 821//821 243//243 810//810
f 810//810 243//243 242//242
f 822//822 252//252 823//823
f 823//823 252//252 251//251
f 823//823 251//251 824//824
f 824//824 251//251 250//250
f 824//824 250//250 825//825
f 825//825 250//250 84//84
f 825//825 84//84 826//826
f 826//826 84//84 249//249
f 826//826 249//249 827//827
f 827//827 249//249 248//248
f 827//827 248//248 828//828
f 828//828 248//248 247//247
f 828//828 247//247 829//829
f 829//829 247//247 246//246
f 829//829 246//246 830//830
f 830//830 246//246 245//245
f 830//830 245//245 831//831
f 831//831 245//245 81//81
f 831//831 81//81 832//832
f 832//832 81//81 254//254
f 832//832 254//254 833//833
f 833//833 254//254 253//253
f 833//833 253//253 822//822
f 822//822 253//253 252//252
f 834//834 262//262 835//835
f 835//835 262//262 263//263
f 835//835 263//263 836//836
f 836//836 263//263 264//264
f 836//836 264//264 837//837
f 837//837 264//264 90//90
f 837//837 90//90 838//838
f 838//838 90//90 255//255
f 838//838 255//255 839//839
f 839//839 255//255 256//256
f 839//839 256//256 840//840
f 840//840 256//256 257//257
f 840//840 257//257 841//841
f 841//841 257//257 258//258
f 841//841 258//258 842//842
f 842//842 258//258 259//259
f 842//842 259//259 843//843
f 843//843 259//259 87//87
f 843//843 87//87 844//844
f 844//844 87//87 260//260
f 844//844 260//260 845//845
f 845//845 260//260 261//261
f 845//845 261//261 834//834
f 834//834 261//261 262//262
f 846//846 272//272 847//847
f 847//847 272//272 273//273
f 847//847 273//273 848//848
f 848//848 273//273 274//274
f 848//848 274//274 849//849
f 849//849 274//274 96//96
f 849//849 96//96 850//850
f 850//850 96//96 265//265
f 850//850 265//265 851//851
f 851//851 265//265 266//266
f 851//851 266//266 852//852
f 852//852 266//266 267//267
f 852//852 267//267 853//853
f 853//853 267//267 268//268
f 853//853 268//268 854//854
f 854//854 268//268 269//269
f 854//854 269//269 855//855
f 855//855 269//269 93//93
f 855//855 93//93 856//856
f 856//856 93//93 270//270
f 856//856 270//270 857//857
f 857//857 270//270 271//271
f 857//857 271//271 846//846
f 846//846 271//271 272//272
f 858//858 282//282 859//859
f 859//859 282//282 283//283
f 859//859 283//283 860//860
f 860//860 283//283 284//284
f 860//860 284//284 861//861
f 861//861 284//284 102//102
f 861//861 102//102 862//862
f 862//862 102//102 275//275
f 862//862 275//275 863//863
f 863//863 275//275 276//276
f 863//863 276//276 864//864
f 864//864 276//276 277//277
f 864//864 277//277 865//865
f 865//865 277//277 278//278
f 865//865 278//278 866//866
f 866//866 278//278 279//279
f 866//866 279//279 867//867
f 867//867 279//279 99//99
f 867//867 99//99 868//868
f 868//868 99//99 280//280
f 868//868 280//280 869//869
f 869//869 280//280 281//281
f 869//869 281//281 858//858
f 858//858 281//281 282//282
f 870//870 292//292 871//871
f 871//871 292//292 293//293
f 871//871 293//293 872//872
f 872//872 293//293 294//294
f 872//872 294//294 873//873
f 873//873 294//294 108//108
f 873//873 108//108 874//874
f 874//874 108//108 285//285
f 874//874 285//285 875//875
f 875//875 285//285 286//286
f 875//875 286//286 876//876
f 876//876 286//286 287//287
f 876//876 287//287 877//877
f 877//877 287//287 288//288
f 877//877 288//288 878//878
f 878//878 288//288 289//289
f 878//878 289//289 879//879
f 879//879 289//289 105//105
f 879//879 105//105 880//880
f 880//880 105//105 290//290
f 880//880 290//290 881//881
f 881//881 290//290 291//291
f 881//881 291//291 870//870
f 870//870 291//291 292//292
f 300//300 882//882 299//299
f 299//299 882//882 883//883
f 299//299 883//883 295//295
f 295//295 883//883 884//884
f 295//295 884//884 296//296
f 296//296 884//884 885//885
f 296//296 885//885 298//298
f 298//298 885//885 886//886
f 298//298 886//886 297//297
f 297//297 886//886 887//887
f 297//297 887//887 302//302
f 302//302 887//887 888//888
f 302//302 888//888 301//301
f 301//301 888//888 889//889
f 301//301 889//889 300//300
f 300//300 889//889 882//882
f 306//306 890//890 314//314
f 314//314 890//890 891//891
f 892//892 316//316 315//315
f 892//892 315//315 893//893
f 893//893 315//315 314//314
f 893//893 314//314 891//891
f 894//894 322//322 317//317
f 894//894 317//317 895//895
f 895//895 317//317 316//316
f 895//895 316//316 892//892
f 896//896 325//325 323//323
f 896//896 323//323 897//897
f 897//897 323//323 322//322
f 897//897 322//322 894//894
f 898//898 328//328 330//330
f 898//898 330//330 899//899
f 899//899 330//330 325//325
f 899//899 325//325 896//896
f 328//328 898//898 326//326
f 326//326 898//898 900//900
f 326//326 900//900 327//327
f 327//327 900//900 901//901
f 327//327 901//901 329//329
f 329//329 901//901 902//902
f 903//903 332//332 331//331
f 903//903 331//331 904//904
f 904//904 331//331 329//329
f 904//904 329//329 902//902
f 905//905 303//303 324//324
f 905//905 324//324 906//906
f 906//906 324//324 332//332
f 906//906 332//332 903//903
f 907//907 319//319 318//318
f 907//907 318//318 908//908
f 908//908 318//318 303//303
f 908//908 303//303 905//905
f 909//909 321//321 320//320
f 909//909 320//320 910//910
f 910//910 320//320 319//319
f 910//910 319//319 907//907
f 911//911 309//309 308//308
f 911//911 308//308 912//912
f 912//912 308//308 321//321
f 912//912 321//321 909//909
f 913//913 311//311 310//310
f 913//913 310//310 914//914
f 914//914 310//310 309//309
f 914//914 309//309 911//911
f 915//915 313//313 312//312
f 915//915 312//312 916//916
f 916//916 312//312 311//311
f 916//916 311//311 913//913
f 313//313 915//915 304//304
f 304//304 915//915 917//917
f 304//304 917//917 305//305
f 305//305 917//917 918//918
f 305//305 918//918 307//307
f 307//307 918//918 919//919
f 307//307 919//919 306//306
f 306//306 919//919 890//890
f 920//920 921//921 372//372
f 922//922 923//923 362//362
f 924//924 925//925 352//352
f 926//926 927//927 342//342
f 928//928 929//929 411//411
f 930//930 931//931 401//401
f 932//932 933//933 392//392
f 934//934 935//935 382//382
f 392//392 390//390 932//932
f 932//932 390//390 388//388
f 932//932 388//388 936//936
f 936//936 388//388 386//386
f 936//936 386//386 935//935
f 935//935 386//386 384//384
f 935//935 384//384 382//382
f 401//401 399//399 930//930
f 930//930 399//399 398//398
f 930//930 398//398 937//937
f 937//937 398//398 396//396
f 937//937 396//396 933//933
f 933//933 396//396 394//394
f 933//933 394//394 392//392
f 411//411 409//409 928//928
f 928//928 409//409 407//407
f 928//928 407//407 938//938
f 938//938 407//407 405//405
f 938//938 405//405 931//931
f 931//931 405//405 403//403
f 931//931 403//403 401//401
f 939//939 417//417 940//940
f 940//940 417//417 415//415
f 940//940 415//415 929//929
f 929//929 415//415 413//413
f 929//929 413//413 411//411
f 941//941 436//436 942//942
f 942//942 436//436 438//438
f 942//942 438//438 943//943
f 943//943 438//438 421//421
f 943//943 421//421 939//939
f 939//939 421//421 419//419
f 939//939 419//419 417//417
f 944//944 430//430 945//945
f 945//945 430//430 432//432
f 945//945 432//432 941//941
f 941//941 432//432 434//434
f 941//941 434//434 436//436
f 946//946 333//333 947//947
f 947//947 333//333 424//424
f 947//947 424//424 948//948
f 948//948 424//424 426//426
f 948//948 426//426 944//944
f 944//944 426//426 428//428
f 944//944 428//428 430//430
f 342//342 340//340 926//926
f 926//926 340//340 339//339
f 926//926 339//339 949//949
f 949//949 339//339 337//337
f 949//949 337//337 946//946
f 946//946 337//337 334//334
f 946//946 334//334 333//333
f 352//352 350//350 924//924
f 924//924 350//350 349//349
f 924//924 349//349 950//950
f 950//950 349//349 347//347
f 950//950 347//347 927//927
f 927//927 347//347 345//345
f 927//927 345//345 342//342
f 362//362 360//360 922//922
f 922//922 360//360 359//359
f 922//922 359//359 951//951
f 951//951 359//359 357//357
f 951//951 357//357 925//925
f 925//925 357//357 355//355
f 925//925 355//355 352//352
f 372//372 370//370 920//920
f 920//920 370//370 369//369
f 920//920 369//369 952//952
f 952//952 369//369 366//366
f 952//952 366//366 923//923
f 923//923 366//366 364//364
f 923//923 364//364 362//362
f 382//382 380//380 934//934
f 934//934 380//380 378//378
f 934//934 378//378 953//953
f 953//953 378//378 376//376
f 953//953 376//376 921//921
f 921//921 376//376 374//374
f 921//921 374//374 372//372
f 953//953 954//954 934//934
f 934//934 954//954 955//955
f 934//934 955//955 935//935
f 935//935 955//955 956//956
f 935//935 956//956 936//936
f 936//936 956//956 957//957
f 936//936 957//957 932//932
f 932//932 957//957 958//958
f 932//932 958//958 933//933
f 933//933 958//958 959//959
f 933//933 959//959 937//937
f 937//937 959//959 960//960
f 937//937 960//960 930//930
f 930//930 960//960 961//961
f 930//930 961//961 931//931
f 931//931 961//961 962//962
f 931//931 962//962 938//938
f 938//938 962//962 963//963
f 938//938 963//963 928//928
f 928//928 963//963 964//964
f 928//928 964//964 929//929
f 929//929 964//964 965//965
f 929//929 965//965 940//940
f 940//940 965//965 966//966
f 940//940 966//966 939//939
f 939//939 966//966 967//967
f 939//939 967//967 943//943
f 943//943 967//967 968//968
f 943//943 968//968 942//942
f 942//942 968//968 969//969
f 942//942 969//969 941//941
f 941//941 969//969 970//970
f 941//941 970//970 945//945
f 945//945 970//970 971//971
f 945//945 971//971 944//944
f 944//944 971//971 972//972
f 944//944 972//972 948//948
f 948//948 972//972 973//973
f 948//948 973//973 947//947
f 947//947 973//973 974//974
f 947//947 974//974 946//946
f 946//946 974//974 975//975
f 946//946 975//975 949//949
f 949//949 975//975 976//976
f 949//949 976//976 926//926
f 926//926 976//976 977//977
f 926//926 977//977 927//927
f 927//927 977//977 978//978
f 927//927 978//978 950//950
f 950//950 978//978 979//979
f 950//950 979//979 924//924
f 924//924 979//979 980//980
f 924//924 980//980 925//925
f 925//925 980//980 981//981
f 925//925 981//981 951//951
f 951//951 981//981 982//982
f 951//951 982//982 922//922
f 922//922 982//982 983//983
f 922//922 983//983 923//923
f 923//923 983//983 984//984
f 923//923 984//984 952//952
f 952//952 984//984 985//985
f 952//952 985//985 920//920
f 920//920 985//985 986//986
f 920//920 986//986 921//921
f 921//921 986//986 987//987
f 921//921 987//987 953//953
f 953//953 987//987 954//954
f 988//988 989//989 979//979
f 979//979 989//989 990//990
f 979//979 990//990 980//980
f 980//980 990//990 991//991
f 980//980 991//991 981//981
f 981//981 991//991 992//992
f 981//981 992//992 982//982
f 982//982 992//992 993//993
f 982//982 993//993 983//983
f 983//983 993//993 994//994
f 983//983 994//994 984//984
f 984//984 994//994 995//995
f 984//984 995//995 985//985
f 985//985 995//995 996//996
f 985//985 996//996 986//986
f 986//986 996//996 997//997
f 986//986 997//997 987//987
f 987//987 997//997 998//998
f 987//987 998//998 954//954
f 954//954 998//998 999//999
f 954//954 999//999 955//955
f 955//955 999//999 1000//1000
f 955//955 1000//1000 956//956
f 956//956 1000//1000 1001//1001
f 956//956 1001//1001 957//957
f 957//957 1001//1001 1002//1002
f 957//957 1002//1002 958//958
f 958//958 1002//1002 1003//1003
f 958//958 1003//1003 959//959
f 959//959 1003//1003 1004//1004
f 959//959 1004//1004 960//960
f 960//960 1004//1004 1005//1005
f 960//960 1005//1005 961//961
f 961//961 1005//1005 1006//1006
f 961//961 1006//1006 962//962
f 962//962 1006//1006 1007//1007
f 962//962 1007//1007 963//963
f 963//963 1007//1007 1008//1008
f 963//963 1008//1008 964//964
f 964//964 1008//1008 1009//1009
f 964//964 1009//1009 965//965
f 965//965 1009//1009 1010//1010
f 965//965 1010//1010 966//966
f 966//966 1010//1010 1011//1011
f 966//966 1011//1011 967//967
f 967//967 1011//1011 1012//1012
f 967//967 1012//1012 968//968
f 968//968 1012//1012 1013//1013
f 968//968 1013//1013 969//969
f 969//969 1013//1013 1014//1014
f 969//969 1014//1014 970//970
f 970//970 1014//1014 1015//1015
f 970//970 1015//1015 971//971
f 971//971 1015//1015 1016//1016
f 971//971 1016//1016 972//972
f 972//972 1016//1016 1017//1017
f 972//972 1017//1017 973//973
f 973//973 1017//1017 1018//1018
f 973//973 1018//1018 974//974
f 974//974 1018//1018 1019//1019
f 974//974 1019//1019 975//975
f 975//975 1019//1019 1020//1020
f 975//975 1020//1020 976//976
f 976//976 1020//1020 1021//1021
f 976//976 1021//1021 977//977
f 977//977 1021//1021 1022//1022
f 977//977 1022//1022 978//978
f 978//978 1022//1022 988//988
f 978//978 988//988 979//979
f 452//452 461//461 451//451
f 451//451 461//461 738//738
f 746//746 744//744 1023//1023
f 742//742 740//740 1024//1024
f 753//753 752//752 1025//1025
f 753//753 1025//1025 1026//1026
f 1026//1026 1025//1025 1027//1027
f 1026//1026 1027//1027 1028//1028
f 1028//1028 1027//1027 1029//1029
f 1028//1028 1029//1029 1030//1030
f 1030//1030 1029//1029 1031//1031
f 1030//1030 1031//1031 1032//1032
f 1032//1032 1031//1031 1033//1033
f 1032//1032 1033//1033 1034//1034
f 1035//1035 1036//1036 1037//1037
f 1037//1037 1036//1036 1038//1038
f 1037//1037 1038//1038 1039//1039
f 1039//1039 1038//1038 1040//1040
f 1039//1039 1040//1040 1041//1041
f 1041//1041 1040//1040 1042//1042
f 1042//1042 1040//1040 1043//1043
f 1042//1042 1043//1043 1044//1044
f 1044//1044 1043//1043 1024//1024
f 1044//1044 1024//1024 1045//1045
f 1045//1045 1024//1024 740//740
f 1045//1045 740//740 738//738
f 1036//1036 1046//1046 1038//1038
f 1038//1038 1046//1046 1047//1047
f 1038//1038 1047//1047 1040//1040
f 1040//1040 1047//1047 1048//1048
f 1040//1040 1048//1048 1043//1043
f 1043//1043 1048//1048 1049//1049
f 1043//1043 1049//1049 1024//1024
f 1024//1024 1049//1049 1023//1023
f 1024//1024 1023//1023 742//742
f 742//742 1023//1023 744//744
f 1046//1046 1033//1033 1047//1047
f 1047//1047 1033//1033 1031//1031
f 1047//1047 1031//1031 1048//1048
f 1048//1048 1031//1031 1029//1029
f 1048//1048 1029//1029 1049//1049
f 1049//1049 1029//1029 1027//1027
f 1049//1049 1027//1027 1023//1023
f 1023//1023 1027//1027 1025//1025
f 1023//1023 1025//1025 746//746
f 746//746 1025//1025 752//752
f 1050//1050 1051//1051 1052//1052
f 1050//1050 1052//1052 1053//1053
f 1053//1053 1052//1052 1054//1054
f 1053//1053 1054//1054 1055//1055
f 1055//1055 1054//1054 1056//1056
f 1055//1055 1056//1056 1057//1057
f 1057//1057 1056//1056 1058//1058
f 1057//1057 1058//1058 1059//1059
f 1059//1059 1058//1058 1060//1060
f 1059//1059 1060//1060 1061//1061
f 1061//1061 1060//1060 1062//1062
f 1061//1061 1062//1062 1063//1063
f 1063//1063 1062//1062 1064//1064
f 1063//1063 1064//1064 1065//1065
f 462//462 1065//1065 463//463
f 463//463 1065//1065 1064//1064
f 463//463 1064//1064 454//454
f 454//454 1064//1064 456//456
f 460//460 458//458 1066//1066
f 1067//1067 1068//1068 1069//1069
f 1069//1069 1068//1068 1070//1070
f 1069//1069 1070//1070 1071//1071
f 1071//1071 1070//1070 1072//1072
f 1072//1072 1070//1070 1073//1073
f 1072//1072 1073//1073 1074//1074
f 1074//1074 1073//1073 1075//1075
f 1074//1074 1075//1075 1076//1076
f 1076//1076 1075//1075 1077//1077
f 1076//1076 1077//1077 1078//1078
f 1078//1078 1077//1077 1079//1079
f 1079//1079 1077//1077 1080//1080
f 1079//1079 1080//1080 1081//1081
f 1081//1081 1080//1080 1082//1082
f 1082//1082 1080//1080 1083//1083
f 1082//1082 1083//1083 1084//1084
f 1084//1084 1083//1083 1085//1085
f 1084//1084 1085//1085 1086//1086
f 1051//1051 1087//1087 1052//1052
f 1052//1052 1087//1087 1088//1088
f 1052//1052 1088//1088 1054//1054
f 1054//1054 1088//1088 1089//1089
f 1054//1054 1089//1089 1056//1056
f 1056//1056 1089//1089 1090//1090
f 1056//1056 1090//1090 1058//1058
f 1058//1058 1090//1090 1091//1091
f 1058//1058 1091//1091 1060//1060
f 1060//1060 1091//1091 1092//1092
f 1060//1060 1092//1092 1062//1062
f 1062//1062 1092//1092 1093//1093
f 1062//1062 1093//1093 1064//1064
f 1064//1064 1093//1093 1066//1066
f 1064//1064 1066//1066 456//456
f 456//456 1066//1066 458//458
f 1087//1087 1085//1085 1088//1088
f 1088//1088 1085//1085 1083//1083
f 1088//1088 1083//1083 1089//1089
f 1089//1089 1083//1083 1080//1080
f 1089//1089 1080//1080 1090//1090
f 1090//1090 1080//1080 1077//1077
f 1090//1090 1077//1077 1091//1091
f 1091//1091 1077//1077 1075//1075
f 1091//1091 1075//1075 1092//1092
f 1092//1092 1075//1075 1073//1073
f 1092//1092 1073//1073 1093//1093
f 1093//1093 1073//1073 1070//1070
f 1093//1093 1070//1070 1066//1066
f 1066//1066 1070//1070 1068//1068
f 1066//1066 1068//1068 460//460
f 460//460 1068//1068 1067//1067
f 460//460 1067//1067 461//461
f 1094//1094 1095//1095 1096//1096
f 477//477 478//478 1097//1097
f 503//503 506//506 1098//1098
f 1098//1098 506//506 507//507
f 1099//1099 492//492 1098//1098
f 1098//1098 492//492 504//504
f 1098//1098 504//504 503//503
f 474//474 477//477 475//475
f 475//475 477//477 1097//1097
f 475//475 1097//1097 468//468
f 468//468 1097//1097 466//466
f 465//465 711//711 710//710
f 711//711 465//465 712//712
f 712//712 465//465 466//466
f 712//712 466//466 713//713
f 721//721 720//720 1096//1096
f 1096//1096 720//720 719//719
f 1096//1096 719//719 718//718
f 718//718 717//717 1097//1097
f 717//717 716//716 1097//1097
f 1097//1097 716//716 715//715
f 1097//1097 715//715 466//466
f 466//466 715//715 714//714
f 466//466 714//714 713//713
f 696//696 1095//1095 697//697
f 697//697 1095//1095 464//464
f 697//697 464//464 686//686
f 696//696 695//695 1095//1095
f 1095//1095 695//695 694//694
f 1095//1095 694//694 1096//1096
f 1096//1096 694//694 693//693
f 1096//1096 693//693 692//692
f 465//465 691//691 690//690
f 710//710 721//721 465//465
f 465//465 721//721 1096//1096
f 465//465 1096//1096 691//691
f 691//691 1096//1096 692//692
f 690//690 689//689 465//465
f 465//465 689//689 688//688
f 465//465 688//688 464//464
f 464//464 688//688 687//687
f 464//464 687//687 686//686
f 552//552 551//551 1100//1100
f 1100//1100 551//551 550//550
f 552//552 1063//1063 541//541
f 541//541 1063//1063 1065//1065
f 541//541 1065//1065 542//542
f 542//542 1065//1065 462//462
f 542//542 462//462 543//543
f 543//543 462//462 464//464
f 543//543 464//464 544//544
f 1095//1095 549//549 548//548
f 548//548 547//547 1095//1095
f 1095//1095 547//547 546//546
f 1095//1095 546//546 464//464
f 464//464 546//546 545//545
f 464//464 545//545 544//544
f 558//558 556//556 1101//1101
f 1100//1100 592//592 590//590
f 1101//1101 556//556 1102//1102
f 590//590 588//588 1100//1100
f 1100//1100 588//588 1059//1059
f 1100//1100 1059//1059 552//552
f 552//552 1059//1059 1061//1061
f 552//552 1061//1061 1063//1063
f 574//574 1103//1103 576//576
f 576//576 1103//1103 1050//1050
f 576//576 1050//1050 578//578
f 578//578 1050//1050 1053//1053
f 578//578 1053//1053 580//580
f 580//580 1053//1053 1055//1055
f 580//580 1055//1055 582//582
f 582//582 1055//1055 1057//1057
f 582//582 1057//1057 584//584
f 584//584 1057//1057 1059//1059
f 584//584 1059//1059 586//586
f 586//586 1059//1059 588//588
f 556//556 554//554 1102//1102
f 1102//1102 554//554 553//553
f 1102//1102 553//553 1104//1104
f 1104//1104 553//553 618//618
f 1104//1104 618//618 1105//1105
f 1105//1105 618//618 616//616
f 1105//1105 616//616 1106//1106
f 1106//1106 616//616 614//614
f 1106//1106 614//614 1107//1107
f 1101//1101 1108//1108 558//558
f 558//558 1108//1108 1109//1109
f 558//558 1109//1109 560//560
f 560//560 1109//1109 1110//1110
f 560//560 1110//1110 562//562
f 562//562 1110//1110 1111//1111
f 562//562 1111//1111 564//564
f 564//564 1111//1111 1112//1112
f 564//564 1112//1112 566//566
f 566//566 1112//1112 1113//1113
f 566//566 1113//1113 568//568
f 568//568 1113//1113 1114//1114
f 568//568 1114//1114 570//570
f 570//570 1114//1114 1115//1115
f 570//570 1115//1115 572//572
f 572//572 1115//1115 1116//1116
f 572//572 1116//1116 574//574
f 574//574 1116//1116 1117//1117
f 574//574 1117//1117 1103//1103
f 602//602 600//600 1118//1118
f 614//614 612//612 1107//1107
f 1107//1107 612//612 610//610
f 1107//1107 610//610 1119//1119
f 1119//1119 610//610 608//608
f 1119//1119 608//608 1120//1120
f 1120//1120 608//608 606//606
f 1120//1120 606//606 604//604
f 600//600 598//598 1118//1118
f 1118//1118 598//598 596//596
f 1118//1118 596//596 1100//1100
f 1100//1100 596//596 594//594
f 1100//1100 594//594 592//592
f 1118//1118 1121//1121 1122//1122
f 1122//1122 1123//1123 1118//1118
f 1118//1118 1123//1123 1124//1124
f 1118//1118 1124//1124 1125//1125
f 604//604 602//602 1120//1120
f 1120//1120 602//602 1118//1118
f 1120//1120 1118//1118 1126//1126
f 1126//1126 1118//1118 1125//1125
f 702//702 701//701 1094//1094
f 709//709 708//708 1118//1118
f 1118//1118 708//708 1127//1127
f 1118//1118 1127//1127 1121//1121
f 708//708 707//707 1127//1127
f 1127//1127 707//707 706//706
f 1127//1127 706//706 1128//1128
f 706//706 705//705 1128//1128
f 1128//1128 705//705 704//704
f 1128//1128 704//704 1094//1094
f 1094//1094 704//704 703//703
f 1094//1094 703//703 702//702
f 700//700 699//699 1118//1118
f 1118//1118 699//699 698//698
f 1118//1118 698//698 709//709
f 550//550 549//549 1100//1100
f 1100//1100 549//549 1095//1095
f 1100//1100 1095//1095 1118//1118
f 1118//1118 1095//1095 1094//1094
f 1118//1118 1094//1094 700//700
f 700//700 1094//1094 701//701
f 531//531 1129//1129 532//532
f 532//532 1129//1129 533//533
f 1130//1130 1128//1128 537//537
f 537//537 1128//1128 538//538
f 537//537 536//536 1130//1130
f 1130//1130 536//536 535//535
f 1130//1130 535//535 1129//1129
f 1129//1129 535//535 534//534
f 1129//1129 534//534 533//533
f 718//718 1097//1097 1096//1096
f 1096//1096 1097//1097 1129//1129
f 1096//1096 1129//1129 1094//1094
f 1094//1094 1129//1129 531//531
f 1094//1094 531//531 530//530
f 530//530 529//529 1094//1094
f 1094//1094 529//529 540//540
f 1094//1094 540//540 1128//1128
f 1128//1128 540//540 539//539
f 1128//1128 539//539 538//538
f 1130//1130 526//526 525//525
f 1130//1130 525//525 1098//1098
f 525//525 524//524 1098//1098
f 1098//1098 524//524 523//523
f 1098//1098 523//523 1099//1099
f 1099//1099 523//523 522//522
f 522//522 521//521 1099//1099
f 1099//1099 521//521 520//520
f 1099//1099 520//520 519//519
f 478//478 492//492 1097//1097
f 1097//1097 492//492 1099//1099
f 1097//1097 1099//1099 1129//1129
f 1129//1129 1099//1099 519//519
f 1129//1129 519//519 518//518
f 518//518 517//517 1129//1129
f 1129//1129 517//517 528//528
f 1129//1129 528//528 1130//1130
f 1130//1130 528//528 527//527
f 1130//1130 527//527 526//526
f 507//507 731//731 1098//1098
f 1098//1098 731//731 730//730
f 1098//1098 730//730 1130//1130
f 1130//1130 730//730 729//729
f 1130//1130 729//729 1128//1128
f 1128//1128 729//729 728//728
f 1128//1128 728//728 1127//1127
f 726//726 725//725 1131//1131
f 724//724 723//723 1132//1132
f 1133//1133 1134//1134 1135//1135
f 1135//1135 1134//1134 1136//1136
f 1136//1136 1134//1134 1137//1137
f 1137//1137 1134//1134 1138//1138
f 1137//1137 1138//1138 1139//1139
f 1139//1139 1138//1138 1140//1140
f 1139//1139 1140//1140 1141//1141
f 1141//1141 1140//1140 1142//1142
f 1141//1141 1142//1142 1143//1143
f 1143//1143 1142//1142 1144//1144
f 1144//1144 1142//1142 1132//1132
f 1144//1144 1132//1132 1145//1145
f 1145//1145 1132//1132 723//723
f 1145//1145 723//723 722//722
f 1127//1127 728//728 727//727
f 727//727 1146//1146 1127//1127
f 1127//1127 1146//1146 1147//1147
f 1127//1127 1147//1147 1121//1121
f 1121//1121 1147//1147 1148//1148
f 1121//1121 1148//1148 1122//1122
f 1122//1122 1148//1148 1149//1149
f 1122//1122 1149//1149 1123//1123
f 1123//1123 1149//1149 1150//1150
f 1123//1123 1150//1150 1124//1124
f 1124//1124 1150//1150 1151//1151
f 1124//1124 1151//1151 1125//1125
f 1133//1133 1152//1152 1134//1134
f 1134//1134 1152//1152 1153//1153
f 1134//1134 1153//1153 1138//1138
f 1138//1138 1153//1153 1154//1154
f 1138//1138 1154//1154 1140//1140
f 1140//1140 1154//1154 1155//1155
f 1140//1140 1155//1155 1142//1142
f 1142//1142 1155//1155 1156//1156
f 1142//1142 1156//1156 1132//1132
f 1132//1132 1156//1156 1131//1131
f 1132//1132 1131//1131 724//724
f 724//724 1131//1131 725//725
f 1152//1152 1151//1151 1153//1153
f 1153//1153 1151//1151 1150//1150
f 1153//1153 1150//1150 1154//1154
f 1154//1154 1150//1150 1149//1149
f 1154//1154 1149//1149 1155//1155
f 1155//1155 1149//1149 1148//1148
f 1155//1155 1148//1148 1156//1156
f 1156//1156 1148//1148 1147//1147
f 1156//1156 1147//1147 1131//1131
f 1131//1131 1147//1147 1146//1146
f 1131//1131 1146//1146 726//726
f 726//726 1146//1146 727//727
f 722//722 496//496 809//809
f 809//809 496//496 732//732
f 1157//1157 1158//1158 1159//1159
f 1160//1160 1161//1161 1158//1158
f 801//801 1161//1161 802//802
f 802//802 1161//1161 1160//1160
f 802//802 1160//1160 805//805
f 805//805 1160//1160 1162//1162
f 805//805 1162//1162 806//806
f 806//806 1162//1162 807//807
f 807//807 1162//1162 1163//1163
f 807//807 1163//1163 808//808
f 808//808 1163//1163 1164//1164
f 808//808 1164//1164 809//809
f 1165//1165 1166//1166 1167//1167
f 1168//1168 1169//1169 1170//1170
f 1171//1171 1172//1172 1173//1173
f 1173//1173 1172//1172 1174//1174
f 1173//1173 1174//1174 1175//1175
f 1175//1175 1174//1174 1168//1168
f 1175//1175 1168//1168 1176//1176
f 1176//1176 1168//1168 1170//1170
f 1176//1176 1170//1170 1177//1177
f 1158//1158 1157//1157 1160//1160
f 1160//1160 1157//1157 1178//1178
f 1160//1160 1178//1178 1162//1162
f 1162//1162 1178//1178 1165//1165
f 1162//1162 1165//1165 1163//1163
f 1163//1163 1165//1165 1167//1167
f 1163//1163 1167//1167 1164//1164
f 1179//1179 1171//1171 1159//1159
f 1159//1159 1171//1171 1173//1173
f 1159//1159 1173//1173 1157//1157
f 1157//1157 1173//1173 1175//1175
f 1157//1157 1175//1175 1178//1178
f 1178//1178 1175//1175 1176//1176
f 1178//1178 1176//1176 1165//1165
f 1165//1165 1176//1176 1177//1177
f 1165//1165 1177//1177 1166//1166
f 836//836 837//837 1180//1180
f 747//747 749//749 1181//1181
f 1034//1034 1182//1182 1032//1032
f 1032//1032 1182//1182 1183//1183
f 1032//1032 1183//1183 1030//1030
f 1184//1184 753//753 1026//1026
f 1030//1030 1183//1183 1028//1028
f 1028//1028 1183//1183 1185//1185
f 1028//1028 1185//1185 1026//1026
f 765//765 767//767 1181//1181
f 1181//1181 767//767 768//768
f 1181//1181 768//768 747//747
f 774//774 1186//1186 796//796
f 796//796 1186//1186 793//793
f 796//796 793//793 795//795
f 801//801 800//800 1187//1187
f 1188//1188 1159//1159 1158//1158
f 1189//1189 885//885 1188//1188
f 1188//1188 885//885 884//884
f 1188//1188 884//884 1159//1159
f 884//884 883//883 1159//1159
f 1159//1159 883//883 882//882
f 1159//1159 882//882 889//889
f 1190//1190 1159//1159 1191//1191
f 1191//1191 1159//1159 889//889
f 1191//1191 889//889 1192//1192
f 1192//1192 889//889 888//888
f 1192//1192 888//888 886//886
f 886//886 888//888 887//887
f 1190//1190 1193//1193 1159//1159
f 1159//1159 1193//1193 1194//1194
f 1159//1159 1194//1194 1179//1179
f 902//902 901//901 907//907
f 901//901 900//900 1195//1195
f 1195//1195 1196//1196 901//901
f 901//901 1196//1196 1192//1192
f 901//901 1192//1192 1189//1189
f 1189//1189 1192//1192 886//886
f 1189//1189 886//886 885//885
f 913//913 914//914 1189//1189
f 1189//1189 914//914 911//911
f 911//911 912//912 1189//1189
f 1189//1189 912//912 909//909
f 1189//1189 909//909 901//901
f 901//901 909//909 910//910
f 901//901 910//910 907//907
f 1185//1185 918//918 917//917
f 890//890 919//919 891//891
f 891//891 919//919 1195//1195
f 918//918 1185//1185 919//919
f 919//919 1185//1185 1197//1197
f 919//919 1197//1197 1195//1195
f 900//900 898//898 1195//1195
f 1195//1195 898//898 899//899
f 1195//1195 899//899 896//896
f 1026//1026 1185//1185 1184//1184
f 1184//1184 1185//1185 917//917
f 1184//1184 917//917 1198//1198
f 1198//1198 917//917 915//915
f 1198//1198 915//915 916//916
f 896//896 897//897 1195//1195
f 1195//1195 897//897 894//894
f 1195//1195 894//894 895//895
f 895//895 892//892 1195//1195
f 1195//1195 892//892 893//893
f 1195//1195 893//893 891//891
f 1180//1180 813//813 814//814
f 821//821 810//810 1199//1199
f 810//810 811//811 1199//1199
f 1199//1199 811//811 812//812
f 1199//1199 812//812 813//813
f 814//814 815//815 1180//1180
f 1180//1180 815//815 816//816
f 1180//1180 816//816 1200//1200
f 1200//1200 816//816 817//817
f 820//820 1201//1201 819//819
f 819//819 1201//1201 1200//1200
f 819//819 1200//1200 818//818
f 818//818 1200//1200 817//817
f 823//823 1202//1202 822//822
f 822//822 1202//1202 1187//1187
f 822//822 1187//1187 833//833
f 833//833 1187//1187 832//832
f 823//823 824//824 1202//1202
f 1202//1202 824//824 825//825
f 1202//1202 825//825 1203//1203
f 828//828 1204//1204 827//827
f 827//827 1204//1204 1203//1203
f 827//827 1203//1203 826//826
f 826//826 1203//1203 825//825
f 828//828 829//829 1204//1204
f 1204//1204 829//829 830//830
f 1204//1204 830//830 831//831
f 836//836 1180//1180 835//835
f 841//841 1205//1205 840//840
f 840//840 1205//1205 1181//1181
f 840//840 1181//1181 839//839
f 839//839 1181//1181 838//838
f 841//841 842//842 1205//1205
f 1205//1205 842//842 843//843
f 1205//1205 843//843 1200//1200
f 843//843 844//844 1200//1200
f 1200//1200 844//844 845//845
f 1200//1200 845//845 1180//1180
f 1180//1180 845//845 834//834
f 1180//1180 834//834 835//835
f 848//848 849//849 1189//1189
f 1188//1188 855//855 856//856
f 1189//1189 849//849 1202//1202
f 1158//1158 1161//1161 1188//1188
f 1188//1188 1161//1161 801//801
f 1188//1188 801//801 855//855
f 855//855 801//801 1187//1187
f 855//855 1187//1187 854//854
f 854//854 1187//1187 853//853
f 849//849 850//850 1202//1202
f 1202//1202 850//850 851//851
f 1202//1202 851//851 1187//1187
f 1187//1187 851//851 852//852
f 1187//1187 852//852 853//853
f 856//856 857//857 1188//1188
f 1188//1188 857//857 846//846
f 1188//1188 846//846 1189//1189
f 1189//1189 846//846 847//847
f 1189//1189 847//847 848//848
f 862//862 863//863 1206//1206
f 1204//1204 867//867 868//868
f 867//867 1186//1186 866//866
f 866//866 1186//1186 865//865
f 1206//1206 863//863 1186//1186
f 1186//1186 863//863 864//864
f 1186//1186 864//864 865//865
f 1203//1203 860//860 1206//1206
f 1206//1206 860//860 861//861
f 1206//1206 861//861 862//862
f 868//868 869//869 1204//1204
f 1204//1204 869//869 858//858
f 1204//1204 858//858 1203//1203
f 1203//1203 858//858 859//859
f 1203//1203 859//859 860//860
f 832//832 1187//1187 831//831
f 831//831 1187//1187 800//800
f 831//831 800//800 1204//1204
f 1204//1204 800//800 804//804
f 1204//1204 804//804 867//867
f 867//867 804//804 803//803
f 867//867 803//803 1186//1186
f 1186//1186 803//803 790//790
f 1186//1186 790//790 793//793
f 874//874 875//875 1199//1199
f 838//838 1181//1181 837//837
f 837//837 1181//1181 749//749
f 837//837 749//749 1180//1180
f 1180//1180 749//749 750//750
f 1180//1180 750//750 813//813
f 813//813 750//750 751//751
f 813//813 751//751 1199//1199
f 1199//1199 751//751 873//873
f 1199//1199 873//873 874//874
f 751//751 753//753 873//873
f 873//873 753//753 1184//1184
f 873//873 1184//1184 872//872
f 872//872 1184//1184 871//871
f 875//875 876//876 1199//1199
f 1199//1199 876//876 1201//1201
f 1199//1199 1201//1201 821//821
f 821//821 1201//1201 820//820
f 879//879 1198//1198 878//878
f 878//878 1198//1198 1201//1201
f 878//878 1201//1201 877//877
f 877//877 1201//1201 876//876
f 879//879 880//880 1198//1198
f 1198//1198 880//880 881//881
f 1198//1198 881//881 1184//1184
f 1184//1184 881//881 870//870
f 1184//1184 870//870 871//871
f 905//905 906//906 908//908
f 908//908 906//906 903//903
f 908//908 903//903 907//907
f 907//907 903//903 904//904
f 907//907 904//904 902//902
f 1206//1206 1205//1205 1203//1203
f 1203//1203 1205//1205 1200//1200
f 1203//1203 1200//1200 1202//1202
f 1202//1202 1200//1200 1201//1201
f 1202//1202 1201//1201 1189//1189
f 1189//1189 1201//1201 1198//1198
f 1189//1189 1198//1198 913//913
f 913//913 1198//1198 916//916
f 774//774 776//776 1186//1186
f 1186//1186 776//776 777//777
f 1186//1186 777//777 1206//1206
f 1206//1206 777//777 773//773
f 1206//1206 773//773 1205//1205
f 1205//1205 773//773 772//772
f 1205//1205 772//772 1181//1181
f 1181//1181 772//772 762//762
f 1181//1181 762//762 765//765
f 1207//1207 1208//1208 1209//1209
f 1210//1210 1211//1211 1212//1212
f 1212//1212 1211//1211 1169//1169
f 1212//1212 1169//1169 1168//1168
f 1174//1174 1172//1172 1213//1213
f 1213//1213 1172//1172 1214//1214
f 1213//1213 1214//1214 1215//1215
f 1216//1216 1217//1217 1207//1207
f 1207//1207 1217//1217 1218//1218
f 1207//1207 1218//1218 1219//1219
f 1172//1172 1171//1171 1220//1220
f 1220//1220 1171//1171 1179//1179
f 1179//1179 1221//1221 1220//1220
f 1220//1220 1221//1221 1222//1222
f 1220//1220 1222//1222 1223//1223
f 1223//1223 1222//1222 1224//1224
f 1223//1223 1224//1224 1225//1225
f 1226//1226 1227//1227 1228//1228
f 1226//1226 1228//1228 1229//1229
f 1224//1224 1230//1230 1225//1225
f 1225//1225 1230//1230 1231//1231
f 1225//1225 1231//1231 1228//1228
f 1228//1228 1231//1231 1232//1232
f 1228//1228 1232//1232 1229//1229
f 1172//1172 1220//1220 1214//1214
f 1214//1214 1220//1220 1223//1223
f 1214//1214 1223//1223 1215//1215
f 1215//1215 1223//1223 1225//1225
f 1215//1215 1225//1225 1233//1233
f 1233//1233 1225//1225 1228//1228
f 1233//1233 1228//1228 1234//1234
f 1234//1234 1228//1228 1227//1227
f 1234//1234 1227//1227 1235//1235
f 1207//1207 1209//1209 1236//1236
f 1236//1236 1209//1209 1237//1237
f 1236//1236 1237//1237 1210//1210
f 1210//1210 1237//1237 1238//1238
f 1210//1210 1238//1238 1211//1211
f 1219//1219 1208//1208 1207//1207
f 1235//1235 1216//1216 1234//1234
f 1234//1234 1216//1216 1207//1207
f 1234//1234 1207//1207 1233//1233
f 1233//1233 1207//1207 1236//1236
f 1233//1233 1236//1236 1215//1215
f 1215//1215 1236//1236 1210//1210
f 1215//1215 1210//1210 1213//1213
f 1213//1213 1210//1210 1212//1212
f 1213//1213 1212//1212 1174//1174
f 1174//1174 1212//1212 1168//1168
f 1239//1239 1046//1046 1036//1036
f 1240//1240 1241//1241 1242//1242
f 1243//1243 1034//1034 1033//1033
f 1244//1244 1242//1242 1245//1245
f 1245//1245 1242//1242 1246//1246
f 1243//1243 1033//1033 1247//1247
f 1046//1046 1239//1239 1248//1248
f 1248//1248 1239//1239 1249//1249
f 1248//1248 1249//1249 1250//1250
f 1251//1251 1252//1252 1250//1250
f 1250//1250 1252//1252 1247//1247
f 1250//1250 1247//1247 1248//1248
f 1248//1248 1247//1247 1033//1033
f 1248//1248 1033//1033 1046//1046
f 1253//1253 1254//1254 1255//1255
f 1255//1255 1254//1254 1256//1256
f 1255//1255 1256//1256 1257//1257
f 1257//1257 1256//1256 1258//1258
f 1257//1257 1258//1258 1259//1259
f 1259//1259 1258//1258 1260//1260
f 1260//1260 1261//1261 1259//1259
f 1259//1259 1261//1261 1262//1262
f 1259//1259 1262//1262 1263//1263
f 1263//1263 1262//1262 1264//1264
f 1245//1245 1251//1251 1244//1244
f 1244//1244 1251//1251 1250//1250
f 1244//1244 1250//1250 1242//1242
f 1242//1242 1250//1250 1249//1249
f 1242//1242 1249//1249 1240//1240
f 1240//1240 1249//1249 1239//1239
f 1240//1240 1239//1239 1265//1265
f 1265//1265 1239//1239 1036//1036
f 1265//1265 1036//1036 1035//1035
f 1035//1035 1253//1253 1265//1265
f 1265//1265 1253//1253 1255//1255
f 1265//1265 1255//1255 1240//1240
f 1240//1240 1255//1255 1257//1257
f 1240//1240 1257//1257 1241//1241
f 1241//1241 1257//1257 1259//1259
f 1241//1241 1259//1259 1242//1242
f 1242//1242 1259//1259 1263//1263
f 1242//1242 1263//1263 1246//1246
f 1246//1246 1263//1263 1264//1264
f 1266//1266 1267//1267 1268//1268
f 1269//1269 1270//1270 1271//1271
f 1271//1271 1270//1270 1272//1272
f 1273//1273 1274//1274 1275//1275
f 1276//1276 1277//1277 1278//1278
f 1279//1279 1280//1280 1281//1281
f 1282//1282 1283//1283 1284//1284
f 1284//1284 1283//1283 1285//1285
f 1284//1284 1285//1285 1280//1280
f 1280//1280 1285//1285 1286//1286
f 1280//1280 1286//1286 1281//1281
f 1287//1287 1288//1288 1289//1289
f 1289//1289 1288//1288 1290//1290
f 1289//1289 1290//1290 1282//1282
f 1282//1282 1290//1290 1291//1291
f 1282//1282 1291//1291 1283//1283
f 1278//1278 1292//1292 1276//1276
f 1276//1276 1292//1292 1293//1293
f 1276//1276 1293//1293 1294//1294
f 1294//1294 1293//1293 1295//1295
f 1294//1294 1295//1295 1287//1287
f 1287//1287 1295//1295 1296//1296
f 1287//1287 1296//1296 1288//1288
f 1297//1297 1298//1298 1299//1299
f 1299//1299 1298//1298 1300//1300
f 1299//1299 1300//1300 1277//1277
f 1277//1277 1300//1300 1301//1301
f 1277//1277 1301//1301 1278//1278
f 1302//1302 1303//1303 1304//1304
f 1304//1304 1303//1303 1305//1305
f 1304//1304 1305//1305 1297//1297
f 1297//1297 1305//1305 1306//1306
f 1297//1297 1306//1306 1298//1298
f 1307//1307 1308//1308 1302//1302
f 1302//1302 1308//1308 1309//1309
f 1302//1302 1309//1309 1303//1303
f 1310//1310 1311//1311 1307//1307
f 1307//1307 1311//1311 1312//1312
f 1307//1307 1312//1312 1308//1308
f 1275//1275 1274//1274 1313//1313
f 1274//1274 1314//1314 1313//1313
f 1313//1313 1314//1314 1315//1315
f 1313//1313 1315//1315 1310//1310
f 1310//1310 1315//1315 1316//1316
f 1310//1310 1316//1316 1311//1311
f 1317//1317 1318//1318 1319//1319
f 1319//1319 1318//1318 1320//1320
f 1319//1319 1320//1320 1321//1321
f 1321//1321 1320//1320 1322//1322
f 1322//1322 1320//1320 1323//1323
f 1322//1322 1323//1323 1324//1324
f 1324//1324 1323//1323 1325//1325
f 1324//1324 1325//1325 1326//1326
f 1326//1326 1325//1325 1327//1327
f 1327//1327 1325//1325 1328//1328
f 1327//1327 1328//1328 1329//1329
f 1329//1329 1328//1328 1330//1330
f 1329//1329 1330//1330 1331//1331
f 1332//1332 1333//1333 1330//1330
f 1330//1330 1333//1333 1334//1334
f 1330//1330 1334//1334 1331//1331
f 1335//1335 1336//1336 1337//1337
f 1337//1337 1336//1336 1338//1338
f 1337//1337 1338//1338 1339//1339
f 1270//1270 1340//1340 1272//1272
f 1272//1272 1340//1340 1341//1341
f 1272//1272 1341//1341 1342//1342
f 1342//1342 1341//1341 1343//1343
f 1342//1342 1343//1343 1335//1335
f 1335//1335 1343//1343 1344//1344
f 1335//1335 1344//1344 1336//1336
f 1269//1269 1271//1271 1345//1345
f 1345//1345 1271//1271 1346//1346
f 1345//1345 1346//1346 1347//1347
f 1347//1347 1346//1346 1348//1348
f 1347//1347 1348//1348 1349//1349
f 1349//1349 1348//1348 1350//1350
f 1350//1350 1348//1348 1351//1351
f 1350//1350 1351//1351 1352//1352
f 1352//1352 1351//1351 1353//1353
f 1352//1352 1353//1353 1354//1354
f 1268//1268 1355//1355 1266//1266
f 1266//1266 1355//1355 1356//1356
f 1266//1266 1356//1356 1357//1357
f 1357//1357 1356//1356 1358//1358
f 1357//1357 1358//1358 1353//1353
f 1353//1353 1358//1358 1359//1359
f 1353//1353 1359//1359 1354//1354
f 1281//1281 1360//1360 1279//1279
f 1279//1279 1360//1360 1361//1361
f 1279//1279 1361//1361 1362//1362
f 1362//1362 1361//1361 1363//1363
f 1362//1362 1363//1363 1267//1267
f 1267//1267 1363//1363 1364//1364
f 1267//1267 1364//1364 1268//1268
f 1365//1365 1332//1332 1366//1366
f 1366//1366 1332//1332 1330//1330
f 1366//1366 1330//1330 1367//1367
f 1367//1367 1330//1330 1328//1328
f 1367//1367 1328//1328 1368//1368
f 1368//1368 1328//1328 1325//1325
f 1368//1368 1325//1325 1369//1369
f 1369//1369 1325//1325 1323//1323
f 1369//1369 1323//1323 1370//1370
f 1370//1370 1323//1323 1320//1320
f 1370//1370 1320//1320 1371//1371
f 1371//1371 1320//1320 1318//1318
f 1371//1371 1318//1318 1372//1372
f 1337//1337 1373//1373 1335//1335
f 1335//1335 1373//1373 1374//1374
f 1335//1335 1374//1374 1342//1342
f 1342//1342 1374//1374 1375//1375
f 1342//1342 1375//1375 1272//1272
f 1272//1272 1375//1375 1376//1376
f 1272//1272 1376//1376 1271//1271
f 1271//1271 1376//1376 1377//1377
f 1271//1271 1377//1377 1346//1346
f 1346//1346 1377//1377 1378//1378
f 1346//1346 1378//1378 1348//1348
f 1348//1348 1378//1378 1379//1379
f 1348//1348 1379//1379 1351//1351
f 1351//1351 1379//1379 1380//1380
f 1351//1351 1380//1380 1353//1353
f 1353//1353 1380//1380 1381//1381
f 1353//1353 1381//1381 1357//1357
f 1357//1357 1381//1381 1382//1382
f 1357//1357 1382//1382 1266//1266
f 1266//1266 1382//1382 1383//1383
f 1266//1266 1383//1383 1267//1267
f 1267//1267 1383//1383 1384//1384
f 1267//1267 1384//1384 1362//1362
f 1362//1362 1384//1384 1385//1385
f 1362//1362 1385//1385 1279//1279
f 1279//1279 1385//1385 1386//1386
f 1279//1279 1386//1386 1280//1280
f 1280//1280 1386//1386 1387//1387
f 1280//1280 1387//1387 1284//1284
f 1284//1284 1387//1387 1388//1388
f 1284//1284 1388//1388 1282//1282
f 1282//1282 1388//1388 1389//1389
f 1282//1282 1389//1389 1289//1289
f 1289//1289 1389//1389 1390//1390
f 1289//1289 1390//1390 1287//1287
f 1287//1287 1390//1390 1391//1391
f 1287//1287 1391//1391 1294//1294
f 1294//1294 1391//1391 1392//1392
f 1294//1294 1392//1392 1276//1276
f 1276//1276 1392//1392 1393//1393
f 1276//1276 1393//1393 1277//1277
f 1277//1277 1393//1393 1394//1394
f 1277//1277 1394//1394 1299//1299
f 1299//1299 1394//1394 1395//1395
f 1299//1299 1395//1395 1297//1297
f 1297//1297 1395//1395 1396//1396
f 1297//1297 1396//1396 1304//1304
f 1304//1304 1396//1396 1397//1397
f 1304//1304 1397//1397 1302//1302
f 1302//1302 1397//1397 1398//1398
f 1302//1302 1398//1398 1307//1307
f 1307//1307 1398//1398 1399//1399
f 1307//1307 1399//1399 1310//1310
f 1310//1310 1399//1399 1400//1400
f 1310//1310 1400//1400 1313//1313
f 1313//1313 1400//1400 1401//1401
f 1313//1313 1401//1401 1275//1275
f 1402//1402 1365//1365 1403//1403
f 1403//1403 1365//1365 1366//1366
f 1403//1403 1366//1366 1404//1404
f 1404//1404 1366//1366 1367//1367
f 1404//1404 1367//1367 1405//1405
f 1405//1405 1367//1367 1368//1368
f 1405//1405 1368//1368 1406//1406
f 1406//1406 1368//1368 1369//1369
f 1406//1406 1369//1369 1407//1407
f 1407//1407 1369//1369 1370//1370
f 1407//1407 1370//1370 1408//1408
f 1408//1408 1370//1370 1371//1371
f 1408//1408 1371//1371 1409//1409
f 1409//1409 1371//1371 1372//1372
f 1409//1409 1372//1372 1410//1410
f 1373//1373 1411//1411 1374//1374
f 1374//1374 1411//1411 1412//1412
f 1374//1374 1412//1412 1375//1375
f 1375//1375 1412//1412 1413//1413
f 1375//1375 1413//1413 1376//1376
f 1376//1376 1413//1413 1414//1414
f 1376//1376 1414//1414 1377//1377
f 1377//1377 1414//1414 1415//1415
f 1377//1377 1415//1415 1378//1378
f 1378//1378 1415//1415 1416//1416
f 1378//1378 1416//1416 1379//1379
f 1379//1379 1416//1416 1417//1417
f 1379//1379 1417//1417 1380//1380
f 1380//1380 1417//1417 1418//1418
f 1380//1380 1418//1418 1381//1381
f 1381//1381 1418//1418 1419//1419
f 1381//1381 1419//1419 1382//1382
f 1382//1382 1419//1419 1420//1420
f 1382//1382 1420//1420 1383//1383
f 1383//1383 1420//1420 1421//1421
f 1383//1383 1421//1421 1384//1384
f 1384//1384 1421//1421 1422//1422
f 1384//1384 1422//1422 1385//1385
f 1385//1385 1422//1422 1423//1423
f 1385//1385 1423//1423 1386//1386
f 1386//1386 1423//1423 1424//1424
f 1386//1386 1424//1424 1387//1387
f 1387//1387 1424//1424 1425//1425
f 1387//1387 1425//1425 1388//1388
f 1388//1388 1425//1425 1426//1426
f 1388//1388 1426//1426 1389//1389
f 1389//1389 1426//1426 1427//1427
f 1389//1389 1427//1427 1390//1390
f 1390//1390 1427//1427 1428//1428
f 1390//1390 1428//1428 1391//1391
f 1391//1391 1428//1428 1429//1429
f 1391//1391 1429//1429 1392//1392
f 1392//1392 1429//1429 1430//1430
f 1392//1392 1430//1430 1393//1393
f 1393//1393 1430//1430 1431//1431
f 1393//1393 1431//1431 1394//1394
f 1394//1394 1431//1431 1432//1432
f 1394//1394 1432//1432 1395//1395
f 1395//1395 1432//1432 1433//1433
f 1395//1395 1433//1433 1396//1396
f 1396//1396 1433//1433 1434//1434
f 1396//1396 1434//1434 1397//1397
f 1397//1397 1434//1434 1435//1435
f 1397//1397 1435//1435 1398//1398
f 1398//1398 1435//1435 1436//1436
f 1398//1398 1436//1436 1399//1399
f 1399//1399 1436//1436 1437//1437
f 1399//1399 1437//1437 1400//1400
f 1400//1400 1437//1437 1438//1438
f 1400//1400 1438//1438 1401//1401
f 1439//1439 1402//1402 1440//1440
f 1440//1440 1402//1402 1403//1403
f 1440//1440 1403//1403 1441//1441
f 1441//1441 1403//1403 1404//1404
f 1441//1441 1404//1404 1442//1442
f 1442//1442 1404//1404 1405//1405
f 1442//1442 1405//1405 1443//1443
f 1443//1443 1405//1405 1406//1406
f 1443//1443 1406//1406 1444//1444
f 1444//1444 1406//1406 1407//1407
f 1444//1444 1407//1407 1445//1445
f 1445//1445 1407//1407 1408//1408
f 1445//1445 1408//1408 1446//1446
f 1446//1446 1408//1408 1409//1409
f 1446//1446 1409//1409 1447//1447
f 1447//1447 1409//1409 1410//1410
f 1447//1447 1410//1410 1448//1448
f 1411//1411 1449//1449 1412//1412
f 1412//1412 1449//1449 1450//1450
f 1412//1412 1450//1450 1413//1413
f 1413//1413 1450//1450 1451//1451
f 1413//1413 1451//1451 1414//1414
f 1414//1414 1451//1451 1452//1452
f 1414//1414 1452//1452 1415//1415
f 1415//1415 1452//1452 1453//1453
f 1415//1415 1453//1453 1416//1416
f 1416//1416 1453//1453 1454//1454
f 1416//1416 1454//1454 1417//1417
f 1417//1417 1454//1454 1455//1455
f 1417//1417 1455//1455 1418//1418
f 1418//1418 1455//1455 1456//1456
f 1418//1418 1456//1456 1419//1419
f 1419//1419 1456//1456 1457//1457
f 1419//1419 1457//1457 1420//1420
f 1420//1420 1457//1457 1458//1458
f 1420//1420 1458//1458 1421//1421
f 1421//1421 1458//1458 1459//1459
f 1421//1421 1459//1459 1422//1422
f 1422//1422 1459//1459 1460//1460
f 1422//1422 1460//1460 1423//1423
f 1423//1423 1460//1460 1461//1461
f 1423//1423 1461//1461 1424//1424
f 1424//1424 1461//1461 1462//1462
f 1424//1424 1462//1462 1425//1425
f 1425//1425 1462//1462 1463//1463
f 1425//1425 1463//1463 1426//1426
f 1426//1426 1463//1463 1464//1464
f 1426//1426 1464//1464 1427//1427
f 1427//1427 1464//1464 1465//1465
f 1427//1427 1465//1465 1428//1428
f 1428//1428 1465//1465 1466//1466
f 1428//1428 1466//1466 1429//1429
f 1429//1429 1466//1466 1467//1467
f 1429//1429 1467//1467 1430//1430
f 1430//1430 1467//1467 1468//1468
f 1430//1430 1468//1468 1431//1431
f 1431//1431 1468//1468 1469//1469
f 1431//1431 1469//1469 1432//1432
f 1432//1432 1469//1469 1470//1470
f 1432//1432 1470//1470 1433//1433
f 1433//1433 1470//1470 1471//1471
f 1433//1433 1471//1471 1434//1434
f 1434//1434 1471//1471 1472//1472
f 1434//1434 1472//1472 1435//1435
f 1435//1435 1472//1472 1473//1473
f 1435//1435 1473//1473 1436//1436
f 1436//1436 1473//1473 1474//1474
f 1436//1436 1474//1474 1437//1437
f 1437//1437 1474//1474 1475//1475
f 1437//1437 1475//1475 1438//1438
f 1476//1476 1439//1439 1477//1477
f 1477//1477 1439//1439 1440//1440
f 1477//1477 1440//1440 1478//1478
f 1478//1478 1440//1440 1441//1441
f 1478//1478 1441//1441 1479//1479
f 1479//1479 1441//1441 1442//1442
f 1479//1479 1442//1442 1480//1480
f 1480//1480 1442//1442 1443//1443
f 1480//1480 1443//1443 1481//1481
f 1481//1481 1443//1443 1444//1444
f 1481//1481 1444//1444 1482//1482
f 1482//1482 1444//1444 1445//1445
f 1482//1482 1445//1445 1483//1483
f 1483//1483 1445//1445 1446//1446
f 1483//1483 1446//1446 1484//1484
f 1484//1484 1446//1446 1447//1447
f 1484//1484 1447//1447 1485//1485
f 1485//1485 1447//1447 1448//1448
f 1485//1485 1448//1448 1486//1486
f 1449//1449 1487//1487 1450//1450
f 1450//1450 1487//1487 1488//1488
f 1450//1450 1488//1488 1451//1451
f 1451//1451 1488//1488 1489//1489
f 1451//1451 1489//1489 1452//1452
f 1452//1452 1489//1489 1490//1490
f 1452//1452 1490//1490 1453//1453
f 1453//1453 1490//1490 1491//1491
f 1453//1453 1491//1491 1454//1454
f 1454//1454 1491//1491 1492//1492
f 1454//1454 1492//1492 1455//1455
f 1455//1455 1492//1492 1493//1493
f 1455//1455 1493//1493 1456//1456
f 1456//1456 1493//1493 1494//1494
f 1456//1456 1494//1494 1457//1457
f 1457//1457 1494//1494 1495//1495
f 1457//1457 1495//1495 1458//1458
f 1458//1458 1495//1495 1496//1496
f 1458//1458 1496//1496 1459//1459
f 1459//1459 1496//1496 1497//1497
f 1459//1459 1497//1497 1460//1460
f 1460//1460 1497//1497 1498//1498
f 1460//1460 1498//1498 1461//1461
f 1461//1461 1498//1498 1499//1499
f 1461//1461 1499//1499 1462//1462
f 1462//1462 1499//1499 1500//1500
f 1462//1462 1500//1500 1463//1463
f 1463//1463 1500//1500 1501//1501
f 1463//1463 1501//1501 1464//1464
f 1464//1464 1501//1501 1502//1502
f 1464//1464 1502//1502 1465//1465
f 1465//1465 1502//1502 1503//1503
f 1465//1465 1503//1503 1466//1466
f 1466//1466 1503//1503 1504//1504
f 1466//1466 1504//1504 1467//1467
f 1467//1467 1504//1504 1505//1505
f 1467//1467 1505//1505 1468//1468
f 1468//1468 1505//1505 1506//1506
f 1468//1468 1506//1506 1469//1469
f 1469//1469 1506//1506 1507//1507
f 1469//1469 1507//1507 1470//1470
f 1470//1470 1507//1507 1508//1508
f 1470//1470 1508//1508 1471//1471
f 1471//1471 1508//1508 1509//1509
f 1471//1471 1509//1509 1472//1472
f 1472//1472 1509//1509 1510//1510
f 1472//1472 1510//1510 1473//1473
f 1473//1473 1510//1510 1511//1511
f 1473//1473 1511//1511 1474//1474
f 1474//1474 1511//1511 1512//1512
f 1474//1474 1512//1512 1475//1475
f 1002//1002 1476//1476 1003//1003
f 1003//1003 1476//1476 1477//1477
f 1003//1003 1477//1477 1004//1004
f 1004//1004 1477//1477 1478//1478
f 1004//1004 1478//1478 1005//1005
f 1005//1005 1478//1478 1479//1479
f 1005//1005 1479//1479 1006//1006
f 1006//1006 1479//1479 1480//1480
f 1006//1006 1480//1480 1007//1007
f 1007//1007 1480//1480 1481//1481
f 1007//1007 1481//1481 1008//1008
f 1008//1008 1481//1481 1482//1482
f 1008//1008 1482//1482 1009//1009
f 1009//1009 1482//1482 1483//1483
f 1009//1009 1483//1483 1010//1010
f 1010//1010 1483//1483 1484//1484
f 1010//1010 1484//1484 1011//1011
f 1011//1011 1484//1484 1485//1485
f 1011//1011 1485//1485 1012//1012
f 1012//1012 1485//1485 1486//1486
f 1012//1012 1486//1486 1013//1013
f 1317//1317 1273//1273 1318//1318
f 1318//1318 1273//1273 1275//1275
f 1318//1318 1275//1275 1372//1372
f 1372//1372 1275//1275 1401//1401
f 1372//1372 1401//1401 1410//1410
f 1410//1410 1401//1401 1438//1438
f 1410//1410 1438//1438 1448//1448
f 1448//1448 1438//1438 1475//1475
f 1448//1448 1475//1475 1486//1486
f 1486//1486 1475//1475 1512//1512
f 1486//1486 1512//1512 1013//1013
f 1013//1013 1512//1512 1511//1511
f 1013//1013 1511//1511 1014//1014
f 1014//1014 1511//1511 1510//1510
f 1014//1014 1510//1510 1015//1015
f 1015//1015 1510//1510 1509//1509
f 1015//1015 1509//1509 1016//1016
f 1016//1016 1509//1509 1508//1508
f 1016//1016 1508//1508 1017//1017
f 1017//1017 1508//1508 1507//1507
f 1017//1017 1507//1507 1018//1018
f 1018//1018 1507//1507 1506//1506
f 1018//1018 1506//1506 1019//1019
f 1019//1019 1506//1506 1505//1505
f 1019//1019 1505//1505 1020//1020
f 1020//1020 1505//1505 1504//1504
f 1020//1020 1504//1504 1021//1021
f 1021//1021 1504//1504 1503//1503
f 1021//1021 1503//1503 1022//1022
f 1022//1022 1503//1503 1502//1502
f 1022//1022 1502//1502 988//988
f 988//988 1502//1502 1501//1501
f 988//988 1501//1501 989//989
f 989//989 1501//1501 1500//1500
f 989//989 1500//1500 990//990
f 990//990 1500//1500 1499//1499
f 990//990 1499//1499 991//991
f 991//991 1499//1499 1498//1498
f 991//991 1498//1498 992//992
f 992//992 1498//1498 1497//1497
f 992//992 1497//1497 993//993
f 993//993 1497//1497 1496//1496
f 993//993 1496//1496 994//994
f 994//994 1496//1496 1495//1495
f 994//994 1495//1495 995//995
f 995//995 1495//1495 1494//1494
f 995//995 1494//1494 996//996
f 996//996 1494//1494 1493//1493
f 996//996 1493//1493 997//997
f 997//997 1493//1493 1492//1492
f 997//997 1492//1492 998//998
f 998//998 1492//1492 1491//1491
f 998//998 1491//1491 999//999
f 999//999 1491//1491 1490//1490
f 999//999 1490//1490 1000//1000
f 1000//1000 1490//1490 1489//1489
f 1000//1000 1489//1489 1001//1001
f 1001//1001 1489//1489 1488//1488
f 1001//1001 1488//1488 1002//1002
f 1002//1002 1488//1488 1487//1487
f 1002//1002 1487//1487 1476//1476
f 1476//1476 1487//1487 1449//1449
f 1476//1476 1449//1449 1439//1439
f 1439//1439 1449//1449 1411//1411
f 1439//1439 1411//1411 1402//1402
f 1402//1402 1411//1411 1373//1373
f 1402//1402 1373//1373 1365//1365
f 1365//1365 1373//1373 1337//1337
f 1365//1365 1337//1337 1332//1332
f 1332//1332 1337//1337 1339//1339
f 1332//1332 1339//1339 1333//1333
f 1256//1256 1254//1254 1081//1081
f 1081//1081 1254//1254 1253//1253
f 1081//1081 1253//1253 1079//1079
f 1079//1079 1253//1253 1035//1035
f 1079//1079 1035//1035 1078//1078
f 1078//1078 1035//1035 1037//1037
f 1078//1078 1037//1037 1076//1076
f 1076//1076 1037//1037 1039//1039
f 1076//1076 1039//1039 1074//1074
f 1074//1074 1039//1039 1041//1041
f 1074//1074 1041//1041 1072//1072
f 1072//1072 1041//1041 1042//1042
f 1072//1072 1042//1042 1071//1071
f 1071//1071 1042//1042 1044//1044
f 1071//1071 1044//1044 1069//1069
f 1069//1069 1044//1044 1045//1045
f 1069//1069 1045//1045 1067//1067
f 1067//1067 1045//1045 738//738
f 1067//1067 738//738 461//461
f 1081//1081 1082//1082 1256//1256
f 1256//1256 1082//1082 1084//1084
f 1256//1256 1084//1084 1258//1258
f 1258//1258 1084//1084 1086//1086
f 1258//1258 1086//1086 1260//1260
f 1086//1086 1085//1085 1513//1513
f 1513//1513 1085//1085 1514//1514
f 1513//1513 1514//1514 1515//1515
f 1515//1515 1514//1514 1516//1516
f 1515//1515 1516//1516 1517//1517
f 1517//1517 1516//1516 1518//1518
f 1517//1517 1518//1518 1519//1519
f 1519//1519 1518//1518 1520//1520
f 1520//1520 1518//1518 1521//1521
f 1520//1520 1521//1521 1522//1522
f 1522//1522 1521//1521 1523//1523
f 1523//1523 1521//1521 1524//1524
f 1523//1523 1524//1524 1525//1525
f 1525//1525 1524//1524 1526//1526
f 1525//1525 1526//1526 1527//1527
f 1527//1527 1526//1526 1528//1528
f 1528//1528 1526//1526 1529//1529
f 1528//1528 1529//1529 1530//1530
f 1530//1530 1529//1529 1531//1531
f 1531//1531 1529//1529 1532//1532
f 1531//1531 1532//1532 1533//1533
f 1533//1533 1532//1532 1534//1534
f 1533//1533 1534//1534 1535//1535
f 1536//1536 1537//1537 1538//1538
f 1538//1538 1537//1537 1539//1539
f 1538//1538 1539//1539 1534//1534
f 1534//1534 1539//1539 1540//1540
f 1534//1534 1540//1540 1535//1535
f 1541//1541 1542//1542 1543//1543
f 1543//1543 1542//1542 1544//1544
f 1543//1543 1544//1544 1536//1536
f 1536//1536 1544//1544 1545//1545
f 1536//1536 1545//1545 1537//1537
f 1546//1546 1547//1547 1541//1541
f 1541//1541 1547//1547 1548//1548
f 1541//1541 1548//1548 1542//1542
f 1549//1549 1550//1550 1551//1551
f 1551//1551 1550//1550 1552//1552
f 1551//1551 1552//1552 1553//1553
f 1553//1553 1552//1552 1554//1554
f 1553//1553 1554//1554 1546//1546
f 1546//1546 1554//1554 1555//1555
f 1546//1546 1555//1555 1547//1547
f 1549//1549 1551//1551 1556//1556
f 1556//1556 1551//1551 1557//1557
f 1556//1556 1557//1557 1558//1558
f 1558//1558 1557//1557 1559//1559
f 1558//1558 1559//1559 1560//1560
f 1560//1560 1559//1559 1561//1561
f 1560//1560 1561//1561 1562//1562
f 1562//1562 1561//1561 1563//1563
f 1562//1562 1563//1563 1564//1564
f 1564//1564 1563//1563 1565//1565
f 1565//1565 1563//1563 1133//1133
f 1565//1565 1133//1133 1135//1135
f 1126//1126 1125//1125 1151//1151
f 1151//1151 1566//1566 1126//1126
f 1126//1126 1566//1566 1567//1567
f 1126//1126 1567//1567 1120//1120
f 1120//1120 1567//1567 1568//1568
f 1120//1120 1568//1568 1119//1119
f 1119//1119 1568//1568 1569//1569
f 1119//1119 1569//1569 1107//1107
f 1107//1107 1569//1569 1570//1570
f 1107//1107 1570//1570 1106//1106
f 1106//1106 1570//1570 1571//1571
f 1106//1106 1571//1571 1105//1105
f 1105//1105 1571//1571 1572//1572
f 1105//1105 1572//1572 1104//1104
f 1104//1104 1572//1572 1573//1573
f 1104//1104 1573//1573 1102//1102
f 1102//1102 1573//1573 1574//1574
f 1102//1102 1574//1574 1101//1101
f 1101//1101 1574//1574 1575//1575
f 1101//1101 1575//1575 1108//1108
f 1108//1108 1575//1575 1576//1576
f 1108//1108 1576//1576 1109//1109
f 1109//1109 1576//1576 1577//1577
f 1109//1109 1577//1577 1110//1110
f 1110//1110 1577//1577 1578//1578
f 1110//1110 1578//1578 1111//1111
f 1111//1111 1578//1578 1579//1579
f 1111//1111 1579//1579 1112//1112
f 1112//1112 1579//1579 1580//1580
f 1112//1112 1580//1580 1113//1113
f 1113//1113 1580//1580 1581//1581
f 1113//1113 1581//1581 1114//1114
f 1114//1114 1581//1581 1582//1582
f 1114//1114 1582//1582 1115//1115
f 1115//1115 1582//1582 1583//1583
f 1115//1115 1583//1583 1116//1116
f 1116//1116 1583//1583 1584//1584
f 1116//1116 1584//1584 1117//1117
f 1117//1117 1584//1584 1585//1585
f 1117//1117 1585//1585 1103//1103
f 1103//1103 1585//1585 1051//1051
f 1103//1103 1051//1051 1050//1050
f 1085//1085 1087//1087 1514//1514
f 1514//1514 1087//1087 1586//1586
f 1514//1514 1586//1586 1516//1516
f 1516//1516 1586//1586 1587//1587
f 1516//1516 1587//1587 1518//1518
f 1518//1518 1587//1587 1588//1588
f 1518//1518 1588//1588 1521//1521
f 1521//1521 1588//1588 1589//1589
f 1521//1521 1589//1589 1524//1524
f 1524//1524 1589//1589 1590//1590
f 1524//1524 1590//1590 1526//1526
f 1526//1526 1590//1590 1591//1591
f 1526//1526 1591//1591 1529//1529
f 1529//1529 1591//1591 1592//1592
f 1529//1529 1592//1592 1532//1532
f 1532//1532 1592//1592 1593//1593
f 1532//1532 1593//1593 1534//1534
f 1534//1534 1593//1593 1594//1594
f 1534//1534 1594//1594 1538//1538
f 1538//1538 1594//1594 1595//1595
f 1538//1538 1595//1595 1536//1536
f 1536//1536 1595//1595 1596//1596
f 1536//1536 1596//1596 1543//1543
f 1543//1543 1596//1596 1597//1597
f 1543//1543 1597//1597 1541//1541
f 1541//1541 1597//1597 1598//1598
f 1541//1541 1598//1598 1546//1546
f 1546//1546 1598//1598 1599//1599
f 1546//1546 1599//1599 1553//1553
f 1553//1553 1599//1599 1600//1600
f 1553//1553 1600//1600 1551//1551
f 1551//1551 1600//1600 1601//1601
f 1551//1551 1601//1601 1557//1557
f 1557//1557 1601//1601 1602//1602
f 1557//1557 1602//1602 1559//1559
f 1559//1559 1602//1602 1603//1603
f 1559//1559 1603//1603 1561//1561
f 1561//1561 1603//1603 1604//1604
f 1561//1561 1604//1604 1563//1563
f 1563//1563 1604//1604 1605//1605
f 1563//1563 1605//1605 1133//1133
f 1133//1133 1605//1605 1152//1152
f 1087//1087 1051//1051 1586//1586
f 1586//1586 1051//1051 1585//1585
f 1586//1586 1585//1585 1587//1587
f 1587//1587 1585//1585 1584//1584
f 1587//1587 1584//1584 1588//1588
f 1588//1588 1584//1584 1583//1583
f 1588//1588 1583//1583 1589//1589
f 1589//1589 1583//1583 1582//1582
f 1589//1589 1582//1582 1590//1590
f 1590//1590 1582//1582 1581//1581
f 1590//1590 1581//1581 1591//1591
f 1591//1591 1581//1581 1580//1580
f 1591//1591 1580//1580 1592//1592
f 1592//1592 1580//1580 1579//1579
f 1592//1592 1579//1579 1593//1593
f 1593//1593 1579//1579 1578//1578
f 1593//1593 1578//1578 1594//1594
f 1594//1594 1578//1578 1577//1577
f 1594//1594 1577//1577 1595//1595
f 1595//1595 1577//1577 1576//1576
f 1595//1595 1576//1576 1596//1596
f 1596//1596 1576//1576 1575//1575
f 1596//1596 1575//1575 1597//1597
f 1597//1597 1575//1575 1574//1574
f 1597//1597 1574//1574 1598//1598
f 1598//1598 1574//1574 1573//1573
f 1598//1598 1573//1573 1599//1599
f 1599//1599 1573//1573 1572//1572
f 1599//1599 1572//1572 1600//1600
f 1600//1600 1572//1572 1571//1571
f 1600//1600 1571//1571 1601//1601
f 1601//1601 1571//1571 1570//1570
f 1601//1601 1570//1570 1602//1602
f 1602//1602 1570//1570 1569//1569
f 1602//1602 1569//1569 1603//1603
f 1603//1603 1569//1569 1568//1568
f 1603//1603 1568//1568 1604//1604
f 1604//1604 1568//1568 1567//1567
f 1604//1604 1567//1567 1605//1605
f 1605//1605 1567//1567 1566//1566
f 1605//1605 1566//1566 1152//1152
f 1152//1152 1566//1566 1151//1151
f 1141//1141 1170//1170 1139//1139
f 1139//1139 1170//1170 1169//1169
f 1139//1139 1169//1169 1137//1137
f 722//722 809//809 1145//1145
f 1145//1145 809//809 1164//1164
f 1145//1145 1164//1164 1144//1144
f 1144//1144 1164//1164 1167//1167
f 1144//1144 1167//1167 1143//1143
f 1143//1143 1167//1167 1166//1166
f 1143//1143 1166//1166 1141//1141
f 1141//1141 1166//1166 1177//1177
f 1141//1141 1177//1177 1170//1170
f 1169//1169 1211//1211 1137//1137
f 1137//1137 1211//1211 1238//1238
f 1137//1137 1238//1238 1136//1136
f 1136//1136 1238//1238 1237//1237
f 1136//1136 1237//1237 1135//1135
f 1135//1135 1237//1237 1209//1209
f 1135//1135 1209//1209 1208//1208
f 1243//1243 1247//1247 1606//1606
f 1262//1262 1261//1261 1607//1607
f 1607//1607 1261//1261 1260//1260
f 1262//1262 1607//1607 1264//1264
f 1264//1264 1607//1607 1608//1608
f 1264//1264 1608//1608 1246//1246
f 1246//1246 1608//1608 1609//1609
f 1246//1246 1609//1609 1245//1245
f 1245//1245 1609//1609 1610//1610
f 1245//1245 1610//1610 1251//1251
f 1611//1611 1195//1195 1612//1612
f 1612//1612 1195//1195 1197//1197
f 1612//1612 1197//1197 1613//1613
f 1613//1613 1197//1197 1185//1185
f 1613//1613 1185//1185 1614//1614
f 1614//1614 1185//1185 1183//1183
f 1614//1614 1183//1183 1615//1615
f 1615//1615 1183//1183 1182//1182
f 1615//1615 1182//1182 1606//1606
f 1606//1606 1182//1182 1034//1034
f 1606//1606 1034//1034 1243//1243
f 1191//1191 1192//1192 1611//1611
f 1611//1611 1192//1192 1196//1196
f 1611//1611 1196//1196 1195//1195
f 1611//1611 1616//1616 1191//1191
f 1191//1191 1616//1616 1617//1617
f 1191//1191 1617//1617 1190//1190
f 1190//1190 1617//1617 1618//1618
f 1190//1190 1618//1618 1193//1193
f 1193//1193 1618//1618 1619//1619
f 1193//1193 1619//1619 1194//1194
f 1620//1620 1621//1621 1221//1221
f 1230//1230 1224//1224 1621//1621
f 1621//1621 1224//1224 1222//1222
f 1621//1621 1222//1222 1221//1221
f 1231//1231 1622//1622 1232//1232
f 1232//1232 1622//1622 1623//1623
f 1232//1232 1623//1623 1229//1229
f 1229//1229 1623//1623 1226//1226
f 1235//1235 1227//1227 1624//1624
f 1624//1624 1227//1227 1226//1226
f 1624//1624 1226//1226 1625//1625
f 1626//1626 1208//1208 1219//1219
f 1219//1219 1218//1218 1626//1626
f 1626//1626 1218//1218 1217//1217
f 1626//1626 1217//1217 1216//1216
f 1627//1627 1626//1626 1624//1624
f 1624//1624 1626//1626 1216//1216
f 1624//1624 1216//1216 1235//1235
f 1627//1627 1624//1624 1628//1628
f 1628//1628 1624//1624 1625//1625
f 1628//1628 1625//1625 1629//1629
f 1629//1629 1625//1625 1630//1630
f 1629//1629 1630//1630 1631//1631
f 1632//1632 1633//1633 1634//1634
f 1634//1634 1633//1633 1635//1635
f 1634//1634 1635//1635 1636//1636
f 1636//1636 1635//1635 1637//1637
f 1636//1636 1637//1637 1630//1630
f 1630//1630 1637//1637 1638//1638
f 1630//1630 1638//1638 1631//1631
f 1639//1639 1640//1640 1632//1632
f 1632//1632 1640//1640 1641//1641
f 1632//1632 1641//1641 1633//1633
f 1632//1632 1642//1642 1639//1639
f 1639//1639 1642//1642 1643//1643
f 1639//1639 1643//1643 1644//1644
f 1644//1644 1643//1643 1645//1645
f 1644//1644 1645//1645 1646//1646
f 1646//1646 1645//1645 1647//1647
f 1647//1647 1645//1645 1648//1648
f 1647//1647 1648//1648 1649//1649
f 1649//1649 1648//1648 1650//1650
f 1649//1649 1650//1650 1651//1651
f 1652//1652 1653//1653 1654//1654
f 1654//1654 1653//1653 1655//1655
f 1654//1654 1655//1655 1656//1656
f 1656//1656 1655//1655 1657//1657
f 1656//1656 1657//1657 1650//1650
f 1650//1650 1657//1657 1658//1658
f 1650//1650 1658//1658 1651//1651
f 1659//1659 1660//1660 1652//1652
f 1652//1652 1660//1660 1661//1661
f 1652//1652 1661//1661 1653//1653
f 1226//1226 1623//1623 1625//1625
f 1625//1625 1623//1623 1622//1622
f 1625//1625 1622//1622 1630//1630
f 1630//1630 1622//1622 1662//1662
f 1630//1630 1662//1662 1636//1636
f 1636//1636 1662//1662 1663//1663
f 1636//1636 1663//1663 1634//1634
f 1634//1634 1663//1663 1664//1664
f 1634//1634 1664//1664 1632//1632
f 1632//1632 1664//1664 1665//1665
f 1632//1632 1665//1665 1642//1642
f 1642//1642 1665//1665 1666//1666
f 1642//1642 1666//1666 1643//1643
f 1643//1643 1666//1666 1667//1667
f 1643//1643 1667//1667 1645//1645
f 1645//1645 1667//1667 1668//1668
f 1645//1645 1668//1668 1648//1648
f 1648//1648 1668//1668 1669//1669
f 1648//1648 1669//1669 1650//1650
f 1650//1650 1669//1669 1670//1670
f 1650//1650 1670//1670 1656//1656
f 1656//1656 1670//1670 1671//1671
f 1656//1656 1671//1671 1654//1654
f 1654//1654 1671//1671 1672//1672
f 1654//1654 1672//1672 1652//1652
f 1260//1260 1673//1673 1607//1607
f 1607//1607 1673//1673 1659//1659
f 1607//1607 1659//1659 1608//1608
f 1608//1608 1659//1659 1652//1652
f 1608//1608 1652//1652 1609//1609
f 1609//1609 1652//1652 1672//1672
f 1609//1609 1672//1672 1610//1610
f 1610//1610 1672//1672 1671//1671
f 1610//1610 1671//1671 1674//1674
f 1674//1674 1671//1671 1670//1670
f 1674//1674 1670//1670 1675//1675
f 1675//1675 1670//1670 1669//1669
f 1675//1675 1669//1669 1676//1676
f 1676//1676 1669//1669 1668//1668
f 1676//1676 1668//1668 1677//1677
f 1677//1677 1668//1668 1667//1667
f 1677//1677 1667//1667 1678//1678
f 1678//1678 1667//1667 1666//1666
f 1678//1678 1666//1666 1679//1679
f 1679//1679 1666//1666 1665//1665
f 1679//1679 1665//1665 1680//1680
f 1680//1680 1665//1665 1664//1664
f 1680//1680 1664//1664 1681//1681
f 1681//1681 1664//1664 1663//1663
f 1681//1681 1663//1663 1682//1682
f 1682//1682 1663//1663 1662//1662
f 1682//1682 1662//1662 1620//1620
f 1620//1620 1662//1662 1622//1622
f 1620//1620 1622//1622 1621//1621
f 1621//1621 1622//1622 1231//1231
f 1621//1621 1231//1231 1230//1230
f 1179//1179 1194//1194 1221//1221
f 1221//1221 1194//1194 1619//1619
f 1221//1221 1619//1619 1620//1620
f 1620//1620 1619//1619 1618//1618
f 1620//1620 1618//1618 1682//1682
f 1682//1682 1618//1618 1617//1617
f 1682//1682 1617//1617 1681//1681
f 1681//1681 1617//1617 1616//1616
f 1681//1681 1616//1616 1680//1680
f 1680//1680 1616//1616 1611//1611
f 1680//1680 1611//1611 1679//1679
f 1679//1679 1611//1611 1612//1612
f 1679//1679 1612//1612 1678//1678
f 1678//1678 1612//1612 1613//1613
f 1678//1678 1613//1613 1677//1677
f 1677//1677 1613//1613 1614//1614
f 1677//1677 1614//1614 1676//1676
f 1676//1676 1614//1614 1615//1615
f 1676//1676 1615//1615 1675//1675
f 1675//1675 1615//1615 1606//1606
f 1675//1675 1606//1606 1674//1674
f 1674//1674 1606//1606 1247//1247
f 1674//1674 1247//1247 1610//1610
f 1610//1610 1247//1247 1252//1252
f 1610//1610 1252//1252 1251//1251
f 1646//1646 1647//1647 1298//1298
f 1260//1260 1086//1086 1513//1513
f 1298//1298 1647//1647 1300//1300
f 1300//1300 1647//1647 1649//1649
f 1300//1300 1649//1649 1301//1301
f 1298//1298 1306//1306 1646//1646
f 1646//1646 1306//1306 1305//1305
f 1646//1646 1305//1305 1644//1644
f 1644//1644 1305//1305 1303//1303
f 1644//1644 1303//1303 1639//1639
f 1639//1639 1303//1303 1309//1309
f 1639//1639 1309//1309 1640//1640
f 1640//1640 1309//1309 1308//1308
f 1640//1640 1308//1308 1641//1641
f 1641//1641 1308//1308 1312//1312
f 1641//1641 1312//1312 1633//1633
f 1633//1633 1312//1312 1311//1311
f 1633//1633 1311//1311 1635//1635
f 1635//1635 1311//1311 1316//1316
f 1635//1635 1316//1316 1637//1637
f 1637//1637 1316//1316 1315//1315
f 1637//1637 1315//1315 1638//1638
f 1638//1638 1315//1315 1314//1314
f 1638//1638 1314//1314 1631//1631
f 1631//1631 1314//1314 1274//1274
f 1631//1631 1274//1274 1629//1629
f 1629//1629 1274//1274 1273//1273
f 1629//1629 1273//1273 1628//1628
f 1319//1319 1626//1626 1627//1627
f 1628//1628 1273//1273 1627//1627
f 1627//1627 1273//1273 1317//1317
f 1627//1627 1317//1317 1319//1319
f 1565//1565 1135//1135 1208//1208
f 1564//1564 1565//1565 1324//1324
f 1324//1324 1565//1565 1208//1208
f 1324//1324 1208//1208 1322//1322
f 1322//1322 1208//1208 1626//1626
f 1322//1322 1626//1626 1321//1321
f 1321//1321 1626//1626 1319//1319
f 1548//1548 1270//1270 1542//1542
f 1542//1542 1270//1270 1269//1269
f 1542//1542 1269//1269 1544//1544
f 1324//1324 1326//1326 1564//1564
f 1564//1564 1326//1326 1327//1327
f 1564//1564 1327//1327 1562//1562
f 1562//1562 1327//1327 1329//1329
f 1562//1562 1329//1329 1560//1560
f 1560//1560 1329//1329 1331//1331
f 1560//1560 1331//1331 1558//1558
f 1558//1558 1331//1331 1334//1334
f 1558//1558 1334//1334 1556//1556
f 1556//1556 1334//1334 1333//1333
f 1556//1556 1333//1333 1549//1549
f 1549//1549 1333//1333 1339//1339
f 1549//1549 1339//1339 1550//1550
f 1550//1550 1339//1339 1338//1338
f 1550//1550 1338//1338 1552//1552
f 1552//1552 1338//1338 1336//1336
f 1552//1552 1336//1336 1554//1554
f 1554//1554 1336//1336 1344//1344
f 1554//1554 1344//1344 1555//1555
f 1555//1555 1344//1344 1343//1343
f 1555//1555 1343//1343 1547//1547
f 1547//1547 1343//1343 1341//1341
f 1547//1547 1341//1341 1548//1548
f 1548//1548 1341//1341 1340//1340
f 1548//1548 1340//1340 1270//1270
f 1544//1544 1269//1269 1545//1545
f 1545//1545 1269//1269 1345//1345
f 1545//1545 1345//1345 1537//1537
f 1537//1537 1345//1345 1347//1347
f 1537//1537 1347//1347 1539//1539
f 1347//1347 1349//1349 1539//1539
f 1539//1539 1349//1349 1350//1350
f 1539//1539 1350//1350 1540//1540
f 1540//1540 1350//1350 1352//1352
f 1540//1540 1352//1352 1535//1535
f 1535//1535 1352//1352 1354//1354
f 1535//1535 1354//1354 1533//1533
f 1533//1533 1354//1354 1531//1531
f 1531//1531 1354//1354 1359//1359
f 1531//1531 1359//1359 1530//1530
f 1530//1530 1359//1359 1358//1358
f 1530//1530 1358//1358 1528//1528
f 1528//1528 1358//1358 1356//1356
f 1528//1528 1356//1356 1527//1527
f 1527//1527 1356//1356 1355//1355
f 1527//1527 1355//1355 1525//1525
f 1525//1525 1355//1355 1268//1268
f 1525//1525 1268//1268 1523//1523
f 1523//1523 1268//1268 1364//1364
f 1523//1523 1364//1364 1522//1522
f 1522//1522 1364//1364 1363//1363
f 1522//1522 1363//1363 1520//1520
f 1520//1520 1363//1363 1361//1361
f 1520//1520 1361//1361 1519//1519
f 1361//1361 1360//1360 1519//1519
f 1519//1519 1360//1360 1281//1281
f 1519//1519 1281//1281 1517//1517
f 1517//1517 1281//1281 1286//1286
f 1517//1517 1286//1286 1515//1515
f 1515//1515 1286//1286 1285//1285
f 1515//1515 1285//1285 1513//1513
f 1513//1513 1285//1285 1283//1283
f 1513//1513 1283//1283 1260//1260
f 1260//1260 1283//1283 1291//1291
f 1260//1260 1291//1291 1673//1673
f 1673//1673 1291//1291 1290//1290
f 1673//1673 1290//1290 1659//1659
f 1659//1659 1290//1290 1288//1288
f 1659//1659 1288//1288 1660//1660
f 1660//1660 1288//1288 1296//1296
f 1660//1660 1296//1296 1661//1661
f 1661//1661 1296//1296 1295//1295
f 1661//1661 1295//1295 1653//1653
f 1653//1653 1295//1295 1293//1293
f 1653//1653 1293//1293 1655//1655
f 1655//1655 1293//1293 1292//1292
f 1655//1655 1292//1292 1657//1657
f 1657//1657 1292//1292 1278//1278
f 1657//1657 1278//1278 1658//1658
f 1658//1658 1278//1278 1301//1301
f 1658//1658 1301//1301 1651//1651
f 1651//1651 1301//1301 1649//1649

