# https://github.com/mikedh/trimesh

o leader_finger_left_thumb.obj
v 0.00280000 -0.00537500 -0.01452200
v 0.00300000 -0.00537500 -0.01452200
v 0.00280000 -0.00537500 -0.01200000
v 0.00300000 -0.00537500 -0.00947800
v 0.00280000 -0.00537500 -0.00947800
v 0.00280000 -0.00862500 -0.00947800
v 0.00300000 -0.00862500 -0.00947800
v 0.00280000 -0.00862500 -0.01200000
v 0.00300000 -0.00862500 -0.01452200
v 0.00280000 -0.00862500 -0.01452200
v 0.00280000 0.00862500 0.00947800
v 0.00300000 0.00862500 0.00947800
v 0.00280000 0.00862500 0.01200000
v 0.00300000 0.00862500 0.01452200
v 0.00280000 0.00862500 0.01452200
v 0.00280000 0.00537500 0.01452200
v 0.00300000 0.00537500 0.01452200
v 0.00280000 0.00537500 0.01200000
v 0.00300000 0.00537500 0.00947800
v 0.00280000 0.00537500 0.00947800
v 0.00280000 0.00862500 -0.01452200
v 0.00300000 0.00862500 -0.01452200
v 0.00280000 0.00862500 -0.01200000
v 0.00300000 0.00862500 -0.00947800
v 0.00280000 0.00862500 -0.00947800
v 0.00280000 0.00537500 -0.00947800
v 0.00300000 0.00537500 -0.00947800
v 0.00280000 0.00537500 -0.01200000
v 0.00300000 0.00537500 -0.01452200
v 0.00280000 0.00537500 -0.01452200
v 0.00280000 -0.00537500 0.00947800
v 0.00300000 -0.00537500 0.00947800
v 0.00280000 -0.00537500 0.01200000
v 0.00300000 -0.00537500 0.01452200
v 0.00280000 -0.00537500 0.01452200
v 0.00280000 -0.00862500 0.01452200
v 0.00300000 -0.00862500 0.01452200
v 0.00280000 -0.00862500 0.01200000
v 0.00300000 -0.00862500 0.00947800
v 0.00280000 -0.00862500 0.00947800
v 0.00280000 0.00862500 -0.00252200
v 0.00300000 0.00862500 -0.00252200
v 0.00280000 0.00862500 0.00000000
v 0.00300000 0.00862500 0.00252200
v 0.00280000 0.00862500 0.00252200
v 0.00280000 0.00537500 0.00252200
v 0.00300000 0.00537500 0.00252200
v 0.00280000 0.00537500 0.00000000
v 0.00300000 0.00537500 -0.00252200
v 0.00280000 0.00537500 -0.00252200
v 0.00280000 -0.00537500 -0.00252200
v 0.00300000 -0.00537500 -0.00252200
v 0.00280000 -0.00537500 0.00000000
v 0.00300000 -0.00537500 0.00252200
v 0.00280000 -0.00537500 0.00252200
v 0.00280000 -0.00862500 0.00252200
v 0.00300000 -0.00862500 0.00252200
v 0.00280000 -0.00862500 -0.00000000
v 0.00300000 -0.00862500 -0.00252200
v 0.00280000 -0.00862500 -0.00252200
v 0.00300000 0.00400000 0.01200000
v 0.00300000 0.00440200 0.01050000
v 0.00300000 0.00440200 0.01350000
v 0.00300000 0.01000000 0.01200000
v 0.00300000 0.00959800 0.01350000
v 0.00300000 0.00959800 0.01050000
v 0.00300000 0.00400000 0.00000000
v 0.00300000 0.00440200 -0.00150000
v 0.00300000 0.00440200 0.00150000
v 0.00300000 0.01000000 -0.00000000
v 0.00300000 0.00959800 0.00150000
v 0.00300000 0.00959800 -0.00150000
v 0.00300000 -0.01000000 -0.01200000
v 0.00300000 -0.00959800 -0.01350000
v 0.00300000 -0.00959800 -0.01050000
v 0.00300000 -0.00400000 -0.01200000
v 0.00300000 -0.00440200 -0.01050000
v 0.00300000 -0.00440200 -0.01350000
v 0.00300000 -0.01000000 -0.00000000
v 0.00300000 -0.00959800 -0.00150000
v 0.00300000 -0.00959800 0.00150000
v 0.00300000 -0.00400000 -0.00000000
v 0.00300000 -0.00440200 0.00150000
v 0.00300000 -0.00440200 -0.00150000
v 0.00300000 0.00440200 -0.01050000
v 0.00300000 0.00400000 -0.01200000
v 0.00300000 0.00440200 -0.01350000
v 0.00300000 0.01000000 -0.01200000
v 0.00300000 0.00959800 -0.01050000
v 0.00300000 0.00959800 -0.01350000
v 0.00300000 -0.01000000 0.01200000
v 0.00300000 -0.00959800 0.01050000
v 0.00300000 -0.00959800 0.01350000
v 0.00300000 -0.00440200 0.01050000
v 0.00300000 -0.00400000 0.01200000
v 0.00300000 -0.00440200 0.01350000
v 0.00040000 -0.00698200 -0.01836000
v 0.00040000 0.00094500 -0.01836000
v 0.00040000 -0.00235000 -0.01954000
v 0.00040000 0.00094500 -0.01954000
v 0.00040000 -0.00698200 -0.01954000
v 0.00040000 -0.00367300 -0.01954000
v 0.00040000 -0.00367300 -0.02836000
v 0.00040000 -0.00235000 -0.02836000
v 0.00040000 0.00565800 -0.01836000
v 0.00040000 0.00698200 -0.01836000
v 0.00040000 0.00565800 -0.02718000
v 0.00040000 0.00698200 -0.02836000
v 0.00040000 0.00073300 -0.02718000
v 0.00040000 0.00073300 -0.02836000
v 0.00280000 -0.00840700 -0.01281200
v 0.00280000 -0.00781200 -0.01340700
v 0.00280000 -0.00850000 -0.01459800
v 0.00280000 -0.00700000 -0.01362500
v 0.00280000 -0.00700000 -0.01500000
v 0.00280000 -0.00618700 -0.01340700
v 0.00280000 -0.00550000 -0.01459800
v 0.00280000 -0.00559300 -0.01281200
v 0.00280000 -0.00840700 -0.01118800
v 0.00280000 -0.00850000 -0.00940200
v 0.00280000 -0.00781200 -0.01059300
v 0.00280000 -0.00700000 -0.00900000
v 0.00280000 -0.00700000 -0.01037500
v 0.00280000 -0.00550000 -0.00940200
v 0.00280000 -0.00618700 -0.01059300
v 0.00280000 -0.00559300 -0.01118800
v 0.00280000 0.00559300 0.01118800
v 0.00280000 0.00618700 0.01059300
v 0.00280000 0.00550000 0.00940200
v 0.00280000 0.00700000 0.01037500
v 0.00280000 0.00700000 0.00900000
v 0.00280000 0.00781200 0.01059300
v 0.00280000 0.00850000 0.00940200
v 0.00280000 0.00840700 0.01118800
v 0.00280000 0.00559300 0.01281200
v 0.00280000 0.00550000 0.01459800
v 0.00280000 0.00618700 0.01340700
v 0.00280000 0.00700000 0.01500000
v 0.00280000 0.00700000 0.01362500
v 0.00280000 0.00850000 0.01459800
v 0.00280000 0.00781200 0.01340700
v 0.00280000 0.00840700 0.01281200
v 0.00280000 0.00559300 -0.01281200
v 0.00280000 0.00618700 -0.01340700
v 0.00280000 0.00550000 -0.01459800
v 0.00280000 0.00700000 -0.01362500
v 0.00280000 0.00700000 -0.01500000
v 0.00280000 0.00781200 -0.01340700
v 0.00280000 0.00850000 -0.01459800
v 0.00280000 0.00840700 -0.01281200
v 0.00280000 0.00559300 -0.01118800
v 0.00280000 0.00550000 -0.00940200
v 0.00280000 0.00618700 -0.01059300
v 0.00280000 0.00700000 -0.00900000
v 0.00280000 0.00700000 -0.01037500
v 0.00280000 0.00850000 -0.00940200
v 0.00280000 0.00781200 -0.01059300
v 0.00280000 0.00840700 -0.01118800
v 0.00280000 -0.00559300 0.01118800
v 0.00280000 -0.00550000 0.00940200
v 0.00280000 -0.00618700 0.01059300
v 0.00280000 -0.00700000 0.00900000
v 0.00280000 -0.00700000 0.01037500
v 0.00280000 -0.00850000 0.00940200
v 0.00280000 -0.00781200 0.01059300
v 0.00280000 -0.00840700 0.01118800
v 0.00280000 -0.00840700 0.01281200
v 0.00280000 -0.00850000 0.01459800
v 0.00280000 -0.00781200 0.01340700
v 0.00280000 -0.00700000 0.01500000
v 0.00280000 -0.00700000 0.01362500
v 0.00280000 -0.00550000 0.01459800
v 0.00280000 -0.00618700 0.01340700
v 0.00280000 -0.00559300 0.01281200
v 0.00280000 0.00840700 -0.00081300
v 0.00280000 0.00850000 -0.00259800
v 0.00280000 0.00781200 -0.00140700
v 0.00280000 0.00700000 -0.00300000
v 0.00280000 0.00700000 -0.00162500
v 0.00280000 0.00550000 -0.00259800
v 0.00280000 0.00618700 -0.00140700
v 0.00280000 0.00559300 -0.00081300
v 0.00280000 0.00559300 0.00081300
v 0.00280000 0.00550000 0.00259800
v 0.00280000 0.00618700 0.00140700
v 0.00280000 0.00700000 0.00300000
v 0.00280000 0.00700000 0.00162500
v 0.00280000 0.00850000 0.00259800
v 0.00280000 0.00781200 0.00140700
v 0.00280000 0.00840700 0.00081300
v 0.00280000 -0.00840700 -0.00081300
v 0.00280000 -0.00781200 -0.00140700
v 0.00280000 -0.00850000 -0.00259800
v 0.00280000 -0.00700000 -0.00162500
v 0.00280000 -0.00700000 -0.00300000
v 0.00280000 -0.00618700 -0.00140700
v 0.00280000 -0.00550000 -0.00259800
v 0.00280000 -0.00559300 -0.00081300
v 0.00280000 -0.00840700 0.00081300
v 0.00280000 -0.00850000 0.00259800
v 0.00280000 -0.00781200 0.00140700
v 0.00280000 -0.00700000 0.00300000
v 0.00280000 -0.00700000 0.00162500
v 0.00280000 -0.00550000 0.00259800
v 0.00280000 -0.00618700 0.00140700
v 0.00280000 -0.00559300 0.00081300
v 0.00050000 -0.01000000 0.02100000
v 0.00550000 -0.01000000 0.02100000
v 0.00050000 0.01000000 0.02100000
v 0.00550000 0.01000000 0.02100000
v 0.00550000 0.00850000 0.01459800
v 0.00550000 0.00959800 0.01350000
v 0.00550000 0.01000000 0.01200000
v 0.00550000 0.00959800 0.01050000
v 0.00550000 0.00850000 0.00940200
v 0.00550000 0.00550000 0.00940200
v 0.00550000 0.00440200 0.01050000
v 0.00550000 0.00400000 0.01200000
v 0.00550000 0.00440200 0.01350000
v 0.00550000 0.00550000 0.01459800
v 0.00550000 0.00700000 0.00900000
v 0.00550000 0.00700000 0.01500000
v 0.00550000 0.00850000 0.00259800
v 0.00550000 0.00959800 0.00150000
v 0.00550000 0.01000000 -0.00000000
v 0.00550000 0.00959800 -0.00150000
v 0.00550000 0.00850000 -0.00259800
v 0.00550000 0.00550000 -0.00259800
v 0.00550000 0.00440200 -0.00150000
v 0.00550000 0.00400000 0.00000000
v 0.00550000 0.00440200 0.00150000
v 0.00550000 0.00550000 0.00259800
v 0.00550000 0.00700000 -0.00300000
v 0.00550000 0.00700000 0.00300000
v 0.00550000 -0.00550000 -0.00940200
v 0.00550000 -0.00440200 -0.01050000
v 0.00550000 -0.00400000 -0.01200000
v 0.00550000 -0.00440200 -0.01350000
v 0.00550000 -0.00550000 -0.01459800
v 0.00550000 -0.00850000 -0.01459800
v 0.00550000 -0.00959800 -0.01350000
v 0.00550000 -0.01000000 -0.01200000
v 0.00550000 -0.00959800 -0.01050000
v 0.00550000 -0.00850000 -0.00940200
v 0.00550000 -0.00700000 -0.01500000
v 0.00550000 -0.00700000 -0.00900000
v 0.00550000 -0.00550000 0.00259800
v 0.00550000 -0.00440200 0.00150000
v 0.00550000 -0.00400000 -0.00000000
v 0.00550000 -0.00440200 -0.00150000
v 0.00550000 -0.00550000 -0.00259800
v 0.00550000 -0.00850000 -0.00259800
v 0.00550000 -0.00959800 -0.00150000
v 0.00550000 -0.01000000 -0.00000000
v 0.00550000 -0.00959800 0.00150000
v 0.00550000 -0.00850000 0.00259800
v 0.00550000 -0.00700000 -0.00300000
v 0.00550000 -0.00700000 0.00300000
v 0.00550000 0.00850000 -0.00940200
v 0.00550000 0.00959800 -0.01050000
v 0.00550000 0.01000000 -0.01200000
v 0.00550000 0.00959800 -0.01350000
v 0.00550000 0.00850000 -0.01459800
v 0.00550000 0.00550000 -0.01459800
v 0.00550000 0.00440200 -0.01350000
v 0.00550000 0.00400000 -0.01200000
v 0.00550000 0.00440200 -0.01050000
v 0.00550000 0.00550000 -0.00940200
v 0.00550000 0.00700000 -0.01500000
v 0.00550000 0.00700000 -0.00900000
v 0.00550000 -0.00550000 0.01459800
v 0.00550000 -0.00440200 0.01350000
v 0.00550000 -0.00400000 0.01200000
v 0.00550000 -0.00440200 0.01050000
v 0.00550000 -0.00550000 0.00940200
v 0.00550000 -0.00850000 0.00940200
v 0.00550000 -0.00959800 0.01050000
v 0.00550000 -0.01000000 0.01200000
v 0.00550000 -0.00959800 0.01350000
v 0.00550000 -0.00850000 0.01459800
v 0.00550000 -0.00700000 0.00900000
v 0.00550000 -0.00700000 0.01500000
v 0.00550000 -0.01069200 0.02087600
v 0.00050000 -0.01069200 0.02087600
v 0.00550000 -0.01100000 0.02073200
v 0.00050000 -0.01100000 0.02073200
v 0.00550000 -0.01141400 0.02041400
v 0.00050000 -0.01141400 0.02041400
v 0.00550000 -0.01173200 0.02000000
v 0.00050000 -0.01173200 0.02000000
v 0.00550000 -0.01187600 0.01969200
v 0.00050000 -0.01187600 0.01969200
v 0.00550000 -0.01200000 0.01900000
v 0.00050000 -0.01200000 0.01900000
v -0.00409800 -0.00342000 -0.06562800
v -0.00409800 -0.00502000 -0.06646500
v 0.00550000 -0.00502000 -0.06646500
v -0.00409800 -0.00548400 -0.06665600
v 0.00550000 -0.00647800 -0.06699400
v -0.00409800 -0.00770300 -0.06728700
v 0.00550000 -0.00829800 -0.06738400
v -0.00409800 -0.00829800 -0.06738400
v 0.00550000 -0.00881200 -0.06744300
v -0.00409800 -0.01000000 -0.06750000
v 0.00550000 -0.01118800 -0.06744300
v -0.00409800 -0.01170200 -0.06738400
v 0.00550000 -0.01170200 -0.06738400
v -0.00409800 -0.01229700 -0.06728700
v 0.00550000 -0.01352200 -0.06699400
v -0.00409800 -0.01451600 -0.06665600
v 0.00550000 -0.01498000 -0.06646500
v -0.00409800 -0.01498000 -0.06646500
v 0.00550000 -0.01572800 -0.06611000
v -0.00409800 -0.01658000 -0.06562800
v 0.00550000 -0.01772700 -0.06482600
v -0.00409800 -0.01788900 -0.06469600
v 0.00550000 -0.01788900 -0.06469600
v -0.00409800 -0.01842100 -0.06423800
v 0.00550000 -0.01944700 -0.06318600
v -0.00409800 -0.01997500 -0.06253300
v 0.00550000 -0.02021200 -0.06220900
v -0.00409800 -0.02021200 -0.06220900
v 0.00550000 -0.02082500 -0.06125000
v -0.00409800 -0.02119000 -0.06057200
v 0.00550000 -0.02181300 -0.05908800
v 0.00550000 0.00021200 -0.06220900
v -0.00409800 -0.00002500 -0.06253300
v 0.00550000 -0.00055300 -0.06318600
v -0.00409800 -0.00157900 -0.06423800
v 0.00550000 -0.00211100 -0.06469600
v -0.00409800 -0.00211100 -0.06469600
v 0.00550000 -0.00227300 -0.06482600
v 0.00550000 -0.00427200 -0.06611000
v 0.00550000 0.00247100 -0.05585300
v -0.00409800 0.00247100 -0.05585300
v -0.00409800 0.00244700 -0.05615300
v 0.00550000 0.00237300 -0.05677900
v -0.00409800 0.00202300 -0.05842100
v 0.00550000 0.00181300 -0.05908800
v -0.00409800 0.00177800 -0.05918600
v 0.00550000 0.00082500 -0.06125000
v -0.00409800 0.00119000 -0.06057200
v -0.00409800 0.00021200 -0.06220900
v -0.00409800 0.00202300 -0.05157900
v 0.00550000 0.00137000 -0.04980700
v -0.00409800 0.00119000 -0.04942800
v 0.00550000 0.00109900 -0.04924900
v -0.00409800 0.00109900 -0.04924900
v -0.00409800 0.00244700 -0.05384700
v 0.00550000 0.00248600 -0.05440500
v -0.00409800 0.00223900 -0.05245700
v 0.00550000 0.00223900 -0.05245700
v 0.00550000 0.00214800 -0.05205300
v 0.00550000 -0.00350500 -0.04432000
v -0.00409800 -0.00342000 -0.04437200
v 0.00550000 -0.00324200 -0.04448400
v -0.00409800 -0.00157900 -0.04576200
v -0.00409800 -0.00002500 -0.04746700
v 0.00550000 0.00018200 -0.04774900
v -0.00409800 -0.00086500 -0.04646800
v 0.00550000 -0.00086500 -0.04646800
v 0.00550000 -0.00137400 -0.04595300
v -0.00409800 -0.02177800 -0.05918600
v -0.00409800 -0.02202300 -0.05842100
v 0.00550000 -0.02237300 -0.05677900
v -0.00409800 -0.02244700 -0.05615300
v 0.00550000 -0.02247100 -0.05585300
v -0.00409800 -0.02247100 -0.05585300
v 0.00550000 -0.02248600 -0.05440500
v -0.00409800 -0.02244700 -0.05384700
v 0.00550000 -0.02223900 -0.05245700
v -0.00409800 -0.02223900 -0.05245700
v 0.00550000 -0.02214800 -0.05205300
v -0.00409800 -0.02202300 -0.05157900
v 0.00550000 -0.02137000 -0.04980700
v -0.00409800 -0.02119000 -0.04942800
v 0.00550000 -0.02109900 -0.04924900
v -0.00409800 -0.02109900 -0.04924900
v 0.00550000 -0.02018200 -0.04774900
v -0.00409800 -0.01997500 -0.04746700
v 0.00550000 -0.01913500 -0.04646800
v -0.00409800 -0.01913500 -0.04646800
v 0.00550000 -0.01862600 -0.04595300
v -0.00409800 -0.01842100 -0.04576200
v 0.00550000 -0.01675800 -0.04448400
v -0.00409800 -0.01658000 -0.04437200
v 0.00550000 -0.01649500 -0.04432000
v -0.00409800 -0.01649500 -0.04432000
v 0.00550000 -0.01464600 -0.04339500
v -0.00409800 -0.01451600 -0.04334400
v 0.00550000 -0.01337200 -0.04296400
v -0.00409800 -0.01337200 -0.04296400
v 0.00550000 -0.01236600 -0.04272600
v -0.00409800 -0.01229700 -0.04271300
v 0.00550000 -0.01000000 -0.04250000
v -0.00409800 -0.01000000 -0.04250000
v 0.00550000 -0.00763400 -0.04272600
v -0.00409800 -0.00770300 -0.04271300
v 0.00550000 -0.00662800 -0.04296400
v -0.00409800 -0.00662800 -0.04296400
v 0.00550000 -0.00535400 -0.04339500
v -0.00409800 -0.00548400 -0.04334400
v -0.00409800 -0.00350500 -0.04432000
v 0.00050000 -0.01200000 -0.01500000
v 0.00032700 -0.01196900 -0.01500000
v 0.00032700 -0.01196900 0.01900000
v 0.00025000 -0.01193300 -0.01500000
v 0.00025000 -0.01193300 0.01900000
v 0.00014600 -0.01185400 -0.01500000
v 0.00014600 -0.01185400 0.01900000
v 0.00006700 -0.01175000 -0.01500000
v 0.00006700 -0.01175000 0.01900000
v 0.00000000 -0.01150000 -0.01500000
v 0.00003100 -0.01167300 -0.01500000
v 0.00000000 -0.01150000 -0.00600000
v 0.00000000 -0.01150000 0.00600000
v 0.00000000 -0.01150000 0.01706300
v 0.00003100 -0.01167300 0.01900000
v 0.00000000 -0.01150000 0.01900000
v 0.00025000 -0.01000000 0.02093300
v 0.00014600 -0.01000000 0.02085400
v 0.00014600 -0.01064200 0.02073900
v 0.00006700 -0.01000000 0.02075000
v 0.00003100 -0.01000000 0.02067300
v 0.00003100 -0.01057900 0.02057000
v 0.00014600 -0.01173900 0.01964200
v 0.00032700 -0.01184700 0.01968200
v 0.00032700 -0.01068200 0.02084700
v 0.00032700 -0.01000000 0.02096900
v 0.00032700 -0.01139200 0.02039200
v 0.00000000 -0.01140700 0.01951900
v 0.00003100 -0.01157000 0.01957900
v 0.00003100 -0.01118300 0.02018300
v 0.00000000 -0.01106100 0.02006100
v 0.00000000 -0.01051900 0.02040700
v 0.00000000 -0.01000000 0.02050000
v 0.00014600 -0.01131100 0.02031100
v 0.00000000 0.00316000 0.02050000
v 0.00006700 0.01000000 0.02075000
v 0.00000000 0.00780300 0.02050000
v 0.00003100 0.01000000 0.02067300
v 0.00000000 0.01000000 0.02050000
v 0.00000000 -0.00780300 0.02050000
v 0.00000000 -0.00232100 0.02050000
v 0.00032700 0.01000000 0.02096900
v 0.00025000 0.01000000 0.02093300
v 0.00014600 0.01000000 0.02085400
v 0.00025000 0.01193300 0.01900000
v 0.00014600 0.01185400 0.01900000
v 0.00014600 0.01173900 0.01964200
v 0.00006700 0.01175000 0.01900000
v 0.00003100 0.01167300 0.01900000
v 0.00003100 0.01157000 0.01957900
v 0.00014600 0.01064200 0.02073900
v 0.00032700 0.01068200 0.02084700
v 0.00050000 0.01173200 0.02000000
v 0.00050000 0.01187600 0.01969200
v 0.00032700 0.01184700 0.01968200
v 0.00050000 0.01200000 0.01900000
v 0.00032700 0.01196900 0.01900000
v 0.00050000 0.01141400 0.02041400
v 0.00032700 0.01139200 0.02039200
v 0.00050000 0.01100000 0.02073200
v 0.00050000 0.01069200 0.02087600
v 0.00000000 0.01051900 0.02040700
v 0.00003100 0.01057900 0.02057000
v 0.00003100 0.01118300 0.02018300
v 0.00000000 0.01106100 0.02006100
v 0.00000000 0.01140700 0.01951900
v 0.00000000 0.01150000 0.01900000
v 0.00014600 0.01131100 0.02031100
v 0.00000000 -0.00367300 -0.02836000
v 0.00000000 -0.00367300 -0.01954000
v 0.00000000 -0.00235000 -0.02836000
v 0.00000000 -0.00235000 -0.01954000
v 0.00000000 -0.00232100 -0.01954000
v 0.00000000 0.00094500 -0.01954000
v 0.00000000 0.00094500 -0.01836000
v 0.00000000 -0.00232100 -0.01836000
v 0.00000000 -0.00698200 -0.01836000
v 0.00000000 -0.00698200 -0.01954000
v 0.00000000 0.00073300 -0.02836000
v 0.00000000 0.00073300 -0.02718000
v 0.00000000 0.00316000 -0.02836000
v 0.00000000 0.00698200 -0.02836000
v 0.00000000 0.00698200 -0.01836000
v 0.00000000 0.00565800 -0.01836000
v 0.00000000 0.00565800 -0.02718000
v 0.00000000 0.00316000 -0.02718000
v 0.00000000 -0.00700000 -0.01362500
v 0.00000000 -0.00781200 -0.01340700
v 0.00000000 -0.00840700 -0.01281200
v 0.00000000 -0.00862500 -0.01200000
v 0.00000000 -0.00840700 -0.01118800
v 0.00000000 -0.00781200 -0.01059300
v 0.00000000 -0.00700000 -0.01037500
v 0.00000000 -0.00618700 -0.01059300
v 0.00000000 -0.00559300 -0.01118800
v 0.00000000 -0.00537500 -0.01200000
v 0.00000000 -0.00559300 -0.01281200
v 0.00000000 -0.00618700 -0.01340700
v 0.00000000 0.00700000 0.01037500
v 0.00000000 0.00618700 0.01059300
v 0.00000000 0.00559300 0.01118800
v 0.00000000 0.00537500 0.01200000
v 0.00000000 0.00559300 0.01281200
v 0.00000000 0.00618700 0.01340700
v 0.00000000 0.00700000 0.01362500
v 0.00000000 0.00781200 0.01340700
v 0.00000000 0.00840700 0.01281200
v 0.00000000 0.00862500 0.01200000
v 0.00000000 0.00840700 0.01118800
v 0.00000000 0.00781200 0.01059300
v 0.00000000 0.00700000 -0.01362500
v 0.00000000 0.00618700 -0.01340700
v 0.00000000 0.00559300 -0.01281200
v 0.00000000 0.00537500 -0.01200000
v 0.00000000 0.00559300 -0.01118800
v 0.00000000 0.00618700 -0.01059300
v 0.00000000 0.00700000 -0.01037500
v 0.00000000 0.00781200 -0.01059300
v 0.00000000 0.00840700 -0.01118800
v 0.00000000 0.00862500 -0.01200000
v 0.00000000 0.00840700 -0.01281200
v 0.00000000 0.00781200 -0.01340700
v 0.00000000 -0.00700000 0.01037500
v 0.00000000 -0.00781200 0.01059300
v 0.00000000 -0.00840700 0.01118800
v 0.00000000 -0.00862500 0.01200000
v 0.00000000 -0.00840700 0.01281200
v 0.00000000 -0.00781200 0.01340700
v 0.00000000 -0.00700000 0.01362500
v 0.00000000 -0.00618700 0.01340700
v 0.00000000 -0.00559300 0.01281200
v 0.00000000 -0.00537500 0.01200000
v 0.00000000 -0.00559300 0.01118800
v 0.00000000 -0.00618700 0.01059300
v 0.00000000 0.00700000 -0.00162500
v 0.00000000 0.00618700 -0.00140700
v 0.00000000 0.00559300 -0.00081300
v 0.00000000 0.00537500 0.00000000
v 0.00000000 0.00559300 0.00081300
v 0.00000000 0.00618700 0.00140700
v 0.00000000 0.00700000 0.00162500
v 0.00000000 0.00781200 0.00140700
v 0.00000000 0.00840700 0.00081300
v 0.00000000 0.00862500 0.00000000
v 0.00000000 0.00840700 -0.00081300
v 0.00000000 0.00781200 -0.00140700
v 0.00000000 -0.00700000 -0.00162500
v 0.00000000 -0.00781200 -0.00140700
v 0.00000000 -0.00840700 -0.00081300
v 0.00000000 -0.00862500 -0.00000000
v 0.00000000 -0.00840700 0.00081300
v 0.00000000 -0.00781200 0.00140700
v 0.00000000 -0.00700000 0.00162500
v 0.00000000 -0.00618700 0.00140700
v 0.00000000 -0.00559300 0.00081300
v 0.00000000 -0.00537500 0.00000000
v 0.00000000 -0.00559300 -0.00081300
v 0.00000000 -0.00618700 -0.00140700
v 0.00550000 0.01200000 0.01900000
v 0.00550000 0.01187600 0.01969200
v 0.00550000 0.01173200 0.02000000
v 0.00550000 0.01141400 0.02041400
v 0.00550000 0.01100000 0.02073200
v 0.00550000 0.01069200 0.02087600
v 0.00000000 0.01150000 -0.01500000
v 0.00000000 0.01150000 -0.00600000
v 0.00003100 0.01167300 -0.01500000
v 0.00006700 0.01175000 -0.01500000
v 0.00000000 0.01150000 0.01706300
v 0.00000000 0.01150000 0.00600000
v 0.00014600 0.01185400 -0.01500000
v 0.00025000 0.01193300 -0.01500000
v 0.00032700 0.01196900 -0.01500000
v 0.00050000 0.01200000 -0.01500000
v 0.00550000 -0.01200000 -0.01500000
v 0.00567300 -0.01196900 0.01900000
v 0.00567300 -0.01196900 -0.01500000
v 0.00575000 -0.01193300 0.01900000
v 0.00575000 -0.01193300 -0.01500000
v 0.00585400 -0.01185400 0.01900000
v 0.00585400 -0.01185400 -0.01500000
v 0.00593300 -0.01175000 0.01900000
v 0.00593300 -0.01175000 -0.01500000
v 0.00600000 -0.01150000 0.01900000
v 0.00596900 -0.01167300 0.01900000
v 0.00600000 -0.01150000 0.01800000
v 0.00600000 -0.01150000 0.00600000
v 0.00600000 -0.01150000 -0.00600000
v 0.00596900 -0.01167300 -0.01500000
v 0.00600000 -0.01150000 -0.01500000
v 0.00593300 -0.01000000 0.02075000
v 0.00585400 -0.01000000 0.02085400
v 0.00585400 -0.01064200 0.02073900
v 0.00575000 -0.01000000 0.02093300
v 0.00567300 -0.01000000 0.02096900
v 0.00567300 -0.01068200 0.02084700
v 0.00585400 -0.01173900 0.01964200
v 0.00596900 -0.01157000 0.01957900
v 0.00600000 -0.01000000 0.02050000
v 0.00596900 -0.01000000 0.02067300
v 0.00596900 -0.01057900 0.02057000
v 0.00600000 -0.01051900 0.02040700
v 0.00596900 -0.01118300 0.02018300
v 0.00600000 -0.01106100 0.02006100
v 0.00600000 -0.01140700 0.01951900
v 0.00567300 -0.01184700 0.01968200
v 0.00567300 -0.01139200 0.02039200
v 0.00585400 -0.01131100 0.02031100
v 0.00567300 0.01000000 0.02096900
v 0.00575000 0.01000000 0.02093300
v 0.00585400 0.01000000 0.02085400
v 0.00593300 0.01000000 0.02075000
v 0.00596900 0.01000000 0.02067300
v 0.00600000 0.01000000 0.02050000
v 0.00593300 0.01175000 0.01900000
v 0.00585400 0.01185400 0.01900000
v 0.00585400 0.01173900 0.01964200
v 0.00575000 0.01193300 0.01900000
v 0.00567300 0.01196900 0.01900000
v 0.00567300 0.01184700 0.01968200
v 0.00585400 0.01064200 0.02073900
v 0.00596900 0.01057900 0.02057000
v 0.00600000 0.01150000 0.01900000
v 0.00596900 0.01167300 0.01900000
v 0.00596900 0.01157000 0.01957900
v 0.00600000 0.01140700 0.01951900
v 0.00596900 0.01118300 0.02018300
v 0.00600000 0.01106100 0.02006100
v 0.00600000 0.01051900 0.02040700
v 0.00567300 0.01068200 0.02084700
v 0.00567300 0.01139200 0.02039200
v 0.00585400 0.01131100 0.02031100
v 0.00593300 0.01175000 -0.01500000
v 0.00585400 0.01185400 -0.01500000
v 0.00575000 0.01193300 -0.01500000
v 0.00567300 0.01196900 -0.01500000
v 0.00550000 0.01200000 -0.01500000
v 0.00600000 0.01150000 -0.01500000
v 0.00596900 0.01167300 -0.01500000
v 0.00600000 0.01150000 -0.00600000
v 0.00600000 0.01150000 0.00600000
v 0.00600000 0.01150000 0.01800000
v 0.00600000 0.00525000 0.01503100
v 0.00600000 0.00396900 0.01375000
v 0.00600000 0.00350000 0.01200000
v 0.00600000 0.00396900 0.01025000
v 0.00600000 0.00525000 0.00896900
v 0.00600000 0.00700000 0.00850000
v 0.00600000 0.00875000 0.00896900
v 0.00600000 0.01003100 0.01025000
v 0.00600000 0.01050000 0.01200000
v 0.00600000 0.01003100 0.01375000
v 0.00600000 0.00875000 0.01503100
v 0.00600000 0.00700000 0.01550000
v 0.00600000 0.00525000 0.00303100
v 0.00600000 0.00396900 0.00175000
v 0.00600000 0.00350000 0.00000000
v 0.00600000 0.00396900 -0.00175000
v 0.00600000 0.00525000 -0.00303100
v 0.00600000 0.00700000 -0.00350000
v 0.00600000 0.00875000 -0.00303100
v 0.00600000 0.01003100 -0.00175000
v 0.00600000 0.01050000 -0.00000000
v 0.00600000 0.01003100 0.00175000
v 0.00600000 0.00875000 0.00303100
v 0.00600000 0.00700000 0.00350000
v 0.00600000 -0.00875000 -0.00896900
v 0.00600000 -0.01003100 -0.01025000
v 0.00600000 -0.01050000 -0.01200000
v 0.00600000 -0.01003100 -0.01375000
v 0.00600000 -0.00875000 -0.01503100
v 0.00600000 -0.00700000 -0.01550000
v 0.00600000 -0.00525000 -0.01503100
v 0.00600000 -0.00396900 -0.01375000
v 0.00600000 -0.00350000 -0.01200000
v 0.00600000 -0.00396900 -0.01025000
v 0.00600000 -0.00525000 -0.00896900
v 0.00600000 -0.00700000 -0.00850000
v 0.00600000 -0.01000000 -0.06800000
v 0.00600000 -0.00876400 -0.06794100
v 0.00596900 -0.00878100 -0.06776900
v 0.00600000 -0.00633700 -0.06747300
v 0.00596900 -0.00638600 -0.06730700
v 0.00600000 -0.00404300 -0.06655500
v 0.00596900 -0.00412200 -0.06640100
v 0.00600000 -0.00196400 -0.06521900
v 0.00596900 -0.00207100 -0.06508300
v 0.00600000 -0.00017500 -0.06351300
v 0.00596900 -0.00030600 -0.06340000
v 0.00600000 0.00125800 -0.06150000
v 0.00596900 0.00110800 -0.06141300
v 0.00600000 0.00228500 -0.05925200
v 0.00596900 0.00212100 -0.05919500
v 0.00600000 0.00286800 -0.05685000
v 0.00596900 0.00269600 -0.05682500
v 0.00600000 0.00298500 -0.05438100
v 0.00596900 0.00281200 -0.05439000
v 0.00600000 0.00263400 -0.05193500
v 0.00596900 0.00246500 -0.05197600
v 0.00600000 0.00182500 -0.04960000
v 0.00596900 0.00166800 -0.04967100
v 0.00600000 0.00058900 -0.04745900
v 0.00596900 0.00044900 -0.04756000
v 0.00600000 -0.00102900 -0.04559100
v 0.00596900 -0.00114800 -0.04571700
v 0.00600000 -0.00297200 -0.04406400
v 0.00596900 -0.00306500 -0.04420900
v 0.00600000 -0.00516800 -0.04293100
v 0.00596900 -0.00523300 -0.04309200
v 0.00600000 -0.00754000 -0.04223500
v 0.00596900 -0.00757200 -0.04240500
v 0.00600000 -0.01000000 -0.04200000
v 0.00596900 -0.01000000 -0.04217300
v 0.00600000 -0.01246000 -0.04223500
v 0.00596900 -0.01242800 -0.04240500
v 0.00600000 -0.01483200 -0.04293100
v 0.00596900 -0.01476700 -0.04309200
v 0.00600000 -0.01702800 -0.04406400
v 0.00596900 -0.01693500 -0.04420900
v 0.00600000 -0.01897100 -0.04559100
v 0.00596900 -0.01885200 -0.04571700
v 0.00600000 -0.02058900 -0.04745900
v 0.00596900 -0.02044900 -0.04756000
v 0.00600000 -0.02182500 -0.04960000
v 0.00596900 -0.02166800 -0.04967100
v 0.00600000 -0.02263400 -0.05193500
v 0.00596900 -0.02246500 -0.05197600
v 0.00600000 -0.02298500 -0.05438100
v 0.00596900 -0.02281200 -0.05439000
v 0.00600000 -0.02286800 -0.05685000
v 0.00596900 -0.02269600 -0.05682500
v 0.00600000 -0.02228500 -0.05925200
v 0.00596900 -0.02212100 -0.05919500
v 0.00600000 -0.02125800 -0.06150000
v 0.00596900 -0.02110800 -0.06141300
v 0.00600000 -0.01982500 -0.06351300
v 0.00596900 -0.01969400 -0.06340000
v 0.00600000 -0.01803600 -0.06521900
v 0.00596900 -0.01792900 -0.06508300
v 0.00600000 -0.01595700 -0.06655500
v 0.00596900 -0.01587800 -0.06640100
v 0.00600000 -0.01366300 -0.06747300
v 0.00596900 -0.01361400 -0.06730700
v 0.00600000 -0.01123600 -0.06794100
v 0.00596900 -0.01121900 -0.06776900
v 0.00567300 -0.01237100 -0.04269600
v 0.00567300 -0.01465700 -0.04336700
v 0.00567300 -0.01677500 -0.04445800
v 0.00567300 -0.01864700 -0.04593100
v 0.00567300 -0.02020700 -0.04773100
v 0.00567300 -0.02139900 -0.04979400
v 0.00567300 -0.02217800 -0.05204600
v 0.00567300 -0.02085200 -0.06126500
v 0.00567300 -0.02184200 -0.05909800
v 0.00567300 -0.02240300 -0.05678300
v 0.00567300 -0.02251700 -0.05440400
v 0.00567300 -0.01947000 -0.06320600
v 0.00567300 -0.01574200 -0.06613800
v 0.00567300 -0.01774600 -0.06485000
v 0.00567300 -0.01353000 -0.06702300
v 0.00567300 -0.00880900 -0.06747400
v 0.00567300 -0.01119100 -0.06747400
v 0.00567300 -0.00647000 -0.06702300
v 0.00567300 -0.00225400 -0.06485000
v 0.00567300 -0.00425800 -0.06613800
v 0.00567300 -0.00053000 -0.06320600
v 0.00567300 0.00085200 -0.06126500
v 0.00567300 0.00184200 -0.05909800
v 0.00567300 0.00240300 -0.05678300
v 0.00567300 0.00251700 -0.05440400
v 0.00567300 0.00217800 -0.05204600
v 0.00567300 0.00139900 -0.04979400
v 0.00567300 0.00020700 -0.04773100
v 0.00567300 -0.00135300 -0.04593100
v 0.00567300 -0.00322500 -0.04445800
v 0.00567300 -0.01000000 -0.04246900
v 0.00567300 -0.00762900 -0.04269600
v 0.00567300 -0.00534300 -0.04336700
v 0.00585400 -0.01000000 -0.04235400
v 0.00585400 -0.01239300 -0.04258200
v 0.00585400 -0.01470000 -0.04325900
v 0.00585400 -0.01683700 -0.04436100
v 0.00585400 -0.01872700 -0.04584700
v 0.00585400 -0.02030100 -0.04766400
v 0.00585400 -0.02150400 -0.04974600
v 0.00585400 -0.02229000 -0.05201800
v 0.00585400 -0.02263200 -0.05439800
v 0.00585400 -0.02251800 -0.05680000
v 0.00585400 -0.02195100 -0.05913600
v 0.00585400 -0.02095200 -0.06132300
v 0.00585400 -0.01955800 -0.06328200
v 0.00585400 -0.01781800 -0.06494100
v 0.00585400 -0.01579500 -0.06624100
v 0.00585400 -0.01356300 -0.06713400
v 0.00585400 -0.01120200 -0.06758900
v 0.00585400 -0.00879800 -0.06758900
v 0.00585400 -0.00643700 -0.06713400
v 0.00585400 -0.00420500 -0.06624100
v 0.00585400 -0.00218200 -0.06494100
v 0.00585400 -0.00044200 -0.06328200
v 0.00585400 0.00095200 -0.06132300
v 0.00585400 0.00195100 -0.05913600
v 0.00585400 0.00251800 -0.05680000
v 0.00585400 0.00263200 -0.05439800
v 0.00585400 0.00229000 -0.05201800
v 0.00585400 0.00150400 -0.04974600
v 0.00585400 0.00030100 -0.04766400
v 0.00585400 -0.00127300 -0.04584700
v 0.00585400 -0.00316300 -0.04436100
v 0.00585400 -0.00530000 -0.04325900
v 0.00585400 -0.00760700 -0.04258200
v 0.00600000 -0.00875000 0.00303100
v 0.00600000 -0.01003100 0.00175000
v 0.00600000 -0.01050000 -0.00000000
v 0.00600000 -0.01003100 -0.00175000
v 0.00600000 -0.00875000 -0.00303100
v 0.00600000 -0.00700000 -0.00350000
v 0.00600000 -0.00525000 -0.00303100
v 0.00600000 -0.00396900 -0.00175000
v 0.00600000 -0.00350000 -0.00000000
v 0.00600000 -0.00396900 0.00175000
v 0.00600000 -0.00525000 0.00303100
v 0.00600000 -0.00700000 0.00350000
v 0.00600000 0.00525000 -0.00896900
v 0.00600000 0.00396900 -0.01025000
v 0.00600000 0.00350000 -0.01200000
v 0.00600000 0.00396900 -0.01375000
v 0.00600000 0.00525000 -0.01503100
v 0.00600000 0.00700000 -0.01550000
v 0.00600000 0.00875000 -0.01503100
v 0.00600000 0.01003100 -0.01375000
v 0.00600000 0.01050000 -0.01200000
v 0.00600000 0.01003100 -0.01025000
v 0.00600000 0.00875000 -0.00896900
v 0.00600000 0.00700000 -0.00850000
v 0.00600000 -0.00875000 0.01503100
v 0.00600000 -0.01003100 0.01375000
v 0.00600000 -0.01050000 0.01200000
v 0.00600000 -0.01003100 0.01025000
v 0.00600000 -0.00875000 0.00896900
v 0.00600000 -0.00700000 0.00850000
v 0.00600000 -0.00525000 0.00896900
v 0.00600000 -0.00396900 0.01025000
v 0.00600000 -0.00350000 0.01200000
v 0.00600000 -0.00396900 0.01375000
v 0.00600000 -0.00525000 0.01503100
v 0.00600000 -0.00700000 0.01550000
v 0.00032700 -0.01210800 -0.01856600
v 0.00050000 -0.01213800 -0.01856300
v 0.00032700 -0.01269700 -0.02314500
v 0.00050000 -0.01272700 -0.02314000
v 0.00050000 -0.01310900 -0.02503300
v 0.00032700 -0.01374200 -0.02764200
v 0.00050000 -0.01377200 -0.02763400
v 0.00050000 -0.01474900 -0.03065000
v 0.00032700 -0.01523400 -0.03201200
v 0.00050000 -0.01526300 -0.03200000
v 0.00032700 -0.01668300 -0.03527300
v 0.00050000 -0.01671000 -0.03525900
v 0.00000000 -0.01479800 -0.03218500
v 0.00000000 -0.01626200 -0.03548000
v 0.00003100 -0.01641700 -0.03540300
v 0.00003100 -0.01495900 -0.03212100
v 0.00003100 -0.01345800 -0.02772400
v 0.00000000 -0.01329100 -0.02777100
v 0.00003100 -0.01240500 -0.02319800
v 0.00000000 -0.01223500 -0.02322800
v 0.00003100 -0.01181200 -0.01858900
v 0.00000000 -0.01164000 -0.01860200
v 0.00014600 -0.01199200 -0.01857500
v 0.00014600 -0.01258300 -0.02316600
v 0.00014600 -0.01363100 -0.02767400
v 0.00014600 -0.01512700 -0.03205400
v 0.00014600 -0.01657900 -0.03532400
v 0.00585400 -0.01193900 -0.01780200
v 0.00567300 -0.01205400 -0.01779500
v 0.00567300 -0.02264400 -0.04444700
v 0.00567300 -0.02091800 -0.04224600
v 0.00550000 -0.02266700 -0.04442700
v 0.00550000 -0.02094300 -0.04222800
v 0.00550000 -0.02009400 -0.04103600
v 0.00567300 -0.01848500 -0.03858800
v 0.00550000 -0.01851200 -0.03857200
v 0.00550000 -0.01709000 -0.03601400
v 0.00567300 -0.01641300 -0.03471500
v 0.00550000 -0.01644100 -0.03470100
v 0.00567300 -0.01472000 -0.03066100
v 0.00550000 -0.01474900 -0.03065000
v 0.00567300 -0.01342200 -0.02646400
v 0.00550000 -0.01345200 -0.02645600
v 0.00550000 -0.01310900 -0.02503300
v 0.00567300 -0.01253100 -0.02216200
v 0.00550000 -0.01256100 -0.02215700
v 0.00550000 -0.01219700 -0.01925300
v 0.00550000 -0.01208500 -0.01779300
v 0.00600000 -0.01158600 -0.01782300
v 0.00596900 -0.01175900 -0.01781300
v 0.00596900 -0.01223800 -0.02220800
v 0.00600000 -0.01206700 -0.02223500
v 0.00596900 -0.01313500 -0.02653800
v 0.00600000 -0.01296800 -0.02658100
v 0.00596900 -0.01444200 -0.03076200
v 0.00600000 -0.01427900 -0.03082100
v 0.00596900 -0.01614600 -0.03484200
v 0.00600000 -0.01598900 -0.03491600
v 0.00596900 -0.01823100 -0.03874000
v 0.00600000 -0.01808300 -0.03882900
v 0.00596900 -0.02067900 -0.04242200
v 0.00600000 -0.02054000 -0.04252500
v 0.00596900 -0.02241600 -0.04463600
v 0.00600000 -0.02228300 -0.04474700
v 0.00585400 -0.01241700 -0.02218000
v 0.00585400 -0.01331000 -0.02649300
v 0.00585400 -0.01461100 -0.03070000
v 0.00585400 -0.01630900 -0.03476400
v 0.00585400 -0.01838600 -0.03864800
v 0.00585400 -0.02082500 -0.04231500
v 0.00585400 -0.02255500 -0.04452100
v -0.00991200 -0.00542300 -0.06681400
v -0.00991200 -0.00767200 -0.06745300
v -0.00991200 0.00011000 -0.06263500
v -0.00991200 -0.00146500 -0.06436300
v -0.00991200 0.00261500 -0.05616900
v -0.00991200 0.00218600 -0.05846700
v -0.00991200 0.00134100 -0.04935300
v -0.00991200 0.00218600 -0.05153300
v -0.00991200 -0.00333100 -0.04422800
v -0.00991200 -0.00146500 -0.04563700
v -0.00991200 -0.01853500 -0.04563700
v -0.00991200 -0.01666900 -0.04422800
v -0.00991200 -0.02218600 -0.05153300
v -0.00991200 -0.02134100 -0.04935300
v -0.00991200 -0.02218600 -0.05846700
v -0.00991200 -0.02261500 -0.05616900
v -0.00991200 -0.01853500 -0.06436300
v -0.00991200 -0.02011000 -0.06263500
v -0.00991200 -0.01232800 -0.06745300
v -0.00991200 -0.01457700 -0.06681400
v -0.00991200 -0.01666900 -0.06577200
v -0.00991200 -0.02134100 -0.06064700
v -0.00991200 -0.02261500 -0.05383100
v -0.00991200 -0.02011000 -0.04736500
v -0.00991200 -0.01232800 -0.04254700
v -0.00991200 -0.01457700 -0.04318600
v -0.00991200 -0.00767200 -0.04254700
v -0.00991200 -0.01000000 -0.04233100
v -0.00991200 -0.00542300 -0.04318600
v -0.00991200 0.00011000 -0.04736500
v -0.00991200 0.00261500 -0.05383100
v -0.00991200 0.00134100 -0.06064700
v -0.00991200 -0.00333100 -0.06577200
v -0.00991200 -0.01000000 -0.06766900
v -0.01570600 -0.01000000 -0.06817600
v -0.01570600 -0.01242100 -0.06795200
v -0.01570600 -0.01476000 -0.06728600
v -0.01570600 -0.01693600 -0.06620300
v -0.01570600 -0.01887700 -0.06473700
v -0.01570600 -0.02051500 -0.06294000
v -0.01570600 -0.02179500 -0.06087300
v -0.01570600 -0.02267300 -0.05860600
v -0.01570600 -0.02312000 -0.05621600
v -0.01570600 -0.02312000 -0.05378400
v -0.01570600 -0.02267300 -0.05139400
v -0.01570600 -0.02179500 -0.04912700
v -0.01570600 -0.02051500 -0.04706000
v -0.01570600 -0.01887700 -0.04526300
v -0.01570600 -0.01693600 -0.04379700
v -0.01570600 -0.01476000 -0.04271400
v -0.01570600 -0.01242100 -0.04204800
v -0.01570600 -0.01000000 -0.04182400
v -0.01570600 -0.00757900 -0.04204800
v -0.01570600 -0.00524000 -0.04271400
v -0.01570600 -0.00306400 -0.04379700
v -0.01570600 -0.00112300 -0.04526300
v -0.01570600 0.00051500 -0.04706000
v -0.01570600 0.00179500 -0.04912700
v -0.01570600 0.00267300 -0.05139400
v -0.01570600 0.00312000 -0.05378400
v -0.01570600 0.00312000 -0.05621600
v -0.01570600 0.00267300 -0.05860600
v -0.01570600 0.00179500 -0.06087300
v -0.01570600 0.00051500 -0.06294000
v -0.01570600 -0.00112300 -0.06473700
v -0.01570600 -0.00306400 -0.06620300
v -0.01570600 -0.00524000 -0.06728600
v -0.01570600 -0.00757900 -0.06795200
v -0.02146200 -0.02348400 -0.05883600
v -0.02146200 -0.02395900 -0.05629400
v -0.02146200 -0.02401900 -0.05500000
v -0.02146200 -0.02395900 -0.05370600
v -0.02146200 -0.02348400 -0.05116400
v -0.02146200 -0.02254900 -0.04875100
v -0.02146200 -0.02118700 -0.04655200
v -0.02146200 -0.01944500 -0.04464000
v -0.02146200 -0.01738000 -0.04308100
v -0.02146200 -0.01506400 -0.04192800
v -0.02146200 -0.01257600 -0.04122000
v -0.02146200 -0.01000000 -0.04098100
v -0.02146200 -0.00742400 -0.04122000
v -0.02146200 -0.00493600 -0.04192800
v -0.02146200 -0.00262000 -0.04308100
v -0.02146200 -0.00055500 -0.04464000
v -0.02146200 0.00118700 -0.04655200
v -0.02146200 0.00254900 -0.04875100
v -0.02146200 0.00348400 -0.05116400
v -0.02146200 0.00395900 -0.05370600
v -0.02146200 0.00395900 -0.05629400
v -0.02146200 0.00348400 -0.05883600
v -0.02146200 0.00254900 -0.06124900
v -0.02146200 0.00118700 -0.06344800
v -0.02146200 -0.00055500 -0.06536000
v -0.02146200 -0.00262000 -0.06691900
v -0.02146200 -0.00493600 -0.06807200
v -0.02146200 -0.00742400 -0.06878000
v -0.02146200 -0.01000000 -0.06901900
v -0.02146200 -0.01257600 -0.06878000
v -0.02146200 -0.01506400 -0.06807200
v -0.02146200 -0.01738000 -0.06691900
v -0.02146200 -0.01944500 -0.06536000
v -0.02146200 -0.02118700 -0.06344800
v -0.02146200 -0.02254900 -0.06124900
v 0.00000000 0.00970200 -0.03923100
v 0.00000000 0.00851100 -0.04619000
v 0.00000000 0.00817400 -0.04551600
v 0.00000000 -0.01551500 -0.03525600
v 0.00000000 0.00780300 0.01706300
v 0.00000000 -0.00780300 0.01706300
v 0.00000000 -0.00780300 0.00600000
v 0.00000000 -0.00780300 -0.00600000
v 0.00000000 -0.00780300 -0.01599300
v 0.00000000 -0.01247500 -0.03465000
v 0.00000000 -0.00937800 -0.03450900
v 0.00000000 -0.00045300 -0.03685900
v 0.00000000 -0.00329800 -0.03562600
v 0.00000000 -0.00629600 -0.03483700
v 0.00000000 -0.00232100 -0.01599300
v 0.00000000 0.00316000 -0.01599300
v 0.00000000 0.00452100 -0.04052900
v 0.00000000 0.00217300 -0.03850500
v 0.00000000 0.00780300 -0.01599300
v 0.00000000 0.01134800 -0.02205900
v 0.00000000 0.01075100 -0.03066700
v 0.00000000 0.00653700 -0.04288400
v 0.00000000 -0.00232100 -0.00600000
v 0.00000000 0.00316000 0.01706300
v 0.00000000 0.00316000 0.00600000
v 0.00000000 0.00780300 0.00600000
v 0.00000000 0.00316000 -0.00600000
v 0.00000000 0.00780300 -0.00600000
v 0.00000000 -0.00232100 0.00600000
v 0.00000000 -0.00232100 0.01706300
v -0.00009200 -0.01805800 -0.03784400
v -0.00035800 -0.01872700 -0.03892800
v 0.00033100 -0.01752300 -0.03683400
v -0.00031100 -0.01756100 -0.03762100
v -0.00036800 -0.01781800 -0.03789200
v -0.00032700 -0.01787900 -0.03787000
v -0.00164000 -0.02024800 -0.04125800
v -0.00102000 -0.01955800 -0.04024000
v -0.00111200 -0.01952600 -0.04021000
v -0.00120100 -0.01947700 -0.04019300
v -0.00252400 -0.02103800 -0.04237500
v -0.00400000 -0.02266700 -0.04442700
v -0.00135100 -0.01934100 -0.04019800
v -0.00136100 -0.01935400 -0.04021600
v -0.00131800 -0.01937900 -0.04019200
v -0.00128100 -0.01941500 -0.04018900
v -0.00010800 -0.01698900 -0.03671300
v -0.00004900 -0.01713700 -0.03664400
v 0.00006100 -0.01726300 -0.03659700
v 0.00021000 -0.01735000 -0.03657700
v 0.00045900 -0.01709200 -0.03601700
v -0.00022200 -0.01798300 -0.03784500
v -0.00144500 -0.01947200 -0.04037800
v -0.00172200 -0.01985000 -0.04088500
v -0.00256800 -0.02101300 -0.04236300
v -0.00260900 -0.02098400 -0.04235500
v -0.00269700 -0.02109200 -0.04249100
v -0.00296800 -0.02142200 -0.04290600
v -0.00349200 -0.02205500 -0.04368700
v 0.00585400 0.01174400 -0.02099500
v 0.00596900 0.01156400 -0.02098800
v 0.00600000 0.00540600 -0.05931800
v 0.00596900 0.00557300 -0.05936500
v 0.00596900 0.00708400 -0.05357000
v 0.00600000 0.00691600 -0.05352900
v 0.00596900 0.00881500 -0.04551900
v 0.00600000 0.00864500 -0.04548700
v 0.00596900 0.01014100 -0.03739100
v 0.00600000 0.00996900 -0.03736800
v 0.00596900 0.01105800 -0.02920800
v 0.00600000 0.01088500 -0.02919300
v 0.00600000 0.01139100 -0.02098200
v 0.00550000 0.01189100 -0.02100000
v 0.00567300 0.01186000 -0.02099900
v 0.00550000 0.01168900 -0.02512100
v 0.00567300 0.01135300 -0.02923300
v 0.00550000 0.01138400 -0.02923600
v 0.00567300 0.01043400 -0.03743200
v 0.00550000 0.01046500 -0.03743600
v 0.00567300 0.00910600 -0.04557400
v 0.00550000 0.00913600 -0.04557900
v 0.00550000 0.00832000 -0.04962400
v 0.00567300 0.00737200 -0.05363900
v 0.00550000 0.00740200 -0.05364600
v 0.00567300 0.00585800 -0.05944500
v 0.00550000 0.00588800 -0.05945300
v 0.00585400 0.01123800 -0.02922300
v 0.00585400 0.01032000 -0.03741600
v 0.00585400 0.00899200 -0.04555200
v 0.00585400 0.00725900 -0.05361200
v 0.00585400 0.00574700 -0.05941400
v -0.00072900 0.00780000 -0.05135200
v -0.00031200 0.00811800 -0.04966000
v -0.00020500 0.00821100 -0.04970500
v -0.00095000 0.00762600 -0.05181100
v -0.00080300 0.00771600 -0.05130900
v -0.00006600 0.00831800 -0.04755100
v 0.00003100 0.00868000 -0.04622300
v -0.00073500 0.00775900 -0.05106300
v -0.00062600 0.00782900 -0.05065500
v -0.00038400 0.00800100 -0.04961800
v -0.00008100 0.00834200 -0.04792400
v -0.00189500 0.00709100 -0.05453800
v -0.00179400 0.00714700 -0.05427200
v -0.00125700 0.00746200 -0.05301700
v -0.00170500 0.00719600 -0.05403600
v -0.00250200 0.00672900 -0.05629500
v -0.00400000 0.00588800 -0.05945300
v -0.00398400 0.00589700 -0.05941800
v -0.00186600 0.00702300 -0.05518600
v -0.00296600 0.00649900 -0.05712900
v -0.00293500 0.00651600 -0.05705700
v -0.00254700 0.00672100 -0.05627100
v -0.00258800 0.00671000 -0.05624800
v 0.00006800 0.00828500 -0.04978400
v -0.00050200 0.00784000 -0.05178200
v -0.00007500 0.00826900 -0.04974800
v -0.00108500 0.00752300 -0.05309800
v -0.00117400 0.00750100 -0.05305900
v -0.00004300 0.00841700 -0.04794400
v 0.00006900 0.00854100 -0.04798400
v 0.00021600 0.00862400 -0.04801900
v 0.00026600 0.00849100 -0.04881700
v 0.00014600 0.00885800 -0.04625700
v 0.00032700 0.00897100 -0.04627900
v 0.00050000 0.00900100 -0.04628500
v -0.00099200 0.00752400 -0.05313500
v 0.00032700 0.01016600 -0.03930100
v 0.00050000 0.01019700 -0.03930500
v 0.00032700 0.01121800 -0.03071100
v 0.00050000 0.01124900 -0.03071400
v 0.00050000 0.01046500 -0.03743600
v 0.00032700 0.01181700 -0.02207900
v 0.00050000 0.01184800 -0.02208000
v 0.00050000 0.01168900 -0.02512100
v 0.00014600 0.01170100 -0.02207400
v 0.00003100 0.01152100 -0.02206600
v 0.00003100 0.01092300 -0.03068300
v 0.00014600 0.01005200 -0.03928400
v 0.00003100 0.00987300 -0.03925700
v 0.00014600 0.01110300 -0.03070000
v 0.00600000 0.00325000 0.01800000
v 0.00600000 -0.00025000 0.01800000
v 0.00600000 -0.00025000 -0.02875000
v 0.00600000 -0.01093200 -0.07097300
v 0.00600000 -0.01362800 -0.07058300
v 0.00600000 -0.01621900 -0.06974200
v 0.00600000 -0.01862900 -0.06847400
v 0.00600000 -0.02079000 -0.06681500
v 0.00600000 -0.02263700 -0.06481300
v 0.00600000 -0.02411900 -0.06252800
v 0.00600000 -0.02519100 -0.06002400
v 0.00600000 -0.02582300 -0.05737400
v 0.00600000 -0.02599600 -0.05465600
v 0.00600000 -0.02570600 -0.05194800
v 0.00600000 -0.02496100 -0.04932800
v 0.00600000 -0.02378200 -0.04687200
v 0.00600000 -0.00025000 -0.00600000
v 0.00600000 -0.00025000 0.00600000
v 0.00600000 0.01100000 0.01800000
v 0.00600000 0.01100000 -0.00600000
v 0.00600000 0.00325000 -0.00600000
v 0.00600000 0.00325000 -0.02875000
v 0.00600000 0.00314700 -0.06411900
v 0.00600000 0.00450300 -0.06175700
v 0.00600000 0.00141000 -0.06621700
v 0.00600000 -0.00065800 -0.06799000
v 0.00600000 -0.00299700 -0.06938600
v 0.00600000 -0.00553800 -0.07036500
v 0.00600000 -0.00820900 -0.07089900
v 0.00600000 0.01100000 0.00600000
v 0.00600000 0.00325000 0.00600000
v -0.02183800 -0.02541600 -0.04955300
v -0.02183800 -0.02611500 -0.05223700
v -0.02124400 -0.02626300 -0.05221100
v -0.02183800 -0.01069400 -0.03866400
v -0.02183800 -0.01344500 -0.03901700
v -0.02124400 -0.01347600 -0.03887000
v -0.02124400 0.00638000 -0.05698900
v -0.02124400 0.00596800 -0.05915800
v -0.02183800 0.00582300 -0.05912000
v -0.02183800 -0.01344500 -0.07098300
v -0.02183800 -0.01069400 -0.07133600
v -0.02124400 -0.01070000 -0.07148500
v -0.02183800 -0.02611500 -0.05776300
v -0.02183800 -0.02541600 -0.06044700
v -0.02124400 -0.02555700 -0.06049700
v -0.02183800 -0.02272100 -0.06527200
v -0.02124400 -0.02357900 -0.06437300
v -0.02183800 -0.02427400 -0.06297400
v -0.02124400 -0.02440500 -0.06304700
v -0.02124400 -0.02542800 -0.06085100
v -0.02183800 -0.01857300 -0.06892300
v -0.02124400 -0.01865100 -0.06905000
v -0.02183800 -0.02080200 -0.06727400
v -0.02124400 -0.02090100 -0.06738600
v -0.02124400 -0.02283800 -0.06536600
v -0.02124400 -0.01347600 -0.07113000
v -0.02124400 -0.01394900 -0.07102100
v -0.02183800 -0.01609600 -0.07017100
v -0.02124400 -0.01615200 -0.07031000
v -0.02124400 -0.01766800 -0.06961000
v -0.02183800 -0.00521200 -0.07063400
v -0.02124400 -0.00605100 -0.07102100
v -0.02183800 -0.00792300 -0.07121800
v -0.02124400 -0.00790400 -0.07136600
v -0.02124400 -0.01000000 -0.07150000
v -0.02183800 -0.00027800 -0.06814600
v -0.02124400 -0.00233200 -0.06961000
v -0.02183800 -0.00263900 -0.06960000
v -0.02124400 -0.00257200 -0.06973300
v -0.02124400 -0.00516800 -0.07077700
v -0.02183800 0.00180400 -0.06631300
v -0.02124400 0.00094200 -0.06735000
v -0.02124400 -0.00018900 -0.06826600
v -0.02183800 0.00354600 -0.06415600
v -0.02124400 0.00357900 -0.06437300
v -0.02124400 0.00191200 -0.06641700
v -0.02183800 0.00489900 -0.06173500
v -0.02124400 0.00542800 -0.06085100
v -0.02124400 0.00503500 -0.06179600
v -0.02124400 0.00367000 -0.06424000
v -0.02124400 0.00644100 -0.05639900
v -0.02183800 0.00629100 -0.05638700
v -0.02124400 0.00644100 -0.05360100
v -0.02183800 0.00629100 -0.05361300
v -0.02124400 0.00638000 -0.05301100
v -0.02124400 0.00596800 -0.05084200
v -0.02183800 0.00582300 -0.05088000
v -0.02124400 0.00542800 -0.04914900
v -0.02183800 0.00489900 -0.04826500
v -0.02124400 0.00503500 -0.04820400
v -0.02124400 0.00367000 -0.04576000
v -0.02183800 0.00354600 -0.04584400
v -0.02124400 0.00357900 -0.04562700
v -0.02183800 0.00180400 -0.04368700
v -0.02124400 0.00191200 -0.04358300
v -0.02183800 -0.00027800 -0.04185400
v -0.02124400 -0.00018900 -0.04173400
v -0.02124400 0.00094200 -0.04265000
v -0.02183800 -0.00521200 -0.03936600
v -0.02124400 -0.00516800 -0.03922300
v -0.02183800 -0.00263900 -0.04040000
v -0.02124400 -0.00257200 -0.04026700
v -0.02124400 -0.00233200 -0.04039000
v -0.02124400 -0.01070000 -0.03851500
v -0.02124400 -0.01000000 -0.03850000
v -0.02183800 -0.00792300 -0.03878200
v -0.02124400 -0.00790400 -0.03863400
v -0.02124400 -0.00605100 -0.03897900
v -0.02183800 -0.01857300 -0.04107700
v -0.02124400 -0.01766800 -0.04039000
v -0.02183800 -0.01609600 -0.03982900
v -0.02124400 -0.01615200 -0.03969000
v -0.02124400 -0.01394900 -0.03897900
v -0.02183800 -0.02272100 -0.04472800
v -0.02124400 -0.02283800 -0.04463400
v -0.02183800 -0.02080200 -0.04272600
v -0.02124400 -0.02090100 -0.04261400
v -0.02124400 -0.01865100 -0.04095000
v -0.02124400 -0.02555700 -0.04950300
v -0.02124400 -0.02542800 -0.04914900
v -0.02183800 -0.02427400 -0.04702600
v -0.02124400 -0.02440500 -0.04695300
v -0.02124400 -0.02357900 -0.04562700
v -0.02124400 -0.02626300 -0.05778900
v -0.02124400 -0.02638000 -0.05698900
v -0.02183800 -0.02635000 -0.05500000
v -0.02124400 -0.02650000 -0.05500000
v -0.02124400 -0.02638000 -0.05301100
v -0.02228900 -0.00052300 -0.04218700
v -0.02228900 0.00150600 -0.04397300
v -0.02228900 0.00320400 -0.04607600
v -0.02228900 0.00452200 -0.04843600
v -0.02228900 0.00542300 -0.05098400
v -0.02228900 0.00587900 -0.05364800
v -0.02228900 0.00587900 -0.05635200
v -0.02228900 0.00542300 -0.05901600
v -0.02228900 -0.00282500 -0.04077000
v -0.02228900 -0.00533300 -0.03976200
v -0.02228900 -0.00797600 -0.03919200
v -0.02228900 -0.01067600 -0.03907700
v -0.02228900 -0.01335800 -0.03942100
v -0.02228900 -0.01594200 -0.04021200
v -0.02228900 -0.01835600 -0.04142900
v -0.02228900 -0.02052900 -0.04303700
v -0.02228900 -0.02239900 -0.04498800
v -0.02228900 -0.02391300 -0.04722800
v -0.02228900 -0.02502700 -0.04969100
v -0.02228900 -0.02570800 -0.05230700
v -0.02228900 -0.02593700 -0.05500000
v -0.02228900 -0.02570800 -0.05769300
v -0.02228900 -0.02502700 -0.06030900
v -0.02228900 -0.02391300 -0.06277200
v -0.02228900 -0.02239900 -0.06501200
v -0.02228900 -0.02052900 -0.06696300
v -0.02228900 -0.01835600 -0.06857100
v -0.02228900 -0.01594200 -0.06978800
v -0.02228900 -0.01335800 -0.07057900
v -0.02228900 -0.01067600 -0.07092300
v -0.02228900 -0.00797600 -0.07080800
v -0.02228900 -0.00533300 -0.07023800
v -0.02228900 -0.00282500 -0.06923000
v -0.02228900 -0.00052300 -0.06781300
v -0.02228900 0.00150600 -0.06602700
v -0.02228900 0.00320400 -0.06392400
v -0.02228900 0.00452200 -0.06156400
v -0.02249000 -0.00086700 -0.04265100
v -0.02249000 0.00108800 -0.04437300
v -0.02249000 0.00272500 -0.04639900
v -0.02249000 0.00399600 -0.04867400
v -0.02249000 0.00486300 -0.05113000
v -0.02249000 0.00530400 -0.05369700
v -0.02249000 0.00530400 -0.05630300
v -0.02249000 0.00486300 -0.05887000
v -0.02249000 0.00399600 -0.06132600
v -0.02249000 -0.00308500 -0.04128600
v -0.02249000 -0.00550300 -0.04031400
v -0.02249000 -0.00804900 -0.03976500
v -0.02249000 -0.01065200 -0.03965500
v -0.02249000 -0.01323600 -0.03998600
v -0.02249000 -0.01572700 -0.04074900
v -0.02249000 -0.01805300 -0.04192100
v -0.02249000 -0.02014700 -0.04347000
v -0.02249000 -0.02195000 -0.04535100
v -0.02249000 -0.02340900 -0.04751000
v -0.02249000 -0.02448200 -0.04988300
v -0.02249000 -0.02513800 -0.05240400
v -0.02249000 -0.02535900 -0.05500000
v -0.02249000 -0.02513800 -0.05759600
v -0.02249000 -0.02448200 -0.06011700
v -0.02249000 -0.02340900 -0.06249000
v -0.02249000 -0.02195000 -0.06464900
v -0.02249000 -0.02014700 -0.06653000
v -0.02249000 -0.01805300 -0.06807900
v -0.02249000 -0.01572700 -0.06925100
v -0.02249000 -0.01323600 -0.07001400
v -0.02249000 -0.01065200 -0.07034500
v -0.02249000 -0.00804900 -0.07023500
v -0.02249000 -0.00550300 -0.06968600
v -0.02249000 -0.00308500 -0.06871400
v -0.02249000 -0.00086700 -0.06734900
v -0.02249000 0.00108800 -0.06562700
v -0.02249000 0.00272500 -0.06360100
v -0.02239200 -0.00122600 -0.04313700
v -0.02239200 0.00065200 -0.04479100
v -0.02239200 0.00222500 -0.04673800
v -0.02239200 0.00344500 -0.04892200
v -0.02239200 0.00427900 -0.05128200
v -0.02239200 0.00470200 -0.05374900
v -0.02239200 0.00470200 -0.05625100
v -0.02239200 0.00427900 -0.05871800
v -0.02239200 0.00344500 -0.06107800
v -0.02239200 0.00222500 -0.06326200
v -0.02239200 -0.00335700 -0.04182500
v -0.02239200 -0.00567900 -0.04089200
v -0.02239200 -0.00812600 -0.04036500
v -0.02239200 -0.01062600 -0.04025800
v -0.02239200 -0.01310900 -0.04057600
v -0.02239200 -0.01550100 -0.04130900
v -0.02239200 -0.01773600 -0.04243600
v -0.02239200 -0.01974800 -0.04392400
v -0.02239200 -0.02148000 -0.04573100
v -0.02239200 -0.02288100 -0.04780400
v -0.02239200 -0.02391200 -0.05008500
v -0.02239200 -0.02454300 -0.05250600
v -0.02239200 -0.02475500 -0.05500000
v -0.02239200 -0.02454300 -0.05749400
v -0.02239200 -0.02391200 -0.05991500
v -0.02239200 -0.02288100 -0.06219600
v -0.02239200 -0.02148000 -0.06426900
v -0.02239200 -0.01974800 -0.06607600
v -0.02239200 -0.01773600 -0.06756400
v -0.02239200 -0.01550100 -0.06869100
v -0.02239200 -0.01310900 -0.06942400
v -0.02239200 -0.01062600 -0.06974200
v -0.02239200 -0.00812600 -0.06963500
v -0.02239200 -0.00567900 -0.06910800
v -0.02239200 -0.00335700 -0.06817500
v -0.02239200 -0.00122600 -0.06686300
v -0.02239200 0.00065200 -0.06520900
v -0.02202000 -0.00151500 -0.04352700
v -0.02202000 0.00030200 -0.04512600
v -0.02202000 0.00182200 -0.04700900
v -0.02202000 0.00300300 -0.04912200
v -0.02202000 0.00380900 -0.05140400
v -0.02202000 0.00421800 -0.05379000
v -0.02202000 0.00421800 -0.05621000
v -0.02202000 0.00380900 -0.05859600
v -0.02202000 0.00300300 -0.06087800
v -0.02202000 0.00182200 -0.06299100
v -0.02202000 0.00030200 -0.06487400
v -0.02202000 -0.00357600 -0.04225800
v -0.02202000 -0.00582200 -0.04135600
v -0.02202000 -0.00818800 -0.04084600
v -0.02202000 -0.01060600 -0.04074300
v -0.02202000 -0.01300600 -0.04105100
v -0.02202000 -0.01532000 -0.04176000
v -0.02202000 -0.01748200 -0.04284900
v -0.02202000 -0.01942700 -0.04428800
v -0.02202000 -0.02110200 -0.04603600
v -0.02202000 -0.02245700 -0.04804100
v -0.02202000 -0.02345400 -0.05024600
v -0.02202000 -0.02406400 -0.05258800
v -0.02202000 -0.02426900 -0.05500000
v -0.02202000 -0.02406400 -0.05741200
v -0.02202000 -0.02345400 -0.05975400
v -0.02202000 -0.02245700 -0.06195900
v -0.02202000 -0.02110200 -0.06396400
v -0.02202000 -0.01942700 -0.06571200
v -0.02202000 -0.01748200 -0.06715100
v -0.02202000 -0.01532000 -0.06824000
v -0.02202000 -0.01300600 -0.06894900
v -0.02202000 -0.01060600 -0.06925700
v -0.02202000 -0.00818800 -0.06915400
v -0.02202000 -0.00582200 -0.06864400
v -0.02202000 -0.00357600 -0.06774200
v -0.02202000 -0.00151500 -0.06647300
v -0.00072700 0.00722000 -0.04910900
v -0.00294500 0.00663600 -0.05455300
v -0.00400000 0.00637200 -0.05704900
v -0.00400000 0.00638000 -0.05301100
v -0.00400000 0.00623900 -0.05207500
v -0.00294500 0.00637800 -0.05205000
v -0.00400000 0.00542800 -0.04914900
v -0.00400000 0.00462800 -0.04736700
v -0.00294500 0.00475400 -0.04730100
v -0.00400000 -0.02094200 -0.04265000
v -0.00400000 -0.02096000 -0.04266600
v -0.00294500 -0.02105400 -0.04256000
v -0.00072700 -0.01748300 -0.03841000
v -0.00072700 -0.01489600 -0.03747100
v -0.00170000 -0.01937000 -0.04054400
v -0.00170000 -0.01708300 -0.03929600
v -0.00294500 -0.01905200 -0.04103500
v -0.00400000 -0.01897500 -0.04115400
v -0.00400000 -0.01766800 -0.04039000
v -0.00294500 -0.01684300 -0.03983000
v -0.00400000 -0.01678400 -0.03995900
v -0.00294500 -0.01447700 -0.03897200
v -0.00400000 -0.01443900 -0.03910800
v -0.00400000 -0.00605100 -0.03897900
v -0.00400000 -0.00701900 -0.03877200
v -0.00294500 -0.00699300 -0.03863200
v -0.00400000 -0.00950000 -0.03850800
v -0.00294500 -0.00949500 -0.03836600
v -0.00400000 -0.01000000 -0.03850000
v -0.00294500 -0.01200900 -0.03848000
v -0.00400000 -0.01199200 -0.03862100
v -0.00400000 -0.01394900 -0.03897900
v -0.00400000 -0.00460600 -0.03940700
v -0.00294500 -0.00455900 -0.03927300
v -0.00400000 -0.00233200 -0.04039000
v -0.00294500 -0.00225000 -0.04027300
v -0.00400000 -0.00231600 -0.04039800
v -0.00294500 -0.00011800 -0.04161000
v -0.00400000 -0.00020200 -0.04172400
v -0.00400000 0.00094200 -0.04265000
v -0.00294500 0.00178800 -0.04325300
v -0.00400000 0.00168700 -0.04335300
v -0.00294500 0.00342400 -0.04516500
v -0.00400000 0.00331000 -0.04524800
v -0.00400000 0.00357900 -0.04562700
v -0.00400000 0.00649400 -0.05455700
v -0.00400000 0.00638000 -0.05698900
v -0.00170000 0.00695400 -0.05194600
v -0.00170000 0.00630000 -0.04942400
v -0.00014200 -0.01523100 -0.03627200
v -0.00014200 -0.01234800 -0.03569800
v -0.00014200 -0.00941000 -0.03556400
v -0.00014200 -0.00648600 -0.03587600
v -0.00014200 -0.00364300 -0.03662400
v -0.00014200 -0.00094500 -0.03779300
v -0.00014200 0.00154600 -0.03935500
v -0.00014200 0.00377300 -0.04127400
v -0.00014200 0.00568500 -0.04350800
v -0.00014200 0.00723900 -0.04600500
v -0.00170000 -0.01463500 -0.03840800
v -0.00170000 -0.01208000 -0.03789900
v -0.00170000 -0.00947800 -0.03778100
v -0.00170000 -0.00688700 -0.03805600
v -0.00170000 -0.00436800 -0.03871900
v -0.00170000 -0.00197700 -0.03975500
v -0.00170000 0.00023000 -0.04113900
v -0.00170000 0.00220300 -0.04283900
v -0.00170000 0.00389700 -0.04481800
v -0.00170000 0.00527300 -0.04703000
v -0.00400000 0.00561200 -0.04966000
v -0.00294500 0.00574600 -0.04961400
v -0.00072700 -0.01219700 -0.03693300
v -0.00072700 -0.00944800 -0.03680800
v -0.00072700 -0.00671100 -0.03710000
v -0.00072700 -0.00405000 -0.03780000
v -0.00072700 -0.00152500 -0.03889400
v -0.00072700 0.00080700 -0.04035600
v -0.00072700 0.00289200 -0.04215300
v -0.00072700 0.00468100 -0.04424400
v -0.00072700 0.00613500 -0.04658000
v 0.00596900 -0.02393100 -0.04678400
v 0.00596900 -0.02512300 -0.04926600
v 0.00596900 -0.02587600 -0.05191500
v 0.00596900 -0.02616900 -0.05465200
v 0.00596900 -0.02599400 -0.05740000
v 0.00596900 -0.02535500 -0.06007800
v 0.00596900 -0.02427100 -0.06260900
v 0.00596900 -0.02277400 -0.06491900
v 0.00596900 -0.02090600 -0.06694200
v 0.00596900 -0.01872200 -0.06861900
v 0.00596900 -0.01628600 -0.06990100
v 0.00596900 -0.01366700 -0.07075200
v 0.00596900 -0.01094200 -0.07114600
v 0.00596900 -0.00819000 -0.07107100
v 0.00596900 -0.00549000 -0.07053200
v 0.00596900 -0.00292100 -0.06954200
v 0.00596900 -0.00055700 -0.06813000
v 0.00596900 0.00153300 -0.06633800
v 0.00596900 0.00328900 -0.06421800
v 0.00596900 0.00466000 -0.06183000
v 0.00550000 0.00542800 -0.06085100
v 0.00567300 0.00492800 -0.06195500
v 0.00550000 0.00495700 -0.06196800
v 0.00550000 0.00357900 -0.06437300
v 0.00567300 0.00353200 -0.06438600
v 0.00550000 0.00355800 -0.06440400
v 0.00567300 0.00174400 -0.06654600
v 0.00550000 0.00176600 -0.06656700
v 0.00550000 0.00094200 -0.06735000
v 0.00567300 -0.00038400 -0.06837000
v 0.00550000 -0.00036600 -0.06839600
v 0.00550000 -0.00233200 -0.06961000
v 0.00567300 -0.00279200 -0.06980800
v 0.00550000 -0.00277800 -0.06983600
v 0.00567300 -0.00540800 -0.07081600
v 0.00550000 -0.00539900 -0.07084600
v 0.00550000 -0.00605100 -0.07102100
v 0.00567300 -0.00815700 -0.07136600
v 0.00550000 -0.00815300 -0.07139600
v 0.00550000 -0.01000000 -0.07150000
v 0.00567300 -0.01096000 -0.07144100
v 0.00550000 -0.01096100 -0.07147200
v 0.00567300 -0.01373400 -0.07104000
v 0.00550000 -0.01374100 -0.07107000
v 0.00567300 -0.01888200 -0.06886900
v 0.00550000 -0.01766800 -0.06961000
v 0.00567300 -0.01640100 -0.07017400
v 0.00550000 -0.01641300 -0.07020300
v 0.00550000 -0.01394900 -0.07102100
v 0.00567300 -0.02300800 -0.06510100
v 0.00550000 -0.02112700 -0.06718400
v 0.00567300 -0.02110600 -0.06716100
v 0.00550000 -0.02094200 -0.06735000
v 0.00550000 -0.01889900 -0.06889500
v 0.00567300 -0.02453300 -0.06274800
v 0.00550000 -0.02357900 -0.06437300
v 0.00550000 -0.02303200 -0.06512000
v 0.00550000 -0.02638000 -0.05698900
v 0.00550000 -0.02631700 -0.05744800
v 0.00567300 -0.02628700 -0.05744400
v 0.00550000 -0.02566600 -0.06018100
v 0.00567300 -0.02563600 -0.06017100
v 0.00550000 -0.02542800 -0.06085100
v 0.00550000 -0.02456000 -0.06276300
v 0.00550000 -0.02649600 -0.05464500
v 0.00567300 -0.02646500 -0.05464600
v 0.00550000 -0.02638000 -0.05301100
v 0.00567300 -0.02616700 -0.05185800
v 0.00550000 -0.02619700 -0.05185200
v 0.00567300 -0.02539900 -0.04916200
v 0.00550000 -0.02542800 -0.04914900
v 0.00567300 -0.02418600 -0.04663400
v 0.00550000 -0.02421300 -0.04661800
v 0.00550000 -0.02357900 -0.04562700
v 0.00585400 0.00482400 -0.06190600
v 0.00585400 0.00343800 -0.06432000
v 0.00585400 0.00166200 -0.06646500
v 0.00585400 -0.00045200 -0.06827700
v 0.00585400 -0.00284200 -0.06970400
v 0.00585400 -0.00544000 -0.07070500
v 0.00585400 -0.00817000 -0.07125100
v 0.00585400 -0.01095300 -0.07132600
v 0.00585400 -0.01370800 -0.07092800
v 0.00585400 -0.01635600 -0.07006800
v 0.00585400 -0.01882000 -0.06877100
v 0.00585400 -0.02102800 -0.06707600
v 0.00585400 -0.02291600 -0.06503000
v 0.00585400 -0.02443100 -0.06269400
v 0.00585400 -0.02552700 -0.06013500
v 0.00585400 -0.02617200 -0.05742700
v 0.00585400 -0.02635000 -0.05464800
v 0.00585400 -0.02605300 -0.05188000
v 0.00585400 -0.02529100 -0.04920200
v 0.00585400 -0.02408600 -0.04669300
vn 0.61164442 -0.68958312 0.38777083
vn 0.12701053 -0.75080395 0.64819885
vn 0.08463660 -0.99641189 0.00000000
vn 0.12989102 -0.74894137 -0.64978084
vn 0.61164442 -0.68958312 -0.38777083
vn 0.61164442 0.68958312 -0.38777083
vn 0.12701053 0.75080395 -0.64819885
vn 0.08463660 0.99641189 0.00000000
vn 0.12989102 0.74894137 0.64978084
vn 0.61164442 0.68958312 0.38777083
vn 0.61164442 -0.68958312 0.38777083
vn 0.12701053 -0.75080395 0.64819885
vn 0.08463660 -0.99641189 0.00000000
vn 0.12989102 -0.74894137 -0.64978084
vn 0.61164442 -0.68958312 -0.38777083
vn 0.61164442 0.68958312 -0.38777083
vn 0.12701053 0.75080395 -0.64819885
vn 0.08463660 0.99641189 0.00000000
vn 0.12989102 0.74894137 0.64978084
vn 0.61164442 0.68958312 0.38777083
vn 0.61164442 -0.68958312 0.38777083
vn 0.12701053 -0.75080395 0.64819885
vn 0.08463660 -0.99641189 0.00000000
vn 0.12989102 -0.74894137 -0.64978084
vn 0.61164442 -0.68958312 -0.38777083
vn 0.61164442 0.68958312 -0.38777083
vn 0.12701053 0.75080395 -0.64819885
vn 0.08463660 0.99641189 0.00000000
vn 0.12989102 0.74894137 0.64978084
vn 0.61164442 0.68958312 0.38777083
vn 0.61164442 -0.68958312 0.38777083
vn 0.12701053 -0.75080395 0.64819885
vn 0.08463660 -0.99641189 0.00000000
vn 0.12989102 -0.74894137 -0.64978084
vn 0.61164442 -0.68958312 -0.38777083
vn 0.61164442 0.68958312 -0.38777083
vn 0.12701053 0.75080395 -0.64819885
vn 0.08463660 0.99641189 0.00000000
vn 0.12989102 0.74894137 0.64978084
vn 0.61164442 0.68958312 0.38777083
vn 0.61164442 -0.68958312 0.38777083
vn 0.12701053 -0.75080395 0.64819885
vn 0.08453450 -0.99642055 0.00000000
vn 0.12989102 -0.74894137 -0.64978084
vn 0.61164442 -0.68958312 -0.38777083
vn 0.61164442 0.68958312 -0.38777083
vn 0.12701053 0.75080395 -0.64819885
vn 0.08453450 0.99642055 0.00000000
vn 0.12989102 0.74894137 0.64978084
vn 0.61164442 0.68958312 0.38777083
vn 0.61164442 -0.68958312 0.38777083
vn 0.12701053 -0.75080395 0.64819885
vn 0.08453450 -0.99642055 0.00000000
vn 0.12989102 -0.74894137 -0.64978084
vn 0.61164442 -0.68958312 -0.38777083
vn 0.61164442 0.68958312 -0.38777083
vn 0.12701053 0.75080395 -0.64819885
vn 0.08453450 0.99642055 0.00000000
vn 0.12989102 0.74894137 0.64978084
vn 0.61164442 0.68958312 0.38777083
vn 0.65321796 0.75716992 -0.00000000
vn 0.65552367 0.65857834 0.36954469
vn 0.65374826 0.65830549 -0.37315827
vn 0.65321796 -0.75716992 0.00000000
vn 0.65552367 -0.65857834 -0.36954469
vn 0.65374826 -0.65830549 0.37315827
vn 0.65321796 0.75716992 -0.00000000
vn 0.65552367 0.65857834 0.36954469
vn 0.65374826 0.65830549 -0.37315827
vn 0.65321796 -0.75716992 0.00000000
vn 0.65552367 -0.65857834 -0.36954469
vn 0.65374826 -0.65830549 0.37315827
vn 0.65321796 0.75716992 -0.00000000
vn 0.65552367 0.65857834 0.36954469
vn 0.65374826 0.65830549 -0.37315827
vn 0.65321796 -0.75716992 0.00000000
vn 0.65552367 -0.65857834 -0.36954469
vn 0.65374826 -0.65830549 0.37315827
vn 0.65321796 0.75716992 -0.00000000
vn 0.65552367 0.65857834 0.36954469
vn 0.65374826 0.65830549 -0.37315827
vn 0.65321796 -0.75716992 0.00000000
vn 0.65552367 -0.65857834 -0.36954469
vn 0.65374826 -0.65830549 0.37315827
vn 0.65374826 0.65830549 -0.37315827
vn 0.65321796 0.75716992 -0.00000000
vn 0.65552367 0.65857834 0.36954469
vn 0.65321796 -0.75716992 0.00000000
vn 0.65552367 -0.65857834 -0.36954469
vn 0.65374826 -0.65830549 0.37315827
vn 0.65321796 0.75716992 -0.00000000
vn 0.65552367 0.65857834 0.36954469
vn 0.65374826 0.65830549 -0.37315827
vn 0.65374826 -0.65830549 0.37315827
vn 0.65321796 -0.75716992 0.00000000
vn 0.65552367 -0.65857834 -0.36954469
vn -0.57735027 0.57735027 -0.57735027
vn -0.57735027 -0.57735027 -0.57735027
vn -0.90453403 -0.30151134 0.30151134
vn -0.57735027 -0.57735027 0.57735027
vn -0.57735027 0.57735027 0.57735027
vn -0.90453403 0.30151134 0.30151134
vn -0.57735027 0.57735027 0.57735027
vn -0.57735027 -0.57735027 0.57735027
vn -0.57735027 0.57735027 -0.57735027
vn -0.57735027 -0.57735027 -0.57735027
vn -0.90453403 0.30151134 -0.30151134
vn -0.57735027 -0.57735027 0.57735027
vn -0.57735027 0.57735027 -0.57735027
vn -0.57735027 0.57735027 0.57735027
vn 0.77019955 0.55227568 0.31903642
vn 0.77019955 0.31903642 0.55227568
vn 0.67655272 0.28951946 0.67709298
vn 0.77034708 0.00009821 0.63762479
vn 0.65321796 0.00000000 0.75716992
vn 0.77034599 -0.31909507 0.55203750
vn 0.67655272 -0.28951946 0.67709298
vn 0.77009238 -0.55252186 0.31886882
vn 0.77019955 0.55227568 -0.31903642
vn 0.67655272 0.28951946 -0.67709298
vn 0.77019955 0.31903642 -0.55227568
vn 0.65321796 0.00000000 -0.75716992
vn 0.77034708 0.00009821 -0.63762479
vn 0.67655272 -0.28951946 -0.67709298
vn 0.77034599 -0.31909507 -0.55203750
vn 0.77009238 -0.55252186 -0.31886882
vn 0.77009238 0.55252186 0.31886882
vn 0.77034599 0.31909507 0.55203750
vn 0.67655272 0.28951946 0.67709298
vn 0.77034708 -0.00009821 0.63762479
vn 0.65321796 -0.00000000 0.75716992
vn 0.77019955 -0.31903642 0.55227568
vn 0.67655272 -0.28951946 0.67709298
vn 0.77019955 -0.55227568 0.31903642
vn 0.77009238 0.55252186 -0.31886882
vn 0.67655272 0.28951946 -0.67709298
vn 0.77034599 0.31909507 -0.55203750
vn 0.65321796 -0.00000000 -0.75716992
vn 0.77034708 -0.00009821 -0.63762479
vn 0.67655272 -0.28951946 -0.67709298
vn 0.77019955 -0.31903642 -0.55227568
vn 0.77019955 -0.55227568 -0.31903642
vn 0.77009238 0.55252186 0.31886882
vn 0.77034599 0.31909507 0.55203750
vn 0.67655272 0.28951946 0.67709298
vn 0.77034708 -0.00009821 0.63762479
vn 0.65321796 0.00000000 0.75716992
vn 0.77019955 -0.31903642 0.55227568
vn 0.67655272 -0.28951946 0.67709298
vn 0.77019955 -0.55227568 0.31903642
vn 0.77009238 0.55252186 -0.31886882
vn 0.67655272 0.28951946 -0.67709298
vn 0.77034599 0.31909507 -0.55203750
vn 0.65321796 0.00000000 -0.75716992
vn 0.77034708 -0.00009821 -0.63762479
vn 0.67655272 -0.28951946 -0.67709298
vn 0.77019955 -0.31903642 -0.55227568
vn 0.77019955 -0.55227568 -0.31903642
vn 0.77009238 -0.55252186 0.31886882
vn 0.67655272 -0.28951946 0.67709298
vn 0.77034599 -0.31909507 0.55203750
vn 0.65321796 -0.00000000 0.75716992
vn 0.77034708 0.00009821 0.63762479
vn 0.67655272 0.28951946 0.67709298
vn 0.77019955 0.31903642 0.55227568
vn 0.77019955 0.55227568 0.31903642
vn 0.77019955 0.55227568 -0.31903642
vn 0.67655272 0.28951946 -0.67709298
vn 0.77019955 0.31903642 -0.55227568
vn 0.65321796 -0.00000000 -0.75716992
vn 0.77034708 0.00009821 -0.63762479
vn 0.67655272 -0.28951946 -0.67709298
vn 0.77034599 -0.31909507 -0.55203750
vn 0.77009238 -0.55252186 -0.31886882
vn 0.77034599 -0.55203750 0.31909507
vn 0.67655272 -0.28951946 0.67709298
vn 0.77009238 -0.31886882 0.55252186
vn 0.65321796 0.00000000 0.75716992
vn 0.77034708 -0.00009821 0.63762479
vn 0.67655272 0.28951946 0.67709298
vn 0.77023880 0.31892764 0.55228376
vn 0.77023880 0.55228376 0.31892764
vn 0.77023880 0.55228376 -0.31892764
vn 0.67655272 0.28951946 -0.67709298
vn 0.77023880 0.31892764 -0.55228376
vn 0.65321796 0.00000000 -0.75716992
vn 0.77034708 -0.00009821 -0.63762479
vn 0.67655272 -0.28951946 -0.67709298
vn 0.77009238 -0.31886882 -0.55252186
vn 0.77034599 -0.55203750 -0.31909507
vn 0.77034599 0.55203750 0.31909507
vn 0.77009238 0.31886882 0.55252186
vn 0.67655272 0.28951946 0.67709298
vn 0.77034708 0.00009821 0.63762479
vn 0.65321796 0.00000000 0.75716992
vn 0.77023880 -0.31892764 0.55228376
vn 0.67655272 -0.28951946 0.67709298
vn 0.77023880 -0.55228376 0.31892764
vn 0.77034599 0.55203750 -0.31909507
vn 0.67655272 0.28951946 -0.67709298
vn 0.77009238 0.31886882 -0.55252186
vn 0.65321796 0.00000000 -0.75716992
vn 0.77034708 0.00009821 -0.63762479
vn 0.67655272 -0.28951946 -0.67709298
vn 0.77023880 -0.31892764 -0.55228376
vn 0.77023880 -0.55228376 -0.31892764
vn -0.08772785 -0.08771251 0.99227533
vn 0.08777172 -0.08777172 0.99226622
vn -0.08777172 0.08777172 0.99226622
vn 0.08777172 0.08777172 0.99226622
vn 0.40381783 -0.45549779 -0.79338069
vn 0.40471889 -0.79293564 -0.45547305
vn 0.40697231 -0.91344050 0.00000000
vn 0.40695958 -0.79105644 0.45674238
vn 0.40587539 -0.45676035 0.79160290
vn 0.40381783 0.45549779 0.79338069
vn 0.40471889 0.79293564 0.45547305
vn 0.40697231 0.91344050 -0.00000000
vn 0.40695958 0.79105644 -0.45674238
vn 0.40587539 0.45676035 -0.79160290
vn 0.40697231 -0.00000000 0.91344050
vn 0.40697231 -0.00000000 -0.91344050
vn 0.40381783 -0.45549779 -0.79338069
vn 0.40471889 -0.79293564 -0.45547305
vn 0.40697231 -0.91344050 0.00000000
vn 0.40695958 -0.79105644 0.45674238
vn 0.40587539 -0.45676035 0.79160290
vn 0.40381783 0.45549779 0.79338069
vn 0.40471889 0.79293564 0.45547305
vn 0.40697231 0.91344050 -0.00000000
vn 0.40695958 0.79105644 -0.45674238
vn 0.40587539 0.45676035 -0.79160290
vn 0.40697231 0.00000000 0.91344050
vn 0.40697231 0.00000000 -0.91344050
vn 0.40381783 -0.45549779 -0.79338069
vn 0.40471889 -0.79293564 -0.45547305
vn 0.40697231 -0.91344050 0.00000000
vn 0.40695958 -0.79105644 0.45674238
vn 0.40587539 -0.45676035 0.79160290
vn 0.40381783 0.45549779 0.79338069
vn 0.40471889 0.79293564 0.45547305
vn 0.40697231 0.91344050 -0.00000000
vn 0.40695958 0.79105644 -0.45674238
vn 0.40587539 0.45676035 -0.79160290
vn 0.40697231 0.00000000 0.91344050
vn 0.40697231 0.00000000 -0.91344050
vn 0.40381783 -0.45549779 -0.79338069
vn 0.40471889 -0.79293564 -0.45547305
vn 0.40697231 -0.91344050 0.00000000
vn 0.40695958 -0.79105644 0.45674238
vn 0.40587539 -0.45676035 0.79160290
vn 0.40381783 0.45549779 0.79338069
vn 0.40471889 0.79293564 0.45547305
vn 0.40697231 0.91344050 -0.00000000
vn 0.40695958 0.79105644 -0.45674238
vn 0.40587539 0.45676035 -0.79160290
vn 0.40697231 -0.00000000 0.91344050
vn 0.40697231 -0.00000000 -0.91344050
vn 0.40381783 -0.45549779 -0.79338069
vn 0.40471889 -0.79293564 -0.45547305
vn 0.40697231 -0.91344050 0.00000000
vn 0.40695958 -0.79105644 0.45674238
vn 0.40587539 -0.45676035 0.79160290
vn 0.40381783 0.45549779 0.79338069
vn 0.40471889 0.79293564 0.45547305
vn 0.40697231 0.91344050 -0.00000000
vn 0.40695958 0.79105644 -0.45674238
vn 0.40587539 0.45676035 -0.79160290
vn 0.40697231 0.00000000 0.91344050
vn 0.40697231 0.00000000 -0.91344050
vn 0.40381783 -0.45549779 -0.79338069
vn 0.40471889 -0.79293564 -0.45547305
vn 0.40697231 -0.91344050 0.00000000
vn 0.40695958 -0.79105644 0.45674238
vn 0.40587539 -0.45676035 0.79160290
vn 0.40381783 0.45549779 0.79338069
vn 0.40471889 0.79293564 0.45547305
vn 0.40697231 0.91344050 -0.00000000
vn 0.40695958 0.79105644 -0.45674238
vn 0.40587539 0.45676035 -0.79160290
vn 0.40697231 -0.00000000 0.91344050
vn 0.40697231 -0.00000000 -0.91344050
vn 0.08702832 -0.30146706 0.94949654
vn -0.08698364 -0.30152523 0.94948217
vn 0.17110633 -0.51638484 0.83908839
vn -0.23448798 -0.53184479 0.81373000
vn 0.10118069 -0.71580522 0.69093079
vn -0.10118069 -0.69093079 0.71580522
vn 0.23448798 -0.81373000 0.53184479
vn -0.17110633 -0.83908839 0.51638484
vn 0.08702832 -0.94949654 0.30146706
vn -0.08702832 -0.94949654 0.30146706
vn 0.08777172 -0.99226622 0.08777172
vn -0.08777172 -0.99226622 0.08777172
vn -0.01226734 -0.52424573 0.85147867
vn -0.01416808 -0.42252709 0.90623955
vn -0.04306927 -0.38084589 0.92363491
vn -0.01332417 -0.32839410 0.94444681
vn 0.08527972 -0.27511173 0.95762253
vn -0.01335589 -0.21670347 0.97614611
vn -0.00996032 -0.17162428 0.98511212
vn -0.01129709 -0.11340355 0.99348478
vn 0.08786626 -0.05770254 0.99445962
vn -0.01175356 -0.00149148 0.99992981
vn 0.08786626 0.05770254 0.99445962
vn -0.01346976 0.11492399 0.99328296
vn -0.00996032 0.17162428 0.98511212
vn -0.01333922 0.21671652 0.97614344
vn 0.08527972 0.27511173 0.95762253
vn -0.01330749 0.32838160 0.94445140
vn -0.04467927 0.37975420 0.92400785
vn -0.01165489 0.42318255 0.90596948
vn 0.08839438 0.48303482 0.87112789
vn -0.01220353 0.52220395 0.85273332
vn 0.08639711 0.58245743 0.80825669
vn -0.01375274 0.61694411 0.78688679
vn 0.04844852 0.66781694 0.74274711
vn -0.01352957 0.69639382 0.71753229
vn 0.08630434 0.74088275 0.66606630
vn -0.01334745 0.77465361 0.63224491
vn -0.06029949 0.81401285 0.57770845
vn -0.01201659 0.83389579 0.55179110
vn 0.08744088 0.87445950 0.47715267
vn -0.01278388 0.89141359 0.45301035
vn 0.08577174 0.94151094 0.32588396
vn -0.05898773 -0.81462400 0.57698196
vn -0.01334835 -0.77465405 0.63224435
vn 0.08502352 -0.73966786 0.66757955
vn -0.01353047 -0.69639330 0.71753278
vn 0.04335570 -0.67024845 0.74086928
vn -0.01120545 -0.61557682 0.78799722
vn 0.08635289 -0.58240566 0.80829872
vn 0.09019181 -0.48200054 0.87151644
vn -0.05142303 -0.99727341 0.05292833
vn -0.01424525 -0.99932426 0.03388347
vn -0.01346082 -0.99125805 0.13124896
vn 0.08562699 -0.98176341 0.16973104
vn -0.01366749 -0.96932041 0.24542035
vn 0.08668049 -0.94122101 0.32648048
vn -0.01261213 -0.93623364 0.35115168
vn 0.08974789 -0.87415525 0.47728179
vn -0.01394673 -0.89293477 0.44996999
vn -0.01419023 -0.83363917 0.55212713
vn -0.01396866 -0.95378763 -0.30015667
vn 0.09017290 -0.91991347 -0.38161244
vn -0.01370773 -0.91284109 -0.40808485
vn -0.02157688 -0.87254728 -0.48805295
vn -0.01432919 -0.86944068 -0.49382950
vn -0.01285000 -0.99646068 -0.08307224
vn 0.08999852 -0.99431149 -0.05696434
vn -0.01155407 -0.98158712 -0.19066525
vn 0.00949573 -0.98664922 -0.16258274
vn 0.08778463 -0.95826475 -0.27207080
vn 0.01925338 -0.47460791 -0.87998673
vn -0.01408687 -0.56259666 -0.82661149
vn 0.08846582 -0.57202454 -0.81545185
vn -0.01422967 -0.65442405 -0.75599383
vn -0.01203337 -0.80575241 -0.59213026
vn 0.08906573 -0.81269711 -0.57583913
vn -0.01062285 -0.73695616 -0.67585706
vn -0.03412217 -0.74779281 -0.66305475
vn 0.08690731 -0.66387151 -0.74277974
vn -0.01407946 0.93727926 0.34829494
vn -0.01368703 0.96931632 0.24543540
vn 0.08565649 0.98176849 0.16968679
vn -0.01348034 0.99125983 0.13123347
vn -0.05243578 0.99718166 0.05365847
vn -0.01249624 0.99935471 0.03367505
vn 0.08557660 0.99445052 -0.06119486
vn -0.01289663 0.99671478 -0.07995825
vn -0.01181801 0.98770940 -0.15585401
vn -0.01377688 0.98101074 -0.19346348
vn 0.08725206 0.95820119 -0.27246570
vn -0.01379908 0.95375518 -0.30026763
vn 0.09010533 0.91995824 -0.38152047
vn -0.01373116 0.91283316 -0.40810179
vn -0.02224061 0.87276999 -0.48762476
vn -0.01309385 0.86940230 -0.49393137
vn 0.08795773 0.81266925 -0.57604872
vn -0.01334384 0.80746485 -0.58976475
vn -0.03483590 0.74770181 -0.66312025
vn -0.01377125 0.73505678 -0.67786569
vn 0.08657136 0.66369819 -0.74297383
vn -0.01402764 0.65432018 -0.75608751
vn 0.08842122 0.57208191 -0.81541644
vn -0.01408363 0.56259883 -0.82661007
vn 0.02976948 0.47888175 -0.87737452
vn -0.01388231 0.48246830 -0.87580341
vn 0.08615703 0.38359134 -0.91947520
vn -0.01397709 0.37968560 -0.92500999
vn -0.05643390 0.27753156 -0.95905758
vn -0.01389236 0.27159831 -0.96231043
vn 0.08707262 0.16251919 -0.98285598
vn -0.01447025 0.16014536 -0.98698737
vn 0.08883893 -0.00005138 -0.99604600
vn -0.01468301 -0.00010351 -0.99989219
vn 0.08732536 -0.16251742 -0.98283385
vn -0.01469391 -0.16009179 -0.98699276
vn -0.05619655 -0.27758954 -0.95905474
vn -0.00977644 -0.27434762 -0.96158089
vn 0.08473101 -0.38633041 -0.91846038
vn -0.01137217 -0.37706528 -0.92611687
vn -0.01445616 -0.48250776 -0.87577239
vn -0.08779998 -0.99596284 0.01868640
vn -0.30415650 -0.95247735 0.01660490
vn -0.29937916 -0.95043499 0.08393715
vn -0.51659074 -0.85610822 0.01458516
vn -0.51314338 -0.85487693 0.07661136
vn -0.70844029 -0.70566200 0.01238984
vn -0.70197489 -0.70938607 0.06326664
vn -0.85645030 -0.51613263 0.01000000
vn -0.85448273 -0.51775876 0.04225083
vn -0.99616736 -0.08745157 0.00167854
vn -0.95334129 -0.30181136 0.00709164
vn -0.99144178 -0.13054957 0.00000761
vn -0.99144177 -0.13054969 0.00000000
vn -0.99144333 -0.13053776 -0.00016227
vn -0.94968179 -0.31245687 0.02179915
vn -0.99558198 -0.09348170 0.00881418
vn -0.51314338 -0.07661136 0.85487693
vn -0.70197489 -0.06326664 0.70938607
vn -0.69326934 -0.26988121 0.66823779
vn -0.85423684 -0.04283556 0.51811634
vn -0.94980182 -0.02256809 0.31203714
vn -0.92422428 -0.14422167 0.35356696
vn -0.69338279 -0.66817560 0.26974371
vn -0.37036153 -0.87245112 0.31884382
vn -0.36988870 -0.32278156 0.87120285
vn -0.29942352 -0.08387168 0.95042680
vn -0.36617318 -0.64496251 0.67077608
vn -0.99507072 -0.09224158 0.03641101
vn -0.92421655 -0.35352789 0.14436689
vn -0.92254722 -0.27296740 0.27275526
vn -0.99489908 -0.07139074 0.07126843
vn -0.99507567 -0.03631394 0.09222636
vn -0.99558198 -0.00881418 0.09348170
vn -0.69186123 -0.51047620 0.51062911
vn -0.99144177 0.00000000 0.13054969
vn -0.85423684 0.04283556 0.51811634
vn -0.99144284 -0.00012649 0.13054149
vn -0.94980182 0.02256809 0.31203714
vn -0.99558198 0.00881418 0.09348170
vn -0.99144284 0.00012649 0.13054149
vn -0.99144177 0.00000000 0.13054969
vn -0.29937916 0.08393715 0.95043499
vn -0.51314338 0.07661136 0.85487693
vn -0.70197489 0.06326664 0.70938607
vn -0.51314338 0.85487693 0.07661136
vn -0.70197489 0.70938607 0.06326664
vn -0.69326934 0.66823779 0.26988121
vn -0.85448273 0.51775876 0.04225083
vn -0.94968179 0.31245687 0.02179915
vn -0.92422428 0.35356696 0.14422167
vn -0.69338279 0.26974371 0.66817560
vn -0.37036153 0.31884382 0.87245112
vn -0.23448798 0.81373000 0.53184479
vn -0.08698364 0.94948217 0.30152523
vn -0.36988870 0.87120285 0.32278156
vn -0.08772785 0.99227533 0.08771251
vn -0.29942352 0.95042680 0.08387168
vn -0.10118069 0.71580522 0.69093079
vn -0.36617318 0.67077608 0.64496251
vn -0.17110633 0.51638484 0.83908839
vn -0.08702832 0.30146706 0.94949654
vn -0.99507072 0.03641101 0.09224158
vn -0.92421655 0.14436689 0.35352789
vn -0.92254722 0.27275526 0.27296740
vn -0.99489908 0.07126843 0.07139074
vn -0.99507567 0.09222636 0.03631394
vn -0.99558198 0.09348170 0.00881418
vn -0.69186123 0.51062911 0.51047620
vn -0.90453403 0.30151134 0.30151134
vn -0.57735027 0.57735027 0.57735027
vn -0.90453403 -0.30151134 0.30151134
vn -0.57735027 -0.57735027 0.57735027
vn -0.70710678 0.00000000 0.70710678
vn -0.90453403 -0.30151134 0.30151134
vn -0.90453403 -0.30151134 -0.30151134
vn -0.70710678 0.00000000 -0.70710678
vn -0.90453403 0.30151134 -0.30151134
vn -0.90453403 0.30151134 0.30151134
vn -0.90453403 0.30151134 0.30151134
vn -0.90453403 0.30151134 -0.30151134
vn -0.70710678 0.00000000 0.70710678
vn -0.90453403 -0.30151134 0.30151134
vn -0.90453403 -0.30151134 -0.30151134
vn -0.90453403 0.30151134 -0.30151134
vn -0.57735027 0.57735027 -0.57735027
vn -0.70710678 0.00000000 -0.70710678
vn -0.77034708 0.00009821 0.63762479
vn -0.77019955 0.31903642 0.55227568
vn -0.77019955 0.55227568 0.31903642
vn -0.77038634 0.63757736 0.00000000
vn -0.77019955 0.55227568 -0.31903642
vn -0.77019955 0.31903642 -0.55227568
vn -0.77034708 0.00009821 -0.63762479
vn -0.77034599 -0.31909507 -0.55203750
vn -0.77009238 -0.55252186 -0.31886882
vn -0.77038634 -0.63757736 0.00000000
vn -0.77009238 -0.55252186 0.31886882
vn -0.77034599 -0.31909507 0.55203750
vn -0.77034708 -0.00009821 0.63762479
vn -0.77034599 0.31909507 0.55203750
vn -0.77009238 0.55252186 0.31886882
vn -0.77038634 0.63757736 0.00000000
vn -0.77009238 0.55252186 -0.31886882
vn -0.77034599 0.31909507 -0.55203750
vn -0.77034708 -0.00009821 -0.63762479
vn -0.77019955 -0.31903642 -0.55227568
vn -0.77019955 -0.55227568 -0.31903642
vn -0.77038634 -0.63757736 0.00000000
vn -0.77019955 -0.55227568 0.31903642
vn -0.77019955 -0.31903642 0.55227568
vn -0.77034708 -0.00009821 0.63762479
vn -0.77034599 0.31909507 0.55203750
vn -0.77009238 0.55252186 0.31886882
vn -0.77038634 0.63757736 0.00000000
vn -0.77009238 0.55252186 -0.31886882
vn -0.77034599 0.31909507 -0.55203750
vn -0.77034708 -0.00009821 -0.63762479
vn -0.77019955 -0.31903642 -0.55227568
vn -0.77019955 -0.55227568 -0.31903642
vn -0.77038634 -0.63757736 0.00000000
vn -0.77019955 -0.55227568 0.31903642
vn -0.77019955 -0.31903642 0.55227568
vn -0.77034708 0.00009821 0.63762479
vn -0.77019955 0.31903642 0.55227568
vn -0.77019955 0.55227568 0.31903642
vn -0.77038634 0.63757736 0.00000000
vn -0.77019955 0.55227568 -0.31903642
vn -0.77019955 0.31903642 -0.55227568
vn -0.77034708 0.00009821 -0.63762479
vn -0.77034599 -0.31909507 -0.55203750
vn -0.77009238 -0.55252186 -0.31886882
vn -0.77038634 -0.63757736 0.00000000
vn -0.77009238 -0.55252186 0.31886882
vn -0.77034599 -0.31909507 0.55203750
vn -0.77034708 -0.00009821 0.63762479
vn -0.77023880 0.31892764 0.55228376
vn -0.77023880 0.55228376 0.31892764
vn -0.77030782 0.63767223 0.00000000
vn -0.77023880 0.55228376 -0.31892764
vn -0.77023880 0.31892764 -0.55228376
vn -0.77034708 -0.00009821 -0.63762479
vn -0.77009238 -0.31886882 -0.55252186
vn -0.77034599 -0.55203750 -0.31909507
vn -0.77030782 -0.63767223 -0.00000000
vn -0.77034599 -0.55203750 0.31909507
vn -0.77009238 -0.31886882 0.55252186
vn -0.77034708 0.00009821 0.63762479
vn -0.77009238 0.31886882 0.55252186
vn -0.77034599 0.55203750 0.31909507
vn -0.77030782 0.63767223 0.00000000
vn -0.77034599 0.55203750 -0.31909507
vn -0.77009238 0.31886882 -0.55252186
vn -0.77034708 0.00009821 -0.63762479
vn -0.77023880 -0.31892764 -0.55228376
vn -0.77023880 -0.55228376 -0.31892764
vn -0.77030782 -0.63767223 -0.00000000
vn -0.77023880 -0.55228376 0.31892764
vn -0.77023880 -0.31892764 0.55228376
vn 0.08777172 0.99226622 0.08777172
vn 0.08702832 0.94949654 0.30146706
vn 0.17110633 0.83908839 0.51638484
vn 0.10118069 0.69093079 0.71580522
vn 0.23448798 0.53184479 0.81373000
vn 0.08702832 0.30146706 0.94949654
vn -0.99601862 0.08914022 -0.00096615
vn -0.99144178 0.13054957 0.00000761
vn -0.95264632 0.30407404 -0.00198977
vn -0.85599183 0.51697100 -0.00435699
vn -0.99144333 0.13053776 -0.00016227
vn -0.99144177 0.13054969 0.00000000
vn -0.70662134 0.70755052 -0.00765116
vn -0.51679500 0.85605948 -0.00922458
vn -0.30223864 0.95317747 -0.01022371
vn -0.08848014 0.99602064 -0.01068414
vn 0.08860405 -0.99595149 0.01516438
vn 0.29937916 -0.95043499 0.08393715
vn 0.30284326 -0.95292995 0.01450770
vn 0.51314338 -0.85487693 0.07661136
vn 0.51753921 -0.85556147 0.01295144
vn 0.70197489 -0.70938607 0.06326664
vn 0.70772141 -0.70641038 0.01071338
vn 0.85635713 -0.51497785 0.03808255
vn 0.85673429 -0.51567876 0.00904313
vn 0.99558198 -0.09348170 0.00881418
vn 0.94872404 -0.31573029 0.01539717
vn 0.99145254 -0.13046650 -0.00058855
vn 0.99144177 -0.13054969 0.00000000
vn 0.99144178 -0.13054957 0.00000761
vn 0.95325382 -0.30211376 0.00586714
vn 0.99614724 -0.08768648 0.00132277
vn 0.85235300 -0.04761942 0.52079436
vn 0.70197489 -0.06326664 0.70938607
vn 0.69338279 -0.26974371 0.66817560
vn 0.51314338 -0.07661136 0.85487693
vn 0.29937916 -0.08393715 0.95043499
vn 0.37036153 -0.31884382 0.87245112
vn 0.69326934 -0.66823779 0.26988121
vn 0.92422428 -0.35356696 0.14422167
vn 0.99558586 -0.00875502 0.09344593
vn 0.95067841 -0.02797399 0.30891426
vn 0.92420382 -0.14440995 0.35354359
vn 0.99507414 -0.03645387 0.09218773
vn 0.92254722 -0.27275526 0.27296740
vn 0.99489908 -0.07126843 0.07139074
vn 0.99507567 -0.09222636 0.03631394
vn 0.36984739 -0.87124133 0.32272504
vn 0.36617318 -0.67077608 0.64496251
vn 0.69186123 -0.51062911 0.51047620
vn 0.29937916 0.08393715 0.95043499
vn 0.51314338 0.07661136 0.85487693
vn 0.70197489 0.06326664 0.70938607
vn 0.85235300 0.04761942 0.52079436
vn 0.95068746 0.02800869 0.30888327
vn 0.99558198 0.00881418 0.09348170
vn 0.85635713 0.51497785 0.03808255
vn 0.70197489 0.70938607 0.06326664
vn 0.69338279 0.66817560 0.26974371
vn 0.51314338 0.85487693 0.07661136
vn 0.29937916 0.95043499 0.08393715
vn 0.37036153 0.87245112 0.31884382
vn 0.69326934 0.26988121 0.66823779
vn 0.92422428 0.14422167 0.35356696
vn 0.99558586 0.09344593 0.00875502
vn 0.94871436 0.31576109 0.01536246
vn 0.92420382 0.35354359 0.14440995
vn 0.99507414 0.09218773 0.03645387
vn 0.92254722 0.27296740 0.27275526
vn 0.99489908 0.07139074 0.07126843
vn 0.99507567 0.03631394 0.09222636
vn 0.36984739 0.32272504 0.87124133
vn 0.36617318 0.64496251 0.67077608
vn 0.69186123 0.51047620 0.51062911
vn 0.85604246 0.51689362 -0.00350627
vn 0.70669745 0.70748610 -0.00649041
vn 0.51685268 0.85603865 -0.00781965
vn 0.30228214 0.95317923 -0.00865254
vn 0.08803425 0.99607170 -0.00954687
vn 0.99602703 0.08904771 -0.00081589
vn 0.95268662 0.30395067 -0.00148458
vn 0.99144178 0.13054957 0.00000761
vn 0.99144177 0.13054969 0.00000000
vn 0.99145254 0.13046650 -0.00058855
vn 0.94544375 0.16289906 -0.28213472
vn 0.94544375 0.28213472 -0.16289906
vn 0.94545085 0.32576477 -0.00000000
vn 0.94544375 0.28213472 0.16289906
vn 0.94544375 0.16289906 0.28213472
vn 0.94545085 -0.00000000 0.32576477
vn 0.94544375 -0.16289906 0.28213472
vn 0.94544375 -0.28213472 0.16289906
vn 0.94545085 -0.32576477 0.00000000
vn 0.94544375 -0.28213472 -0.16289906
vn 0.94544375 -0.16289906 -0.28213472
vn 0.94545085 -0.00000000 -0.32576477
vn 0.94544375 0.16289906 -0.28213472
vn 0.94544375 0.28213472 -0.16289906
vn 0.94545085 0.32576477 -0.00000000
vn 0.94544375 0.28213472 0.16289906
vn 0.94544375 0.16289906 0.28213472
vn 0.94545085 -0.00000000 0.32576477
vn 0.94544375 -0.16289906 0.28213472
vn 0.94544375 -0.28213472 0.16289906
vn 0.94545085 -0.32576477 0.00000000
vn 0.94544375 -0.28213472 -0.16289906
vn 0.94544375 -0.16289906 -0.28213472
vn 0.94545085 0.00000000 -0.32576477
vn 0.94544375 0.16289906 -0.28213472
vn 0.94544375 0.28213472 -0.16289906
vn 0.94545085 0.32576477 -0.00000000
vn 0.94544375 0.28213472 0.16289906
vn 0.94544375 0.16289906 0.28213472
vn 0.94545085 0.00000000 0.32576477
vn 0.94544375 -0.16289906 0.28213472
vn 0.94544375 -0.28213472 0.16289906
vn 0.94545085 -0.32576477 0.00000000
vn 0.94544375 -0.28213472 -0.16289906
vn 0.94544375 -0.16289906 -0.28213472
vn 0.94545085 0.00000000 -0.32576477
vn 0.99777831 -0.00000000 0.06662160
vn 0.99641190 -0.00998344 0.08404552
vn 0.93601324 -0.03556965 0.35016283
vn 0.99653452 -0.02344143 0.07980887
vn 0.93539172 -0.09962368 0.33928963
vn 0.99653548 -0.03809596 0.07393066
vn 0.93535413 -0.16209229 0.31438629
vn 0.99653408 -0.05142333 0.06538703
vn 0.93534020 -0.21863948 0.27809261
vn 0.99653245 -0.06289328 0.05447484
vn 0.93526507 -0.26751665 0.23176300
vn 0.99654681 -0.07190731 0.04151854
vn 0.93534311 -0.30637616 0.17682455
vn 0.99655620 -0.07835580 0.02713141
vn 0.93532537 -0.33432197 0.11573792
vn 0.99656415 -0.08198174 0.01178535
vn 0.93527980 -0.35031809 0.05028846
vn 0.99654053 -0.08301364 -0.00396401
vn 0.93535148 -0.35332327 -0.01674141
vn 0.99656804 -0.08044167 -0.01952621
vn 0.93538183 -0.34368005 -0.08333585
vn 0.99650529 -0.07599326 -0.03467318
vn 0.93526046 -0.32196678 -0.14705533
vn 0.99651673 -0.06791652 -0.04839172
vn 0.93553046 -0.28781936 -0.20479934
vn 0.99654492 -0.05729021 -0.06013362
vn 0.93543643 -0.24397831 -0.25579927
vn 0.99650247 -0.04518892 -0.07029081
vn 0.93545559 -0.19114945 -0.29729570
vn 0.99655634 -0.03081514 -0.07697973
vn 0.93532190 -0.13142034 -0.32848385
vn 0.99653153 -0.01573347 -0.08171522
vn 0.93541753 -0.06698623 -0.34714103
vn 0.99653230 -0.00000087 -0.08320685
vn 0.93564807 -0.00003243 -0.35293440
vn 0.99653085 0.01572602 -0.08172488
vn 0.93540503 0.06698420 -0.34717510
vn 0.99655704 0.03084089 -0.07696046
vn 0.93532261 0.13152155 -0.32844132
vn 0.99650271 0.04515490 -0.07030918
vn 0.93545786 0.19104508 -0.29735562
vn 0.99654431 0.05731319 -0.06012180
vn 0.93543598 0.24403556 -0.25574631
vn 0.99651746 0.06790738 -0.04838937
vn 0.93552357 0.28780385 -0.20485260
vn 0.99650409 0.07599480 -0.03470423
vn 0.93525252 0.32197616 -0.14708527
vn 0.99656717 0.08045948 -0.01949759
vn 0.93538217 0.34369464 -0.08327180
vn 0.99654051 0.08301297 -0.00398229
vn 0.93534762 0.35333110 -0.01679157
vn 0.99656379 0.08198422 0.01179858
vn 0.93527902 0.35031320 0.05033715
vn 0.99655666 0.07835029 0.02713017
vn 0.93532821 0.33431617 0.11573178
vn 0.99654745 0.07189971 0.04151650
vn 0.93534142 0.30638365 0.17682050
vn 0.99653276 0.06289536 0.05446687
vn 0.93526448 0.26751851 0.23176323
vn 0.99653400 0.05142303 0.06538853
vn 0.93534209 0.21863938 0.27808630
vn 0.99653548 0.03809583 0.07393075
vn 0.93535647 0.16208181 0.31438473
vn 0.99653468 0.02343849 0.07980770
vn 0.93539872 0.09960371 0.33927619
vn 0.99641206 0.00998582 0.08404337
vn 0.93601792 0.03559245 0.35014802
vn 0.35994653 0.16496517 -0.91827283
vn 0.35939653 0.35258063 -0.86401449
vn 0.35671683 0.51646079 -0.77847374
vn 0.35805134 0.63437139 -0.68510742
vn 0.35960371 0.76051678 -0.54064721
vn 0.35975959 0.85461926 -0.37443150
vn 0.35672601 0.90462292 -0.23324648
vn 0.36068433 0.81320949 0.45672437
vn 0.36719191 0.87897804 0.30424941
vn 0.35912785 0.92196588 0.14493483
vn 0.36196803 0.93071056 -0.05250714
vn 0.36031252 0.69959547 0.61704219
vn 0.36038446 0.43900555 0.82304141
vn 0.35774384 0.56811104 0.74112698
vn 0.35846561 0.26029811 0.89651955
vn 0.35771911 -0.07408647 0.93088572
vn 0.35773163 0.07406480 0.93088264
vn 0.35845284 -0.26027920 0.89653014
vn 0.35798492 -0.56863862 0.74060578
vn 0.36041581 -0.43907060 0.82299298
vn 0.36153603 -0.69794884 0.61819019
vn 0.36074214 -0.81322610 0.45664911
vn 0.36719514 -0.87901222 0.30414674
vn 0.35916625 -0.92191698 0.14515057
vn 0.35956780 -0.93183915 -0.04885486
vn 0.35650704 -0.90451896 -0.23398328
vn 0.35970153 -0.85459788 -0.37453607
vn 0.35957528 -0.76049599 -0.54069535
vn 0.35802936 -0.63452144 -0.68497994
vn 0.35684143 -0.51554833 -0.77902126
vn 0.36721689 0.00014902 -0.93013533
vn 0.35998116 -0.16509553 -0.91823582
vn 0.36108934 -0.35495323 -0.86233560
vn 0.71376831 0.00004740 -0.70038189
vn 0.71471419 0.13221755 -0.68680576
vn 0.71440863 0.25996797 -0.64964372
vn 0.71378897 0.37861689 -0.58919824
vn 0.71448091 0.48276737 -0.50641158
vn 0.71419978 0.57004167 -0.40616643
vn 0.71377892 0.63706950 -0.29096753
vn 0.71339448 0.68099937 -0.16525183
vn 0.71323300 0.70013013 -0.03341409
vn 0.71423865 0.69277266 0.09964535
vn 0.71335641 0.66223079 0.22928807
vn 0.71373279 0.60658699 0.35019670
vn 0.71458195 0.52878543 0.45799411
vn 0.71441839 0.43260298 0.54996457
vn 0.71417657 0.32062010 0.62221747
vn 0.71420897 0.19716825 0.67158784
vn 0.71425876 0.06656563 0.69670901
vn 0.71427910 -0.06655639 0.69668904
vn 0.71423393 -0.19715793 0.67156432
vn 0.71418838 -0.32063613 0.62219565
vn 0.71443584 -0.43258727 0.54995425
vn 0.71456453 -0.52876234 0.45804795
vn 0.71370374 -0.60662765 0.35018548
vn 0.71339618 -0.66221645 0.22920573
vn 0.71422580 -0.69276927 0.09976094
vn 0.71318809 -0.70017259 -0.03348272
vn 0.71339068 -0.68100048 -0.16526371
vn 0.71374892 -0.63708901 -0.29099841
vn 0.71421378 -0.57003863 -0.40614607
vn 0.71446044 -0.48282355 -0.50638691
vn 0.71380240 -0.37855155 -0.58922394
vn 0.71445201 -0.25996094 -0.64959883
vn 0.71463355 -0.13230082 -0.68687362
vn 0.94544375 0.16289906 -0.28213472
vn 0.94544375 0.28213472 -0.16289906
vn 0.94545085 0.32576477 -0.00000000
vn 0.94544375 0.28213472 0.16289906
vn 0.94544375 0.16289906 0.28213472
vn 0.94545085 -0.00000000 0.32576477
vn 0.94544375 -0.16289906 0.28213472
vn 0.94544375 -0.28213472 0.16289906
vn 0.94545085 -0.32576477 0.00000000
vn 0.94544375 -0.28213472 -0.16289906
vn 0.94544375 -0.16289906 -0.28213472
vn 0.94545085 0.00000000 -0.32576477
vn 0.94544375 0.16289906 -0.28213472
vn 0.94544375 0.28213472 -0.16289906
vn 0.94545085 0.32576477 -0.00000000
vn 0.94544375 0.28213472 0.16289906
vn 0.94544375 0.16289906 0.28213472
vn 0.94545085 0.00000000 0.32576477
vn 0.94544375 -0.16289906 0.28213472
vn 0.94544375 -0.28213472 0.16289906
vn 0.94545085 -0.32576477 0.00000000
vn 0.94544375 -0.28213472 -0.16289906
vn 0.94544375 -0.16289906 -0.28213472
vn 0.94545085 0.00000000 -0.32576477
vn 0.94544375 0.16289906 -0.28213472
vn 0.94544375 0.28213472 -0.16289906
vn 0.94545085 0.32576477 -0.00000000
vn 0.94544375 0.28213472 0.16289906
vn 0.94544375 0.16289906 0.28213472
vn 0.94545085 -0.00000000 0.32576477
vn 0.94544375 -0.16289906 0.28213472
vn 0.94544375 -0.28213472 0.16289906
vn 0.94545085 -0.32576477 0.00000000
vn 0.94544375 -0.28213472 -0.16289906
vn 0.94544375 -0.16289906 -0.28213472
vn 0.94545085 -0.00000000 -0.32576477
vn -0.36534226 -0.92763265 0.07760605
vn -0.08378723 -0.99306707 0.08244688
vn -0.36118149 -0.91892863 0.15848690
vn -0.08573948 -0.98281710 0.16346036
vn 0.06740678 -0.97245770 0.22311958
vn -0.36093084 -0.89626847 0.25774358
vn -0.08908458 -0.95662965 0.27735112
vn 0.04642910 -0.94361848 0.32776287
vn -0.36087895 -0.86533262 0.34780143
vn -0.09025049 -0.92097121 0.37903415
vn -0.35824361 -0.83752192 0.41257550
vn -0.08479250 -0.89938985 0.42884512
vn -0.99630171 -0.07999547 0.03136290
vn -0.99205679 -0.08484357 0.09287032
vn -0.93196511 -0.31198634 0.18467688
vn -0.93355341 -0.33372400 0.13079116
vn -0.93349664 -0.34472728 0.09872755
vn -0.99633864 -0.08219651 0.02351682
vn -0.93367315 -0.35245445 0.06348477
vn -0.99630287 -0.08455194 0.01521720
vn -0.93328499 -0.35789471 0.02984128
vn -0.99626975 -0.08599583 0.00716319
vn -0.71158774 -0.70015841 0.05849008
vn -0.71169845 -0.69135760 0.12453905
vn -0.71048232 -0.67654901 0.19363962
vn -0.71001366 -0.65564022 0.25693677
vn -0.70735291 -0.62593507 0.32841612
vn 0.70953721 -0.70309658 0.04703341
vn 0.36007880 -0.93120764 0.05652960
vn 0.36687176 -0.74130867 0.56202007
vn 0.36107184 -0.75145159 0.55222064
vn 0.08692433 -0.78856293 0.60877965
vn 0.08832057 -0.79776251 0.59646832
vn -0.03721398 -0.83084618 0.55525647
vn 0.36284335 -0.79972419 0.47831571
vn 0.09584172 -0.85257730 0.51373759
vn -0.03819851 -0.88310887 0.46761053
vn 0.36117004 -0.84544177 0.39342651
vn 0.08809020 -0.90611160 0.41376550
vn 0.36661095 -0.87463770 0.31718339
vn 0.08557866 -0.93676967 0.33932120
vn 0.36187151 -0.90089230 0.23967075
vn 0.08735890 -0.96090423 0.26273844
vn -0.04004479 -0.97736761 0.20772329
vn 0.35973517 -0.92165125 0.14542894
vn 0.08797920 -0.98419492 0.15368807
vn -0.03771998 -0.99375276 0.10503643
vn 0.08903910 -0.99461781 0.05298542
vn 0.99627598 -0.08601483 0.00596868
vn 0.93332510 -0.35822974 0.02399404
vn 0.93380146 -0.35342111 0.05575258
vn 0.99631200 -0.08475664 0.01336838
vn 0.93347817 -0.34729365 0.08947412
vn 0.99628379 -0.08340583 0.02149616
vn 0.93333946 -0.33749487 0.12237106
vn 0.99632179 -0.08056182 0.02920085
vn 0.93367329 -0.32347647 0.15367875
vn 0.99633035 -0.07731833 0.03671107
vn 0.93332448 -0.30815550 0.18424334
vn 0.99629372 -0.07381581 0.04415932
vn 0.93334819 -0.29088674 0.21034750
vn 0.99626529 -0.06995953 0.05060759
vn 0.93027171 -0.29440849 0.21890226
vn 0.99594325 -0.07223889 0.05365237
vn 0.71113499 -0.69446260 0.10958434
vn 0.71108728 -0.68087793 0.17538563
vn 0.71059406 -0.66148834 0.23976917
vn 0.71011331 -0.63602273 0.30201686
vn 0.71078739 -0.60364170 0.36110662
vn 0.71089795 -0.56990570 0.41210629
vn 0.70540653 -0.56872442 0.42302974
vn -0.05675145 -0.35962576 0.93136920
vn -0.05781348 -0.18342005 0.98133312
vn -0.05698434 -0.79622864 0.60230618
vn -0.05778565 -0.67263527 0.73771445
vn -0.05725361 -0.99405004 0.09266357
vn -0.05774261 -0.96025152 0.27309854
vn -0.05752669 -0.89384502 -0.44467040
vn -0.05771173 -0.96020674 -0.27326246
vn -0.05786640 -0.52576025 -0.84866226
vn -0.05772360 -0.67251990 -0.73782449
vn -0.05624323 0.67159964 -0.73877644
vn -0.05816471 0.52558545 -0.84875014
vn -0.05623824 0.95993198 -0.27453208
vn -0.05803950 0.89361817 -0.44505952
vn -0.05633838 0.96066202 0.27194571
vn -0.05796023 0.99406598 0.09205129
vn -0.05646087 0.67353846 0.73699262
vn -0.05791700 0.79665385 0.60165460
vn -0.05660096 0.18443956 0.98121271
vn -0.05788041 0.36049688 0.93096287
vn -0.05663346 0.52458286 0.84947365
vn -0.05650531 0.89312187 0.44625159
vn -0.05638375 0.99428475 -0.09065705
vn -0.05632949 0.79760503 -0.60054409
vn -0.05625329 0.18198438 -0.98169102
vn -0.05624938 0.36185584 -0.93053552
vn -0.05774881 -0.18322008 -0.98137428
vn -0.05825381 -0.00001317 -0.99830180
vn -0.05796000 -0.36033861 -0.93101918
vn -0.05766665 -0.79642843 -0.60197700
vn -0.05739236 -0.99404376 -0.09264509
vn -0.05715269 -0.89401536 0.44437610
vn -0.05700557 -0.52641580 0.84831407
vn -0.05678871 -0.00108851 0.99838563
vn -0.11628545 -0.00000167 0.99321583
vn -0.11626308 0.18251288 0.97630525
vn -0.11621005 0.35880674 0.92614953
vn -0.11624402 0.52281187 0.84448510
vn -0.11626083 0.66916869 0.73395959
vn -0.11625765 0.79261882 0.59853118
vn -0.11623311 0.88909461 0.44271959
vn -0.11625042 0.95530508 0.27180517
vn -0.11849108 0.98856439 0.09327548
vn -0.11845279 0.98856978 -0.09326696
vn -0.11624627 0.95530157 -0.27181925
vn -0.11627201 0.88909631 -0.44270597
vn -0.11624074 0.79260757 -0.59854935
vn -0.11626468 0.66918333 -0.73394563
vn -0.11623724 0.52281620 -0.84448335
vn -0.11623311 0.35877398 -0.92615932
vn -0.11627844 0.18253363 -0.97629954
vn -0.11628545 0.00000167 -0.99321583
vn -0.11626308 -0.18251288 -0.97630525
vn -0.11621005 -0.35880674 -0.92614953
vn -0.11624402 -0.52281187 -0.84448510
vn -0.11626083 -0.66916869 -0.73395959
vn -0.11625765 -0.79261882 -0.59853118
vn -0.11623311 -0.88909461 -0.44271959
vn -0.11625042 -0.95530508 -0.27180517
vn -0.11628324 -0.98897595 -0.09167761
vn -0.11624493 -0.98898124 0.09166909
vn -0.11624627 -0.95530157 0.27181925
vn -0.11627201 -0.88909631 0.44270597
vn -0.11624074 -0.79260757 0.59854935
vn -0.11626468 -0.66918333 0.73394563
vn -0.11623724 -0.52281620 0.84448335
vn -0.11623311 -0.35877398 0.92615932
vn -0.11627844 -0.18253363 0.97629954
vn -0.21861255 0.94514518 0.24271206
vn -0.22712898 0.96944401 0.09268621
vn -0.27586293 0.96116600 0.00771758
vn -0.26149778 0.95983006 -0.10171118
vn -0.27014806 0.92724183 -0.25931180
vn -0.27374077 0.86371675 -0.42315407
vn -0.27854422 0.77046915 -0.57340248
vn -0.28235203 0.64971253 -0.70579810
vn -0.28378959 0.50435441 -0.81553056
vn -0.27839116 0.34009959 -0.89823751
vn -0.26701804 0.16336092 -0.94974448
vn -0.24981658 -0.01959939 -0.96809480
vn -0.22748908 -0.20249512 -0.95249380
vn -0.20101968 -0.37917422 -0.90322644
vn -0.26787672 -0.50375316 -0.82126416
vn -0.26961640 -0.64620420 -0.71395177
vn -0.27293260 -0.76427577 -0.58428618
vn -0.27727154 -0.85696767 -0.43442709
vn -0.28150261 -0.92140529 -0.26789658
vn -0.28373088 -0.95467394 -0.08996916
vn -0.28098228 -0.95515046 0.09346955
vn -0.27159458 -0.92235868 0.27475598
vn -0.25629987 -0.85710319 0.44686071
vn -0.23577901 -0.76176535 0.60342507
vn -0.21023799 -0.63898814 0.73992847
vn -0.26783493 -0.50967262 0.81761743
vn -0.26912928 -0.35020289 0.89717744
vn -0.27153102 -0.18193106 0.94507777
vn -0.27564314 -0.00669264 0.96123674
vn -0.28011252 0.17036595 0.94472875
vn -0.28319567 0.34348615 0.89544261
vn -0.28290430 0.50702679 0.81417995
vn -0.27515775 0.65490644 0.70383647
vn -0.26186594 0.77972205 0.56873522
vn -0.24249078 0.87764348 0.41344908
vn -0.99595156 0.08893952 -0.01304817
vn -0.99272682 0.11970093 0.01285117
vn -0.99808872 0.05565704 0.02685526
vn -0.99801109 -0.01724819 0.06063310
vn -1.00000000 0.00000000 0.00000000
vn -1.00000000 0.00000000 0.00000000
vn -1.00000000 0.00000000 0.00000000
vn -1.00000000 0.00000000 0.00000000
vn -1.00000000 0.00000000 0.00000000
vn -0.99797509 -0.00767884 0.06314083
vn -0.99797514 0.00192296 0.06357611
vn -0.99797504 0.02962099 0.05628878
vn -0.99797701 0.02078822 0.06008107
vn -0.99797723 0.01149061 0.06252534
vn -1.00000000 0.00000000 0.00000000
vn -1.00000000 0.00000000 0.00000000
vn -0.99797593 0.04504160 0.04489213
vn -0.99797765 0.03774274 0.05114774
vn -1.00000000 0.00000000 0.00000000
vn -0.99595951 0.08971059 -0.00408224
vn -0.99592906 0.08972891 -0.00860406
vn -0.99797720 0.05128760 0.03756458
vn -1.00000000 0.00000000 0.00000000
vn -1.00000000 0.00000000 0.00000000
vn -1.00000000 0.00000000 0.00000000
vn -1.00000000 0.00000000 0.00000000
vn -1.00000000 0.00000000 0.00000000
vn -1.00000000 0.00000000 0.00000000
vn -1.00000000 0.00000000 0.00000000
vn -1.00000000 0.00000000 0.00000000
vn -0.38189647 -0.73693541 0.55774662
vn -0.00515989 -0.85278822 0.52223138
vn -0.07969894 -0.86359335 0.49784999
vn -0.89711333 -0.19947976 0.39420235
vn -0.72344118 -0.40839860 0.55663582
vn -0.73157809 -0.43456789 0.52530396
vn -0.02322148 -0.80344963 0.59491970
vn -0.04578766 -0.82293594 0.56628608
vn -0.18756614 -0.77739470 0.60039689
vn -0.36239114 -0.68191996 0.63534072
vn -0.38244729 -0.59098795 0.71025862
vn -0.01603486 -0.76938309 0.63858636
vn -0.66970952 -0.40191041 0.62446552
vn -0.64996758 -0.41515091 0.63654684
vn -0.62327670 -0.54653401 0.55930915
vn -0.52050326 -0.56874289 0.63687352
vn -0.95293505 -0.15745924 0.25907793
vn -0.85541502 -0.38068511 0.35120363
vn -0.63220916 -0.63272799 0.44717655
vn -0.33606961 -0.80648469 0.48645622
vn -0.06790039 -0.88365462 0.46318900
vn -0.53926424 -0.63094524 0.55776535
vn -0.61708719 -0.42073201 0.66497215
vn -0.64480640 -0.37567538 0.66565210
vn -0.27231679 -0.68092899 0.67983768
vn -0.37045672 -0.60101220 0.70819924
vn -0.29287152 -0.63258211 0.71698406
vn -0.29934729 -0.63384514 0.71318408
vn -0.32315897 -0.60748267 0.72562600
vn 0.70633939 0.70727348 -0.02913565
vn 0.93055057 0.36585379 -0.01505429
vn 0.99584054 0.08688563 -0.02743203
vn 0.92956467 0.35161030 -0.11081392
vn 0.93033600 0.35676664 -0.08480854
vn 0.99596093 0.08735345 -0.02076542
vn 0.93023583 0.36058031 -0.06814063
vn 0.99594672 0.08838114 -0.01670018
vn 0.93065076 0.36249795 -0.04984369
vn 0.99597157 0.08883328 -0.01221817
vn 0.93062275 0.36460951 -0.03164187
vn 0.99597686 0.08927548 -0.00774459
vn 0.99596894 0.08962717 -0.00358217
vn 0.08738763 0.99563963 -0.03263630
vn 0.36578793 0.93006044 -0.03444948
vn 0.21655749 0.97438645 -0.06061277
vn 0.36511742 0.92720816 -0.08351232
vn 0.08822180 0.99192554 -0.09110780
vn 0.36301184 0.92309679 -0.12694377
vn 0.09051194 0.98676217 -0.13456602
vn 0.36443273 0.91560178 -0.16988868
vn 0.08745616 0.97991836 -0.17919661
vn 0.21830230 0.95409895 -0.20503486
vn 0.36573207 0.90475337 -0.21831488
vn 0.08896324 0.96758714 -0.23634862
vn 0.36690897 0.88995548 -0.27084508
vn 0.08897149 0.95533732 -0.28180610
vn 0.70564580 0.70591523 -0.06121840
vn 0.70531605 0.70228437 -0.09657087
vn 0.70609744 0.69580365 -0.13146742
vn 0.70634832 0.68866978 -0.16372533
vn 0.70364083 0.67777406 -0.21333518
vn -0.75684869 0.64726494 0.09070915
vn -0.75536126 0.65453350 0.03186311
vn -0.54791199 0.83501874 -0.05036021
vn -0.69881252 0.71061705 0.08175864
vn -0.72389053 0.68170791 0.10609821
vn -0.97419869 0.20837291 0.08670437
vn -0.93077663 0.36373350 -0.03678049
vn -0.75444110 0.64808965 0.10391551
vn -0.83998555 0.52951557 0.11848012
vn -0.86184693 0.49943804 0.08821288
vn -0.89445845 0.44549234 0.03847933
vn -0.48892357 0.87232653 -0.00041845
vn -0.54859612 0.83413035 0.05717389
vn -0.50278236 0.86440403 -0.00394701
vn -0.58941554 0.80510659 0.06627746
vn -0.11618432 0.97350684 -0.19694069
vn -0.01173032 0.96438575 -0.26423952
vn -0.30086095 0.94768256 -0.10667921
vn -0.07663424 0.97448917 -0.21094560
vn -0.12556423 0.97326042 -0.19234809
vn -0.23495103 0.96726618 -0.09588609
vn -0.27292090 0.95570606 -0.11018219
vn -0.35459467 0.93250392 -0.06854975
vn -0.07481770 0.97791607 -0.19514733
vn -0.06107915 0.97736778 -0.20253781
vn -0.28875122 0.94780294 -0.13524907
vn -0.18851184 0.96872104 -0.16137792
vn -0.36557071 0.92724981 -0.08102988
vn -0.82609614 0.56333730 -0.01470566
vn -0.63208340 0.77086611 -0.07896848
vn -0.35868316 0.92208610 -0.14527081
vn -0.07955274 0.97877599 -0.18886219
vn -0.70353607 0.70279250 -0.10544998
vn -0.35787219 0.92020541 -0.15858591
vn -0.08552480 0.97991405 -0.18014985
vn -0.04396342 0.97536947 -0.21615183
vn -0.36625844 0.91992244 -0.13999095
vn -0.08797725 0.98402453 -0.15477638
vn -0.36557930 0.92645144 -0.08966323
vn -0.08710525 0.99135601 -0.09811189
vn -0.18651240 0.97475943 -0.12270769
vn -0.36645759 0.92963990 -0.03845121
vn -0.08829590 0.99539375 -0.03735121
vn -0.21712608 0.97397066 -0.06509548
vn -0.70629117 0.70715634 -0.03290428
vn -0.93046316 0.36598942 -0.01703082
vn -0.93048838 0.36465069 -0.03494645
vn -0.70584716 0.70085552 -0.10286557
vn -0.93073300 0.36182427 -0.05309696
vn -0.70586033 0.70512050 -0.06757418
vn 1.00000000 0.00000000 0.00000000
vn 1.00000000 0.00000000 0.00000000
vn 1.00000000 0.00000000 0.00000000
vn 0.99565102 -0.00542235 -0.09300349
vn 0.99566017 -0.02111100 -0.09063746
vn 0.99561597 -0.03636198 -0.08617799
vn 0.99560178 -0.05052022 -0.07889736
vn 0.99558746 -0.06329072 -0.06928124
vn 0.99564942 -0.07357688 -0.05717233
vn 0.99559993 -0.08268980 -0.04408139
vn 0.99562104 -0.08875170 -0.02935796
vn 0.99563571 -0.09229389 -0.01383369
vn 0.99564072 -0.09324995 0.00200080
vn 0.99564669 -0.09149761 0.01777232
vn 0.99566009 -0.08703064 0.03296432
vn 0.99565027 -0.08034490 0.04717240
vn 1.00000000 0.00000000 0.00000000
vn 1.00000000 0.00000000 0.00000000
vn 1.00000000 0.00000000 0.00000000
vn 1.00000000 0.00000000 0.00000000
vn 1.00000000 0.00000000 0.00000000
vn 1.00000000 0.00000000 0.00000000
vn 0.99564332 0.07662869 -0.05312652
vn 0.99565544 0.08432103 -0.03949953
vn 0.99561566 0.06670245 -0.06557628
vn 0.99561904 0.05458274 -0.07591743
vn 0.99566335 0.04072154 -0.08364355
vn 0.99567514 0.02591792 -0.08921475
vn 0.99564179 0.01044462 -0.09267331
vn 1.00000000 0.00000000 0.00000000
vn 1.00000000 0.00000000 0.00000000
vn -0.47517028 -0.83184538 0.28678645
vn -0.47588829 -0.86557643 0.15590954
vn -0.12321055 -0.97263812 0.19696256
vn -0.47585771 -0.04628800 0.87830340
vn -0.47577417 -0.17946568 0.86106388
vn -0.12372613 -0.17530757 0.97670830
vn -0.14281473 0.97871048 -0.14741015
vn -0.12334844 0.95974633 -0.25233339
vn -0.47155846 0.85240787 -0.22590581
vn -0.47621227 -0.17765885 -0.86119638
vn -0.47536501 -0.04464001 -0.87865544
vn -0.12235412 -0.07351514 -0.98976007
vn -0.47625362 -0.86505854 -0.15765852
vn -0.47458396 -0.83168783 -0.28821074
vn -0.12279069 -0.94737648 -0.29563533
vn -0.47542545 -0.67902517 -0.55937060
vn -0.15499439 -0.81651892 -0.55612371
vn -0.47416452 -0.77218715 -0.42295983
vn -0.12464589 -0.87342720 -0.47073170
vn -0.13941531 -0.91216565 -0.38537930
vn -0.47474453 -0.46778131 -0.74551880
vn -0.12223770 -0.54148939 -0.83177352
vn -0.46911532 -0.58344178 -0.66296795
vn -0.12259586 -0.65562445 -0.74506834
vn -0.12306555 -0.75740040 -0.64124839
vn -0.12318640 -0.17480719 -0.97686619
vn -0.13939784 -0.26744400 -0.95343691
vn -0.47088090 -0.33187993 -0.81739029
vn -0.12788549 -0.36737080 -0.92124047
vn -0.18190541 -0.43795976 -0.88039859
vn -0.47617692 0.26639456 -0.83802713
vn -0.15077687 0.21926376 -0.96394488
vn -0.47240981 0.10618455 -0.87495932
vn -0.12547618 0.11840900 -0.98500510
vn -0.15680275 0.03164694 -0.98712277
vn -0.47523825 0.51826844 -0.71101788
vn -0.13114172 0.49256028 -0.86034076
vn -0.47435638 0.39156722 -0.78845491
vn -0.12220940 0.41209871 -0.90290615
vn -0.12267902 0.31763474 -0.94024360
vn -0.47530135 0.64019208 -0.60352525
vn -0.15566305 0.65356126 -0.74069339
vn -0.12244875 0.57716969 -0.80739176
vn -0.47277272 0.73192224 -0.49068909
vn -0.12765966 0.79308689 -0.59558055
vn -0.12276170 0.72982706 -0.67251917
vn -0.47522033 0.79856175 -0.36941138
vn -0.17267234 0.92993798 -0.32465307
vn -0.12220729 0.89302165 -0.43310242
vn -0.12278547 0.84350264 -0.52290249
vn -0.12386524 0.99095166 -0.05169337
vn -0.47671799 0.87656970 -0.06607216
vn -0.12391887 0.99094486 0.05169534
vn -0.47624947 0.87668952 0.06783751
vn -0.15178058 0.97659310 0.15240923
vn -0.12610805 0.96247383 0.24029332
vn -0.47317520 0.85413873 0.21575972
vn -0.15208139 0.92863023 0.33840381
vn -0.47556798 0.79769533 0.37083320
vn -0.12194727 0.89346903 0.43225219
vn -0.12331463 0.84320911 0.52325127
vn -0.47284842 0.73187067 0.49069307
vn -0.12734305 0.79296058 0.59581647
vn -0.47508502 0.63932384 0.60461496
vn -0.12229046 0.73002529 0.67238985
vn -0.46993289 0.52637559 0.70858437
vn -0.12375144 0.58613863 0.80070412
vn -0.19135655 0.63686047 0.74685434
vn -0.47588820 0.26472274 0.83872063
vn -0.12298019 0.31730646 0.94031510
vn -0.47437290 0.39157961 0.78843881
vn -0.12249224 0.41235736 0.90274972
vn -0.13100065 0.49265347 0.86030889
vn -0.12172937 -0.07228032 0.98992804
vn -0.14454275 0.02405031 0.98920624
vn -0.47155891 0.11655213 0.87409828
vn -0.12701173 0.12838402 0.98355760
vn -0.17009656 0.20977606 0.96284016
vn -0.47500078 -0.46901845 0.74457770
vn -0.15370539 -0.45046780 0.87946200
vn -0.47332476 -0.32194530 0.81994810
vn -0.12400098 -0.35765571 0.92558422
vn -0.14463539 -0.27205905 0.95134877
vn -0.47521316 -0.68008939 0.55825701
vn -0.12269157 -0.75752420 0.64117381
vn -0.46914562 -0.58343573 0.66295184
vn -0.12215978 -0.65557805 0.74518079
vn -0.12174557 -0.54151211 0.83183090
vn -0.12273227 -0.94736600 0.29569317
vn -0.13538505 -0.91389156 0.38271804
vn -0.47091956 -0.76893907 0.43239735
vn -0.12843545 -0.86829584 0.47913116
vn -0.18781814 -0.81865174 0.54270957
vn -0.12325184 -0.97261628 -0.19704454
vn -0.14874531 -0.98402692 -0.09780519
vn -0.47230082 -0.88142229 0.00516455
vn -0.12660800 -0.99194040 0.00496469
vn -0.16376267 -0.98240971 0.08973819
vn -0.82940431 0.33226391 0.44909818
vn -0.82938925 0.40336024 0.38654105
vn -0.82933730 0.46295223 0.31284961
vn -0.82955174 0.50884098 0.23005384
vn -0.82948464 0.54050838 0.14073351
vn -0.82934324 0.55673220 0.04731850
vn -0.82936466 0.55669821 -0.04734315
vn -0.82947589 0.54052591 -0.14071776
vn -0.82966296 0.25132099 0.49849486
vn -0.82960312 0.16354014 0.53386636
vn -0.82938768 0.07100628 0.55414275
vn -0.82948262 -0.02373758 0.55802787
vn -0.82939872 -0.11774515 0.54610790
vn -0.82930070 -0.20826916 0.51854055
vn -0.82945605 -0.29287786 0.47563140
vn -0.82952015 -0.36902843 0.41918295
vn -0.82950849 -0.43452425 0.35086229
vn -0.82945177 -0.48764773 0.27241411
vn -0.82918290 -0.52703640 0.18624808
vn -0.82931597 -0.55075222 0.09437697
vn -0.82930628 -0.55879432 0.00000311
vn -0.82930828 -0.55075870 -0.09440675
vn -0.82920195 -0.52703449 -0.18616868
vn -0.82948090 -0.48758877 -0.27243096
vn -0.82951193 -0.43451440 -0.35086635
vn -0.82950455 -0.36903761 -0.41920573
vn -0.82942120 -0.29288986 -0.47568478
vn -0.82929454 -0.20831795 -0.51853081
vn -0.82941334 -0.11774168 -0.54608645
vn -0.82949140 -0.02369676 -0.55801655
vn -0.82941357 0.07094178 -0.55411225
vn -0.82962004 0.16356005 -0.53383397
vn -0.82965308 0.25137688 -0.49848312
vn -0.82937820 0.33224823 -0.44915800
vn -0.82939107 0.40336318 -0.38653409
vn -0.82937778 0.46287721 -0.31285330
vn -0.82954498 0.50887067 -0.23001256
vn -0.99497713 0.05953277 0.08047590
vn -0.99501437 0.07197993 0.06903112
vn -0.99498565 0.08286618 0.05600668
vn -0.99497262 0.09127120 0.04121956
vn -0.99502300 0.09641685 0.02516001
vn -0.99496684 0.09984694 0.00846070
vn -0.99496447 0.09986533 -0.00852221
vn -0.99502257 0.09644951 -0.02505133
vn -0.99497388 0.09123154 -0.04127685
vn -0.99499460 0.04497503 0.08923556
vn -0.99498116 0.02931167 0.09567293
vn -0.99497302 0.01275392 0.09932792
vn -0.99501367 -0.00428484 0.09964654
vn -0.99500239 -0.02102581 0.09761224
vn -0.99501040 -0.03720867 0.09257335
vn -0.99497789 -0.05247565 0.08523671
vn -0.99497421 -0.06615317 0.07516707
vn -0.99497207 -0.07792389 0.06291625
vn -0.99497952 -0.08736607 0.04881529
vn -0.99497993 -0.09435281 0.03335387
vn -0.99500433 -0.09839838 0.01685653
vn -0.99499554 -0.09991935 0.00001168
vn -0.99500496 -0.09838674 -0.01688715
vn -0.99497949 -0.09436250 -0.03333973
vn -0.99497830 -0.08737474 -0.04882459
vn -0.99497183 -0.07793234 -0.06290955
vn -0.99497543 -0.06615075 -0.07515294
vn -0.99497942 -0.05248218 -0.08521486
vn -0.99500959 -0.03717692 -0.09259480
vn -0.99500211 -0.02104872 -0.09761021
vn -0.99501418 -0.00422807 -0.09964385
vn -0.99497182 0.01270641 -0.09934595
vn -0.99498032 0.02931002 -0.09568216
vn -0.99499450 0.04499631 -0.08922595
vn -0.99497865 0.05948995 -0.08048869
vn -0.99501426 0.07202128 -0.06898959
vn -0.99498327 0.08287701 -0.05603290
vn -0.92293707 -0.22891897 -0.30948871
vn -0.92276001 -0.27827411 -0.26660361
vn -0.92297785 -0.31882959 -0.21554486
vn -0.92289869 -0.35086110 -0.15860172
vn -0.92293970 -0.37252772 -0.09698144
vn -0.92300019 -0.38341317 -0.03263425
vn -0.92300172 -0.38341105 0.03261582
vn -0.92293179 -0.37254323 0.09699714
vn -0.92289845 -0.35084794 0.15863221
vn -0.92297255 -0.31888368 0.21548752
vn -0.92288743 -0.17337110 -0.34383318
vn -0.92296455 -0.11269079 -0.36801796
vn -0.92288967 -0.04895162 -0.38194031
vn -0.92291023 0.01629001 -0.38467043
vn -0.92301698 0.08113737 -0.37610688
vn -0.92302768 0.14346243 -0.35698521
vn -0.92288221 0.20186026 -0.32793424
vn -0.92293038 0.25435686 -0.28896732
vn -0.92300342 0.29939692 -0.24171506
vn -0.92301061 0.33591252 -0.18765447
vn -0.92297546 0.36286925 -0.12822714
vn -0.92302153 0.37921279 -0.06503009
vn -0.92303171 0.38472387 0.00000645
vn -0.92303056 0.37919189 0.06502386
vn -0.92297909 0.36286570 0.12821113
vn -0.92300530 0.33591863 0.18766963
vn -0.92300899 0.29937617 0.24171949
vn -0.92294275 0.25433673 0.28894552
vn -0.92287100 0.20192357 0.32792680
vn -0.92300619 0.14344404 0.35704816
vn -0.92302394 0.08110508 0.37609677
vn -0.92293251 0.01631478 0.38461593
vn -0.92289330 -0.04893649 0.38193348
vn -0.92296049 -0.11273043 0.36801600
vn -0.92289293 -0.17333077 0.34383876
vn -0.92295148 -0.22894718 0.30942488
vn -0.92275924 -0.27820551 0.26667785
vn -0.64216447 -0.45745104 -0.61511246
vn -0.64027788 -0.55813175 -0.52776244
vn -0.63787524 -0.64205265 -0.42530410
vn -0.63408946 -0.70803129 -0.31084120
vn -0.63015497 -0.75327850 -0.18835129
vn -0.62796661 -0.77577117 -0.06194384
vn -0.62925369 -0.77453306 0.06432992
vn -0.63497969 -0.74942657 0.18751165
vn -0.64468204 -0.70146353 0.30386506
vn -0.65669454 -0.63324521 0.40957634
vn -0.66976280 -0.54801222 0.50109920
vn -0.68873926 -0.30553824 -0.65748355
vn -0.67490484 -0.19876943 -0.71062942
vn -0.66085301 -0.07935997 -0.74630777
vn -0.64855131 0.04568090 -0.75979895
vn -0.63803247 0.17122910 -0.75072975
vn -0.63055683 0.29263009 -0.71886418
vn -0.62780114 0.40608162 -0.66405079
vn -0.62892704 0.50860137 -0.58802672
vn -0.63271435 0.59726618 -0.49289518
vn -0.63647084 0.66947030 -0.38303315
vn -0.63956951 0.72279770 -0.26175242
vn -0.64179069 0.75532026 -0.13264999
vn -0.62291856 0.78226225 0.00618436
vn -0.67917226 0.71953918 0.14487378
vn -0.66536956 0.69804478 0.26460696
vn -0.65222572 0.65462184 0.38219347
vn -0.64110103 0.59035625 0.49037636
vn -0.63228727 0.50771940 0.58517845
vn -0.62824594 0.40824396 0.66230198
vn -0.62836719 0.29510875 0.71976767
vn -0.63154705 0.17131600 0.75617402
vn -0.63543061 0.04104160 0.77106649
vn -0.63866593 -0.09115649 0.76406565
vn -0.64128020 -0.22073325 0.73487178
vn -0.64247477 -0.34396549 0.68477288
vn -0.68365922 -0.45215037 0.57286133
vn -0.81868986 0.54634414 0.17679080
vn -0.27583780 0.96095703 0.02179666
vn -0.07115640 0.98375702 -0.16479954
vn -0.04140056 0.99386343 0.10257423
vn -0.06600322 0.97765459 0.19958727
vn -0.28138018 0.94357785 0.17460250
vn -0.05929956 0.92499966 0.37531213
vn -0.06489437 0.88287449 0.46510360
vn -0.28257325 0.84907276 0.44634943
vn -0.06675682 -0.63341403 0.77092814
vn -0.06782075 -0.68954062 0.72106455
vn -0.22449910 -0.63343666 0.74051209
vn -0.81579416 -0.21068600 0.53860124
vn -0.82046424 -0.15778444 0.54949295
vn -0.52948155 -0.45019214 0.71901066
vn -0.57642645 -0.33979550 0.74314976
vn -0.27841547 -0.52910971 0.80157828
vn -0.06726237 -0.55517679 0.82900814
vn -0.05579555 -0.47158482 0.88005376
vn -0.27943593 -0.38986134 0.87745296
vn -0.06790551 -0.38914936 0.91866839
vn -0.28060249 -0.26051522 0.92379330
vn -0.06725331 -0.29795205 0.95220878
vn -0.04009583 0.25539984 0.96600375
vn -0.06657388 0.15767052 0.98524511
vn -0.28046585 0.17001954 0.94468633
vn -0.06644028 0.06046370 0.99595674
vn -0.27984601 0.03329669 0.95946732
vn -0.05992579 -0.02399304 0.99791444
vn -0.28260050 -0.11839218 0.95190349
vn -0.06440454 -0.12300045 0.99031457
vn -0.05447434 -0.21194328 0.97576257
vn -0.06203068 0.33501144 0.94016995
vn -0.28482907 0.31336579 0.90591075
vn -0.06936124 0.42325143 0.90335334
vn -0.28430100 0.44659272 0.84836778
vn -0.07249249 0.48802826 0.86981219
vn -0.28059965 0.56623223 0.77501284
vn -0.06952261 0.57855417 0.81267563
vn -0.05522714 0.65665351 0.75216762
vn -0.27982724 0.68388688 0.67379185
vn -0.06766929 0.72254295 0.68800621
vn -0.28107708 0.77283522 0.56896520
vn -0.06710133 0.78625234 0.61425130
vn -0.05596963 0.83787779 0.54298085
vn -0.06205961 0.99789340 0.01890407
vn -0.06750336 0.99361607 -0.09039024
vn -0.56694029 0.81105106 0.14413494
vn -0.58012737 0.77023979 0.26492057
vn -0.96176038 -0.07802799 0.26254257
vn -0.96117756 -0.03334031 0.27390896
vn -0.96119781 0.00837707 0.27573282
vn -0.96119724 0.04987640 0.27131569
vn -0.96119762 0.09019295 0.26069977
vn -0.96118817 0.12849113 0.24414613
vn -0.96118936 0.16379990 0.22200137
vn -0.96119589 0.19539287 0.19474109
vn -0.96120786 0.22251163 0.16299700
vn -0.96046592 0.24655232 0.12929489
vn -0.57882326 -0.21934081 0.78540005
vn -0.57882915 -0.09845988 0.80948284
vn -0.57881720 0.02468850 0.81508351
vn -0.57868162 0.14725826 0.80214873
vn -0.57884493 0.26664849 0.77060828
vn -0.57875129 0.37980582 0.72166092
vn -0.57877051 0.48418897 0.65619032
vn -0.57882610 0.57758495 0.57563527
vn -0.57885258 0.65781254 0.48188416
vn -0.57875090 0.72299147 0.37726744
vn -0.06612962 0.95319568 0.29503369
vn -0.27963837 0.90987752 0.30647232
vn -0.82215232 -0.06875536 0.56510022
vn -0.82224869 0.01732991 0.56886445
vn -0.82206234 0.10286922 0.56002806
vn -0.82209137 0.18614802 0.53806569
vn -0.82207698 0.26515054 0.50386965
vn -0.82209512 0.33802695 0.45814560
vn -0.82209636 0.40330591 0.40187302
vn -0.82202150 0.45937633 0.33653239
vn -0.82210018 0.50474733 0.26340356
vn 0.92763963 -0.32206172 0.18910569
vn 0.92762970 -0.34925481 0.13237908
vn 0.92790265 -0.36598750 0.07106204
vn 0.92818303 -0.37203703 0.00804420
vn 0.92768684 -0.36922168 -0.05543000
vn 0.92818188 -0.35332515 -0.11678927
vn 0.92810996 -0.32852102 -0.17517374
vn 0.92782597 -0.29460299 -0.22879694
vn 0.92808048 -0.25116003 -0.27492773
vn 0.92795743 -0.20094834 -0.31387064
vn 0.92811205 -0.14477986 -0.34299682
vn 0.92809278 -0.08444121 -0.36264787
vn 0.92787908 -0.02162266 -0.37225377
vn 0.92822175 0.04159837 -0.36969442
vn 0.92784234 0.10400893 -0.35817696
vn 0.92787214 0.16323000 -0.33527491
vn 0.92791920 0.21770482 -0.30260630
vn 0.92808639 0.26552226 -0.26106240
vn 0.92796352 0.30617703 -0.21246018
vn 0.92814409 0.33707316 -0.15789312
vn 0.21458854 0.91510878 -0.34136151
vn 0.36820385 0.83761320 -0.40352206
vn 0.09048483 0.89259799 -0.44168012
vn 0.09222319 0.84510398 -0.52658726
vn 0.36422956 0.76379013 -0.53288034
vn 0.08773266 0.79785004 -0.59643801
vn 0.36602267 0.67180086 -0.64398059
vn 0.08676718 0.72789533 -0.68017633
vn 0.22125694 0.63858948 -0.73705417
vn 0.36872599 0.53916593 -0.75719300
vn 0.09003411 0.57362852 -0.81415243
vn 0.16817888 0.49036452 -0.85513654
vn 0.37080580 0.39383681 -0.84106814
vn 0.08921283 0.40489662 -0.90999989
vn 0.37064133 0.27229728 -0.88796351
vn 0.08931507 0.30842408 -0.94704667
vn 0.18986161 0.20600921 -0.95995457
vn 0.36629164 0.10603618 -0.92443862
vn 0.08631845 0.11566706 -0.98953032
vn 0.21255838 0.01820507 -0.97697877
vn 0.36803739 -0.06701609 -0.92739275
vn 0.08839406 -0.08564841 -0.99239651
vn 0.36909347 -0.19978245 -0.90766568
vn 0.08790689 -0.18589025 -0.97863026
vn 0.36863369 -0.50807151 -0.77844238
vn 0.22611577 -0.45319186 -0.86225797
vn 0.36712879 -0.35217198 -0.86092471
vn 0.09048904 -0.36901523 -0.92500783
vn 0.12794533 -0.28156869 -0.95097269
vn 0.36896679 -0.72621075 -0.58007021
vn 0.08880935 -0.69914473 -0.70944312
vn 0.37042549 -0.63512369 -0.67779264
vn 0.12867817 -0.62354556 -0.77112441
vn 0.08852310 -0.55156772 -0.82941950
vn 0.36726865 -0.82147691 -0.43622176
vn 0.20947038 -0.81567076 -0.53926188
vn 0.08738529 -0.76924547 -0.63294961
vn 0.17934249 -0.98085082 -0.07594694
vn 0.08638704 -0.97929370 -0.18308777
vn 0.36995577 -0.91666296 -0.15120101
vn 0.09011601 -0.95492940 -0.28282318
vn 0.36993219 -0.88626353 -0.27872412
vn 0.19339996 -0.90691010 -0.37431340
vn 0.08803969 -0.88046163 -0.46587159
vn 0.09063008 -0.99585580 0.00757669
vn 0.36491679 -0.93097173 0.01128636
vn 0.22285374 -0.96886653 0.10786037
vn 0.36771340 -0.91054511 0.18892977
vn 0.08745955 -0.97284911 0.21427889
vn 0.36187238 -0.87185125 0.33003602
vn 0.09059391 -0.93113287 0.35324824
vn 0.36915846 -0.80669151 0.46148763
vn 0.08952777 -0.86991530 0.48500736
vn 0.21212022 -0.80028007 0.56085366
vn 0.70112075 0.64577066 -0.30234078
vn 0.70068830 0.58636772 -0.40645886
vn 0.70163347 0.50812073 -0.49952357
vn 0.70126901 0.41612669 -0.57884398
vn 0.70117917 0.31214702 -0.64102419
vn 0.70123090 0.19882438 -0.68464888
vn 0.70236002 0.07957040 -0.70736055
vn 0.70100386 -0.04150881 -0.71194846
vn 0.70097245 -0.16173395 -0.69460763
vn 0.70156260 -0.27693133 -0.65659649
vn 0.70250937 -0.38393585 -0.59922771
vn 0.70197085 -0.48022508 -0.52594752
vn 0.70235035 -0.56217829 -0.43664580
vn 0.70194637 -0.62845510 -0.33513503
vn 0.70115722 -0.67694213 -0.22389263
vn 0.70222985 -0.70407277 -0.10561617
vn 0.70131835 -0.71268367 0.01531520
vn 0.70234154 -0.69873512 0.13596174
vn 0.70049457 -0.66728104 0.25306792
vn 0.70189678 -0.61424740 0.36061203
f 1//1 2//2 3//3
f 3//3 2//2 4//4
f 3//3 4//4 5//5
f 6//6 7//7 8//8
f 8//8 7//7 9//9
f 8//8 9//9 10//10
f 11//11 12//12 13//13
f 13//13 12//12 14//14
f 13//13 14//14 15//15
f 16//16 17//17 18//18
f 18//18 17//17 19//19
f 18//18 19//19 20//20
f 21//21 22//22 23//23
f 23//23 22//22 24//24
f 23//23 24//24 25//25
f 26//26 27//27 28//28
f 28//28 27//27 29//29
f 28//28 29//29 30//30
f 31//31 32//32 33//33
f 33//33 32//32 34//34
f 33//33 34//34 35//35
f 36//36 37//37 38//38
f 38//38 37//37 39//39
f 38//38 39//39 40//40
f 41//41 42//42 43//43
f 43//43 42//42 44//44
f 43//43 44//44 45//45
f 46//46 47//47 48//48
f 48//48 47//47 49//49
f 48//48 49//49 50//50
f 51//51 52//52 53//53
f 53//53 52//52 54//54
f 53//53 54//54 55//55
f 56//56 57//57 58//58
f 58//58 57//57 59//59
f 58//58 59//59 60//60
f 61//61 62//62 63//63
f 63//63 62//62 19//19
f 63//63 19//19 17//17
f 64//64 65//65 66//66
f 66//66 65//65 14//14
f 66//66 14//14 12//12
f 67//67 68//68 69//69
f 69//69 68//68 49//49
f 69//69 49//49 47//47
f 70//70 71//71 72//72
f 72//72 71//71 44//44
f 72//72 44//44 42//42
f 73//73 74//74 75//75
f 75//75 74//74 9//9
f 75//75 9//9 7//7
f 76//76 77//77 78//78
f 78//78 77//77 4//4
f 78//78 4//4 2//2
f 79//79 80//80 81//81
f 81//81 80//80 59//59
f 81//81 59//59 57//57
f 82//82 83//83 84//84
f 84//84 83//83 54//54
f 84//84 54//54 52//52
f 85//85 86//86 27//27
f 27//27 86//86 87//87
f 27//27 87//87 29//29
f 88//88 89//89 90//90
f 90//90 89//89 24//24
f 90//90 24//24 22//22
f 91//91 92//92 93//93
f 93//93 92//92 39//39
f 93//93 39//39 37//37
f 94//94 95//95 32//32
f 32//32 95//95 96//96
f 32//32 96//96 34//34
f 97//97 98//98 99//99
f 99//99 98//98 100//100
f 101//101 97//97 102//102
f 102//102 97//97 99//99
f 102//102 99//99 103//103
f 103//103 99//99 104//104
f 105//105 106//106 107//107
f 107//107 106//106 108//108
f 107//107 108//108 109//109
f 109//109 108//108 110//110
f 111//111 8//8 10//10
f 111//111 10//10 112//112
f 112//112 10//10 113//113
f 112//112 113//113 114//114
f 114//114 113//113 115//115
f 114//114 115//115 116//116
f 116//116 115//115 117//117
f 116//116 117//117 118//118
f 118//118 117//117 1//1
f 118//118 1//1 3//3
f 6//6 8//8 119//119
f 6//6 119//119 120//120
f 120//120 119//119 121//121
f 120//120 121//121 122//122
f 122//122 121//121 123//123
f 122//122 123//123 124//124
f 124//124 123//123 125//125
f 124//124 125//125 5//5
f 5//5 125//125 126//126
f 5//5 126//126 3//3
f 127//127 18//18 20//20
f 127//127 20//20 128//128
f 128//128 20//20 129//129
f 128//128 129//129 130//130
f 130//130 129//129 131//131
f 130//130 131//131 132//132
f 132//132 131//131 133//133
f 132//132 133//133 134//134
f 134//134 133//133 11//11
f 134//134 11//11 13//13
f 16//16 18//18 135//135
f 16//16 135//135 136//136
f 136//136 135//135 137//137
f 136//136 137//137 138//138
f 138//138 137//137 139//139
f 138//138 139//139 140//140
f 140//140 139//139 141//141
f 140//140 141//141 15//15
f 15//15 141//141 142//142
f 15//15 142//142 13//13
f 143//143 28//28 30//30
f 143//143 30//30 144//144
f 144//144 30//30 145//145
f 144//144 145//145 146//146
f 146//146 145//145 147//147
f 146//146 147//147 148//148
f 148//148 147//147 149//149
f 148//148 149//149 150//150
f 150//150 149//149 21//21
f 150//150 21//21 23//23
f 26//26 28//28 151//151
f 26//26 151//151 152//152
f 152//152 151//151 153//153
f 152//152 153//153 154//154
f 154//154 153//153 155//155
f 154//154 155//155 156//156
f 156//156 155//155 157//157
f 156//156 157//157 25//25
f 25//25 157//157 158//158
f 25//25 158//158 23//23
f 31//31 33//33 159//159
f 31//31 159//159 160//160
f 160//160 159//159 161//161
f 160//160 161//161 162//162
f 162//162 161//161 163//163
f 162//162 163//163 164//164
f 164//164 163//163 165//165
f 164//164 165//165 40//40
f 40//40 165//165 166//166
f 40//40 166//166 38//38
f 36//36 38//38 167//167
f 36//36 167//167 168//168
f 168//168 167//167 169//169
f 168//168 169//169 170//170
f 170//170 169//169 171//171
f 170//170 171//171 172//172
f 172//172 171//171 173//173
f 172//172 173//173 35//35
f 35//35 173//173 174//174
f 35//35 174//174 33//33
f 41//41 43//43 175//175
f 41//41 175//175 176//176
f 176//176 175//175 177//177
f 176//176 177//177 178//178
f 178//178 177//177 179//179
f 178//178 179//179 180//180
f 180//180 179//179 181//181
f 180//180 181//181 50//50
f 50//50 181//181 182//182
f 50//50 182//182 48//48
f 46//46 48//48 183//183
f 46//46 183//183 184//184
f 184//184 183//183 185//185
f 184//184 185//185 186//186
f 186//186 185//185 187//187
f 186//186 187//187 188//188
f 188//188 187//187 189//189
f 188//188 189//189 45//45
f 45//45 189//189 190//190
f 45//45 190//190 43//43
f 191//191 58//58 60//60
f 191//191 60//60 192//192
f 192//192 60//60 193//193
f 192//192 193//193 194//194
f 194//194 193//193 195//195
f 194//194 195//195 196//196
f 196//196 195//195 197//197
f 196//196 197//197 198//198
f 198//198 197//197 51//51
f 198//198 51//51 53//53
f 56//56 58//58 199//199
f 56//56 199//199 200//200
f 200//200 199//199 201//201
f 200//200 201//201 202//202
f 202//202 201//201 203//203
f 202//202 203//203 204//204
f 204//204 203//203 205//205
f 204//204 205//205 55//55
f 55//55 205//205 206//206
f 55//55 206//206 53//53
f 207//207 208//208 209//209
f 209//209 208//208 210//210
f 17//17 16//16 136//136
f 12//12 11//11 133//133
f 211//211 14//14 212//212
f 212//212 14//14 65//65
f 212//212 65//65 213//213
f 213//213 65//65 64//64
f 213//213 64//64 214//214
f 214//214 64//64 66//66
f 214//214 66//66 215//215
f 216//216 19//19 217//217
f 217//217 19//19 62//62
f 217//217 62//62 218//218
f 218//218 62//62 61//61
f 218//218 61//61 219//219
f 219//219 61//61 63//63
f 219//219 63//63 220//220
f 20//20 19//19 129//129
f 129//129 19//19 216//216
f 129//129 216//216 131//131
f 131//131 216//216 221//221
f 131//131 221//221 133//133
f 133//133 221//221 215//215
f 133//133 215//215 12//12
f 12//12 215//215 66//66
f 15//15 14//14 140//140
f 140//140 14//14 211//211
f 140//140 211//211 138//138
f 138//138 211//211 222//222
f 138//138 222//222 136//136
f 136//136 222//222 220//220
f 136//136 220//220 17//17
f 17//17 220//220 63//63
f 47//47 46//46 184//184
f 42//42 41//41 176//176
f 223//223 44//44 224//224
f 224//224 44//44 71//71
f 224//224 71//71 225//225
f 225//225 71//71 70//70
f 225//225 70//70 226//226
f 226//226 70//70 72//72
f 226//226 72//72 227//227
f 228//228 49//49 229//229
f 229//229 49//49 68//68
f 229//229 68//68 230//230
f 230//230 68//68 67//67
f 230//230 67//67 231//231
f 231//231 67//67 69//69
f 231//231 69//69 232//232
f 50//50 49//49 180//180
f 180//180 49//49 228//228
f 180//180 228//228 178//178
f 178//178 228//228 233//233
f 178//178 233//233 176//176
f 176//176 233//233 227//227
f 176//176 227//227 42//42
f 42//42 227//227 72//72
f 45//45 44//44 188//188
f 188//188 44//44 223//223
f 188//188 223//223 186//186
f 186//186 223//223 234//234
f 186//186 234//234 184//184
f 184//184 234//234 232//232
f 184//184 232//232 47//47
f 47//47 232//232 69//69
f 7//7 6//6 120//120
f 2//2 1//1 117//117
f 235//235 4//4 236//236
f 236//236 4//4 77//77
f 236//236 77//77 237//237
f 237//237 77//77 76//76
f 237//237 76//76 238//238
f 238//238 76//76 78//78
f 238//238 78//78 239//239
f 240//240 9//9 241//241
f 241//241 9//9 74//74
f 241//241 74//74 242//242
f 242//242 74//74 73//73
f 242//242 73//73 243//243
f 243//243 73//73 75//75
f 243//243 75//75 244//244
f 10//10 9//9 113//113
f 113//113 9//9 240//240
f 113//113 240//240 115//115
f 115//115 240//240 245//245
f 115//115 245//245 117//117
f 117//117 245//245 239//239
f 117//117 239//239 2//2
f 2//2 239//239 78//78
f 5//5 4//4 124//124
f 124//124 4//4 235//235
f 124//124 235//235 122//122
f 122//122 235//235 246//246
f 122//122 246//246 120//120
f 120//120 246//246 244//244
f 120//120 244//244 7//7
f 7//7 244//244 75//75
f 57//57 56//56 200//200
f 52//52 51//51 197//197
f 247//247 54//54 248//248
f 248//248 54//54 83//83
f 248//248 83//83 249//249
f 249//249 83//83 82//82
f 249//249 82//82 250//250
f 250//250 82//82 84//84
f 250//250 84//84 251//251
f 252//252 59//59 253//253
f 253//253 59//59 80//80
f 253//253 80//80 254//254
f 254//254 80//80 79//79
f 254//254 79//79 255//255
f 255//255 79//79 81//81
f 255//255 81//81 256//256
f 60//60 59//59 193//193
f 193//193 59//59 252//252
f 193//193 252//252 195//195
f 195//195 252//252 257//257
f 195//195 257//257 197//197
f 197//197 257//257 251//251
f 197//197 251//251 52//52
f 52//52 251//251 84//84
f 55//55 54//54 204//204
f 204//204 54//54 247//247
f 204//204 247//247 202//202
f 202//202 247//247 258//258
f 202//202 258//258 200//200
f 200//200 258//258 256//256
f 200//200 256//256 57//57
f 57//57 256//256 81//81
f 27//27 26//26 152//152
f 22//22 21//21 149//149
f 259//259 24//24 260//260
f 260//260 24//24 89//89
f 260//260 89//89 261//261
f 261//261 89//89 88//88
f 261//261 88//88 262//262
f 262//262 88//88 90//90
f 262//262 90//90 263//263
f 264//264 29//29 265//265
f 265//265 29//29 87//87
f 265//265 87//87 266//266
f 266//266 87//87 86//86
f 266//266 86//86 267//267
f 267//267 86//86 85//85
f 267//267 85//85 268//268
f 30//30 29//29 145//145
f 145//145 29//29 264//264
f 145//145 264//264 147//147
f 147//147 264//264 269//269
f 147//147 269//269 149//149
f 149//149 269//269 263//263
f 149//149 263//263 22//22
f 22//22 263//263 90//90
f 25//25 24//24 156//156
f 156//156 24//24 259//259
f 156//156 259//259 154//154
f 154//154 259//259 270//270
f 154//154 270//270 152//152
f 152//152 270//270 268//268
f 152//152 268//268 27//27
f 27//27 268//268 85//85
f 37//37 36//36 168//168
f 32//32 31//31 160//160
f 271//271 34//34 272//272
f 272//272 34//34 96//96
f 272//272 96//96 273//273
f 273//273 96//96 95//95
f 273//273 95//95 274//274
f 274//274 95//95 94//94
f 274//274 94//94 275//275
f 276//276 39//39 277//277
f 277//277 39//39 92//92
f 277//277 92//92 278//278
f 278//278 92//92 91//91
f 278//278 91//91 279//279
f 279//279 91//91 93//93
f 279//279 93//93 280//280
f 40//40 39//39 164//164
f 164//164 39//39 276//276
f 164//164 276//276 162//162
f 162//162 276//276 281//281
f 162//162 281//281 160//160
f 160//160 281//281 275//275
f 160//160 275//275 32//32
f 32//32 275//275 94//94
f 35//35 34//34 172//172
f 172//172 34//34 271//271
f 172//172 271//271 170//170
f 170//170 271//271 282//282
f 170//170 282//282 168//168
f 168//168 282//282 280//280
f 168//168 280//280 37//37
f 37//37 280//280 93//93
f 208//208 207//207 283//283
f 283//283 207//207 284//284
f 283//283 284//284 285//285
f 285//285 284//284 286//286
f 285//285 286//286 287//287
f 287//287 286//286 288//288
f 287//287 288//288 289//289
f 289//289 288//288 290//290
f 289//289 290//290 291//291
f 291//291 290//290 292//292
f 291//291 292//292 293//293
f 293//293 292//292 294//294
f 295//295 296//296 297//297
f 297//297 296//296 298//298
f 297//297 298//298 299//299
f 299//299 298//298 300//300
f 299//299 300//300 301//301
f 301//301 300//300 302//302
f 301//301 302//302 303//303
f 303//303 302//302 304//304
f 303//303 304//304 305//305
f 305//305 304//304 306//306
f 305//305 306//306 307//307
f 307//307 306//306 308//308
f 307//307 308//308 309//309
f 309//309 308//308 310//310
f 309//309 310//310 311//311
f 311//311 310//310 312//312
f 311//311 312//312 313//313
f 313//313 312//312 314//314
f 313//313 314//314 315//315
f 315//315 314//314 316//316
f 315//315 316//316 317//317
f 317//317 316//316 318//318
f 317//317 318//318 319//319
f 319//319 318//318 320//320
f 319//319 320//320 321//321
f 321//321 320//320 322//322
f 321//321 322//322 323//323
f 323//323 322//322 324//324
f 323//323 324//324 325//325
f 326//326 327//327 328//328
f 328//328 327//327 329//329
f 328//328 329//329 330//330
f 330//330 329//329 331//331
f 330//330 331//331 332//332
f 332//332 331//331 295//295
f 332//332 295//295 333//333
f 333//333 295//295 297//297
f 334//334 335//335 336//336
f 334//334 336//336 337//337
f 337//337 336//336 338//338
f 337//337 338//338 339//339
f 339//339 338//338 340//340
f 339//339 340//340 341//341
f 341//341 340//340 342//342
f 341//341 342//342 326//326
f 326//326 342//342 343//343
f 326//326 343//343 327//327
f 344//344 345//345 346//346
f 346//346 345//345 347//347
f 346//346 347//347 348//348
f 335//335 334//334 349//349
f 349//349 334//334 350//350
f 349//349 350//350 351//351
f 351//351 350//350 352//352
f 351//351 352//352 344//344
f 344//344 352//352 353//353
f 344//344 353//353 345//345
f 354//354 355//355 356//356
f 356//356 355//355 357//357
f 348//348 347//347 358//358
f 358//358 347//347 359//359
f 358//358 359//359 360//360
f 360//360 359//359 361//361
f 360//360 361//361 357//357
f 357//357 361//361 362//362
f 357//357 362//362 356//356
f 324//324 363//363 325//325
f 325//325 363//363 364//364
f 325//325 364//364 365//365
f 365//365 364//364 366//366
f 365//365 366//366 367//367
f 367//367 366//366 368//368
f 367//367 368//368 369//369
f 369//369 368//368 370//370
f 369//369 370//370 371//371
f 371//371 370//370 372//372
f 371//371 372//372 373//373
f 373//373 372//372 374//374
f 373//373 374//374 375//375
f 375//375 374//374 376//376
f 375//375 376//376 377//377
f 377//377 376//376 378//378
f 377//377 378//378 379//379
f 379//379 378//378 380//380
f 379//379 380//380 381//381
f 381//381 380//380 382//382
f 381//381 382//382 383//383
f 383//383 382//382 384//384
f 383//383 384//384 385//385
f 385//385 384//384 386//386
f 385//385 386//386 387//387
f 387//387 386//386 388//388
f 387//387 388//388 389//389
f 389//389 388//388 390//390
f 389//389 390//390 391//391
f 391//391 390//390 392//392
f 391//391 392//392 393//393
f 393//393 392//392 394//394
f 393//393 394//394 395//395
f 395//395 394//394 396//396
f 395//395 396//396 397//397
f 397//397 396//396 398//398
f 397//397 398//398 399//399
f 399//399 398//398 400//400
f 399//399 400//400 401//401
f 401//401 400//400 402//402
f 401//401 402//402 354//354
f 354//354 402//402 403//403
f 354//354 403//403 355//355
f 404//404 294//294 405//405
f 405//405 294//294 406//406
f 405//405 406//406 407//407
f 407//407 406//406 408//408
f 407//407 408//408 409//409
f 409//409 408//408 410//410
f 409//409 410//410 411//411
f 411//411 410//410 412//412
f 413//413 414//414 415//415
f 415//415 414//414 411//411
f 415//415 411//411 416//416
f 416//416 411//411 412//412
f 416//416 412//412 417//417
f 417//417 412//412 418//418
f 417//417 418//418 419//419
f 420//420 421//421 422//422
f 423//423 424//424 425//425
f 412//412 410//410 426//426
f 408//408 406//406 427//427
f 286//286 284//284 428//428
f 428//428 284//284 207//207
f 428//428 207//207 429//429
f 286//286 428//428 288//288
f 288//288 428//428 430//430
f 288//288 430//430 290//290
f 290//290 430//430 427//427
f 290//290 427//427 292//292
f 292//292 427//427 406//406
f 292//292 406//406 294//294
f 431//431 419//419 418//418
f 418//418 432//432 431//431
f 431//431 432//432 433//433
f 431//431 433//433 434//434
f 434//434 433//433 425//425
f 434//434 425//425 435//435
f 435//435 425//425 424//424
f 435//435 424//424 436//436
f 418//418 412//412 432//432
f 432//432 412//412 426//426
f 432//432 426//426 433//433
f 433//433 426//426 437//437
f 433//433 437//437 425//425
f 425//425 437//437 422//422
f 425//425 422//422 423//423
f 423//423 422//422 421//421
f 410//410 408//408 426//426
f 426//426 408//408 427//427
f 426//426 427//427 437//437
f 437//437 427//427 430//430
f 437//437 430//430 422//422
f 422//422 430//430 428//428
f 422//422 428//428 420//420
f 420//420 428//428 429//429
f 438//438 439//439 440//440
f 440//440 439//439 441//441
f 440//440 441//441 442//442
f 436//436 424//424 443//443
f 443//443 424//424 423//423
f 443//443 423//423 444//444
f 207//207 209//209 429//429
f 429//429 209//209 445//445
f 429//429 445//445 420//420
f 420//420 445//445 446//446
f 420//420 446//446 421//421
f 421//421 446//446 447//447
f 421//421 447//447 423//423
f 423//423 447//447 439//439
f 423//423 439//439 444//444
f 444//444 439//439 438//438
f 448//448 449//449 450//450
f 451//451 452//452 453//453
f 439//439 447//447 454//454
f 446//446 445//445 455//455
f 456//456 457//457 458//458
f 458//458 457//457 459//459
f 458//458 459//459 460//460
f 456//456 458//458 461//461
f 461//461 458//458 462//462
f 461//461 462//462 463//463
f 463//463 462//462 455//455
f 463//463 455//455 464//464
f 464//464 455//455 445//445
f 464//464 445//445 209//209
f 465//465 442//442 441//441
f 441//441 466//466 465//465
f 465//465 466//466 467//467
f 465//465 467//467 468//468
f 468//468 467//467 453//453
f 468//468 453//453 469//469
f 469//469 453//453 452//452
f 469//469 452//452 470//470
f 441//441 439//439 466//466
f 466//466 439//439 454//454
f 466//466 454//454 467//467
f 467//467 454//454 471//471
f 467//467 471//471 453//453
f 453//453 471//471 450//450
f 453//453 450//450 451//451
f 451//451 450//450 449//449
f 447//447 446//446 454//454
f 454//454 446//446 455//455
f 454//454 455//455 471//471
f 471//471 455//455 462//462
f 471//471 462//462 450//450
f 450//450 462//462 458//458
f 450//450 458//458 448//448
f 448//448 458//458 460//460
f 103//103 472//472 102//102
f 102//102 472//472 473//473
f 104//104 474//474 103//103
f 103//103 474//474 472//472
f 99//99 475//475 104//104
f 104//104 475//475 474//474
f 475//475 99//99 476//476
f 476//476 99//99 100//100
f 476//476 100//100 477//477
f 98//98 478//478 100//100
f 100//100 478//478 477//477
f 478//478 98//98 479//479
f 479//479 98//98 97//97
f 479//479 97//97 480//480
f 101//101 481//481 97//97
f 97//97 481//481 480//480
f 102//102 473//473 101//101
f 101//101 473//473 481//481
f 110//110 482//482 109//109
f 109//109 482//482 483//483
f 482//482 110//110 484//484
f 484//484 110//110 108//108
f 484//484 108//108 485//485
f 106//106 486//486 108//108
f 108//108 486//486 485//485
f 105//105 487//487 106//106
f 106//106 487//487 486//486
f 107//107 488//488 105//105
f 105//105 488//488 487//487
f 488//488 107//107 489//489
f 489//489 107//107 109//109
f 489//489 109//109 483//483
f 114//114 490//490 112//112
f 112//112 490//490 491//491
f 112//112 491//491 111//111
f 111//111 491//491 492//492
f 111//111 492//492 8//8
f 8//8 492//492 493//493
f 8//8 493//493 119//119
f 119//119 493//493 494//494
f 119//119 494//494 121//121
f 121//121 494//494 495//495
f 121//121 495//495 123//123
f 123//123 495//495 496//496
f 123//123 496//496 125//125
f 125//125 496//496 497//497
f 125//125 497//497 126//126
f 126//126 497//497 498//498
f 126//126 498//498 3//3
f 3//3 498//498 499//499
f 3//3 499//499 118//118
f 118//118 499//499 500//500
f 118//118 500//500 116//116
f 116//116 500//500 501//501
f 116//116 501//501 114//114
f 114//114 501//501 490//490
f 130//130 502//502 128//128
f 128//128 502//502 503//503
f 128//128 503//503 127//127
f 127//127 503//503 504//504
f 127//127 504//504 18//18
f 18//18 504//504 505//505
f 18//18 505//505 135//135
f 135//135 505//505 506//506
f 135//135 506//506 137//137
f 137//137 506//506 507//507
f 137//137 507//507 139//139
f 139//139 507//507 508//508
f 139//139 508//508 141//141
f 141//141 508//508 509//509
f 141//141 509//509 142//142
f 142//142 509//509 510//510
f 142//142 510//510 13//13
f 13//13 510//510 511//511
f 13//13 511//511 134//134
f 134//134 511//511 512//512
f 134//134 512//512 132//132
f 132//132 512//512 513//513
f 132//132 513//513 130//130
f 130//130 513//513 502//502
f 146//146 514//514 144//144
f 144//144 514//514 515//515
f 144//144 515//515 143//143
f 143//143 515//515 516//516
f 143//143 516//516 28//28
f 28//28 516//516 517//517
f 28//28 517//517 151//151
f 151//151 517//517 518//518
f 151//151 518//518 153//153
f 153//153 518//518 519//519
f 153//153 519//519 155//155
f 155//155 519//519 520//520
f 155//155 520//520 157//157
f 157//157 520//520 521//521
f 157//157 521//521 158//158
f 158//158 521//521 522//522
f 158//158 522//522 23//23
f 23//23 522//522 523//523
f 23//23 523//523 150//150
f 150//150 523//523 524//524
f 150//150 524//524 148//148
f 148//148 524//524 525//525
f 148//148 525//525 146//146
f 146//146 525//525 514//514
f 163//163 526//526 165//165
f 165//165 526//526 527//527
f 165//165 527//527 166//166
f 166//166 527//527 528//528
f 166//166 528//528 38//38
f 38//38 528//528 529//529
f 38//38 529//529 167//167
f 167//167 529//529 530//530
f 167//167 530//530 169//169
f 169//169 530//530 531//531
f 169//169 531//531 171//171
f 171//171 531//531 532//532
f 171//171 532//532 173//173
f 173//173 532//532 533//533
f 173//173 533//533 174//174
f 174//174 533//533 534//534
f 174//174 534//534 33//33
f 33//33 534//534 535//535
f 33//33 535//535 159//159
f 159//159 535//535 536//536
f 159//159 536//536 161//161
f 161//161 536//536 537//537
f 161//161 537//537 163//163
f 163//163 537//537 526//526
f 179//179 538//538 181//181
f 181//181 538//538 539//539
f 181//181 539//539 182//182
f 182//182 539//539 540//540
f 182//182 540//540 48//48
f 48//48 540//540 541//541
f 48//48 541//541 183//183
f 183//183 541//541 542//542
f 183//183 542//542 185//185
f 185//185 542//542 543//543
f 185//185 543//543 187//187
f 187//187 543//543 544//544
f 187//187 544//544 189//189
f 189//189 544//544 545//545
f 189//189 545//545 190//190
f 190//190 545//545 546//546
f 190//190 546//546 43//43
f 43//43 546//546 547//547
f 43//43 547//547 175//175
f 175//175 547//547 548//548
f 175//175 548//548 177//177
f 177//177 548//548 549//549
f 177//177 549//549 179//179
f 179//179 549//549 538//538
f 194//194 550//550 192//192
f 192//192 550//550 551//551
f 192//192 551//551 191//191
f 191//191 551//551 552//552
f 191//191 552//552 58//58
f 58//58 552//552 553//553
f 58//58 553//553 199//199
f 199//199 553//553 554//554
f 199//199 554//554 201//201
f 201//201 554//554 555//555
f 201//201 555//555 203//203
f 203//203 555//555 556//556
f 203//203 556//556 205//205
f 205//205 556//556 557//557
f 205//205 557//557 206//206
f 206//206 557//557 558//558
f 206//206 558//558 53//53
f 53//53 558//558 559//559
f 53//53 559//559 198//198
f 198//198 559//559 560//560
f 198//198 560//560 196//196
f 196//196 560//560 561//561
f 196//196 561//561 194//194
f 194//194 561//561 550//550
f 562//562 459//459 563//563
f 563//563 459//459 457//457
f 563//563 457//457 564//564
f 564//564 457//457 456//456
f 564//564 456//456 565//565
f 565//565 456//456 461//461
f 565//565 461//461 566//566
f 566//566 461//461 463//463
f 566//566 463//463 567//567
f 567//567 463//463 464//464
f 567//567 464//464 210//210
f 210//210 464//464 209//209
f 568//568 569//569 570//570
f 570//570 569//569 571//571
f 470//470 452//452 572//572
f 572//572 452//452 451//451
f 572//572 451//451 573//573
f 569//569 573//573 571//571
f 571//571 573//573 451//451
f 571//571 451//451 574//574
f 574//574 451//451 449//449
f 574//574 449//449 575//575
f 575//575 449//449 448//448
f 575//575 448//448 576//576
f 576//576 448//448 460//460
f 576//576 460//460 577//577
f 577//577 460//460 459//459
f 293//293 578//578 579//579
f 579//579 578//578 580//580
f 579//579 580//580 581//581
f 581//581 580//580 582//582
f 581//581 582//582 583//583
f 583//583 582//582 584//584
f 583//583 584//584 585//585
f 585//585 584//584 586//586
f 587//587 588//588 589//589
f 589//589 588//588 585//585
f 589//589 585//585 590//590
f 590//590 585//585 586//586
f 590//590 586//586 591//591
f 591//591 586//586 592//592
f 591//591 592//592 593//593
f 594//594 595//595 596//596
f 597//597 598//598 599//599
f 581//581 583//583 600//600
f 585//585 588//588 601//601
f 602//602 603//603 604//604
f 602//602 604//604 605//605
f 605//605 604//604 606//606
f 605//605 606//606 607//607
f 607//607 606//606 601//601
f 607//607 601//601 608//608
f 608//608 601//601 588//588
f 608//608 588//588 587//587
f 293//293 579//579 291//291
f 291//291 579//579 609//609
f 291//291 609//609 289//289
f 289//289 609//609 287//287
f 287//287 609//609 610//610
f 287//287 610//610 285//285
f 285//285 610//610 599//599
f 285//285 599//599 283//283
f 283//283 599//599 598//598
f 283//283 598//598 208//208
f 579//579 581//581 609//609
f 609//609 581//581 600//600
f 609//609 600//600 610//610
f 610//610 600//600 611//611
f 610//610 611//611 599//599
f 599//599 611//611 596//596
f 599//599 596//596 597//597
f 597//597 596//596 595//595
f 583//583 585//585 600//600
f 600//600 585//585 601//601
f 600//600 601//601 611//611
f 611//611 601//601 606//606
f 611//611 606//606 596//596
f 596//596 606//606 604//604
f 596//596 604//604 594//594
f 594//594 604//604 603//603
f 210//210 208//208 612//612
f 612//612 208//208 598//598
f 612//612 598//598 613//613
f 613//613 598//598 597//597
f 613//613 597//597 614//614
f 614//614 597//597 595//595
f 614//614 595//595 615//615
f 615//615 595//595 594//594
f 615//615 594//594 616//616
f 616//616 594//594 603//603
f 616//616 603//603 617//617
f 617//617 603//603 602//602
f 618//618 619//619 620//620
f 621//621 622//622 623//623
f 613//613 614//614 624//624
f 615//615 616//616 625//625
f 626//626 627//627 628//628
f 626//626 628//628 629//629
f 629//629 628//628 630//630
f 629//629 630//630 631//631
f 631//631 630//630 625//625
f 631//631 625//625 632//632
f 632//632 625//625 616//616
f 632//632 616//616 617//617
f 210//210 612//612 567//567
f 567//567 612//612 633//633
f 567//567 633//633 566//566
f 566//566 633//633 565//565
f 565//565 633//633 634//634
f 565//565 634//634 564//564
f 564//564 634//634 623//623
f 564//564 623//623 563//563
f 563//563 623//623 622//622
f 563//563 622//622 562//562
f 612//612 613//613 633//633
f 633//633 613//613 624//624
f 633//633 624//624 634//634
f 634//634 624//624 635//635
f 634//634 635//635 623//623
f 623//623 635//635 620//620
f 623//623 620//620 621//621
f 621//621 620//620 619//619
f 614//614 615//615 624//624
f 624//624 615//615 625//625
f 624//624 625//625 635//635
f 635//635 625//625 630//630
f 635//635 630//630 620//620
f 620//620 630//630 628//628
f 620//620 628//628 618//618
f 618//618 628//628 627//627
f 618//618 636//636 619//619
f 619//619 636//636 637//637
f 619//619 637//637 621//621
f 621//621 637//637 638//638
f 621//621 638//638 622//622
f 622//622 638//638 639//639
f 622//622 639//639 562//562
f 562//562 639//639 640//640
f 641//641 642//642 643//643
f 643//643 642//642 636//636
f 643//643 636//636 644//644
f 644//644 636//636 618//618
f 644//644 618//618 645//645
f 645//645 618//618 627//627
f 645//645 627//627 626//626
f 220//220 646//646 219//219
f 219//219 646//646 647//647
f 219//219 647//647 218//218
f 218//218 647//647 648//648
f 218//218 648//648 217//217
f 217//217 648//648 649//649
f 217//217 649//649 216//216
f 216//216 649//649 650//650
f 216//216 650//650 221//221
f 221//221 650//650 651//651
f 221//221 651//651 215//215
f 215//215 651//651 652//652
f 215//215 652//652 214//214
f 214//214 652//652 653//653
f 214//214 653//653 213//213
f 213//213 653//653 654//654
f 213//213 654//654 212//212
f 212//212 654//654 655//655
f 212//212 655//655 211//211
f 211//211 655//655 656//656
f 211//211 656//656 222//222
f 222//222 656//656 657//657
f 222//222 657//657 220//220
f 220//220 657//657 646//646
f 232//232 658//658 231//231
f 231//231 658//658 659//659
f 231//231 659//659 230//230
f 230//230 659//659 660//660
f 230//230 660//660 229//229
f 229//229 660//660 661//661
f 229//229 661//661 228//228
f 228//228 661//661 662//662
f 228//228 662//662 233//233
f 233//233 662//662 663//663
f 233//233 663//663 227//227
f 227//227 663//663 664//664
f 227//227 664//664 226//226
f 226//226 664//664 665//665
f 226//226 665//665 225//225
f 225//225 665//665 666//666
f 225//225 666//666 224//224
f 224//224 666//666 667//667
f 224//224 667//667 223//223
f 223//223 667//667 668//668
f 223//223 668//668 234//234
f 234//234 668//668 669//669
f 234//234 669//669 232//232
f 232//232 669//669 658//658
f 244//244 670//670 243//243
f 243//243 670//670 671//671
f 243//243 671//671 242//242
f 242//242 671//671 672//672
f 242//242 672//672 241//241
f 241//241 672//672 673//673
f 241//241 673//673 240//240
f 240//240 673//673 674//674
f 240//240 674//674 245//245
f 245//245 674//674 675//675
f 245//245 675//675 239//239
f 239//239 675//675 676//676
f 239//239 676//676 238//238
f 238//238 676//676 677//677
f 238//238 677//677 237//237
f 237//237 677//677 678//678
f 237//237 678//678 236//236
f 236//236 678//678 679//679
f 236//236 679//679 235//235
f 235//235 679//679 680//680
f 235//235 680//680 246//246
f 246//246 680//680 681//681
f 246//246 681//681 244//244
f 244//244 681//681 670//670
f 682//682 683//683 684//684
f 684//684 683//683 685//685
f 684//684 685//685 686//686
f 686//686 685//685 687//687
f 686//686 687//687 688//688
f 688//688 687//687 689//689
f 688//688 689//689 690//690
f 690//690 689//689 691//691
f 690//690 691//691 692//692
f 692//692 691//691 693//693
f 692//692 693//693 694//694
f 694//694 693//693 695//695
f 694//694 695//695 696//696
f 696//696 695//695 697//697
f 696//696 697//697 698//698
f 698//698 697//697 699//699
f 698//698 699//699 700//700
f 700//700 699//699 701//701
f 700//700 701//701 702//702
f 702//702 701//701 703//703
f 702//702 703//703 704//704
f 704//704 703//703 705//705
f 704//704 705//705 706//706
f 706//706 705//705 707//707
f 706//706 707//707 708//708
f 708//708 707//707 709//709
f 708//708 709//709 710//710
f 710//710 709//709 711//711
f 710//710 711//711 712//712
f 712//712 711//711 713//713
f 712//712 713//713 714//714
f 714//714 713//713 715//715
f 714//714 715//715 716//716
f 716//716 715//715 717//717
f 716//716 717//717 718//718
f 718//718 717//717 719//719
f 718//718 719//719 720//720
f 720//720 719//719 721//721
f 720//720 721//721 722//722
f 722//722 721//721 723//723
f 722//722 723//723 724//724
f 724//724 723//723 725//725
f 724//724 725//725 726//726
f 726//726 725//725 727//727
f 726//726 727//727 728//728
f 728//728 727//727 729//729
f 728//728 729//729 730//730
f 730//730 729//729 731//731
f 730//730 731//731 732//732
f 732//732 731//731 733//733
f 732//732 733//733 734//734
f 734//734 733//733 735//735
f 734//734 735//735 736//736
f 736//736 735//735 737//737
f 736//736 737//737 738//738
f 738//738 737//737 739//739
f 738//738 739//739 740//740
f 740//740 739//739 741//741
f 740//740 741//741 742//742
f 742//742 741//741 743//743
f 742//742 743//743 744//744
f 744//744 743//743 745//745
f 744//744 745//745 746//746
f 746//746 745//745 747//747
f 746//746 747//747 748//748
f 748//748 747//747 682//682
f 748//748 682//682 684//684
f 749//749 750//750 391//391
f 391//391 750//750 389//389
f 389//389 750//750 387//387
f 387//387 750//750 751//751
f 387//387 751//751 385//385
f 385//385 751//751 752//752
f 385//385 752//752 383//383
f 383//383 752//752 381//381
f 381//381 752//752 753//753
f 381//381 753//753 379//379
f 379//379 753//753 377//377
f 377//377 753//753 754//754
f 377//377 754//754 375//375
f 375//375 754//754 755//755
f 375//375 755//755 373//373
f 756//756 325//325 757//757
f 757//757 325//325 365//365
f 757//757 365//365 758//758
f 758//758 365//365 367//367
f 758//758 367//367 759//759
f 759//759 367//367 369//369
f 759//759 369//369 755//755
f 755//755 369//369 371//371
f 755//755 371//371 373//373
f 760//760 321//321 756//756
f 756//756 321//321 323//323
f 756//756 323//323 325//325
f 761//761 315//315 762//762
f 762//762 315//315 317//317
f 762//762 317//317 760//760
f 760//760 317//317 319//319
f 760//760 319//319 321//321
f 763//763 311//311 761//761
f 761//761 311//311 313//313
f 761//761 313//313 315//315
f 764//764 305//305 765//765
f 765//765 305//305 307//307
f 765//765 307//307 763//763
f 763//763 307//307 309//309
f 763//763 309//309 311//311
f 766//766 301//301 764//764
f 764//764 301//301 303//303
f 764//764 303//303 305//305
f 330//330 332//332 767//767
f 767//767 332//332 333//333
f 767//767 333//333 768//768
f 768//768 333//333 297//297
f 768//768 297//297 766//766
f 766//766 297//297 299//299
f 766//766 299//299 301//301
f 330//330 767//767 328//328
f 328//328 767//767 769//769
f 328//328 769//769 326//326
f 326//326 769//769 770//770
f 326//326 770//770 341//341
f 341//341 770//770 771//771
f 341//341 771//771 339//339
f 339//339 771//771 772//772
f 339//339 772//772 337//337
f 337//337 772//772 334//334
f 334//334 772//772 773//773
f 334//334 773//773 350//350
f 350//350 773//773 352//352
f 352//352 773//773 774//774
f 352//352 774//774 353//353
f 353//353 774//774 775//775
f 353//353 775//775 345//345
f 345//345 775//775 347//347
f 347//347 775//775 776//776
f 347//347 776//776 359//359
f 359//359 776//776 361//361
f 361//361 776//776 777//777
f 361//361 777//777 362//362
f 362//362 777//777 778//778
f 362//362 778//778 356//356
f 391//391 393//393 749//749
f 749//749 393//393 395//395
f 749//749 395//395 779//779
f 779//779 395//395 397//397
f 779//779 397//397 780//780
f 780//780 397//397 399//399
f 780//780 399//399 781//781
f 781//781 399//399 401//401
f 781//781 401//401 778//778
f 778//778 401//401 354//354
f 778//778 354//354 356//356
f 779//779 782//782 749//749
f 749//749 782//782 783//783
f 749//749 783//783 750//750
f 750//750 783//783 784//784
f 750//750 784//784 751//751
f 751//751 784//784 785//785
f 751//751 785//785 752//752
f 752//752 785//785 786//786
f 752//752 786//786 753//753
f 753//753 786//786 787//787
f 753//753 787//787 754//754
f 754//754 787//787 788//788
f 754//754 788//788 755//755
f 755//755 788//788 789//789
f 755//755 789//789 759//759
f 759//759 789//789 790//790
f 759//759 790//790 758//758
f 758//758 790//790 791//791
f 758//758 791//791 757//757
f 757//757 791//791 792//792
f 757//757 792//792 756//756
f 756//756 792//792 793//793
f 756//756 793//793 760//760
f 760//760 793//793 794//794
f 760//760 794//794 762//762
f 762//762 794//794 795//795
f 762//762 795//795 761//761
f 761//761 795//795 796//796
f 761//761 796//796 763//763
f 763//763 796//796 797//797
f 763//763 797//797 765//765
f 765//765 797//797 798//798
f 765//765 798//798 764//764
f 764//764 798//798 799//799
f 764//764 799//799 766//766
f 766//766 799//799 800//800
f 766//766 800//800 768//768
f 768//768 800//800 801//801
f 768//768 801//801 767//767
f 767//767 801//801 802//802
f 767//767 802//802 769//769
f 769//769 802//802 803//803
f 769//769 803//803 770//770
f 770//770 803//803 804//804
f 770//770 804//804 771//771
f 771//771 804//804 805//805
f 771//771 805//805 772//772
f 772//772 805//805 806//806
f 772//772 806//806 773//773
f 773//773 806//806 807//807
f 773//773 807//807 774//774
f 774//774 807//807 808//808
f 774//774 808//808 775//775
f 775//775 808//808 809//809
f 775//775 809//809 776//776
f 776//776 809//809 810//810
f 776//776 810//810 777//777
f 777//777 810//810 811//811
f 777//777 811//811 778//778
f 778//778 811//811 812//812
f 778//778 812//812 781//781
f 781//781 812//812 813//813
f 781//781 813//813 780//780
f 780//780 813//813 814//814
f 780//780 814//814 779//779
f 779//779 814//814 782//782
f 782//782 716//716 783//783
f 783//783 716//716 718//718
f 783//783 718//718 784//784
f 784//784 718//718 720//720
f 784//784 720//720 785//785
f 785//785 720//720 722//722
f 785//785 722//722 786//786
f 786//786 722//722 724//724
f 786//786 724//724 787//787
f 787//787 724//724 726//726
f 787//787 726//726 788//788
f 788//788 726//726 728//728
f 788//788 728//728 789//789
f 789//789 728//728 730//730
f 789//789 730//730 790//790
f 790//790 730//730 732//732
f 790//790 732//732 791//791
f 791//791 732//732 734//734
f 791//791 734//734 792//792
f 792//792 734//734 736//736
f 792//792 736//736 793//793
f 793//793 736//736 738//738
f 793//793 738//738 794//794
f 794//794 738//738 740//740
f 794//794 740//740 795//795
f 795//795 740//740 742//742
f 795//795 742//742 796//796
f 796//796 742//742 744//744
f 796//796 744//744 797//797
f 797//797 744//744 746//746
f 797//797 746//746 798//798
f 798//798 746//746 748//748
f 798//798 748//748 799//799
f 799//799 748//748 684//684
f 799//799 684//684 800//800
f 800//800 684//684 686//686
f 800//800 686//686 801//801
f 801//801 686//686 688//688
f 801//801 688//688 802//802
f 802//802 688//688 690//690
f 802//802 690//690 803//803
f 803//803 690//690 692//692
f 803//803 692//692 804//804
f 804//804 692//692 694//694
f 804//804 694//694 805//805
f 805//805 694//694 696//696
f 805//805 696//696 806//806
f 806//806 696//696 698//698
f 806//806 698//698 807//807
f 807//807 698//698 700//700
f 807//807 700//700 808//808
f 808//808 700//700 702//702
f 808//808 702//702 809//809
f 809//809 702//702 704//704
f 809//809 704//704 810//810
f 810//810 704//704 706//706
f 810//810 706//706 811//811
f 811//811 706//706 708//708
f 811//811 708//708 812//812
f 812//812 708//708 710//710
f 812//812 710//710 813//813
f 813//813 710//710 712//712
f 813//813 712//712 814//814
f 814//814 712//712 714//714
f 814//814 714//714 782//782
f 782//782 714//714 716//716
f 256//256 815//815 255//255
f 255//255 815//815 816//816
f 255//255 816//816 254//254
f 254//254 816//816 817//817
f 254//254 817//817 253//253
f 253//253 817//817 818//818
f 253//253 818//818 252//252
f 252//252 818//818 819//819
f 252//252 819//819 257//257
f 257//257 819//819 820//820
f 257//257 820//820 251//251
f 251//251 820//820 821//821
f 251//251 821//821 250//250
f 250//250 821//821 822//822
f 250//250 822//822 249//249
f 249//249 822//822 823//823
f 249//249 823//823 248//248
f 248//248 823//823 824//824
f 248//248 824//824 247//247
f 247//247 824//824 825//825
f 247//247 825//825 258//258
f 258//258 825//825 826//826
f 258//258 826//826 256//256
f 256//256 826//826 815//815
f 268//268 827//827 267//267
f 267//267 827//827 828//828
f 267//267 828//828 266//266
f 266//266 828//828 829//829
f 266//266 829//829 265//265
f 265//265 829//829 830//830
f 265//265 830//830 264//264
f 264//264 830//830 831//831
f 264//264 831//831 269//269
f 269//269 831//831 832//832
f 269//269 832//832 263//263
f 263//263 832//832 833//833
f 263//263 833//833 262//262
f 262//262 833//833 834//834
f 262//262 834//834 261//261
f 261//261 834//834 835//835
f 261//261 835//835 260//260
f 260//260 835//835 836//836
f 260//260 836//836 259//259
f 259//259 836//836 837//837
f 259//259 837//837 270//270
f 270//270 837//837 838//838
f 270//270 838//838 268//268
f 268//268 838//838 827//827
f 280//280 839//839 279//279
f 279//279 839//839 840//840
f 279//279 840//840 278//278
f 278//278 840//840 841//841
f 278//278 841//841 277//277
f 277//277 841//841 842//842
f 277//277 842//842 276//276
f 276//276 842//842 843//843
f 276//276 843//843 281//281
f 281//281 843//843 844//844
f 281//281 844//844 275//275
f 275//275 844//844 845//845
f 275//275 845//845 274//274
f 274//274 845//845 846//846
f 274//274 846//846 273//273
f 273//273 846//846 847//847
f 273//273 847//847 272//272
f 272//272 847//847 848//848
f 272//272 848//848 271//271
f 271//271 848//848 849//849
f 271//271 849//849 282//282
f 282//282 849//849 850//850
f 282//282 850//850 280//280
f 280//280 850//850 839//839
f 404//404 851//851 852//852
f 852//852 851//851 853//853
f 852//852 853//853 854//854
f 854//854 853//853 855//855
f 855//855 853//853 856//856
f 855//855 856//856 857//857
f 857//857 856//856 858//858
f 858//858 856//856 859//859
f 858//858 859//859 860//860
f 860//860 859//859 861//861
f 860//860 861//861 862//862
f 863//863 864//864 865//865
f 865//865 866//866 863//863
f 863//863 866//866 867//867
f 863//863 867//867 868//868
f 868//868 867//867 869//869
f 868//868 869//869 870//870
f 870//870 869//869 871//871
f 870//870 871//871 872//872
f 413//413 872//872 414//414
f 414//414 872//872 871//871
f 414//414 871//871 411//411
f 411//411 871//871 409//409
f 405//405 407//407 873//873
f 404//404 405//405 851//851
f 851//851 405//405 873//873
f 851//851 873//873 853//853
f 853//853 873//873 874//874
f 853//853 874//874 856//856
f 856//856 874//874 875//875
f 856//856 875//875 859//859
f 859//859 875//875 876//876
f 859//859 876//876 861//861
f 861//861 876//876 877//877
f 407//407 409//409 873//873
f 873//873 409//409 871//871
f 873//873 871//871 874//874
f 874//874 871//871 869//869
f 874//874 869//869 875//875
f 875//875 869//869 867//867
f 875//875 867//867 876//876
f 876//876 867//867 866//866
f 876//876 866//866 877//877
f 877//877 866//866 865//865
f 404//404 578//578 294//294
f 294//294 578//578 293//293
f 586//586 584//584 878//878
f 582//582 580//580 879//879
f 880//880 881//881 882//882
f 882//882 881//881 883//883
f 883//883 881//881 884//884
f 884//884 881//881 885//885
f 884//884 885//885 886//886
f 886//886 885//885 887//887
f 887//887 885//885 888//888
f 887//887 888//888 889//889
f 889//889 888//888 890//890
f 889//889 890//890 891//891
f 891//891 890//890 892//892
f 891//891 892//892 893//893
f 893//893 892//892 894//894
f 894//894 892//892 895//895
f 894//894 895//895 896//896
f 896//896 895//895 897//897
f 897//897 895//895 879//879
f 897//897 879//879 898//898
f 898//898 879//879 580//580
f 898//898 580//580 578//578
f 899//899 593//593 592//592
f 592//592 900//900 899//899
f 899//899 900//900 901//901
f 899//899 901//901 902//902
f 902//902 901//901 903//903
f 902//902 903//903 904//904
f 904//904 903//903 905//905
f 904//904 905//905 906//906
f 906//906 905//905 907//907
f 906//906 907//907 908//908
f 908//908 907//907 909//909
f 908//908 909//909 910//910
f 910//910 909//909 911//911
f 910//910 911//911 912//912
f 912//912 911//911 913//913
f 912//912 913//913 914//914
f 592//592 586//586 900//900
f 900//900 586//586 878//878
f 900//900 878//878 901//901
f 901//901 878//878 915//915
f 901//901 915//915 903//903
f 903//903 915//915 916//916
f 903//903 916//916 905//905
f 905//905 916//916 917//917
f 905//905 917//917 907//907
f 907//907 917//917 918//918
f 907//907 918//918 909//909
f 909//909 918//918 919//919
f 909//909 919//919 911//911
f 911//911 919//919 920//920
f 911//911 920//920 913//913
f 913//913 920//920 921//921
f 584//584 582//582 878//878
f 878//878 582//582 879//879
f 878//878 879//879 915//915
f 915//915 879//879 895//895
f 915//915 895//895 916//916
f 916//916 895//895 892//892
f 916//916 892//892 917//917
f 917//917 892//892 890//890
f 917//917 890//890 918//918
f 918//918 890//890 888//888
f 918//918 888//888 919//919
f 919//919 888//888 885//885
f 919//919 885//885 920//920
f 920//920 885//885 881//881
f 920//920 881//881 921//921
f 921//921 881//881 880//880
f 922//922 923//923 300//300
f 924//924 925//925 329//329
f 926//926 927//927 338//338
f 928//928 929//929 344//344
f 930//930 931//931 357//357
f 932//932 933//933 386//386
f 934//934 935//935 376//376
f 936//936 937//937 366//366
f 938//938 939//939 320//320
f 940//940 941//941 310//310
f 320//320 318//318 938//938
f 938//938 318//318 316//316
f 938//938 316//316 942//942
f 942//942 316//316 314//314
f 942//942 314//314 941//941
f 941//941 314//314 312//312
f 941//941 312//312 310//310
f 366//366 364//364 936//936
f 936//936 364//364 363//363
f 936//936 363//363 943//943
f 943//943 363//363 324//324
f 943//943 324//324 939//939
f 939//939 324//324 322//322
f 939//939 322//322 320//320
f 376//376 374//374 934//934
f 934//934 374//374 372//372
f 934//934 372//372 944//944
f 944//944 372//372 370//370
f 944//944 370//370 937//937
f 937//937 370//370 368//368
f 937//937 368//368 366//366
f 386//386 384//384 932//932
f 932//932 384//384 382//382
f 932//932 382//382 945//945
f 945//945 382//382 380//380
f 945//945 380//380 935//935
f 935//935 380//380 378//378
f 935//935 378//378 376//376
f 946//946 392//392 947//947
f 947//947 392//392 390//390
f 947//947 390//390 933//933
f 933//933 390//390 388//388
f 933//933 388//388 386//386
f 948//948 398//398 949//949
f 949//949 398//398 396//396
f 949//949 396//396 946//946
f 946//946 396//396 394//394
f 946//946 394//394 392//392
f 357//357 355//355 930//930
f 930//930 355//355 403//403
f 930//930 403//403 950//950
f 950//950 403//403 402//402
f 950//950 402//402 948//948
f 948//948 402//402 400//400
f 948//948 400//400 398//398
f 344//344 346//346 928//928
f 928//928 346//346 348//348
f 928//928 348//348 951//951
f 951//951 348//348 358//358
f 951//951 358//358 931//931
f 931//931 358//358 360//360
f 931//931 360//360 357//357
f 338//338 336//336 926//926
f 926//926 336//336 335//335
f 926//926 335//335 952//952
f 952//952 335//335 349//349
f 952//952 349//349 929//929
f 929//929 349//349 351//351
f 929//929 351//351 344//344
f 329//329 327//327 924//924
f 924//924 327//327 343//343
f 924//924 343//343 953//953
f 953//953 343//343 342//342
f 953//953 342//342 927//927
f 927//927 342//342 340//340
f 927//927 340//340 338//338
f 300//300 298//298 922//922
f 922//922 298//298 296//296
f 922//922 296//296 954//954
f 954//954 296//296 295//295
f 954//954 295//295 925//925
f 925//925 295//295 331//331
f 925//925 331//331 329//329
f 310//310 308//308 940//940
f 940//940 308//308 306//306
f 940//940 306//306 955//955
f 955//955 306//306 304//304
f 955//955 304//304 923//923
f 923//923 304//304 302//302
f 923//923 302//302 300//300
f 955//955 956//956 940//940
f 940//940 956//956 957//957
f 940//940 957//957 941//941
f 941//941 957//957 958//958
f 941//941 958//958 942//942
f 942//942 958//958 959//959
f 942//942 959//959 938//938
f 938//938 959//959 960//960
f 938//938 960//960 939//939
f 939//939 960//960 961//961
f 939//939 961//961 943//943
f 943//943 961//961 962//962
f 943//943 962//962 936//936
f 936//936 962//962 963//963
f 936//936 963//963 937//937
f 937//937 963//963 964//964
f 937//937 964//964 944//944
f 944//944 964//964 965//965
f 944//944 965//965 934//934
f 934//934 965//965 966//966
f 934//934 966//966 935//935
f 935//935 966//966 967//967
f 935//935 967//967 945//945
f 945//945 967//967 968//968
f 945//945 968//968 932//932
f 932//932 968//968 969//969
f 932//932 969//969 933//933
f 933//933 969//969 970//970
f 933//933 970//970 947//947
f 947//947 970//970 971//971
f 947//947 971//971 946//946
f 946//946 971//971 972//972
f 946//946 972//972 949//949
f 949//949 972//972 973//973
f 949//949 973//973 948//948
f 948//948 973//973 974//974
f 948//948 974//974 950//950
f 950//950 974//974 975//975
f 950//950 975//975 930//930
f 930//930 975//975 976//976
f 930//930 976//976 931//931
f 931//931 976//976 977//977
f 931//931 977//977 951//951
f 951//951 977//977 978//978
f 951//951 978//978 928//928
f 928//928 978//978 979//979
f 928//928 979//979 929//929
f 929//929 979//979 980//980
f 929//929 980//980 952//952
f 952//952 980//980 981//981
f 952//952 981//981 926//926
f 926//926 981//981 982//982
f 926//926 982//982 927//927
f 927//927 982//982 983//983
f 927//927 983//983 953//953
f 953//953 983//983 984//984
f 953//953 984//984 924//924
f 924//924 984//984 985//985
f 924//924 985//985 925//925
f 925//925 985//985 986//986
f 925//925 986//986 954//954
f 954//954 986//986 987//987
f 954//954 987//987 922//922
f 922//922 987//987 988//988
f 922//922 988//988 923//923
f 923//923 988//988 989//989
f 923//923 989//989 955//955
f 955//955 989//989 956//956
f 990//990 991//991 964//964
f 964//964 991//991 992//992
f 964//964 992//992 965//965
f 965//965 992//992 993//993
f 965//965 993//993 966//966
f 966//966 993//993 994//994
f 966//966 994//994 967//967
f 967//967 994//994 995//995
f 967//967 995//995 968//968
f 968//968 995//995 996//996
f 968//968 996//996 969//969
f 969//969 996//996 997//997
f 969//969 997//997 970//970
f 970//970 997//997 998//998
f 970//970 998//998 971//971
f 971//971 998//998 999//999
f 971//971 999//999 972//972
f 972//972 999//999 1000//1000
f 972//972 1000//1000 973//973
f 973//973 1000//1000 1001//1001
f 973//973 1001//1001 974//974
f 974//974 1001//1001 1002//1002
f 974//974 1002//1002 975//975
f 975//975 1002//1002 1003//1003
f 975//975 1003//1003 976//976
f 976//976 1003//1003 1004//1004
f 976//976 1004//1004 977//977
f 977//977 1004//1004 1005//1005
f 977//977 1005//1005 978//978
f 978//978 1005//1005 1006//1006
f 978//978 1006//1006 979//979
f 979//979 1006//1006 1007//1007
f 979//979 1007//1007 980//980
f 980//980 1007//1007 1008//1008
f 980//980 1008//1008 981//981
f 981//981 1008//1008 1009//1009
f 981//981 1009//1009 982//982
f 982//982 1009//1009 1010//1010
f 982//982 1010//1010 983//983
f 983//983 1010//1010 1011//1011
f 983//983 1011//1011 984//984
f 984//984 1011//1011 1012//1012
f 984//984 1012//1012 985//985
f 985//985 1012//1012 1013//1013
f 985//985 1013//1013 986//986
f 986//986 1013//1013 1014//1014
f 986//986 1014//1014 987//987
f 987//987 1014//1014 1015//1015
f 987//987 1015//1015 988//988
f 988//988 1015//1015 1016//1016
f 988//988 1016//1016 989//989
f 989//989 1016//1016 1017//1017
f 989//989 1017//1017 956//956
f 956//956 1017//1017 1018//1018
f 956//956 1018//1018 957//957
f 957//957 1018//1018 1019//1019
f 957//957 1019//1019 958//958
f 958//958 1019//1019 1020//1020
f 958//958 1020//1020 959//959
f 959//959 1020//1020 1021//1021
f 959//959 1021//1021 960//960
f 960//960 1021//1021 1022//1022
f 960//960 1022//1022 961//961
f 961//961 1022//1022 1023//1023
f 961//961 1023//1023 962//962
f 962//962 1023//1023 1024//1024
f 962//962 1024//1024 963//963
f 963//963 1024//1024 990//990
f 963//963 990//990 964//964
f 1025//1025 1026//1026 1027//1027
f 1028//1028 864//864 863//863
f 470//470 572//572 1029//1029
f 1029//1029 442//442 465//465
f 465//465 468//468 1029//1029
f 1029//1029 468//468 469//469
f 1029//1029 469//469 470//470
f 434//434 435//435 431//431
f 431//431 435//435 1030//1030
f 431//431 1030//1030 419//419
f 530//530 529//529 417//417
f 417//417 529//529 416//416
f 419//419 1030//1030 417//417
f 417//417 1030//1030 531//531
f 417//417 531//531 530//530
f 529//529 528//528 416//416
f 416//416 528//528 1031//1031
f 416//416 1031//1031 555//555
f 555//555 554//554 416//416
f 416//416 554//554 553//553
f 416//416 553//553 415//415
f 415//415 553//553 552//552
f 415//415 552//552 1032//1032
f 1033//1033 413//413 492//492
f 1028//1028 863//863 1034//1034
f 1034//1034 863//863 868//868
f 1034//1034 868//868 1035//1035
f 1035//1035 868//868 870//870
f 1035//1035 870//870 1033//1033
f 1033//1033 870//870 872//872
f 1033//1033 872//872 413//413
f 1033//1033 480//480 481//481
f 1033//1033 481//481 1035//1035
f 1035//1035 481//481 473//473
f 1035//1035 473//473 472//472
f 474//474 1036//1036 1037//1037
f 474//474 1037//1037 472//472
f 472//472 1037//1037 1038//1038
f 472//472 1038//1038 1035//1035
f 480//480 1033//1033 479//479
f 479//479 1033//1033 1039//1039
f 479//479 1039//1039 478//478
f 478//478 1040//1040 477//477
f 477//477 1040//1040 489//489
f 477//477 489//489 476//476
f 476//476 489//489 483//483
f 476//476 483//483 482//482
f 485//485 1041//1041 484//484
f 484//484 1041//1041 1042//1042
f 484//484 1042//1042 482//482
f 482//482 1042//1042 1036//1036
f 482//482 1036//1036 476//476
f 476//476 1036//1036 474//474
f 476//476 474//474 475//475
f 488//488 489//489 487//487
f 487//487 489//489 1040//1040
f 487//487 1040//1040 486//486
f 486//486 1040//1040 1043//1043
f 486//486 1043//1043 485//485
f 1043//1043 1044//1044 1045//1045
f 1045//1045 1025//1025 1043//1043
f 1043//1043 1025//1025 1027//1027
f 1043//1043 1027//1027 485//485
f 485//485 1027//1027 1046//1046
f 485//485 1046//1046 1041//1041
f 524//524 523//523 568//568
f 568//568 523//523 569//569
f 1044//1044 1043//1043 568//568
f 568//568 1043//1043 525//525
f 568//568 525//525 524//524
f 1032//1032 1047//1047 497//497
f 501//501 1039//1039 490//490
f 490//490 1039//1039 1033//1033
f 490//490 1033//1033 491//491
f 491//491 1033//1033 492//492
f 501//501 500//500 1039//1039
f 1039//1039 500//500 499//499
f 1039//1039 499//499 1047//1047
f 1047//1047 499//499 498//498
f 1047//1047 498//498 497//497
f 497//497 496//496 1032//1032
f 1032//1032 496//496 495//495
f 1032//1032 495//495 415//415
f 415//415 495//495 494//494
f 415//415 494//494 413//413
f 413//413 494//494 493//493
f 413//413 493//493 492//492
f 507//507 1048//1048 508//508
f 508//508 1048//1048 1029//1029
f 507//507 506//506 1048//1048
f 1048//1048 506//506 505//505
f 1048//1048 505//505 1049//1049
f 1049//1049 505//505 504//504
f 1049//1049 504//504 503//503
f 503//503 502//502 1050//1050
f 1050//1050 502//502 513//513
f 1050//1050 513//513 573//573
f 513//513 512//512 573//573
f 573//573 512//512 511//511
f 573//573 511//511 572//572
f 572//572 511//511 510//510
f 572//572 510//510 1029//1029
f 1029//1029 510//510 509//509
f 1029//1029 509//509 508//508
f 520//520 519//519 1051//1051
f 522//522 521//521 1052//1052
f 1052//1052 521//521 520//520
f 519//519 518//518 1051//1051
f 1051//1051 518//518 517//517
f 1051//1051 517//517 1040//1040
f 517//517 516//516 1040//1040
f 1040//1040 516//516 515//515
f 1040//1040 515//515 1043//1043
f 1043//1043 515//515 514//514
f 1043//1043 514//514 525//525
f 537//537 1053//1053 526//526
f 526//526 1053//1053 1031//1031
f 526//526 1031//1031 527//527
f 527//527 1031//1031 528//528
f 537//537 536//536 1053//1053
f 1053//1053 536//536 535//535
f 1053//1053 535//535 1054//1054
f 535//535 534//534 1054//1054
f 1054//1054 534//534 533//533
f 1054//1054 533//533 1030//1030
f 1030//1030 533//533 532//532
f 1030//1030 532//532 531//531
f 520//520 1051//1051 1052//1052
f 1052//1052 1051//1051 539//539
f 1052//1052 539//539 538//538
f 543//543 542//542 1049//1049
f 1049//1049 542//542 541//541
f 1049//1049 541//541 1051//1051
f 1051//1051 541//541 540//540
f 1051//1051 540//540 539//539
f 503//503 1050//1050 1049//1049
f 1049//1049 1050//1050 544//544
f 1049//1049 544//544 543//543
f 538//538 549//549 1052//1052
f 1052//1052 549//549 569//569
f 1052//1052 569//569 522//522
f 522//522 569//569 523//523
f 549//549 548//548 569//569
f 569//569 548//548 547//547
f 569//569 547//547 573//573
f 573//573 547//547 546//546
f 573//573 546//546 1050//1050
f 1050//1050 546//546 545//545
f 1050//1050 545//545 544//544
f 552//552 551//551 1032//1032
f 1032//1032 551//551 550//550
f 1032//1032 550//550 1047//1047
f 1047//1047 550//550 561//561
f 561//561 560//560 1047//1047
f 1047//1047 560//560 559//559
f 1047//1047 559//559 1053//1053
f 559//559 558//558 1053//1053
f 1053//1053 558//558 557//557
f 1053//1053 557//557 1031//1031
f 1031//1031 557//557 556//556
f 1031//1031 556//556 555//555
f 478//478 1039//1039 1040//1040
f 1040//1040 1039//1039 1047//1047
f 1040//1040 1047//1047 1051//1051
f 1051//1051 1047//1047 1053//1053
f 1051//1051 1053//1053 1049//1049
f 1049//1049 1053//1053 1054//1054
f 1049//1049 1054//1054 1048//1048
f 435//435 436//436 1030//1030
f 1030//1030 436//436 443//443
f 1030//1030 443//443 1054//1054
f 1054//1054 443//443 444//444
f 1054//1054 444//444 1048//1048
f 1048//1048 444//444 438//438
f 1048//1048 438//438 1029//1029
f 1029//1029 438//438 440//440
f 1029//1029 440//440 442//442
f 1055//1055 1056//1056 1057//1057
f 1058//1058 1059//1059 1060//1060
f 1061//1061 1062//1062 1063//1063
f 1063//1063 1064//1064 1061//1061
f 1061//1061 1064//1064 1065//1065
f 1061//1061 1065//1065 1066//1066
f 1067//1067 1068//1068 1069//1069
f 1069//1069 1068//1068 1070//1070
f 1058//1058 1060//1060 1071//1071
f 864//864 1072//1072 865//865
f 865//865 1072//1072 1073//1073
f 865//865 1073//1073 877//877
f 877//877 1073//1073 1074//1074
f 877//877 1074//1074 861//861
f 861//861 1074//1074 1075//1075
f 861//861 1075//1075 862//862
f 1072//1072 1076//1076 1073//1073
f 1073//1073 1076//1076 1055//1055
f 1073//1073 1055//1055 1074//1074
f 1074//1074 1055//1055 1057//1057
f 1074//1074 1057//1057 1075//1075
f 1068//1068 1077//1077 1070//1070
f 1070//1070 1077//1077 1078//1078
f 1070//1070 1078//1078 1079//1079
f 1079//1079 1078//1078 1080//1080
f 1079//1079 1080//1080 1081//1081
f 1082//1082 1083//1083 1065//1065
f 1065//1065 1083//1083 1066//1066
f 1058//1058 1067//1067 1059//1059
f 1059//1059 1067//1067 1069//1069
f 1059//1059 1069//1069 1060//1060
f 1060//1060 1069//1069 1070//1070
f 1060//1060 1070//1070 1064//1064
f 1064//1064 1070//1070 1079//1079
f 1064//1064 1079//1079 1065//1065
f 1065//1065 1079//1079 1081//1081
f 1065//1065 1081//1081 1082//1082
f 864//864 1071//1071 1072//1072
f 1072//1072 1071//1071 1060//1060
f 1072//1072 1060//1060 1076//1076
f 1076//1076 1060//1060 1064//1064
f 1076//1076 1064//1064 1055//1055
f 1055//1055 1064//1064 1063//1063
f 1055//1055 1063//1063 1056//1056
f 1056//1056 1063//1063 1062//1062
f 638//638 637//637 1084//1084
f 636//636 642//642 1085//1085
f 1086//1086 1087//1087 1088//1088
f 1086//1086 1088//1088 1089//1089
f 1089//1089 1088//1088 1090//1090
f 1089//1089 1090//1090 1091//1091
f 1091//1091 1090//1090 1092//1092
f 1091//1091 1092//1092 1093//1093
f 1093//1093 1092//1092 1094//1094
f 1093//1093 1094//1094 1095//1095
f 1095//1095 1094//1094 1085//1085
f 1095//1095 1085//1085 1096//1096
f 1096//1096 1085//1085 642//642
f 1096//1096 642//642 641//641
f 640//640 639//639 1097//1097
f 1097//1097 639//639 1098//1098
f 1097//1097 1098//1098 1099//1099
f 1099//1099 1098//1098 1100//1100
f 1099//1099 1100//1100 1101//1101
f 1101//1101 1100//1100 1102//1102
f 1101//1101 1102//1102 1103//1103
f 1103//1103 1102//1102 1104//1104
f 1103//1103 1104//1104 1105//1105
f 1105//1105 1104//1104 1106//1106
f 1106//1106 1104//1104 1107//1107
f 1106//1106 1107//1107 1108//1108
f 1108//1108 1107//1107 1109//1109
f 1108//1108 1109//1109 1110//1110
f 639//639 638//638 1098//1098
f 1098//1098 638//638 1084//1084
f 1098//1098 1084//1084 1100//1100
f 1100//1100 1084//1084 1111//1111
f 1100//1100 1111//1111 1102//1102
f 1102//1102 1111//1111 1112//1112
f 1102//1102 1112//1112 1104//1104
f 1104//1104 1112//1112 1113//1113
f 1104//1104 1113//1113 1107//1107
f 1107//1107 1113//1113 1114//1114
f 1107//1107 1114//1114 1109//1109
f 1109//1109 1114//1114 1115//1115
f 637//637 636//636 1084//1084
f 1084//1084 636//636 1085//1085
f 1084//1084 1085//1085 1111//1111
f 1111//1111 1085//1085 1094//1094
f 1111//1111 1094//1094 1112//1112
f 1112//1112 1094//1094 1092//1092
f 1112//1112 1092//1092 1113//1113
f 1113//1113 1092//1092 1090//1090
f 1113//1113 1090//1090 1114//1114
f 1114//1114 1090//1090 1088//1088
f 1114//1114 1088//1088 1115//1115
f 1115//1115 1088//1088 1087//1087
f 1116//1116 1117//1117 1118//1118
f 1119//1119 1120//1120 1116//1116
f 1121//1121 1026//1026 1122//1122
f 1120//1120 1123//1123 1116//1116
f 1116//1116 1123//1123 1124//1124
f 1116//1116 1124//1124 1117//1117
f 1117//1117 1124//1124 1125//1125
f 1117//1117 1125//1125 1126//1126
f 1127//1127 1128//1128 1129//1129
f 1129//1129 1128//1128 1130//1130
f 1131//1131 1132//1132 1133//1133
f 1134//1134 1132//1132 1131//1131
f 1133//1133 1135//1135 1131//1131
f 1131//1131 1135//1135 1136//1136
f 1131//1131 1136//1136 1137//1137
f 1137//1137 1136//1136 1138//1138
f 1139//1139 1140//1140 1141//1141
f 1141//1141 1140//1140 1142//1142
f 1141//1141 1142//1142 1143//1143
f 1130//1130 1119//1119 1129//1129
f 1129//1129 1119//1119 1116//1116
f 1129//1129 1116//1116 1143//1143
f 1143//1143 1116//1116 1118//1118
f 1143//1143 1118//1118 1141//1141
f 1126//1126 1144//1144 1117//1117
f 1117//1117 1144//1144 1145//1145
f 1117//1117 1145//1145 1118//1118
f 1118//1118 1145//1145 1146//1146
f 1118//1118 1146//1146 1141//1141
f 1141//1141 1146//1146 1147//1147
f 1141//1141 1147//1147 1139//1139
f 1125//1125 1121//1121 1126//1126
f 1126//1126 1121//1121 1122//1122
f 1126//1126 1122//1122 1144//1144
f 1144//1144 1122//1122 1148//1148
f 1144//1144 1148//1148 1145//1145
f 1145//1145 1148//1148 1149//1149
f 1145//1145 1149//1149 1146//1146
f 1146//1146 1149//1149 1150//1150
f 1146//1146 1150//1150 1147//1147
f 1138//1138 1127//1127 1137//1137
f 1137//1137 1127//1127 1129//1129
f 1137//1137 1129//1129 1131//1131
f 1131//1131 1129//1129 1143//1143
f 1131//1131 1143//1143 1134//1134
f 1134//1134 1143//1143 1142//1142
f 1134//1134 1142//1142 1151//1151
f 1151//1151 1142//1142 1140//1140
f 1152//1152 1153//1153 1150//1150
f 1154//1154 1155//1155 1156//1156
f 1157//1157 1158//1158 1159//1159
f 577//577 1158//1158 576//576
f 576//576 1158//1158 1157//1157
f 576//576 1157//1157 575//575
f 575//575 1157//1157 1160//1160
f 575//575 1160//1160 574//574
f 574//574 1160//1160 571//571
f 571//571 1160//1160 1161//1161
f 571//571 1161//1161 570//570
f 1162//1162 1045//1045 1044//1044
f 1122//1122 1026//1026 1025//1025
f 1150//1150 1149//1149 1152//1152
f 1152//1152 1149//1149 1148//1148
f 1152//1152 1148//1148 1163//1163
f 1163//1163 1148//1148 1122//1122
f 1163//1163 1122//1122 1164//1164
f 1164//1164 1122//1122 1025//1025
f 1164//1164 1025//1025 1045//1045
f 1045//1045 1162//1162 1164//1164
f 1164//1164 1162//1162 1165//1165
f 1164//1164 1165//1165 1163//1163
f 1163//1163 1165//1165 1154//1154
f 1163//1163 1154//1154 1152//1152
f 1152//1152 1154//1154 1156//1156
f 1152//1152 1156//1156 1153//1153
f 568//568 570//570 1044//1044
f 1044//1044 570//570 1161//1161
f 1044//1044 1161//1161 1162//1162
f 1162//1162 1161//1161 1160//1160
f 1162//1162 1160//1160 1165//1165
f 1165//1165 1160//1160 1157//1157
f 1165//1165 1157//1157 1154//1154
f 1154//1154 1157//1157 1159//1159
f 1154//1154 1159//1159 1155//1155
f 459//459 562//562 577//577
f 577//577 562//562 640//640
f 646//646 657//657 1166//1166
f 626//626 629//629 631//631
f 587//587 589//589 1167//1167
f 711//711 709//709 1168//1168
f 1169//1169 747//747 1170//1170
f 1170//1170 747//747 745//745
f 1170//1170 745//745 1171//1171
f 1171//1171 745//745 743//743
f 1171//1171 743//743 1172//1172
f 1172//1172 743//743 741//741
f 1172//1172 741//741 1173//1173
f 1173//1173 741//741 1174//1174
f 1174//1174 741//741 739//739
f 1174//1174 739//739 1175//1175
f 1175//1175 739//739 737//737
f 1175//1175 737//737 1176//1176
f 1176//1176 737//737 735//735
f 1176//1176 735//735 1177//1177
f 1177//1177 735//735 733//733
f 1177//1177 733//733 1178//1178
f 1178//1178 733//733 731//731
f 1178//1178 731//731 1179//1179
f 1179//1179 731//731 729//729
f 1179//1179 729//729 1180//1180
f 1180//1180 729//729 727//727
f 1180//1180 727//727 1181//1181
f 1181//1181 727//727 725//725
f 1181//1181 725//725 914//914
f 914//914 725//725 912//912
f 912//912 725//725 723//723
f 912//912 723//723 910//910
f 910//910 723//723 721//721
f 910//910 721//721 908//908
f 908//908 721//721 719//719
f 908//908 719//719 906//906
f 719//719 717//717 906//906
f 906//906 717//717 715//715
f 906//906 715//715 1168//1168
f 1168//1168 715//715 713//713
f 1168//1168 713//713 711//711
f 681//681 680//680 1182//1182
f 680//680 679//679 1182//1182
f 1182//1182 679//679 678//678
f 1182//1182 678//678 1168//1168
f 675//675 906//906 676//676
f 676//676 906//906 1168//1168
f 676//676 1168//1168 677//677
f 677//677 1168//1168 678//678
f 593//593 899//899 674//674
f 674//674 899//899 902//902
f 674//674 902//902 675//675
f 675//675 902//902 904//904
f 675//675 904//904 906//906
f 674//674 673//673 593//593
f 593//593 673//673 672//672
f 593//593 672//672 591//591
f 591//591 672//672 671//671
f 591//591 671//671 670//670
f 826//826 825//825 1183//1183
f 825//825 824//824 1183//1183
f 1183//1183 824//824 823//823
f 1183//1183 823//823 1182//1182
f 1182//1182 823//823 822//822
f 1182//1182 822//822 821//821
f 591//591 820//820 819//819
f 670//670 681//681 591//591
f 591//591 681//681 1182//1182
f 591//591 1182//1182 820//820
f 820//820 1182//1182 821//821
f 819//819 818//818 591//591
f 591//591 818//818 817//817
f 591//591 817//817 590//590
f 590//590 817//817 816//816
f 590//590 816//816 815//815
f 849//849 1167//1167 850//850
f 850//850 1167//1167 589//589
f 850//850 589//589 839//839
f 590//590 844//844 843//843
f 849//849 848//848 1167//1167
f 1167//1167 848//848 847//847
f 1167//1167 847//847 1183//1183
f 1183//1183 847//847 846//846
f 1183//1183 846//846 845//845
f 815//815 826//826 590//590
f 590//590 826//826 1183//1183
f 590//590 1183//1183 844//844
f 844//844 1183//1183 845//845
f 843//843 842//842 590//590
f 590//590 842//842 841//841
f 590//590 841//841 589//589
f 589//589 841//841 840//840
f 589//589 840//840 839//839
f 605//605 607//607 1167//1167
f 1167//1167 607//607 608//608
f 1167//1167 608//608 587//587
f 644//644 645//645 1184//1184
f 1184//1184 645//645 626//626
f 1185//1185 1096//1096 641//641
f 837//837 1185//1185 838//838
f 838//838 1185//1185 1186//1186
f 838//838 1186//1186 827//827
f 837//837 836//836 1185//1185
f 1185//1185 836//836 835//835
f 1185//1185 835//835 1096//1096
f 1096//1096 835//835 834//834
f 1187//1187 1095//1095 1096//1096
f 831//831 1187//1187 832//832
f 832//832 1187//1187 1096//1096
f 832//832 1096//1096 833//833
f 833//833 1096//1096 834//834
f 831//831 830//830 1187//1187
f 1187//1187 830//830 829//829
f 1187//1187 829//829 1186//1186
f 1186//1186 829//829 828//828
f 1186//1186 828//828 827//827
f 1188//1188 1189//1189 1187//1187
f 1187//1187 1189//1189 1086//1086
f 1187//1187 1086//1086 1089//1089
f 1089//1089 1091//1091 1187//1187
f 1187//1187 1091//1091 1093//1093
f 1187//1187 1093//1093 1095//1095
f 695//695 693//693 1188//1188
f 707//707 705//705 1187//1187
f 1187//1187 705//705 703//703
f 1188//1188 693//693 1190//1190
f 1190//1190 693//693 691//691
f 1190//1190 691//691 1191//1191
f 1191//1191 691//691 689//689
f 1191//1191 689//689 1192//1192
f 1192//1192 689//689 687//687
f 1192//1192 687//687 1193//1193
f 1193//1193 687//687 685//685
f 1193//1193 685//685 1194//1194
f 1194//1194 685//685 683//683
f 1194//1194 683//683 1169//1169
f 1169//1169 683//683 682//682
f 1169//1169 682//682 747//747
f 703//703 701//701 1187//1187
f 1187//1187 701//701 699//699
f 1187//1187 699//699 1188//1188
f 1188//1188 699//699 697//697
f 1188//1188 697//697 695//695
f 667//667 666//666 1195//1195
f 1195//1195 666//666 1185//1185
f 1195//1195 1185//1185 643//643
f 643//643 1185//1185 641//641
f 666//666 665//665 1185//1185
f 1185//1185 665//665 664//664
f 1185//1185 664//664 1186//1186
f 1186//1186 664//664 663//663
f 1186//1186 663//663 662//662
f 662//662 661//661 1186//1186
f 1186//1186 661//661 660//660
f 1186//1186 660//660 1196//1196
f 1196//1196 660//660 659//659
f 659//659 658//658 1196//1196
f 1196//1196 658//658 669//669
f 1196//1196 669//669 1195//1195
f 1195//1195 669//669 668//668
f 1195//1195 668//668 667//667
f 1166//1166 657//657 1184//1184
f 1184//1184 657//657 656//656
f 1184//1184 656//656 655//655
f 643//643 644//644 1195//1195
f 1195//1195 644//644 1184//1184
f 1195//1195 1184//1184 654//654
f 654//654 1184//1184 655//655
f 650//650 649//649 1196//1196
f 1196//1196 649//649 648//648
f 1196//1196 648//648 1166//1166
f 1166//1166 648//648 647//647
f 1166//1166 647//647 646//646
f 654//654 653//653 1195//1195
f 1195//1195 653//653 652//652
f 1195//1195 652//652 1196//1196
f 1196//1196 652//652 651//651
f 1196//1196 651//651 650//650
f 1166//1166 1167//1167 1196//1196
f 1196//1196 1167//1167 1183//1183
f 1196//1196 1183//1183 1186//1186
f 1186//1186 1183//1183 1182//1182
f 1186//1186 1182//1182 1187//1187
f 1187//1187 1182//1182 1168//1168
f 1187//1187 1168//1168 707//707
f 707//707 1168//1168 709//709
f 626//626 631//631 1184//1184
f 1184//1184 631//631 632//632
f 1184//1184 632//632 1166//1166
f 1166//1166 632//632 617//617
f 1166//1166 617//617 1167//1167
f 1167//1167 617//617 602//602
f 1167//1167 602//602 605//605
f 1056//1056 1062//1062 884//884
f 884//884 1062//1062 1061//1061
f 884//884 1061//1061 883//883
f 883//883 1061//1061 1066//1066
f 883//883 1066//1066 882//882
f 1056//1056 884//884 1057//1057
f 1057//1057 884//884 886//886
f 1057//1057 886//886 1075//1075
f 1075//1075 886//886 887//887
f 1075//1075 887//887 862//862
f 862//862 887//887 889//889
f 862//862 889//889 860//860
f 860//860 889//889 891//891
f 860//860 891//891 858//858
f 858//858 891//891 857//857
f 857//857 891//891 893//893
f 857//857 893//893 855//855
f 855//855 893//893 894//894
f 855//855 894//894 854//854
f 854//854 894//894 896//896
f 854//854 896//896 852//852
f 578//578 404//404 898//898
f 898//898 404//404 852//852
f 898//898 852//852 897//897
f 897//897 852//852 896//896
f 1197//1197 1198//1198 1199//1199
f 1200//1200 1201//1201 1202//1202
f 1203//1203 1204//1204 1205//1205
f 1206//1206 1207//1207 1208//1208
f 1209//1209 1210//1210 1211//1211
f 1212//1212 1213//1213 1214//1214
f 1214//1214 1213//1213 1215//1215
f 1214//1214 1215//1215 1210//1210
f 1210//1210 1215//1215 1216//1216
f 1210//1210 1216//1216 1211//1211
f 1217//1217 1218//1218 1219//1219
f 1219//1219 1218//1218 1220//1220
f 1219//1219 1220//1220 1212//1212
f 1212//1212 1220//1220 1221//1221
f 1212//1212 1221//1221 1213//1213
f 1208//1208 1222//1222 1206//1206
f 1206//1206 1222//1222 1223//1223
f 1206//1206 1223//1223 1224//1224
f 1224//1224 1223//1223 1225//1225
f 1224//1224 1225//1225 1217//1217
f 1217//1217 1225//1225 1226//1226
f 1217//1217 1226//1226 1218//1218
f 1227//1227 1228//1228 1229//1229
f 1229//1229 1228//1228 1230//1230
f 1229//1229 1230//1230 1207//1207
f 1207//1207 1230//1230 1231//1231
f 1207//1207 1231//1231 1208//1208
f 1232//1232 1233//1233 1234//1234
f 1234//1234 1233//1233 1235//1235
f 1234//1234 1235//1235 1227//1227
f 1227//1227 1235//1235 1236//1236
f 1227//1227 1236//1236 1228//1228
f 1237//1237 1238//1238 1232//1232
f 1232//1232 1238//1238 1239//1239
f 1232//1232 1239//1239 1233//1233
f 1240//1240 1241//1241 1237//1237
f 1237//1237 1241//1241 1242//1242
f 1237//1237 1242//1242 1238//1238
f 1205//1205 1204//1204 1243//1243
f 1204//1204 1244//1244 1243//1243
f 1243//1243 1244//1244 1245//1245
f 1243//1243 1245//1245 1240//1240
f 1240//1240 1245//1245 1246//1246
f 1240//1240 1246//1246 1241//1241
f 1247//1247 1248//1248 1249//1249
f 1249//1249 1248//1248 1250//1250
f 1249//1249 1250//1250 1251//1251
f 1251//1251 1250//1250 1252//1252
f 1252//1252 1250//1250 1253//1253
f 1252//1252 1253//1253 1254//1254
f 1254//1254 1253//1253 1255//1255
f 1254//1254 1255//1255 1256//1256
f 1256//1256 1255//1255 1257//1257
f 1257//1257 1255//1255 1258//1258
f 1257//1257 1258//1258 1259//1259
f 1259//1259 1258//1258 1260//1260
f 1259//1259 1260//1260 1261//1261
f 1262//1262 1263//1263 1260//1260
f 1260//1260 1263//1263 1264//1264
f 1260//1260 1264//1264 1261//1261
f 1265//1265 1266//1266 1267//1267
f 1267//1267 1266//1266 1268//1268
f 1267//1267 1268//1268 1269//1269
f 1202//1202 1270//1270 1200//1200
f 1200//1200 1270//1270 1271//1271
f 1200//1200 1271//1271 1272//1272
f 1272//1272 1271//1271 1273//1273
f 1272//1272 1273//1273 1265//1265
f 1265//1265 1273//1273 1274//1274
f 1265//1265 1274//1274 1266//1266
f 1275//1275 1276//1276 1277//1277
f 1277//1277 1276//1276 1278//1278
f 1277//1277 1278//1278 1201//1201
f 1201//1201 1278//1278 1279//1279
f 1201//1201 1279//1279 1202//1202
f 1280//1280 1281//1281 1282//1282
f 1282//1282 1281//1281 1283//1283
f 1282//1282 1283//1283 1275//1275
f 1275//1275 1283//1283 1284//1284
f 1275//1275 1284//1284 1276//1276
f 1199//1199 1285//1285 1197//1197
f 1197//1197 1285//1285 1286//1286
f 1197//1197 1286//1286 1287//1287
f 1287//1287 1286//1286 1288//1288
f 1287//1287 1288//1288 1280//1280
f 1280//1280 1288//1288 1289//1289
f 1280//1280 1289//1289 1281//1281
f 1211//1211 1290//1290 1209//1209
f 1209//1209 1290//1290 1291//1291
f 1209//1209 1291//1291 1292//1292
f 1292//1292 1291//1291 1293//1293
f 1292//1292 1293//1293 1198//1198
f 1198//1198 1293//1293 1294//1294
f 1198//1198 1294//1294 1199//1199
f 1295//1295 1262//1262 1296//1296
f 1296//1296 1262//1262 1260//1260
f 1296//1296 1260//1260 1297//1297
f 1297//1297 1260//1260 1258//1258
f 1297//1297 1258//1258 1298//1298
f 1298//1298 1258//1258 1255//1255
f 1298//1298 1255//1255 1299//1299
f 1299//1299 1255//1255 1253//1253
f 1299//1299 1253//1253 1300//1300
f 1300//1300 1253//1253 1250//1250
f 1300//1300 1250//1250 1301//1301
f 1301//1301 1250//1250 1248//1248
f 1301//1301 1248//1248 1302//1302
f 1267//1267 1303//1303 1265//1265
f 1265//1265 1303//1303 1304//1304
f 1265//1265 1304//1304 1272//1272
f 1272//1272 1304//1304 1305//1305
f 1272//1272 1305//1305 1200//1200
f 1200//1200 1305//1305 1306//1306
f 1200//1200 1306//1306 1201//1201
f 1201//1201 1306//1306 1307//1307
f 1201//1201 1307//1307 1277//1277
f 1277//1277 1307//1307 1308//1308
f 1277//1277 1308//1308 1275//1275
f 1275//1275 1308//1308 1309//1309
f 1275//1275 1309//1309 1282//1282
f 1282//1282 1309//1309 1310//1310
f 1282//1282 1310//1310 1280//1280
f 1280//1280 1310//1310 1311//1311
f 1280//1280 1311//1311 1287//1287
f 1287//1287 1311//1311 1312//1312
f 1287//1287 1312//1312 1197//1197
f 1197//1197 1312//1312 1313//1313
f 1197//1197 1313//1313 1198//1198
f 1198//1198 1313//1313 1314//1314
f 1198//1198 1314//1314 1292//1292
f 1292//1292 1314//1314 1315//1315
f 1292//1292 1315//1315 1209//1209
f 1209//1209 1315//1315 1316//1316
f 1209//1209 1316//1316 1210//1210
f 1210//1210 1316//1316 1317//1317
f 1210//1210 1317//1317 1214//1214
f 1214//1214 1317//1317 1318//1318
f 1214//1214 1318//1318 1212//1212
f 1212//1212 1318//1318 1319//1319
f 1212//1212 1319//1319 1219//1219
f 1219//1219 1319//1319 1320//1320
f 1219//1219 1320//1320 1217//1217
f 1217//1217 1320//1320 1321//1321
f 1217//1217 1321//1321 1224//1224
f 1224//1224 1321//1321 1322//1322
f 1224//1224 1322//1322 1206//1206
f 1206//1206 1322//1322 1323//1323
f 1206//1206 1323//1323 1207//1207
f 1207//1207 1323//1323 1324//1324
f 1207//1207 1324//1324 1229//1229
f 1229//1229 1324//1324 1325//1325
f 1229//1229 1325//1325 1227//1227
f 1227//1227 1325//1325 1326//1326
f 1227//1227 1326//1326 1234//1234
f 1234//1234 1326//1326 1327//1327
f 1234//1234 1327//1327 1232//1232
f 1232//1232 1327//1327 1328//1328
f 1232//1232 1328//1328 1237//1237
f 1237//1237 1328//1328 1329//1329
f 1237//1237 1329//1329 1240//1240
f 1240//1240 1329//1329 1330//1330
f 1240//1240 1330//1330 1243//1243
f 1243//1243 1330//1330 1331//1331
f 1243//1243 1331//1331 1205//1205
f 1332//1332 1295//1295 1333//1333
f 1333//1333 1295//1295 1296//1296
f 1333//1333 1296//1296 1334//1334
f 1334//1334 1296//1296 1297//1297
f 1334//1334 1297//1297 1335//1335
f 1335//1335 1297//1297 1298//1298
f 1335//1335 1298//1298 1336//1336
f 1336//1336 1298//1298 1299//1299
f 1336//1336 1299//1299 1337//1337
f 1337//1337 1299//1299 1300//1300
f 1337//1337 1300//1300 1338//1338
f 1338//1338 1300//1300 1301//1301
f 1338//1338 1301//1301 1339//1339
f 1339//1339 1301//1301 1302//1302
f 1339//1339 1302//1302 1340//1340
f 1303//1303 1341//1341 1304//1304
f 1304//1304 1341//1341 1342//1342
f 1304//1304 1342//1342 1305//1305
f 1305//1305 1342//1342 1343//1343
f 1305//1305 1343//1343 1306//1306
f 1306//1306 1343//1343 1344//1344
f 1306//1306 1344//1344 1307//1307
f 1307//1307 1344//1344 1345//1345
f 1307//1307 1345//1345 1308//1308
f 1308//1308 1345//1345 1346//1346
f 1308//1308 1346//1346 1309//1309
f 1309//1309 1346//1346 1347//1347
f 1309//1309 1347//1347 1310//1310
f 1310//1310 1347//1347 1348//1348
f 1310//1310 1348//1348 1311//1311
f 1311//1311 1348//1348 1349//1349
f 1311//1311 1349//1349 1312//1312
f 1312//1312 1349//1349 1350//1350
f 1312//1312 1350//1350 1313//1313
f 1313//1313 1350//1350 1351//1351
f 1313//1313 1351//1351 1314//1314
f 1314//1314 1351//1351 1352//1352
f 1314//1314 1352//1352 1315//1315
f 1315//1315 1352//1352 1353//1353
f 1315//1315 1353//1353 1316//1316
f 1316//1316 1353//1353 1354//1354
f 1316//1316 1354//1354 1317//1317
f 1317//1317 1354//1354 1355//1355
f 1317//1317 1355//1355 1318//1318
f 1318//1318 1355//1355 1356//1356
f 1318//1318 1356//1356 1319//1319
f 1319//1319 1356//1356 1357//1357
f 1319//1319 1357//1357 1320//1320
f 1320//1320 1357//1357 1358//1358
f 1320//1320 1358//1358 1321//1321
f 1321//1321 1358//1358 1359//1359
f 1321//1321 1359//1359 1322//1322
f 1322//1322 1359//1359 1360//1360
f 1322//1322 1360//1360 1323//1323
f 1323//1323 1360//1360 1361//1361
f 1323//1323 1361//1361 1324//1324
f 1324//1324 1361//1361 1362//1362
f 1324//1324 1362//1362 1325//1325
f 1325//1325 1362//1362 1363//1363
f 1325//1325 1363//1363 1326//1326
f 1326//1326 1363//1363 1364//1364
f 1326//1326 1364//1364 1327//1327
f 1327//1327 1364//1364 1365//1365
f 1327//1327 1365//1365 1328//1328
f 1328//1328 1365//1365 1366//1366
f 1328//1328 1366//1366 1329//1329
f 1329//1329 1366//1366 1367//1367
f 1329//1329 1367//1367 1330//1330
f 1330//1330 1367//1367 1368//1368
f 1330//1330 1368//1368 1331//1331
f 1369//1369 1332//1332 1370//1370
f 1370//1370 1332//1332 1333//1333
f 1370//1370 1333//1333 1371//1371
f 1371//1371 1333//1333 1334//1334
f 1371//1371 1334//1334 1372//1372
f 1372//1372 1334//1334 1335//1335
f 1372//1372 1335//1335 1373//1373
f 1373//1373 1335//1335 1336//1336
f 1373//1373 1336//1336 1374//1374
f 1374//1374 1336//1336 1337//1337
f 1374//1374 1337//1337 1375//1375
f 1375//1375 1337//1337 1338//1338
f 1375//1375 1338//1338 1376//1376
f 1376//1376 1338//1338 1339//1339
f 1376//1376 1339//1339 1377//1377
f 1377//1377 1339//1339 1340//1340
f 1377//1377 1340//1340 1378//1378
f 1341//1341 1379//1379 1342//1342
f 1342//1342 1379//1379 1380//1380
f 1342//1342 1380//1380 1343//1343
f 1343//1343 1380//1380 1381//1381
f 1343//1343 1381//1381 1344//1344
f 1344//1344 1381//1381 1382//1382
f 1344//1344 1382//1382 1345//1345
f 1345//1345 1382//1382 1383//1383
f 1345//1345 1383//1383 1346//1346
f 1346//1346 1383//1383 1384//1384
f 1346//1346 1384//1384 1347//1347
f 1347//1347 1384//1384 1385//1385
f 1347//1347 1385//1385 1348//1348
f 1348//1348 1385//1385 1386//1386
f 1348//1348 1386//1386 1349//1349
f 1349//1349 1386//1386 1387//1387
f 1349//1349 1387//1387 1350//1350
f 1350//1350 1387//1387 1388//1388
f 1350//1350 1388//1388 1351//1351
f 1351//1351 1388//1388 1389//1389
f 1351//1351 1389//1389 1352//1352
f 1352//1352 1389//1389 1390//1390
f 1352//1352 1390//1390 1353//1353
f 1353//1353 1390//1390 1391//1391
f 1353//1353 1391//1391 1354//1354
f 1354//1354 1391//1391 1392//1392
f 1354//1354 1392//1392 1355//1355
f 1355//1355 1392//1392 1393//1393
f 1355//1355 1393//1393 1356//1356
f 1356//1356 1393//1393 1394//1394
f 1356//1356 1394//1394 1357//1357
f 1357//1357 1394//1394 1395//1395
f 1357//1357 1395//1395 1358//1358
f 1358//1358 1395//1395 1396//1396
f 1358//1358 1396//1396 1359//1359
f 1359//1359 1396//1396 1397//1397
f 1359//1359 1397//1397 1360//1360
f 1360//1360 1397//1397 1398//1398
f 1360//1360 1398//1398 1361//1361
f 1361//1361 1398//1398 1399//1399
f 1361//1361 1399//1399 1362//1362
f 1362//1362 1399//1399 1400//1400
f 1362//1362 1400//1400 1363//1363
f 1363//1363 1400//1400 1401//1401
f 1363//1363 1401//1401 1364//1364
f 1364//1364 1401//1401 1402//1402
f 1364//1364 1402//1402 1365//1365
f 1365//1365 1402//1402 1403//1403
f 1365//1365 1403//1403 1366//1366
f 1366//1366 1403//1403 1404//1404
f 1366//1366 1404//1404 1367//1367
f 1367//1367 1404//1404 1405//1405
f 1367//1367 1405//1405 1368//1368
f 1406//1406 1369//1369 1407//1407
f 1407//1407 1369//1369 1370//1370
f 1407//1407 1370//1370 1408//1408
f 1408//1408 1370//1370 1371//1371
f 1408//1408 1371//1371 1409//1409
f 1409//1409 1371//1371 1372//1372
f 1409//1409 1372//1372 1410//1410
f 1410//1410 1372//1372 1373//1373
f 1410//1410 1373//1373 1411//1411
f 1411//1411 1373//1373 1374//1374
f 1411//1411 1374//1374 1412//1412
f 1412//1412 1374//1374 1375//1375
f 1412//1412 1375//1375 1413//1413
f 1413//1413 1375//1375 1376//1376
f 1413//1413 1376//1376 1414//1414
f 1414//1414 1376//1376 1377//1377
f 1414//1414 1377//1377 1415//1415
f 1415//1415 1377//1377 1378//1378
f 1415//1415 1378//1378 1416//1416
f 1379//1379 1417//1417 1380//1380
f 1380//1380 1417//1417 1418//1418
f 1380//1380 1418//1418 1381//1381
f 1381//1381 1418//1418 1419//1419
f 1381//1381 1419//1419 1382//1382
f 1382//1382 1419//1419 1420//1420
f 1382//1382 1420//1420 1383//1383
f 1383//1383 1420//1420 1421//1421
f 1383//1383 1421//1421 1384//1384
f 1384//1384 1421//1421 1422//1422
f 1384//1384 1422//1422 1385//1385
f 1385//1385 1422//1422 1423//1423
f 1385//1385 1423//1423 1386//1386
f 1386//1386 1423//1423 1424//1424
f 1386//1386 1424//1424 1387//1387
f 1387//1387 1424//1424 1425//1425
f 1387//1387 1425//1425 1388//1388
f 1388//1388 1425//1425 1426//1426
f 1388//1388 1426//1426 1389//1389
f 1389//1389 1426//1426 1427//1427
f 1389//1389 1427//1427 1390//1390
f 1390//1390 1427//1427 1428//1428
f 1390//1390 1428//1428 1391//1391
f 1391//1391 1428//1428 1429//1429
f 1391//1391 1429//1429 1392//1392
f 1392//1392 1429//1429 1430//1430
f 1392//1392 1430//1430 1393//1393
f 1393//1393 1430//1430 1431//1431
f 1393//1393 1431//1431 1394//1394
f 1394//1394 1431//1431 1432//1432
f 1394//1394 1432//1432 1395//1395
f 1395//1395 1432//1432 1433//1433
f 1395//1395 1433//1433 1396//1396
f 1396//1396 1433//1433 1434//1434
f 1396//1396 1434//1434 1397//1397
f 1397//1397 1434//1434 1435//1435
f 1397//1397 1435//1435 1398//1398
f 1398//1398 1435//1435 1436//1436
f 1398//1398 1436//1436 1399//1399
f 1399//1399 1436//1436 1437//1437
f 1399//1399 1437//1437 1400//1400
f 1400//1400 1437//1437 1438//1438
f 1400//1400 1438//1438 1401//1401
f 1401//1401 1438//1438 1439//1439
f 1401//1401 1439//1439 1402//1402
f 1402//1402 1439//1439 1440//1440
f 1402//1402 1440//1440 1403//1403
f 1403//1403 1440//1440 1441//1441
f 1403//1403 1441//1441 1404//1404
f 1404//1404 1441//1441 1442//1442
f 1404//1404 1442//1442 1405//1405
f 1004//1004 1406//1406 1005//1005
f 1005//1005 1406//1406 1407//1407
f 1005//1005 1407//1407 1006//1006
f 1006//1006 1407//1407 1408//1408
f 1006//1006 1408//1408 1007//1007
f 1007//1007 1408//1408 1409//1409
f 1007//1007 1409//1409 1008//1008
f 1008//1008 1409//1409 1410//1410
f 1008//1008 1410//1410 1009//1009
f 1009//1009 1410//1410 1411//1411
f 1009//1009 1411//1411 1010//1010
f 1010//1010 1411//1411 1412//1412
f 1010//1010 1412//1412 1011//1011
f 1011//1011 1412//1412 1413//1413
f 1011//1011 1413//1413 1012//1012
f 1012//1012 1413//1413 1414//1414
f 1012//1012 1414//1414 1013//1013
f 1013//1013 1414//1414 1415//1415
f 1013//1013 1415//1415 1014//1014
f 1014//1014 1415//1415 1416//1416
f 1014//1014 1416//1416 1015//1015
f 1247//1247 1203//1203 1248//1248
f 1248//1248 1203//1203 1205//1205
f 1248//1248 1205//1205 1302//1302
f 1302//1302 1205//1205 1331//1331
f 1302//1302 1331//1331 1340//1340
f 1340//1340 1331//1331 1368//1368
f 1340//1340 1368//1368 1378//1378
f 1378//1378 1368//1368 1405//1405
f 1378//1378 1405//1405 1416//1416
f 1416//1416 1405//1405 1442//1442
f 1416//1416 1442//1442 1015//1015
f 1015//1015 1442//1442 1441//1441
f 1015//1015 1441//1441 1016//1016
f 1016//1016 1441//1441 1440//1440
f 1016//1016 1440//1440 1017//1017
f 1017//1017 1440//1440 1439//1439
f 1017//1017 1439//1439 1018//1018
f 1018//1018 1439//1439 1438//1438
f 1018//1018 1438//1438 1019//1019
f 1019//1019 1438//1438 1437//1437
f 1019//1019 1437//1437 1020//1020
f 1020//1020 1437//1437 1436//1436
f 1020//1020 1436//1436 1021//1021
f 1021//1021 1436//1436 1435//1435
f 1021//1021 1435//1435 1022//1022
f 1022//1022 1435//1435 1434//1434
f 1022//1022 1434//1434 1023//1023
f 1023//1023 1434//1434 1433//1433
f 1023//1023 1433//1433 1024//1024
f 1024//1024 1433//1433 1432//1432
f 1024//1024 1432//1432 990//990
f 990//990 1432//1432 1431//1431
f 990//990 1431//1431 991//991
f 991//991 1431//1431 1430//1430
f 991//991 1430//1430 992//992
f 992//992 1430//1430 1429//1429
f 992//992 1429//1429 993//993
f 993//993 1429//1429 1428//1428
f 993//993 1428//1428 994//994
f 994//994 1428//1428 1427//1427
f 994//994 1427//1427 995//995
f 995//995 1427//1427 1426//1426
f 995//995 1426//1426 996//996
f 996//996 1426//1426 1425//1425
f 996//996 1425//1425 997//997
f 997//997 1425//1425 1424//1424
f 997//997 1424//1424 998//998
f 998//998 1424//1424 1423//1423
f 998//998 1423//1423 999//999
f 999//999 1423//1423 1422//1422
f 999//999 1422//1422 1000//1000
f 1000//1000 1422//1422 1421//1421
f 1000//1000 1421//1421 1001//1001
f 1001//1001 1421//1421 1420//1420
f 1001//1001 1420//1420 1002//1002
f 1002//1002 1420//1420 1419//1419
f 1002//1002 1419//1419 1003//1003
f 1003//1003 1419//1419 1418//1418
f 1003//1003 1418//1418 1004//1004
f 1004//1004 1418//1418 1417//1417
f 1004//1004 1417//1417 1406//1406
f 1406//1406 1417//1417 1379//1379
f 1406//1406 1379//1379 1369//1369
f 1369//1369 1379//1379 1341//1341
f 1369//1369 1341//1341 1332//1332
f 1332//1332 1341//1341 1303//1303
f 1332//1332 1303//1303 1295//1295
f 1295//1295 1303//1303 1267//1267
f 1295//1295 1267//1267 1262//1262
f 1262//1262 1267//1267 1269//1269
f 1262//1262 1269//1269 1263//1263
f 1124//1124 1123//1123 1443//1443
f 1138//1138 1136//1136 1444//1444
f 1133//1133 1132//1132 1445//1445
f 1446//1446 1447//1447 1448//1448
f 1449//1449 1450//1450 1451//1451
f 1452//1452 1453//1453 1454//1454
f 1058//1058 1455//1455 1067//1067
f 1071//1071 864//864 1028//1028
f 1455//1455 1058//1058 1456//1456
f 1080//1080 1078//1078 1457//1457
f 1457//1457 1078//1078 1077//1077
f 1457//1457 1077//1077 1458//1458
f 1458//1458 1077//1077 1068//1068
f 1458//1458 1068//1068 1067//1067
f 1080//1080 1459//1459 1081//1081
f 1081//1081 1459//1459 1454//1454
f 1081//1081 1454//1454 1082//1082
f 1082//1082 1454//1454 1083//1083
f 1083//1083 1454//1454 1453//1453
f 1083//1083 1453//1453 1066//1066
f 1452//1452 1454//1454 1460//1460
f 1460//1460 1454//1454 1459//1459
f 1460//1460 1459//1459 1461//1461
f 1461//1461 1459//1459 1462//1462
f 1461//1461 1462//1462 1463//1463
f 1463//1463 1462//1462 1464//1464
f 1463//1463 1464//1464 1465//1465
f 1466//1466 1467//1467 1468//1468
f 1468//1468 1467//1467 1469//1469
f 1468//1468 1469//1469 1470//1470
f 1470//1470 1469//1469 1471//1471
f 1470//1470 1471//1471 1472//1472
f 1472//1472 1471//1471 1473//1473
f 1472//1472 1473//1473 1464//1464
f 1464//1464 1473//1473 1474//1474
f 1464//1464 1474//1474 1465//1465
f 1466//1466 1468//1468 1475//1475
f 1475//1475 1468//1468 1476//1476
f 1475//1475 1476//1476 1477//1477
f 1477//1477 1476//1476 1478//1478
f 1477//1477 1478//1478 1479//1479
f 1479//1479 1478//1478 1480//1480
f 1479//1479 1480//1480 1481//1481
f 1481//1481 1480//1480 1482//1482
f 1482//1482 1480//1480 1483//1483
f 1482//1482 1483//1483 1484//1484
f 1484//1484 1483//1483 1485//1485
f 1484//1484 1485//1485 1486//1486
f 1451//1451 1450//1450 1485//1485
f 1485//1485 1450//1450 1487//1487
f 1485//1485 1487//1487 1486//1486
f 1446//1446 1448//1448 1488//1488
f 1488//1488 1448//1448 1444//1444
f 1488//1488 1444//1444 1489//1489
f 1489//1489 1444//1444 1136//1136
f 1489//1489 1136//1136 1445//1445
f 1445//1445 1136//1136 1135//1135
f 1445//1445 1135//1135 1133//1133
f 1120//1120 1119//1119 1490//1490
f 1490//1490 1119//1119 1130//1130
f 1490//1490 1130//1130 1448//1448
f 1448//1448 1130//1130 1128//1128
f 1448//1448 1128//1128 1444//1444
f 1444//1444 1128//1128 1127//1127
f 1444//1444 1127//1127 1138//1138
f 1443//1443 1123//1123 1491//1491
f 1027//1027 1026//1026 1121//1121
f 1071//1071 1028//1028 1492//1492
f 1492//1492 1028//1028 1034//1034
f 1492//1492 1034//1034 1493//1493
f 1493//1493 1034//1034 1035//1035
f 1493//1493 1035//1035 1494//1494
f 1494//1494 1035//1035 1038//1038
f 1494//1494 1038//1038 1495//1495
f 1495//1495 1038//1038 1037//1037
f 1495//1495 1037//1037 1496//1496
f 1496//1496 1037//1037 1036//1036
f 1496//1496 1036//1036 1497//1497
f 1497//1497 1036//1036 1042//1042
f 1497//1497 1042//1042 1498//1498
f 1498//1498 1042//1042 1041//1041
f 1498//1498 1041//1041 1499//1499
f 1499//1499 1041//1041 1046//1046
f 1499//1499 1046//1046 1500//1500
f 1500//1500 1046//1046 1027//1027
f 1500//1500 1027//1027 1501//1501
f 1501//1501 1027//1027 1121//1121
f 1501//1501 1121//1121 1443//1443
f 1443//1443 1121//1121 1125//1125
f 1443//1443 1125//1125 1124//1124
f 1080//1080 1457//1457 1459//1459
f 1459//1459 1457//1457 1458//1458
f 1459//1459 1458//1458 1462//1462
f 1462//1462 1458//1458 1502//1502
f 1462//1462 1502//1502 1464//1464
f 1464//1464 1502//1502 1503//1503
f 1464//1464 1503//1503 1472//1472
f 1472//1472 1503//1503 1504//1504
f 1472//1472 1504//1504 1470//1470
f 1470//1470 1504//1504 1505//1505
f 1470//1470 1505//1505 1468//1468
f 1468//1468 1505//1505 1506//1506
f 1468//1468 1506//1506 1476//1476
f 1476//1476 1506//1506 1507//1507
f 1476//1476 1507//1507 1478//1478
f 1478//1478 1507//1507 1508//1508
f 1478//1478 1508//1508 1480//1480
f 1480//1480 1508//1508 1509//1509
f 1480//1480 1509//1509 1483//1483
f 1483//1483 1509//1509 1510//1510
f 1483//1483 1510//1510 1485//1485
f 1485//1485 1510//1510 1511//1511
f 1485//1485 1511//1511 1451//1451
f 1447//1447 1512//1512 1448//1448
f 1448//1448 1512//1512 1513//1513
f 1448//1448 1513//1513 1490//1490
f 1490//1490 1513//1513 1491//1491
f 1490//1490 1491//1491 1120//1120
f 1120//1120 1491//1491 1123//1123
f 1067//1067 1455//1455 1458//1458
f 1458//1458 1455//1455 1456//1456
f 1458//1458 1456//1456 1502//1502
f 1502//1502 1456//1456 1514//1514
f 1502//1502 1514//1514 1503//1503
f 1503//1503 1514//1514 1515//1515
f 1503//1503 1515//1515 1504//1504
f 1504//1504 1515//1515 1516//1516
f 1504//1504 1516//1516 1505//1505
f 1505//1505 1516//1516 1517//1517
f 1505//1505 1517//1517 1506//1506
f 1506//1506 1517//1517 1518//1518
f 1506//1506 1518//1518 1507//1507
f 1507//1507 1518//1518 1519//1519
f 1507//1507 1519//1519 1508//1508
f 1508//1508 1519//1519 1520//1520
f 1508//1508 1520//1520 1509//1509
f 1509//1509 1520//1520 1521//1521
f 1509//1509 1521//1521 1510//1510
f 1510//1510 1521//1521 1522//1522
f 1510//1510 1522//1522 1511//1511
f 1512//1512 1449//1449 1513//1513
f 1513//1513 1449//1449 1451//1451
f 1513//1513 1451//1451 1491//1491
f 1491//1491 1451//1451 1511//1511
f 1491//1491 1511//1511 1443//1443
f 1443//1443 1511//1511 1522//1522
f 1443//1443 1522//1522 1501//1501
f 1501//1501 1522//1522 1521//1521
f 1501//1501 1521//1521 1500//1500
f 1500//1500 1521//1521 1520//1520
f 1500//1500 1520//1520 1499//1499
f 1499//1499 1520//1520 1519//1519
f 1499//1499 1519//1519 1498//1498
f 1498//1498 1519//1519 1518//1518
f 1498//1498 1518//1518 1497//1497
f 1497//1497 1518//1518 1517//1517
f 1497//1497 1517//1517 1496//1496
f 1496//1496 1517//1517 1516//1516
f 1496//1496 1516//1516 1495//1495
f 1495//1495 1516//1516 1515//1515
f 1495//1495 1515//1515 1494//1494
f 1494//1494 1515//1515 1514//1514
f 1494//1494 1514//1514 1493//1493
f 1493//1493 1514//1514 1456//1456
f 1493//1493 1456//1456 1492//1492
f 1492//1492 1456//1456 1058//1058
f 1492//1492 1058//1058 1071//1071
f 1105//1105 1106//1106 1147//1147
f 1110//1110 1132//1132 1134//1134
f 1110//1110 1134//1134 1108//1108
f 1134//1134 1151//1151 1108//1108
f 1108//1108 1151//1151 1140//1140
f 1108//1108 1140//1140 1106//1106
f 1106//1106 1140//1140 1139//1139
f 1106//1106 1139//1139 1147//1147
f 1147//1147 1150//1150 1105//1105
f 1105//1105 1150//1150 1153//1153
f 1105//1105 1153//1153 1103//1103
f 1103//1103 1153//1153 1156//1156
f 1103//1103 1156//1156 1101//1101
f 1101//1101 1156//1156 1155//1155
f 1101//1101 1155//1155 1099//1099
f 1099//1099 1155//1155 1159//1159
f 1099//1099 1159//1159 1097//1097
f 1097//1097 1159//1159 1158//1158
f 1097//1097 1158//1158 640//640
f 640//640 1158//1158 577//577
f 914//914 913//913 1523//1523
f 914//914 1523//1523 1181//1181
f 1181//1181 1523//1523 1524//1524
f 1181//1181 1524//1524 1180//1180
f 1180//1180 1524//1524 1525//1525
f 1180//1180 1525//1525 1179//1179
f 1179//1179 1525//1525 1526//1526
f 1179//1179 1526//1526 1178//1178
f 1178//1178 1526//1526 1527//1527
f 1178//1178 1527//1527 1177//1177
f 1177//1177 1527//1527 1528//1528
f 1177//1177 1528//1528 1176//1176
f 1176//1176 1528//1528 1529//1529
f 1176//1176 1529//1529 1175//1175
f 1175//1175 1529//1529 1530//1530
f 1175//1175 1530//1530 1174//1174
f 1174//1174 1530//1530 1531//1531
f 1174//1174 1531//1531 1173//1173
f 1173//1173 1531//1531 1532//1532
f 1173//1173 1532//1532 1172//1172
f 1172//1172 1532//1532 1533//1533
f 1172//1172 1533//1533 1171//1171
f 1171//1171 1533//1533 1534//1534
f 1171//1171 1534//1534 1170//1170
f 1170//1170 1534//1534 1535//1535
f 1170//1170 1535//1535 1169//1169
f 1169//1169 1535//1535 1536//1536
f 1169//1169 1536//1536 1194//1194
f 1194//1194 1536//1536 1537//1537
f 1194//1194 1537//1537 1193//1193
f 1193//1193 1537//1537 1538//1538
f 1193//1193 1538//1538 1192//1192
f 1192//1192 1538//1538 1539//1539
f 1192//1192 1539//1539 1191//1191
f 1191//1191 1539//1539 1540//1540
f 1191//1191 1540//1540 1190//1190
f 1190//1190 1540//1540 1541//1541
f 1190//1190 1541//1541 1188//1188
f 1188//1188 1541//1541 1542//1542
f 1188//1188 1542//1542 1189//1189
f 1189//1189 1542//1542 1087//1087
f 1189//1189 1087//1087 1086//1086
f 1110//1110 1109//1109 1543//1543
f 1543//1543 1109//1109 1544//1544
f 1543//1543 1544//1544 1545//1545
f 1545//1545 1544//1544 1546//1546
f 1546//1546 1544//1544 1547//1547
f 1546//1546 1547//1547 1548//1548
f 1548//1548 1547//1547 1549//1549
f 1548//1548 1549//1549 1550//1550
f 1550//1550 1549//1549 1551//1551
f 1551//1551 1549//1549 1552//1552
f 1551//1551 1552//1552 1553//1553
f 1553//1553 1552//1552 1554//1554
f 1554//1554 1552//1552 1555//1555
f 1554//1554 1555//1555 1556//1556
f 1556//1556 1555//1555 1557//1557
f 1556//1556 1557//1557 1558//1558
f 1558//1558 1557//1557 1559//1559
f 1559//1559 1557//1557 1560//1560
f 1559//1559 1560//1560 1561//1561
f 1561//1561 1560//1560 1562//1562
f 1562//1562 1560//1560 1563//1563
f 1562//1562 1563//1563 1564//1564
f 1564//1564 1563//1563 1565//1565
f 1564//1564 1565//1565 1566//1566
f 1567//1567 1568//1568 1569//1569
f 1569//1569 1568//1568 1570//1570
f 1569//1569 1570//1570 1565//1565
f 1565//1565 1570//1570 1571//1571
f 1565//1565 1571//1571 1566//1566
f 1572//1572 1573//1573 1574//1574
f 1574//1574 1573//1573 1575//1575
f 1574//1574 1575//1575 1567//1567
f 1567//1567 1575//1575 1576//1576
f 1567//1567 1576//1576 1568//1568
f 1577//1577 1578//1578 1572//1572
f 1572//1572 1578//1578 1579//1579
f 1572//1572 1579//1579 1573//1573
f 1580//1580 1581//1581 1582//1582
f 1582//1582 1581//1581 1583//1583
f 1582//1582 1583//1583 1584//1584
f 1584//1584 1583//1583 1585//1585
f 1584//1584 1585//1585 1577//1577
f 1577//1577 1585//1585 1586//1586
f 1577//1577 1586//1586 1578//1578
f 1580//1580 1582//1582 1587//1587
f 1587//1587 1582//1582 1588//1588
f 1587//1587 1588//1588 1589//1589
f 1589//1589 1588//1588 1590//1590
f 1589//1589 1590//1590 1591//1591
f 1591//1591 1590//1590 1592//1592
f 1591//1591 1592//1592 1593//1593
f 1593//1593 1592//1592 1594//1594
f 1593//1593 1594//1594 1595//1595
f 1595//1595 1594//1594 1596//1596
f 1596//1596 1594//1594 880//880
f 1596//1596 880//880 882//882
f 1109//1109 1115//1115 1544//1544
f 1544//1544 1115//1115 1597//1597
f 1544//1544 1597//1597 1547//1547
f 1547//1547 1597//1597 1598//1598
f 1547//1547 1598//1598 1549//1549
f 1549//1549 1598//1598 1599//1599
f 1549//1549 1599//1599 1552//1552
f 1552//1552 1599//1599 1600//1600
f 1552//1552 1600//1600 1555//1555
f 1555//1555 1600//1600 1601//1601
f 1555//1555 1601//1601 1557//1557
f 1557//1557 1601//1601 1602//1602
f 1557//1557 1602//1602 1560//1560
f 1560//1560 1602//1602 1603//1603
f 1560//1560 1603//1603 1563//1563
f 1563//1563 1603//1603 1604//1604
f 1563//1563 1604//1604 1565//1565
f 1565//1565 1604//1604 1605//1605
f 1565//1565 1605//1605 1569//1569
f 1569//1569 1605//1605 1606//1606
f 1569//1569 1606//1606 1567//1567
f 1567//1567 1606//1606 1607//1607
f 1567//1567 1607//1607 1574//1574
f 1574//1574 1607//1607 1608//1608
f 1574//1574 1608//1608 1572//1572
f 1572//1572 1608//1608 1609//1609
f 1572//1572 1609//1609 1577//1577
f 1577//1577 1609//1609 1610//1610
f 1577//1577 1610//1610 1584//1584
f 1584//1584 1610//1610 1611//1611
f 1584//1584 1611//1611 1582//1582
f 1582//1582 1611//1611 1612//1612
f 1582//1582 1612//1612 1588//1588
f 1588//1588 1612//1612 1613//1613
f 1588//1588 1613//1613 1590//1590
f 1590//1590 1613//1613 1614//1614
f 1590//1590 1614//1614 1592//1592
f 1592//1592 1614//1614 1615//1615
f 1592//1592 1615//1615 1594//1594
f 1594//1594 1615//1615 1616//1616
f 1594//1594 1616//1616 880//880
f 880//880 1616//1616 921//921
f 1115//1115 1087//1087 1597//1597
f 1597//1597 1087//1087 1542//1542
f 1597//1597 1542//1542 1598//1598
f 1598//1598 1542//1542 1541//1541
f 1598//1598 1541//1541 1599//1599
f 1599//1599 1541//1541 1540//1540
f 1599//1599 1540//1540 1600//1600
f 1600//1600 1540//1540 1539//1539
f 1600//1600 1539//1539 1601//1601
f 1601//1601 1539//1539 1538//1538
f 1601//1601 1538//1538 1602//1602
f 1602//1602 1538//1538 1537//1537
f 1602//1602 1537//1537 1603//1603
f 1603//1603 1537//1537 1536//1536
f 1603//1603 1536//1536 1604//1604
f 1604//1604 1536//1536 1535//1535
f 1604//1604 1535//1535 1605//1605
f 1605//1605 1535//1535 1534//1534
f 1605//1605 1534//1534 1606//1606
f 1606//1606 1534//1534 1533//1533
f 1606//1606 1533//1533 1607//1607
f 1607//1607 1533//1533 1532//1532
f 1607//1607 1532//1532 1608//1608
f 1608//1608 1532//1532 1531//1531
f 1608//1608 1531//1531 1609//1609
f 1609//1609 1531//1531 1530//1530
f 1609//1609 1530//1530 1610//1610
f 1610//1610 1530//1530 1529//1529
f 1610//1610 1529//1529 1611//1611
f 1611//1611 1529//1529 1528//1528
f 1611//1611 1528//1528 1612//1612
f 1612//1612 1528//1528 1527//1527
f 1612//1612 1527//1527 1613//1613
f 1613//1613 1527//1527 1526//1526
f 1613//1613 1526//1526 1614//1614
f 1614//1614 1526//1526 1525//1525
f 1614//1614 1525//1525 1615//1615
f 1615//1615 1525//1525 1524//1524
f 1615//1615 1524//1524 1616//1616
f 1616//1616 1524//1524 1523//1523
f 1616//1616 1523//1523 921//921
f 921//921 1523//1523 913//913
f 1132//1132 1110//1110 1543//1543
f 1445//1445 1244//1244 1204//1204
f 1445//1445 1204//1204 1489//1489
f 1204//1204 1203//1203 1489//1489
f 1489//1489 1203//1203 1247//1247
f 1489//1489 1247//1247 1488//1488
f 1488//1488 1247//1247 1249//1249
f 1488//1488 1249//1249 1446//1446
f 1446//1446 1249//1249 1251//1251
f 1446//1446 1251//1251 1447//1447
f 1447//1447 1251//1251 1252//1252
f 1447//1447 1252//1252 1512//1512
f 1512//1512 1252//1252 1254//1254
f 1512//1512 1254//1254 1449//1449
f 1259//1259 1487//1487 1257//1257
f 1257//1257 1487//1487 1450//1450
f 1449//1449 1254//1254 1450//1450
f 1450//1450 1254//1254 1256//1256
f 1450//1450 1256//1256 1257//1257
f 1479//1479 1264//1264 1263//1263
f 1479//1479 1263//1263 1477//1477
f 1479//1479 1481//1481 1264//1264
f 1264//1264 1481//1481 1482//1482
f 1264//1264 1482//1482 1261//1261
f 1261//1261 1482//1482 1484//1484
f 1261//1261 1484//1484 1259//1259
f 1259//1259 1484//1484 1486//1486
f 1259//1259 1486//1486 1487//1487
f 1263//1263 1269//1269 1477//1477
f 1477//1477 1269//1269 1268//1268
f 1477//1477 1268//1268 1475//1475
f 1475//1475 1268//1268 1266//1266
f 1475//1475 1266//1266 1466//1466
f 1466//1466 1266//1266 1274//1274
f 1466//1466 1274//1274 1467//1467
f 1467//1467 1274//1274 1273//1273
f 1467//1467 1273//1273 1469//1469
f 1469//1469 1273//1273 1271//1271
f 1469//1469 1271//1271 1471//1471
f 1279//1279 1474//1474 1202//1202
f 1202//1202 1474//1474 1473//1473
f 1471//1471 1271//1271 1473//1473
f 1473//1473 1271//1271 1270//1270
f 1473//1473 1270//1270 1202//1202
f 1289//1289 1066//1066 1281//1281
f 1281//1281 1066//1066 1453//1453
f 1281//1281 1453//1453 1283//1283
f 1283//1283 1453//1453 1452//1452
f 1283//1283 1452//1452 1284//1284
f 1284//1284 1452//1452 1460//1460
f 1284//1284 1460//1460 1276//1276
f 1276//1276 1460//1460 1461//1461
f 1276//1276 1461//1461 1278//1278
f 1278//1278 1461//1461 1463//1463
f 1278//1278 1463//1463 1279//1279
f 1279//1279 1463//1463 1465//1465
f 1279//1279 1465//1465 1474//1474
f 1445//1445 1132//1132 1244//1244
f 1244//1244 1132//1132 1543//1543
f 1244//1244 1543//1543 1245//1245
f 1245//1245 1543//1543 1545//1545
f 1245//1245 1545//1545 1246//1246
f 1246//1246 1545//1545 1546//1546
f 1246//1246 1546//1546 1241//1241
f 1241//1241 1546//1546 1242//1242
f 1546//1546 1548//1548 1242//1242
f 1242//1242 1548//1548 1550//1550
f 1242//1242 1550//1550 1238//1238
f 1238//1238 1550//1550 1551//1551
f 1238//1238 1551//1551 1239//1239
f 1239//1239 1551//1551 1553//1553
f 1239//1239 1553//1553 1233//1233
f 1233//1233 1553//1553 1554//1554
f 1233//1233 1554//1554 1235//1235
f 1235//1235 1554//1554 1556//1556
f 1235//1235 1556//1556 1236//1236
f 1236//1236 1556//1556 1558//1558
f 1236//1236 1558//1558 1228//1228
f 1228//1228 1558//1558 1559//1559
f 1228//1228 1559//1559 1230//1230
f 1230//1230 1559//1559 1561//1561
f 1230//1230 1561//1561 1231//1231
f 1231//1231 1561//1561 1562//1562
f 1231//1231 1562//1562 1208//1208
f 1208//1208 1562//1562 1564//1564
f 1208//1208 1564//1564 1222//1222
f 1222//1222 1564//1564 1566//1566
f 1222//1222 1566//1566 1223//1223
f 1223//1223 1566//1566 1571//1571
f 1223//1223 1571//1571 1225//1225
f 1225//1225 1571//1571 1570//1570
f 1225//1225 1570//1570 1226//1226
f 1226//1226 1570//1570 1568//1568
f 1226//1226 1568//1568 1218//1218
f 1218//1218 1568//1568 1576//1576
f 1218//1218 1576//1576 1220//1220
f 1576//1576 1575//1575 1220//1220
f 1220//1220 1575//1575 1573//1573
f 1220//1220 1573//1573 1221//1221
f 1221//1221 1573//1573 1579//1579
f 1221//1221 1579//1579 1213//1213
f 1213//1213 1579//1579 1578//1578
f 1213//1213 1578//1578 1215//1215
f 1215//1215 1578//1578 1586//1586
f 1215//1215 1586//1586 1216//1216
f 1216//1216 1586//1586 1585//1585
f 1216//1216 1585//1585 1211//1211
f 1211//1211 1585//1585 1583//1583
f 1211//1211 1583//1583 1290//1290
f 1290//1290 1583//1583 1581//1581
f 1290//1290 1581//1581 1291//1291
f 1291//1291 1581//1581 1580//1580
f 1291//1291 1580//1580 1293//1293
f 1293//1293 1580//1580 1587//1587
f 1293//1293 1587//1587 1294//1294
f 1294//1294 1587//1587 1589//1589
f 1294//1294 1589//1589 1199//1199
f 1199//1199 1589//1589 1591//1591
f 1199//1199 1591//1591 1285//1285
f 1285//1285 1591//1591 1593//1593
f 1285//1285 1593//1593 1286//1286
f 1286//1286 1593//1593 1288//1288
f 1288//1288 1593//1593 1595//1595
f 1288//1288 1595//1595 1289//1289
f 1289//1289 1595//1595 1596//1596
f 1289//1289 1596//1596 1066//1066
f 1066//1066 1596//1596 882//882

