# https://github.com/mikedh/trimesh

o leader_finger_left_index.obj
v 0.00300000 -0.00440200 0.01050000
v 0.00300000 -0.00400000 0.01200000
v 0.00300000 -0.00537500 0.00947800
v 0.00300000 -0.00440200 0.01350000
v 0.00300000 -0.00537500 0.01452200
v 0.00300000 -0.00959800 0.01350000
v 0.00300000 -0.01000000 0.01200000
v 0.00300000 -0.00862500 0.01452200
v 0.00300000 -0.00959800 0.01050000
v 0.00300000 -0.00862500 0.00947800
v 0.00300000 -0.00440200 -0.00150000
v 0.00300000 -0.00400000 0.00000000
v 0.00300000 -0.00537500 -0.00252200
v 0.00300000 -0.00440200 0.00150000
v 0.00300000 -0.00537500 0.00252200
v 0.00300000 -0.00959800 0.00150000
v 0.00300000 -0.01000000 -0.00000000
v 0.00300000 -0.00862500 0.00252200
v 0.00300000 -0.00959800 -0.00150000
v 0.00300000 -0.00862500 -0.00252200
v 0.00300000 0.00959800 -0.01350000
v 0.00300000 0.01000000 -0.01200000
v 0.00300000 0.00862500 -0.01452200
v 0.00300000 0.00959800 -0.01050000
v 0.00300000 0.00862500 -0.00947800
v 0.00300000 0.00440200 -0.01050000
v 0.00300000 0.00400000 -0.01200000
v 0.00300000 0.00537500 -0.00947800
v 0.00300000 0.00440200 -0.01350000
v 0.00300000 0.00537500 -0.01452200
v 0.00300000 0.00959800 -0.00150000
v 0.00300000 0.01000000 0.00000000
v 0.00300000 0.00862500 -0.00252200
v 0.00300000 0.00959800 0.00150000
v 0.00300000 0.00862500 0.00252200
v 0.00300000 0.00440200 0.00150000
v 0.00300000 0.00400000 -0.00000000
v 0.00300000 0.00537500 0.00252200
v 0.00300000 0.00440200 -0.00150000
v 0.00300000 0.00537500 -0.00252200
v 0.00300000 -0.00440200 -0.01350000
v 0.00300000 -0.00400000 -0.01200000
v 0.00300000 -0.00537500 -0.01452200
v 0.00300000 -0.00440200 -0.01050000
v 0.00300000 -0.00537500 -0.00947800
v 0.00300000 -0.00959800 -0.01050000
v 0.00300000 -0.01000000 -0.01200000
v 0.00300000 -0.00862500 -0.00947800
v 0.00300000 -0.00959800 -0.01350000
v 0.00300000 -0.00862500 -0.01452200
v 0.00300000 0.00959800 0.01050000
v 0.00300000 0.01000000 0.01200000
v 0.00300000 0.00862500 0.00947800
v 0.00300000 0.00959800 0.01350000
v 0.00300000 0.00862500 0.01452200
v 0.00300000 0.00440200 0.01350000
v 0.00300000 0.00400000 0.01200000
v 0.00300000 0.00537500 0.01452200
v 0.00300000 0.00440200 0.01050000
v 0.00300000 0.00537500 0.00947800
v 0.00280000 -0.00862500 0.00252200
v 0.00280000 -0.00862500 -0.00000000
v 0.00280000 -0.00862500 -0.00252200
v 0.00280000 -0.00537500 -0.00252200
v 0.00280000 -0.00537500 -0.00000000
v 0.00280000 -0.00537500 0.00252200
v 0.00280000 0.00537500 -0.00947800
v 0.00280000 0.00537500 -0.01200000
v 0.00280000 0.00537500 -0.01452200
v 0.00280000 0.00862500 -0.01452200
v 0.00280000 0.00862500 -0.01200000
v 0.00280000 0.00862500 -0.00947800
v 0.00280000 0.00537500 0.01452200
v 0.00280000 0.00537500 0.01200000
v 0.00280000 0.00537500 0.00947800
v 0.00280000 0.00862500 0.00947800
v 0.00280000 0.00862500 0.01200000
v 0.00280000 0.00862500 0.01452200
v 0.00280000 -0.00862500 0.01452200
v 0.00280000 -0.00862500 0.01200000
v 0.00280000 -0.00862500 0.00947800
v 0.00280000 -0.00537500 0.00947800
v 0.00280000 -0.00537500 0.01200000
v 0.00280000 -0.00537500 0.01452200
v 0.00280000 0.00537500 0.00252200
v 0.00280000 0.00537500 -0.00000000
v 0.00280000 0.00537500 -0.00252200
v 0.00280000 0.00862500 -0.00252200
v 0.00280000 0.00862500 -0.00000000
v 0.00280000 0.00862500 0.00252200
v 0.00280000 -0.00862500 -0.00947800
v 0.00280000 -0.00862500 -0.01200000
v 0.00280000 -0.00862500 -0.01452200
v 0.00280000 -0.00537500 -0.01452200
v 0.00280000 -0.00537500 -0.01200000
v 0.00280000 -0.00537500 -0.00947800
v 0.00280000 -0.00850000 0.01459800
v 0.00280000 -0.00550000 0.00940200
v 0.01350000 -0.00550000 0.01459800
v 0.01350000 -0.00440200 0.01350000
v 0.01350000 -0.00400000 0.01200000
v 0.01350000 -0.00440200 0.01050000
v 0.01350000 -0.00550000 0.00940200
v 0.00280000 -0.00850000 0.00940200
v 0.01350000 -0.00700000 0.00900000
v 0.00280000 -0.00700000 0.00900000
v 0.01350000 -0.00850000 0.00940200
v 0.01350000 -0.00959800 0.01050000
v 0.01350000 -0.01000000 0.01200000
v 0.01350000 -0.00959800 0.01350000
v 0.01350000 -0.00850000 0.01459800
v 0.01350000 -0.00700000 0.01500000
v 0.00280000 -0.00700000 0.01500000
v 0.00280000 -0.00550000 0.01459800
v 0.00280000 -0.00850000 0.00259800
v 0.00280000 -0.00550000 -0.00259800
v 0.01350000 -0.00550000 0.00259800
v 0.01350000 -0.00440200 0.00150000
v 0.01350000 -0.00400000 -0.00000000
v 0.01350000 -0.00440200 -0.00150000
v 0.01350000 -0.00550000 -0.00259800
v 0.00280000 -0.00850000 -0.00259800
v 0.01350000 -0.00700000 -0.00300000
v 0.00280000 -0.00700000 -0.00300000
v 0.01350000 -0.00850000 -0.00259800
v 0.01350000 -0.00959800 -0.00150000
v 0.01350000 -0.01000000 -0.00000000
v 0.01350000 -0.00959800 0.00150000
v 0.01350000 -0.00850000 0.00259800
v 0.01350000 -0.00700000 0.00300000
v 0.00280000 -0.00700000 0.00300000
v 0.00280000 -0.00550000 0.00259800
v 0.00280000 0.00550000 -0.00940200
v 0.00280000 0.00850000 -0.01459800
v 0.01350000 0.00850000 -0.00940200
v 0.01350000 0.00959800 -0.01050000
v 0.01350000 0.01000000 -0.01200000
v 0.01350000 0.00959800 -0.01350000
v 0.01350000 0.00850000 -0.01459800
v 0.00280000 0.00550000 -0.01459800
v 0.01350000 0.00700000 -0.01500000
v 0.00280000 0.00700000 -0.01500000
v 0.01350000 0.00550000 -0.01459800
v 0.01350000 0.00440200 -0.01350000
v 0.01350000 0.00400000 -0.01200000
v 0.01350000 0.00440200 -0.01050000
v 0.01350000 0.00550000 -0.00940200
v 0.01350000 0.00700000 -0.00900000
v 0.00280000 0.00700000 -0.00900000
v 0.00280000 0.00850000 -0.00940200
v 0.00280000 0.00550000 0.00259800
v 0.00280000 0.00850000 -0.00259800
v 0.01350000 0.00850000 0.00259800
v 0.01350000 0.00959800 0.00150000
v 0.01350000 0.01000000 -0.00000000
v 0.01350000 0.00959800 -0.00150000
v 0.01350000 0.00850000 -0.00259800
v 0.00280000 0.00550000 -0.00259800
v 0.01350000 0.00700000 -0.00300000
v 0.00280000 0.00700000 -0.00300000
v 0.01350000 0.00550000 -0.00259800
v 0.01350000 0.00440200 -0.00150000
v 0.01350000 0.00400000 -0.00000000
v 0.01350000 0.00440200 0.00150000
v 0.01350000 0.00550000 0.00259800
v 0.01350000 0.00700000 0.00300000
v 0.00280000 0.00700000 0.00300000
v 0.00280000 0.00850000 0.00259800
v 0.00280000 -0.00850000 -0.00940200
v 0.00280000 -0.00550000 -0.01459800
v 0.01350000 -0.00550000 -0.00940200
v 0.01350000 -0.00440200 -0.01050000
v 0.01350000 -0.00400000 -0.01200000
v 0.01350000 -0.00440200 -0.01350000
v 0.01350000 -0.00550000 -0.01459800
v 0.00280000 -0.00850000 -0.01459800
v 0.01350000 -0.00700000 -0.01500000
v 0.00280000 -0.00700000 -0.01500000
v 0.01350000 -0.00850000 -0.01459800
v 0.01350000 -0.00959800 -0.01350000
v 0.01350000 -0.01000000 -0.01200000
v 0.01350000 -0.00959800 -0.01050000
v 0.01350000 -0.00850000 -0.00940200
v 0.01350000 -0.00700000 -0.00900000
v 0.00280000 -0.00700000 -0.00900000
v 0.00280000 -0.00550000 -0.00940200
v 0.00280000 0.00550000 0.01459800
v 0.00280000 0.00850000 0.00940200
v 0.01350000 0.00850000 0.01459800
v 0.01350000 0.00959800 0.01350000
v 0.01350000 0.01000000 0.01200000
v 0.01350000 0.00959800 0.01050000
v 0.01350000 0.00850000 0.00940200
v 0.00280000 0.00550000 0.00940200
v 0.01350000 0.00700000 0.00900000
v 0.00280000 0.00700000 0.00900000
v 0.01350000 0.00550000 0.00940200
v 0.01350000 0.00440200 0.01050000
v 0.01350000 0.00400000 0.01200000
v 0.01350000 0.00440200 0.01350000
v 0.01350000 0.00550000 0.01459800
v 0.01350000 0.00700000 0.01500000
v 0.00280000 0.00700000 0.01500000
v 0.00280000 0.00850000 0.01459800
v 0.01350000 -0.01000000 0.02100000
v 0.01350000 0.01000000 0.02100000
v 0.00050000 -0.01000000 0.02100000
v 0.00050000 0.01000000 0.02100000
v 0.00040000 -0.00336300 -0.01886600
v 0.00040000 -0.00336300 -0.02886600
v 0.00040000 -0.00468600 -0.01886600
v 0.00040000 -0.00468600 -0.02886600
v 0.00040000 0.00336300 -0.01886600
v 0.00040000 0.00468600 -0.01886600
v 0.00040000 0.00336300 -0.02768600
v 0.00040000 0.00468600 -0.02886600
v 0.00040000 -0.00156200 -0.02768600
v 0.00040000 -0.00156200 -0.02886600
v 0.00280000 -0.00840700 0.00081300
v 0.00280000 -0.00781200 0.00140700
v 0.00280000 -0.00700000 0.00162500
v 0.00280000 -0.00618700 0.00140700
v 0.00280000 -0.00559300 0.00081300
v 0.00280000 -0.00559300 -0.00081300
v 0.00280000 -0.00618700 -0.00140700
v 0.00280000 -0.00700000 -0.00162500
v 0.00280000 -0.00781200 -0.00140700
v 0.00280000 -0.00840700 -0.00081300
v 0.00280000 0.00840700 -0.01118800
v 0.00280000 0.00781200 -0.01059300
v 0.00280000 0.00700000 -0.01037500
v 0.00280000 0.00618700 -0.01059300
v 0.00280000 0.00559300 -0.01118800
v 0.00280000 0.00559300 -0.01281200
v 0.00280000 0.00618700 -0.01340700
v 0.00280000 0.00700000 -0.01362500
v 0.00280000 0.00781200 -0.01340700
v 0.00280000 0.00840700 -0.01281200
v 0.00280000 0.00840700 0.01281200
v 0.00280000 0.00781200 0.01340700
v 0.00280000 0.00700000 0.01362500
v 0.00280000 0.00618700 0.01340700
v 0.00280000 0.00559300 0.01281200
v 0.00280000 0.00559300 0.01118800
v 0.00280000 0.00618700 0.01059300
v 0.00280000 0.00700000 0.01037500
v 0.00280000 0.00781200 0.01059300
v 0.00280000 0.00840700 0.01118800
v 0.00280000 -0.00559300 0.01281200
v 0.00280000 -0.00618700 0.01340700
v 0.00280000 -0.00700000 0.01362500
v 0.00280000 -0.00781200 0.01340700
v 0.00280000 -0.00840700 0.01281200
v 0.00280000 -0.00840700 0.01118800
v 0.00280000 -0.00781200 0.01059300
v 0.00280000 -0.00700000 0.01037500
v 0.00280000 -0.00618700 0.01059300
v 0.00280000 -0.00559300 0.01118800
v 0.00280000 0.00559300 0.00081300
v 0.00280000 0.00618700 0.00140700
v 0.00280000 0.00700000 0.00162500
v 0.00280000 0.00781200 0.00140700
v 0.00280000 0.00840700 0.00081300
v 0.00280000 0.00840700 -0.00081300
v 0.00280000 0.00781200 -0.00140700
v 0.00280000 0.00700000 -0.00162500
v 0.00280000 0.00618700 -0.00140700
v 0.00280000 0.00559300 -0.00081300
v 0.00280000 -0.00559300 -0.01118800
v 0.00280000 -0.00618700 -0.01059300
v 0.00280000 -0.00700000 -0.01037500
v 0.00280000 -0.00781200 -0.01059300
v 0.00280000 -0.00840700 -0.01118800
v 0.00280000 -0.00840700 -0.01281200
v 0.00280000 -0.00781200 -0.01340700
v 0.00280000 -0.00700000 -0.01362500
v 0.00280000 -0.00618700 -0.01340700
v 0.00280000 -0.00559300 -0.01281200
v 0.01350000 0.01000000 -0.04350000
v 0.00390200 0.01109300 -0.04355200
v 0.01350000 0.01224400 -0.04372100
v 0.00390200 0.01324000 -0.04396600
v 0.01350000 0.01324000 -0.04396600
v 0.01350000 0.01440100 -0.04437500
v 0.00390200 0.01527000 -0.04477800
v 0.01350000 0.01621700 -0.04532600
v 0.00390200 0.01621700 -0.04532600
v 0.01350000 0.01638900 -0.04543800
v 0.00390200 0.01710900 -0.04596000
v 0.01350000 0.01813200 -0.04686800
v 0.00390200 0.01869100 -0.04746900
v 0.01350000 0.01869100 -0.04746900
v 0.01350000 0.01956200 -0.04861100
v 0.00390200 0.01995900 -0.04925000
v 0.01350000 0.02046100 -0.05022300
v 0.00390200 0.02046100 -0.05022300
v 0.01350000 0.02062500 -0.05059900
v 0.00390200 0.02086800 -0.05123900
v 0.01350000 0.02127900 -0.05275600
v 0.00390200 0.02138300 -0.05336300
v 0.01350000 0.02138300 -0.05336300
v 0.01350000 0.02150000 -0.05500000
v 0.00390200 0.02148700 -0.05554700
v 0.01350000 0.02138300 -0.05663700
v 0.00390200 0.02138300 -0.05663700
v 0.01350000 0.02127900 -0.05724400
v 0.00390200 0.02117600 -0.05771100
v 0.01350000 0.02062500 -0.05940100
v 0.00390200 0.02046100 -0.05977700
v 0.01350000 0.02046100 -0.05977700
v 0.01350000 0.01956200 -0.06138900
v 0.00390200 0.01936800 -0.06167100
v 0.01350000 0.01869100 -0.06253100
v 0.00390200 0.01869100 -0.06253100
v 0.01350000 0.01813200 -0.06313200
v 0.00390200 0.01793600 -0.06332300
v 0.01350000 0.01638900 -0.06456200
v 0.00390200 0.01621700 -0.06467400
v 0.01350000 0.01621700 -0.06467400
v 0.01350000 0.01440100 -0.06562500
v 0.00390200 0.01427400 -0.06567600
v 0.01350000 0.01324000 -0.06603400
v 0.00390200 0.01324000 -0.06603400
v 0.01350000 0.01224400 -0.06627900
v 0.00390200 0.01217600 -0.06629200
v 0.01350000 0.01000000 -0.06650000
v 0.00390200 0.01000000 -0.06650000
v 0.01350000 0.00775600 -0.06627900
v 0.00390200 0.00782400 -0.06629200
v 0.01350000 0.00676000 -0.06603400
v 0.00390200 0.00676000 -0.06603400
v 0.01350000 0.00559900 -0.06562500
v 0.00390200 0.00572600 -0.06567600
v 0.01350000 0.00378300 -0.06467400
v 0.00390200 0.00378300 -0.06467400
v 0.01350000 0.00361100 -0.06456200
v 0.00390200 0.00206400 -0.06332300
v 0.01350000 0.00186800 -0.06313200
v 0.01350000 0.00130900 -0.06253100
v 0.00390200 0.00130900 -0.06253100
v 0.01350000 0.00043800 -0.06138900
v 0.00390200 0.00063200 -0.06167100
v 0.01350000 -0.00046100 -0.05977700
v 0.00390200 -0.00046100 -0.05977700
v 0.01350000 -0.00062500 -0.05940100
v 0.00390200 -0.00117600 -0.05771100
v 0.01350000 -0.00127900 -0.05724400
v 0.01350000 -0.00138300 -0.05663700
v 0.00390200 -0.00138300 -0.05663700
v 0.01350000 -0.00150000 -0.05500000
v 0.00390200 -0.00148700 -0.05554700
v 0.01350000 -0.00138300 -0.05336300
v 0.00390200 -0.00138300 -0.05336300
v 0.01350000 -0.00127900 -0.05275600
v 0.00390200 -0.00086800 -0.05123900
v 0.01350000 -0.00062500 -0.05059900
v 0.01350000 -0.00046100 -0.05022300
v 0.00390200 -0.00046100 -0.05022300
v 0.01350000 0.00043800 -0.04861100
v 0.00390200 0.00004100 -0.04925000
v 0.01350000 0.00130900 -0.04746900
v 0.00390200 0.00130900 -0.04746900
v 0.01350000 0.00186800 -0.04686800
v 0.00390200 0.00289100 -0.04596000
v 0.01350000 0.00361100 -0.04543800
v 0.01350000 0.00378300 -0.04532600
v 0.00390200 0.00378300 -0.04532600
v 0.01350000 0.00559900 -0.04437500
v 0.00390200 0.00473000 -0.04477800
v 0.01350000 0.00676000 -0.04396600
v 0.00390200 0.00676000 -0.04396600
v 0.01350000 0.00775600 -0.04372100
v 0.00390200 0.00890700 -0.04355200
v 0.00390200 0.01000000 -0.04350000
v 0.00050000 0.01069200 0.02087600
v 0.01350000 0.01069200 0.02087600
v 0.00050000 0.01100000 0.02073200
v 0.01350000 0.01100000 0.02073200
v 0.00050000 0.01141400 0.02041400
v 0.01350000 0.01141400 0.02041400
v 0.00050000 0.01173200 0.02000000
v 0.01350000 0.01173200 0.02000000
v 0.00050000 0.01187600 0.01969200
v 0.01350000 0.01187600 0.01969200
v 0.00050000 0.01200000 0.01900000
v 0.01350000 0.01200000 0.01900000
v 0.01400000 0.01150000 -0.00600000
v 0.01400000 0.01150000 -0.01500000
v 0.01396900 0.01167300 -0.01500000
v 0.01400000 0.01150000 0.00600000
v 0.01396900 0.01167300 0.01900000
v 0.01400000 0.01150000 0.01900000
v 0.01400000 0.01150000 0.01800000
v 0.01350000 0.01200000 -0.01500000
v 0.01367300 0.01196900 -0.01500000
v 0.01367300 0.01196900 0.01900000
v 0.01375000 0.01193300 -0.01500000
v 0.01375000 0.01193300 0.01900000
v 0.01385400 0.01185400 -0.01500000
v 0.01385400 0.01185400 0.01900000
v 0.01393300 0.01175000 -0.01500000
v 0.01393300 0.01175000 0.01900000
v 0.01367300 0.01068200 0.02084700
v 0.01367300 0.01184700 0.01968200
v 0.01385400 0.01173900 0.01964200
v 0.01396900 0.01157000 0.01957900
v 0.01396900 0.01118300 0.02018300
v 0.01400000 0.01106100 0.02006100
v 0.01400000 0.01140700 0.01951900
v 0.01396900 0.01057900 0.02057000
v 0.01400000 0.01051900 0.02040700
v 0.01400000 0.01000000 0.02050000
v 0.01396900 0.01000000 0.02067300
v 0.01393300 0.01000000 0.02075000
v 0.01385400 0.01064200 0.02073900
v 0.01367300 0.01000000 0.02096900
v 0.01375000 0.01000000 0.02093300
v 0.01385400 0.01000000 0.02085400
v 0.01385400 0.01131100 0.02031100
v 0.01367300 0.01139200 0.02039200
v 0.01367300 -0.01000000 0.02096900
v 0.01375000 -0.01000000 0.02093300
v 0.01385400 -0.01000000 0.02085400
v 0.01393300 -0.01000000 0.02075000
v 0.01396900 -0.01000000 0.02067300
v 0.01400000 -0.01000000 0.02050000
v 0.01350000 -0.01173200 0.02000000
v 0.01350000 -0.01187600 0.01969200
v 0.01367300 -0.01184700 0.01968200
v 0.01350000 -0.01200000 0.01900000
v 0.01367300 -0.01068200 0.02084700
v 0.01350000 -0.01069200 0.02087600
v 0.01350000 -0.01100000 0.02073200
v 0.01385400 -0.01064200 0.02073900
v 0.01396900 -0.01057900 0.02057000
v 0.01396900 -0.01118300 0.02018300
v 0.01400000 -0.01106100 0.02006100
v 0.01400000 -0.01051900 0.02040700
v 0.01396900 -0.01157000 0.01957900
v 0.01400000 -0.01140700 0.01951900
v 0.01400000 -0.01150000 0.01900000
v 0.01396900 -0.01167300 0.01900000
v 0.01393300 -0.01175000 0.01900000
v 0.01385400 -0.01173900 0.01964200
v 0.01367300 -0.01196900 0.01900000
v 0.01375000 -0.01193300 0.01900000
v 0.01385400 -0.01185400 0.01900000
v 0.01385400 -0.01131100 0.02031100
v 0.01367300 -0.01139200 0.02039200
v 0.01350000 -0.01141400 0.02041400
v 0.01400000 -0.00525000 0.00896900
v 0.01400000 -0.00396900 0.01025000
v 0.01400000 -0.00350000 0.01200000
v 0.01400000 -0.00396900 0.01375000
v 0.01400000 -0.00525000 0.01503100
v 0.01400000 -0.00700000 0.01550000
v 0.01400000 -0.00875000 0.01503100
v 0.01400000 -0.01003100 0.01375000
v 0.01400000 -0.01050000 0.01200000
v 0.01400000 -0.01003100 0.01025000
v 0.01400000 -0.00875000 0.00896900
v 0.01400000 -0.00700000 0.00850000
v 0.01400000 -0.00525000 -0.00303100
v 0.01400000 -0.00396900 -0.00175000
v 0.01400000 -0.00350000 -0.00000000
v 0.01400000 -0.00396900 0.00175000
v 0.01400000 -0.00525000 0.00303100
v 0.01400000 -0.00700000 0.00350000
v 0.01400000 -0.00875000 0.00303100
v 0.01400000 -0.01003100 0.00175000
v 0.01400000 -0.01050000 0.00000000
v 0.01400000 -0.01003100 -0.00175000
v 0.01400000 -0.00875000 -0.00303100
v 0.01400000 -0.00700000 -0.00350000
v 0.01400000 0.00875000 -0.01503100
v 0.01400000 0.01003100 -0.01375000
v 0.01400000 0.01050000 -0.01200000
v 0.01400000 0.01003100 -0.01025000
v 0.01400000 0.00875000 -0.00896900
v 0.01400000 0.00700000 -0.00850000
v 0.01400000 0.00525000 -0.00896900
v 0.01400000 0.00396900 -0.01025000
v 0.01400000 0.00350000 -0.01200000
v 0.01400000 0.00396900 -0.01375000
v 0.01400000 0.00525000 -0.01503100
v 0.01400000 0.00700000 -0.01550000
v 0.01396900 0.01000000 -0.06682700
v 0.01400000 0.01234100 -0.06676900
v 0.01396900 0.01230700 -0.06660000
v 0.01400000 0.01459200 -0.06608700
v 0.01396900 0.01452600 -0.06592700
v 0.01400000 0.01666700 -0.06497800
v 0.01396900 0.01657100 -0.06483400
v 0.01400000 0.01848500 -0.06348500
v 0.01396900 0.01836300 -0.06336300
v 0.01400000 0.01997800 -0.06166700
v 0.01396900 0.01983400 -0.06157100
v 0.01400000 0.02108700 -0.05959200
v 0.01396900 0.02092700 -0.05952600
v 0.01400000 0.02176900 -0.05734100
v 0.01396900 0.02160000 -0.05730700
v 0.01400000 0.02200000 -0.05500000
v 0.01396900 0.02182700 -0.05500000
v 0.01400000 0.02176900 -0.05265900
v 0.01396900 0.02160000 -0.05269300
v 0.01400000 0.02108700 -0.05040800
v 0.01396900 0.02092700 -0.05047400
v 0.01400000 0.01997800 -0.04833300
v 0.01396900 0.01983400 -0.04842900
v 0.01400000 0.01848500 -0.04651500
v 0.01396900 0.01836300 -0.04663700
v 0.01400000 0.01666700 -0.04502200
v 0.01396900 0.01657100 -0.04516600
v 0.01400000 0.01459200 -0.04391300
v 0.01396900 0.01452600 -0.04407300
v 0.01400000 0.01234100 -0.04323100
v 0.01396900 0.01230700 -0.04340000
v 0.01400000 0.01000000 -0.04300000
v 0.01396900 0.01000000 -0.04317300
v 0.01400000 0.00765900 -0.04323100
v 0.01396900 0.00769300 -0.04340000
v 0.01400000 0.00540800 -0.04391300
v 0.01396900 0.00547400 -0.04407300
v 0.01400000 0.00333300 -0.04502200
v 0.01396900 0.00342900 -0.04516600
v 0.01400000 0.00151500 -0.04651500
v 0.01396900 0.00163700 -0.04663700
v 0.01400000 0.00002200 -0.04833300
v 0.01396900 0.00016600 -0.04842900
v 0.01400000 -0.00108700 -0.05040800
v 0.01396900 -0.00092700 -0.05047400
v 0.01400000 -0.00176900 -0.05265900
v 0.01396900 -0.00160000 -0.05269300
v 0.01400000 -0.00200000 -0.05500000
v 0.01396900 -0.00182700 -0.05500000
v 0.01400000 -0.00176900 -0.05734100
v 0.01396900 -0.00160000 -0.05730700
v 0.01400000 -0.00108700 -0.05959200
v 0.01396900 -0.00092700 -0.05952600
v 0.01400000 0.00002200 -0.06166700
v 0.01396900 0.00016600 -0.06157100
v 0.01400000 0.00151500 -0.06348500
v 0.01396900 0.00163700 -0.06336300
v 0.01400000 0.00333300 -0.06497800
v 0.01396900 0.00342900 -0.06483400
v 0.01400000 0.00540800 -0.06608700
v 0.01396900 0.00547400 -0.06592700
v 0.01400000 0.00765900 -0.06676900
v 0.01396900 0.00769300 -0.06660000
v 0.01400000 0.01000000 -0.06700000
v 0.01367300 0.00775000 -0.04369100
v 0.01367300 0.00558700 -0.04434700
v 0.01367300 0.00184600 -0.04684600
v 0.01367300 0.00359400 -0.04541200
v 0.01367300 0.00041200 -0.04859400
v 0.01367300 -0.00130900 -0.05275000
v 0.01367300 -0.00065300 -0.05058700
v 0.01367300 -0.00153100 -0.05500000
v 0.01367300 -0.00065300 -0.05941300
v 0.01367300 -0.00130900 -0.05725000
v 0.01367300 0.00041200 -0.06140600
v 0.01367300 0.00184600 -0.06315400
v 0.01367300 0.00359400 -0.06458800
v 0.01367300 0.01225000 -0.06630900
v 0.01367300 0.01000000 -0.06653100
v 0.01367300 0.00775000 -0.06630900
v 0.01367300 0.00558700 -0.06565300
v 0.01367300 0.01441300 -0.06565300
v 0.01367300 0.01815400 -0.06315400
v 0.01367300 0.01640600 -0.06458800
v 0.01367300 0.01958800 -0.06140600
v 0.01367300 0.02130900 -0.05725000
v 0.01367300 0.02065300 -0.05941300
v 0.01367300 0.02153100 -0.05500000
v 0.01367300 0.02065300 -0.05058700
v 0.01367300 0.02130900 -0.05275000
v 0.01367300 0.01958800 -0.04859400
v 0.01367300 0.01815400 -0.04684600
v 0.01367300 0.01640600 -0.04541200
v 0.01367300 0.01000000 -0.04346900
v 0.01367300 0.01225000 -0.04369100
v 0.01367300 0.01441300 -0.04434700
v 0.01385400 0.01000000 -0.04335400
v 0.01385400 0.00772800 -0.04357700
v 0.01385400 0.00554300 -0.04424000
v 0.01385400 0.00353000 -0.04531600
v 0.01385400 0.00176500 -0.04676500
v 0.01385400 0.00031600 -0.04853000
v 0.01385400 -0.00076000 -0.05054300
v 0.01385400 -0.00142300 -0.05272800
v 0.01385400 -0.00164600 -0.05500000
v 0.01385400 -0.00142300 -0.05727200
v 0.01385400 -0.00076000 -0.05945700
v 0.01385400 0.00031600 -0.06147000
v 0.01385400 0.00176500 -0.06323500
v 0.01385400 0.00353000 -0.06468400
v 0.01385400 0.00554300 -0.06576000
v 0.01385400 0.00772800 -0.06642300
v 0.01385400 0.01000000 -0.06664600
v 0.01385400 0.01227200 -0.06642300
v 0.01385400 0.01445700 -0.06576000
v 0.01385400 0.01647000 -0.06468400
v 0.01385400 0.01823500 -0.06323500
v 0.01385400 0.01968400 -0.06147000
v 0.01385400 0.02076000 -0.05945700
v 0.01385400 0.02142300 -0.05727200
v 0.01385400 0.02164600 -0.05500000
v 0.01385400 0.02142300 -0.05272800
v 0.01385400 0.02076000 -0.05054300
v 0.01385400 0.01968400 -0.04853000
v 0.01385400 0.01823500 -0.04676500
v 0.01385400 0.01647000 -0.04531600
v 0.01385400 0.01445700 -0.04424000
v 0.01385400 0.01227200 -0.04357700
v 0.01400000 0.00875000 -0.00303100
v 0.01400000 0.01003100 -0.00175000
v 0.01400000 0.01050000 -0.00000000
v 0.01400000 0.01003100 0.00175000
v 0.01400000 0.00875000 0.00303100
v 0.01400000 0.00700000 0.00350000
v 0.01400000 0.00525000 0.00303100
v 0.01400000 0.00396900 0.00175000
v 0.01400000 0.00350000 0.00000000
v 0.01400000 0.00396900 -0.00175000
v 0.01400000 0.00525000 -0.00303100
v 0.01400000 0.00700000 -0.00350000
v 0.01400000 -0.00525000 -0.01503100
v 0.01400000 -0.00396900 -0.01375000
v 0.01400000 -0.00350000 -0.01200000
v 0.01400000 -0.00396900 -0.01025000
v 0.01400000 -0.00525000 -0.00896900
v 0.01400000 -0.00700000 -0.00850000
v 0.01400000 -0.00875000 -0.00896900
v 0.01400000 -0.01003100 -0.01025000
v 0.01400000 -0.01050000 -0.01200000
v 0.01400000 -0.01003100 -0.01375000
v 0.01400000 -0.00875000 -0.01503100
v 0.01400000 -0.00700000 -0.01550000
v 0.01400000 0.00875000 0.00896900
v 0.01400000 0.01003100 0.01025000
v 0.01400000 0.01050000 0.01200000
v 0.01400000 0.01003100 0.01375000
v 0.01400000 0.00875000 0.01503100
v 0.01400000 0.00700000 0.01550000
v 0.01400000 0.00525000 0.01503100
v 0.01400000 0.00396900 0.01375000
v 0.01400000 0.00350000 0.01200000
v 0.01400000 0.00396900 0.01025000
v 0.01400000 0.00525000 0.00896900
v 0.01400000 0.00700000 0.00850000
v 0.01350000 -0.01200000 -0.01500000
v 0.01367300 -0.01196900 -0.01500000
v 0.01375000 -0.01193300 -0.01500000
v 0.01385400 -0.01185400 -0.01500000
v 0.01393300 -0.01175000 -0.01500000
v 0.01396900 -0.01167300 -0.01500000
v 0.01400000 -0.01150000 -0.01500000
v 0.01400000 -0.01150000 -0.00600000
v 0.01400000 -0.01150000 0.00600000
v 0.01400000 -0.01150000 0.01800000
v 0.00050000 -0.01200000 0.01900000
v 0.00050000 -0.01187600 0.01969200
v 0.00050000 -0.01173200 0.02000000
v 0.00050000 -0.01141400 0.02041400
v 0.00050000 -0.01100000 0.02073200
v 0.00050000 -0.01069200 0.02087600
v 0.00050000 0.01200000 -0.01500000
v 0.00032700 0.01196900 0.01900000
v 0.00032700 0.01196900 -0.01500000
v 0.00025000 0.01193300 0.01900000
v 0.00025000 0.01193300 -0.01500000
v 0.00014600 0.01185400 0.01900000
v 0.00014600 0.01185400 -0.01500000
v 0.00006700 0.01175000 0.01900000
v 0.00006700 0.01175000 -0.01500000
v 0.00003100 0.01167300 0.01900000
v 0.00003100 0.01167300 -0.01500000
v 0.00000000 0.01150000 -0.01500000
v 0.00000000 0.01150000 -0.00600000
v 0.00000000 0.01150000 0.00600000
v 0.00000000 0.01150000 0.01706300
v 0.00000000 0.01150000 0.01900000
v 0.00006700 0.01000000 0.02075000
v 0.00014600 0.01000000 0.02085400
v 0.00014600 0.01064200 0.02073900
v 0.00025000 0.01000000 0.02093300
v 0.00032700 0.01000000 0.02096900
v 0.00032700 0.01068200 0.02084700
v 0.00014600 0.01173900 0.01964200
v 0.00003100 0.01157000 0.01957900
v 0.00000000 0.01000000 0.02050000
v 0.00003100 0.01000000 0.02067300
v 0.00003100 0.01057900 0.02057000
v 0.00000000 0.01051900 0.02040700
v 0.00003100 0.01118300 0.02018300
v 0.00000000 0.01106100 0.02006100
v 0.00000000 0.01140700 0.01951900
v 0.00032700 0.01184700 0.01968200
v 0.00032700 0.01139200 0.02039200
v 0.00014600 0.01131100 0.02031100
v 0.00000000 0.00503100 0.02050000
v 0.00000000 -0.01000000 0.02050000
v 0.00003100 -0.01000000 0.02067300
v 0.00000000 -0.00700000 0.02050000
v 0.00000000 -0.00246200 0.02050000
v 0.00006700 -0.01000000 0.02075000
v 0.00014600 -0.01000000 0.02085400
v 0.00025000 -0.01000000 0.02093300
v 0.00032700 -0.01000000 0.02096900
v 0.00006700 -0.01175000 0.01900000
v 0.00014600 -0.01185400 0.01900000
v 0.00014600 -0.01173900 0.01964200
v 0.00025000 -0.01193300 0.01900000
v 0.00032700 -0.01196900 0.01900000
v 0.00032700 -0.01184700 0.01968200
v 0.00014600 -0.01064200 0.02073900
v 0.00003100 -0.01057900 0.02057000
v 0.00000000 -0.01150000 0.01900000
v 0.00003100 -0.01167300 0.01900000
v 0.00003100 -0.01157000 0.01957900
v 0.00000000 -0.01140700 0.01951900
v 0.00003100 -0.01118300 0.02018300
v 0.00000000 -0.01106100 0.02006100
v 0.00000000 -0.01051900 0.02040700
v 0.00032700 -0.01068200 0.02084700
v 0.00032700 -0.01139200 0.02039200
v 0.00014600 -0.01131100 0.02031100
v 0.00000000 -0.01150000 -0.00600000
v 0.00000000 -0.01150000 -0.01500000
v 0.00003100 -0.01167300 -0.01500000
v 0.00000000 -0.01150000 0.01706300
v 0.00000000 -0.01150000 0.00600000
v 0.00006700 -0.01175000 -0.01500000
v 0.00014600 -0.01185400 -0.01500000
v 0.00025000 -0.01193300 -0.01500000
v 0.00032700 -0.01196900 -0.01500000
v 0.00050000 -0.01200000 -0.01500000
v 0.00000000 -0.00468600 -0.01886600
v 0.00000000 -0.00336300 -0.01886600
v 0.00000000 -0.00336300 -0.02886600
v 0.00000000 -0.00468600 -0.02886600
v 0.00000000 -0.00156200 -0.02768600
v 0.00000000 0.00336300 -0.02768600
v 0.00000000 0.00336300 -0.01886600
v 0.00000000 0.00468600 -0.01886600
v 0.00000000 0.00468600 -0.02886600
v 0.00000000 -0.00156200 -0.02886600
v 0.00000000 -0.00700000 -0.00162500
v 0.00000000 -0.00618700 -0.00140700
v 0.00000000 -0.00559300 -0.00081300
v 0.00000000 -0.00537500 -0.00000000
v 0.00000000 -0.00559300 0.00081300
v 0.00000000 -0.00618700 0.00140700
v 0.00000000 -0.00700000 0.00162500
v 0.00000000 -0.00781200 0.00140700
v 0.00000000 -0.00840700 0.00081300
v 0.00000000 -0.00862500 0.00000000
v 0.00000000 -0.00840700 -0.00081300
v 0.00000000 -0.00781200 -0.00140700
v 0.00000000 0.00700000 -0.01362500
v 0.00000000 0.00781200 -0.01340700
v 0.00000000 0.00840700 -0.01281200
v 0.00000000 0.00862500 -0.01200000
v 0.00000000 0.00840700 -0.01118800
v 0.00000000 0.00781200 -0.01059300
v 0.00000000 0.00700000 -0.01037500
v 0.00000000 0.00618700 -0.01059300
v 0.00000000 0.00559300 -0.01118800
v 0.00000000 0.00537500 -0.01200000
v 0.00000000 0.00559300 -0.01281200
v 0.00000000 0.00618700 -0.01340700
v 0.00000000 0.00700000 0.01037500
v 0.00000000 0.00781200 0.01059300
v 0.00000000 0.00840700 0.01118800
v 0.00000000 0.00862500 0.01200000
v 0.00000000 0.00840700 0.01281200
v 0.00000000 0.00781200 0.01340700
v 0.00000000 0.00700000 0.01362500
v 0.00000000 0.00618700 0.01340700
v 0.00000000 0.00559300 0.01281200
v 0.00000000 0.00537500 0.01200000
v 0.00000000 0.00559300 0.01118800
v 0.00000000 0.00618700 0.01059300
v 0.00000000 -0.00700000 0.01037500
v 0.00000000 -0.00618700 0.01059300
v 0.00000000 -0.00559300 0.01118800
v 0.00000000 -0.00537500 0.01200000
v 0.00000000 -0.00559300 0.01281200
v 0.00000000 -0.00618700 0.01340700
v 0.00000000 -0.00700000 0.01362500
v 0.00000000 -0.00781200 0.01340700
v 0.00000000 -0.00840700 0.01281200
v 0.00000000 -0.00862500 0.01200000
v 0.00000000 -0.00840700 0.01118800
v 0.00000000 -0.00781200 0.01059300
v 0.00000000 0.00700000 -0.00162500
v 0.00000000 0.00781200 -0.00140700
v 0.00000000 0.00840700 -0.00081300
v 0.00000000 0.00862500 -0.00000000
v 0.00000000 0.00840700 0.00081300
v 0.00000000 0.00781200 0.00140700
v 0.00000000 0.00700000 0.00162500
v 0.00000000 0.00618700 0.00140700
v 0.00000000 0.00559300 0.00081300
v 0.00000000 0.00537500 0.00000000
v 0.00000000 0.00559300 -0.00081300
v 0.00000000 0.00618700 -0.00140700
v 0.00000000 -0.00700000 -0.01362500
v 0.00000000 -0.00618700 -0.01340700
v 0.00000000 -0.00559300 -0.01281200
v 0.00000000 -0.00537500 -0.01200000
v 0.00000000 -0.00559300 -0.01118800
v 0.00000000 -0.00618700 -0.01059300
v 0.00000000 -0.00700000 -0.01037500
v 0.00000000 -0.00781200 -0.01059300
v 0.00000000 -0.00840700 -0.01118800
v 0.00000000 -0.00862500 -0.01200000
v 0.00000000 -0.00840700 -0.01281200
v 0.00000000 -0.00781200 -0.01340700
v -0.00191200 0.00194700 -0.06344500
v -0.00191200 0.00369100 -0.06481700
v -0.00191200 0.00566300 -0.06583300
v -0.00191200 0.00779200 -0.06645800
v -0.00191200 -0.00134000 -0.05775100
v -0.00191200 -0.00061500 -0.05984800
v -0.00191200 0.00049500 -0.06176900
v -0.00191200 -0.00102700 -0.05118300
v -0.00191200 -0.00155000 -0.05333900
v -0.00191200 -0.00165600 -0.05555500
v -0.00191200 0.00278700 -0.04582700
v -0.00191200 0.00118100 -0.04735800
v -0.00191200 -0.00010600 -0.04916500
v -0.00191200 0.00889100 -0.04338400
v -0.00191200 0.00671200 -0.04380400
v -0.00191200 0.00465300 -0.04462800
v -0.00191200 0.01721300 -0.04582700
v -0.00191200 0.01534700 -0.04462800
v -0.00191200 0.01328800 -0.04380400
v -0.00191200 0.01110900 -0.04338400
v -0.00191200 0.02010600 -0.04916500
v -0.00191200 0.01881900 -0.04735800
v -0.00191200 0.02134000 -0.05775100
v -0.00191200 0.02165600 -0.05555500
v -0.00191200 0.02155000 -0.05333900
v -0.00191200 0.02102700 -0.05118300
v -0.00191200 0.01950500 -0.06176900
v -0.00191200 0.02061500 -0.05984800
v -0.00191200 0.01433700 -0.06583300
v -0.00191200 0.01630900 -0.06481700
v -0.00191200 0.01805300 -0.06344500
v -0.00191200 0.01000000 -0.06666900
v -0.00191200 0.01220800 -0.06645800
v -0.00770600 0.01000000 -0.06717600
v -0.00770600 0.00769600 -0.06695600
v -0.00770600 0.00547500 -0.06630400
v -0.00770600 0.00341700 -0.06524300
v -0.00770600 0.00159800 -0.06381200
v -0.00770600 0.00008200 -0.06206300
v -0.00770600 -0.00107600 -0.06005800
v -0.00770600 -0.00183300 -0.05787100
v -0.00770600 -0.00216200 -0.05557900
v -0.00770600 -0.00205200 -0.05326700
v -0.00770600 -0.00150600 -0.05101800
v -0.00770600 -0.00054500 -0.04891200
v -0.00770600 0.00079800 -0.04702600
v -0.00770600 0.00247300 -0.04542900
v -0.00770600 0.00442100 -0.04417700
v -0.00770600 0.00657000 -0.04331700
v -0.00770600 0.00884300 -0.04287900
v -0.00770600 0.01115700 -0.04287900
v -0.00770600 0.01343000 -0.04331700
v -0.00770600 0.01557900 -0.04417700
v -0.00770600 0.01752700 -0.04542900
v -0.00770600 0.01920200 -0.04702600
v -0.00770600 0.02054500 -0.04891200
v -0.00770600 0.02150600 -0.05101800
v -0.00770600 0.02205200 -0.05326700
v -0.00770600 0.02216200 -0.05557900
v -0.00770600 0.02183300 -0.05787100
v -0.00770600 0.02107600 -0.06005800
v -0.00770600 0.01991800 -0.06206300
v -0.00770600 0.01840200 -0.06381200
v -0.00770600 0.01658300 -0.06524300
v -0.00770600 0.01452500 -0.06630400
v -0.00770600 0.01230400 -0.06695600
v -0.01346200 -0.00060500 -0.06255200
v -0.01346200 -0.00184200 -0.06040800
v -0.01346200 -0.00234900 -0.05912100
v -0.01346200 -0.00265200 -0.05806900
v -0.01346200 -0.00300400 -0.05561900
v -0.01346200 -0.00288600 -0.05314700
v -0.01346200 -0.00230300 -0.05074200
v -0.01346200 -0.00127500 -0.04849100
v -0.01346200 0.00016100 -0.04647400
v -0.01346200 0.00195200 -0.04476600
v -0.01346200 0.00403400 -0.04342800
v -0.01346200 0.00633200 -0.04250800
v -0.01346200 0.00876200 -0.04204000
v -0.01346200 0.01123800 -0.04204000
v -0.01346200 0.01366800 -0.04250800
v -0.01346200 0.01596600 -0.04342800
v -0.01346200 0.01804800 -0.04476600
v -0.01346200 0.01983900 -0.04647400
v -0.01346200 0.02127500 -0.04849100
v -0.01346200 0.02230300 -0.05074200
v -0.01346200 0.02288600 -0.05314700
v -0.01346200 0.02300400 -0.05561900
v -0.01346200 0.02265200 -0.05806900
v -0.01346200 0.02184200 -0.06040800
v -0.01346200 0.02060500 -0.06255200
v -0.01346200 0.01898400 -0.06442200
v -0.01346200 0.01703900 -0.06595200
v -0.01346200 0.01483900 -0.06708600
v -0.01346200 0.01246400 -0.06778400
v -0.01346200 0.01000000 -0.06801900
v -0.01346200 0.00753600 -0.06778400
v -0.01346200 0.00516100 -0.06708600
v -0.01346200 0.00296100 -0.06595200
v -0.01346200 0.00101600 -0.06442200
v 0.00014600 0.01199300 -0.01875000
v 0.00032700 0.01210800 -0.01874100
v 0.00003100 0.01181300 -0.01876300
v 0.00000000 0.01164000 -0.01877600
v 0.00003100 0.01240600 -0.02360000
v 0.00000000 0.01223500 -0.02362900
v 0.00003100 0.01345900 -0.02835700
v 0.00000000 0.01329200 -0.02840300
v 0.00003100 0.01496300 -0.03299200
v 0.00000000 0.01480100 -0.03305300
v 0.00003100 0.01642600 -0.03646200
v -0.00000000 0.01626900 -0.03653500
v 0.00050000 0.01672200 -0.03632400
v 0.00032700 0.01669400 -0.03633700
v 0.00050000 0.01526900 -0.03287600
v 0.00032700 0.01524000 -0.03288700
v 0.00050000 0.01465200 -0.03115200
v 0.00032700 0.01374500 -0.02827900
v 0.00050000 0.01377500 -0.02827100
v 0.00050000 0.01306900 -0.02533900
v 0.00032700 0.01269700 -0.02355000
v 0.00050000 0.01272800 -0.02354400
v 0.00050000 0.01213900 -0.01873900
v 0.00014600 0.01658900 -0.03638600
v 0.00014600 0.01513200 -0.03292800
v 0.00014600 0.01363300 -0.02831000
v 0.00014600 0.01258400 -0.02356900
v 0.01400000 0.02193200 -0.04591000
v 0.01396900 0.02207000 -0.04580500
v 0.01396900 0.02038200 -0.04345300
v 0.01400000 0.02023800 -0.04355000
v 0.01396900 0.01800700 -0.03957400
v 0.01400000 0.01785500 -0.03965700
v 0.01396900 0.01598800 -0.03549700
v 0.01400000 0.01583000 -0.03556700
v 0.01396900 0.01434200 -0.03125600
v 0.01400000 0.01417800 -0.03131200
v 0.01396900 0.01308200 -0.02688600
v 0.01400000 0.01291400 -0.02692600
v 0.01396900 0.01221700 -0.02242000
v 0.01400000 0.01204600 -0.02244500
v 0.01396900 0.01175600 -0.01789400
v 0.01400000 0.01158300 -0.01790400
v 0.01385400 0.01193600 -0.01788400
v 0.01350000 0.01208200 -0.01787600
v 0.01367300 0.01205100 -0.01787700
v 0.01350000 0.01219000 -0.01937900
v 0.01367300 0.01251000 -0.02237600
v 0.01350000 0.01254100 -0.02237200
v 0.01350000 0.01306900 -0.02533900
v 0.01367300 0.01337000 -0.02681600
v 0.01350000 0.01340000 -0.02680900
v 0.01367300 0.01462300 -0.03116200
v 0.01350000 0.01465200 -0.03115200
v 0.01367300 0.01625900 -0.03537800
v 0.01350000 0.01628800 -0.03536500
v 0.01350000 0.01691600 -0.03673500
v 0.01367300 0.01826600 -0.03943000
v 0.01350000 0.01829300 -0.03941500
v 0.01350000 0.01982800 -0.04200900
v 0.01367300 0.02062700 -0.04328800
v 0.01350000 0.02065300 -0.04327000
v 0.01367300 0.02230500 -0.04562600
v 0.01350000 0.02233000 -0.04560700
v 0.01385400 0.02221300 -0.04569600
v 0.01385400 0.02053100 -0.04335200
v 0.01385400 0.01816500 -0.03948600
v 0.01385400 0.01615400 -0.03542400
v 0.01385400 0.01451300 -0.03119900
v 0.01385400 0.01325700 -0.02684300
v 0.01385400 0.01239600 -0.02239300
v 0.01400000 -0.01100000 0.01800000
v 0.01400000 0.00075000 0.01800000
v 0.01400000 0.00075000 0.00600000
v 0.01400000 0.00075000 -0.00600000
v 0.01400000 0.00075000 -0.02925000
v 0.01400000 0.01208600 -0.06985400
v 0.01400000 0.00949100 -0.06999100
v 0.01400000 0.00691000 -0.06967800
v 0.01400000 0.00442200 -0.06892400
v 0.01400000 0.00210200 -0.06775200
v 0.01400000 0.00001900 -0.06619700
v 0.01400000 0.02332200 -0.04810700
v 0.01400000 0.02431200 -0.05051100
v 0.01400000 0.01462000 -0.06927100
v 0.01400000 0.01701400 -0.06825900
v 0.01400000 0.01919800 -0.06684900
v 0.01400000 0.02110600 -0.06508300
v 0.01400000 0.02268000 -0.06301400
v 0.01400000 0.02387300 -0.06070500
v 0.01400000 0.02464900 -0.05822400
v 0.01400000 0.02498600 -0.05564600
v 0.01400000 0.02487300 -0.05304900
v 0.01400000 -0.00275000 -0.02925000
v 0.01400000 -0.00176500 -0.06430600
v 0.01400000 -0.00319500 -0.06213500
v 0.01400000 -0.00422800 -0.05975000
v 0.01400000 -0.00569300 -0.05509600
v 0.01400000 -0.01019900 -0.03413000
v 0.01400000 -0.00905200 -0.04119200
v 0.01400000 -0.00754800 -0.04818700
v 0.01400000 -0.01100000 -0.00600000
v 0.01400000 -0.01141600 -0.01987800
v 0.01400000 -0.00275000 -0.00600000
v 0.01400000 -0.01098800 -0.02701900
v 0.01400000 -0.01100000 0.00600000
v 0.01400000 -0.00275000 0.00600000
v 0.01400000 -0.00275000 0.01800000
v 0.01385400 -0.01176900 -0.01989000
v 0.01367300 -0.01188500 -0.01989400
v 0.01367300 -0.00467300 -0.05989800
v 0.01367300 -0.00614300 -0.05522900
v 0.01350000 -0.00470200 -0.05990800
v 0.01350000 -0.00617200 -0.05523800
v 0.01350000 -0.00695900 -0.05247600
v 0.01367300 -0.00800400 -0.04829700
v 0.01350000 -0.00803400 -0.04830400
v 0.01350000 -0.00927000 -0.04269400
v 0.01367300 -0.00951300 -0.04127900
v 0.01350000 -0.00954300 -0.04128500
v 0.01367300 -0.01066400 -0.03419400
v 0.01350000 -0.01069500 -0.03419800
v 0.01367300 -0.01145500 -0.02705900
v 0.01350000 -0.01148600 -0.02706200
v 0.01350000 -0.01178700 -0.02276400
v 0.01350000 -0.01191600 -0.01989500
v 0.01396900 -0.01158900 -0.01988400
v 0.01396900 -0.01116000 -0.02703400
v 0.01396900 -0.01037100 -0.03415400
v 0.01396900 -0.00922200 -0.04122400
v 0.01396900 -0.00771600 -0.04822700
v 0.01396900 -0.00585900 -0.05514500
v 0.01396900 -0.00439200 -0.05980400
v 0.01385400 -0.00456400 -0.05986200
v 0.01385400 -0.00603200 -0.05519700
v 0.01385400 -0.00789200 -0.04827000
v 0.01385400 -0.00939900 -0.04125700
v 0.01385400 -0.01055000 -0.03417800
v 0.01385400 -0.01134000 -0.02704900
v 0.00014600 -0.01174600 -0.02051200
v 0.00003100 -0.01156600 -0.02050500
v 0.00000900 -0.00790800 -0.04709000
v 0.00003100 -0.00798200 -0.04710700
v 0.00003100 -0.00912700 -0.04172200
v 0.00000000 -0.00895700 -0.04168900
v 0.00000000 -0.00781400 -0.04706800
v 0.00003100 -0.01029600 -0.03469300
v 0.00000000 -0.01012500 -0.03466900
v 0.00003100 -0.01111000 -0.02761500
v 0.00000000 -0.01093700 -0.02760000
v 0.00000000 -0.01139300 -0.02049800
v 0.00050000 -0.01189300 -0.02051700
v 0.00032700 -0.01186200 -0.02051600
v 0.00050000 -0.01178700 -0.02276400
v 0.00032700 -0.01140400 -0.02764100
v 0.00050000 -0.01143500 -0.02764400
v 0.00050000 -0.01088200 -0.03277400
v 0.00032700 -0.01058900 -0.03473400
v 0.00050000 -0.01062000 -0.03473900
v 0.00032700 -0.00941800 -0.04177700
v 0.00050000 -0.00944800 -0.04178300
v 0.00050000 -0.00927000 -0.04269400
v 0.00032700 -0.00827100 -0.04717400
v 0.00050000 -0.00830100 -0.04718100
v 0.00014600 -0.01128900 -0.02763100
v 0.00014600 -0.01047500 -0.03471800
v 0.00014600 -0.00930400 -0.04175600
v 0.00014600 -0.00815800 -0.04714800
v 0.00000000 -0.00700000 0.01706300
v 0.00000000 -0.01006200 0.01706300
v 0.00000000 0.00663400 -0.03579300
v 0.00000000 0.00503100 -0.01624600
v 0.00000000 0.00967000 -0.03550300
v 0.00000000 0.01271400 -0.03569000
v 0.00000000 0.01569200 -0.03634900
v 0.00000000 0.00503100 -0.00600000
v 0.00000000 0.00503100 0.00600000
v 0.00000000 0.00503100 0.01706300
v 0.00000000 -0.01006200 -0.01624600
v 0.00000000 -0.00700000 -0.01624600
v 0.00000000 -0.00593200 -0.04375700
v 0.00000000 -0.00749100 -0.04637800
v 0.00000000 -0.00246200 -0.01624600
v 0.00000000 -0.00249800 -0.04003100
v 0.00000000 -0.00398400 -0.04141000
v 0.00000000 0.00368100 -0.03655200
v 0.00000000 0.00088200 -0.03776300
v 0.00000000 -0.00169400 -0.03939600
v 0.00000000 -0.01006200 0.00600000
v 0.00000000 -0.01006200 -0.00600000
v 0.00000000 -0.00700000 -0.00600000
v 0.00000000 -0.00246200 -0.00600000
v 0.00000000 -0.00246200 0.00600000
v 0.00000000 -0.00700000 0.00600000
v 0.00000000 -0.00246200 0.01706300
v -0.00249900 -0.00566900 -0.05686500
v -0.00400000 -0.00470200 -0.05990800
v -0.00286600 -0.00538900 -0.05779600
v -0.00007100 -0.00745100 -0.05053800
v 0.00018400 -0.00759500 -0.05007300
v 0.00021900 -0.00786600 -0.04886200
v 0.00007200 -0.00778600 -0.04882300
v -0.00003900 -0.00766400 -0.04877900
v -0.00020100 -0.00739600 -0.05049300
v -0.00296300 -0.00540700 -0.05766500
v -0.00341700 -0.00510600 -0.05865900
v -0.00293900 -0.00542300 -0.05761200
v -0.00007800 -0.00759100 -0.04875600
v -0.00015000 -0.00744100 -0.04910400
v -0.00031700 -0.00725000 -0.05008200
v -0.00030800 -0.00730600 -0.05044400
v -0.00038100 -0.00718700 -0.05039600
v -0.00072400 -0.00692600 -0.05209000
v -0.00171800 -0.00621200 -0.05471900
v -0.00189700 -0.00609600 -0.05517400
v -0.00125200 -0.00652700 -0.05370000
v -0.00137800 -0.00643600 -0.05380800
v -0.00075100 -0.00687900 -0.05186800
v -0.00080100 -0.00684100 -0.05204200
v -0.00132300 -0.00647200 -0.05365600
v -0.00117000 -0.00656400 -0.05374400
v -0.00254300 -0.00566300 -0.05684100
v -0.00258600 -0.00565300 -0.05681600
v -0.00108100 -0.00658300 -0.05378500
v -0.00085900 -0.00667600 -0.05349500
v 0.00007100 -0.00746500 -0.05057600
v -0.00022000 0.01792200 -0.03892100
v -0.00119800 0.01933400 -0.04129400
v -0.00127900 0.01927200 -0.04128700
v -0.00004900 0.01711300 -0.03771000
v -0.00134800 0.01919700 -0.04129400
v -0.00131500 0.01923500 -0.04128900
v -0.00169600 0.01965000 -0.04195100
v -0.00170000 0.01965500 -0.04195800
v -0.00003400 0.01664500 -0.03721700
v -0.00010800 0.01696300 -0.03777500
v -0.00051000 0.01791000 -0.03933800
v -0.00042100 0.01773900 -0.03906600
v -0.00036600 0.01775600 -0.03896400
v -0.00032500 0.01781700 -0.03894400
v 0.00006100 0.01724000 -0.03766600
v 0.00019000 0.01779500 -0.03849100
v 0.00005400 0.01803800 -0.03894700
v -0.00009000 0.01799800 -0.03892200
v -0.00082400 0.01920000 -0.04098900
v -0.00110900 0.01938300 -0.04131300
v -0.00276000 0.02115200 -0.04399600
v -0.00252200 0.02080300 -0.04351000
v -0.00400000 0.02233000 -0.04560700
v -0.00297200 0.02116800 -0.04405900
v -0.00271900 0.02087800 -0.04366500
v -0.00256500 0.02077700 -0.04349700
v -0.00260700 0.02074800 -0.04348700
v 0.00021000 0.01732800 -0.03764800
v -0.01383800 -0.00534500 -0.05458600
v -0.01383800 -0.00518300 -0.05725700
v -0.01324400 -0.00533200 -0.05727900
v -0.01383800 -0.00308200 -0.04696900
v -0.01383800 -0.00427800 -0.04936300
v -0.01324400 -0.00441700 -0.04930800
v -0.01324400 0.01000000 -0.03950000
v -0.01324400 0.01041800 -0.03950600
v -0.01383800 0.01041400 -0.03965500
v -0.01383800 0.02456100 -0.05014100
v -0.01383800 0.02349600 -0.04768600
v -0.01324400 0.02362700 -0.04761500
v -0.01383800 0.01954600 -0.06702100
v -0.01383800 0.02148900 -0.06518000
v -0.01324400 0.02160100 -0.06528000
v -0.01383800 0.01225700 -0.07018300
v -0.01383800 0.01485900 -0.06956100
v -0.01324400 0.01490700 -0.06970300
v -0.01383800 0.00436300 -0.06927800
v -0.01383800 0.00692800 -0.07004000
v -0.01324400 0.00689800 -0.07018600
v -0.01383800 -0.00018000 -0.06648900
v -0.01324400 -0.00194300 -0.06488000
v -0.01383800 -0.00202100 -0.06454600
v -0.01324400 -0.00213800 -0.06463900
v -0.01383800 -0.00349600 -0.06231400
v -0.01383800 0.00196900 -0.06808200
v -0.01324400 0.00088900 -0.06754000
v -0.01324400 -0.00028000 -0.06660100
v -0.01324400 0.00430800 -0.06941700
v -0.01324400 0.00429400 -0.06941200
v -0.01324400 0.00189100 -0.06821000
v -0.01324400 0.01227900 -0.07033200
v -0.01324400 0.01194300 -0.07037800
v -0.01383800 0.00958600 -0.07034500
v -0.01324400 0.00958200 -0.07049400
v -0.01324400 0.00805700 -0.07037800
v -0.01324400 0.01963900 -0.06713800
v -0.01324400 0.01911100 -0.06754000
v -0.01383800 0.01731400 -0.06849600
v -0.01324400 0.01738500 -0.06862700
v -0.01324400 0.01570600 -0.06941200
v -0.01383800 0.02427800 -0.06063700
v -0.01324400 0.02402500 -0.06160000
v -0.01383800 0.02308200 -0.06303100
v -0.01324400 0.02321000 -0.06310900
v -0.01324400 0.02194300 -0.06488000
v -0.01324400 0.02546900 -0.05402700
v -0.01324400 0.02549400 -0.05541800
v -0.01383800 0.02534500 -0.05541400
v -0.01324400 0.02522500 -0.05790400
v -0.01383800 0.02504000 -0.05807200
v -0.01324400 0.02518600 -0.05810200
v -0.01324400 0.02441700 -0.06069200
v -0.01324400 0.02533200 -0.05272100
v -0.01383800 0.02518300 -0.05274300
v -0.01324400 0.02474100 -0.05021000
v -0.01324400 0.02470300 -0.05009300
v -0.01383800 0.02018000 -0.04351100
v -0.01324400 0.02061000 -0.04370100
v -0.01383800 0.02202100 -0.04545400
v -0.01324400 0.02213800 -0.04536100
v -0.01324400 0.02308700 -0.04669500
v -0.01383800 0.01803100 -0.04191800
v -0.01383800 0.01563700 -0.04072200
v -0.01324400 0.01569200 -0.04058300
v -0.01324400 0.01746700 -0.04141700
v -0.01324400 0.01810900 -0.04179000
v -0.01324400 0.02028000 -0.04339900
v -0.01383800 0.01307200 -0.03996000
v -0.01324400 0.01310200 -0.03981400
v -0.01324400 0.01385500 -0.03998700
v -0.01324400 0.00772100 -0.03966800
v -0.01383800 0.00774300 -0.03981700
v -0.01324400 0.00614500 -0.03998700
v -0.01383800 0.00514100 -0.04043900
v -0.01324400 0.00509300 -0.04029700
v -0.01324400 0.00261500 -0.04137300
v -0.01383800 0.00268600 -0.04150400
v -0.01324400 0.00253300 -0.04141700
v -0.01383800 0.00045400 -0.04297900
v -0.01324400 0.00036100 -0.04286200
v -0.01324400 -0.00321000 -0.04689100
v -0.01324400 -0.00308700 -0.04669500
v -0.01383800 -0.00148900 -0.04482000
v -0.01324400 -0.00160100 -0.04472000
v -0.01324400 -0.00061000 -0.04370100
v -0.01324400 -0.00549400 -0.05458200
v -0.01324400 -0.00546900 -0.05402700
v -0.01383800 -0.00504000 -0.05192800
v -0.01324400 -0.00518600 -0.05189800
v -0.01324400 -0.00474100 -0.05021000
v -0.01324400 -0.00362700 -0.06238500
v -0.01324400 -0.00402500 -0.06160000
v -0.01383800 -0.00456100 -0.05985900
v -0.01324400 -0.00470300 -0.05990700
v -0.01324400 -0.00522500 -0.05790400
v -0.01428900 0.01548500 -0.04110700
v -0.01428900 0.01781400 -0.04227000
v -0.01428900 0.01990600 -0.04382100
v -0.01428900 0.02169700 -0.04571100
v -0.01428900 0.02313200 -0.04788300
v -0.01428900 0.02416900 -0.05027200
v -0.01428900 0.02477500 -0.05280400
v -0.01428900 0.02493100 -0.05540300
v -0.01428900 0.01298900 -0.04036500
v -0.01428900 0.01040300 -0.04006900
v -0.01428900 0.00780400 -0.04022500
v -0.01428900 0.00527200 -0.04083100
v -0.01428900 0.00288300 -0.04186800
v -0.01428900 0.00071100 -0.04330300
v -0.01428900 -0.00117900 -0.04509400
v -0.01428900 -0.00273000 -0.04718600
v -0.01428900 -0.00389300 -0.04951500
v -0.01428900 -0.00463500 -0.05201100
v -0.01428900 -0.00493100 -0.05459700
v -0.01428900 -0.00477500 -0.05719600
v -0.01428900 -0.00416900 -0.05972800
v -0.01428900 -0.00313200 -0.06211700
v -0.01428900 -0.00169700 -0.06428900
v -0.01428900 0.00009400 -0.06617900
v -0.01428900 0.00218600 -0.06773000
v -0.01428900 0.00451500 -0.06889300
v -0.01428900 0.00701100 -0.06963500
v -0.01428900 0.00959700 -0.06993100
v -0.01428900 0.01219600 -0.06977500
v -0.01428900 0.01472800 -0.06916900
v -0.01428900 0.01711700 -0.06813200
v -0.01428900 0.01928900 -0.06669700
v -0.01428900 0.02117900 -0.06490600
v -0.01428900 0.02273000 -0.06281400
v -0.01428900 0.02389300 -0.06048500
v -0.01428900 0.02463500 -0.05798900
v -0.01449000 0.01527300 -0.04164400
v -0.01449000 0.01751200 -0.04276300
v -0.01449000 0.01952300 -0.04425300
v -0.01449000 0.02124400 -0.04607000
v -0.01449000 0.02262400 -0.04815800
v -0.01449000 0.02362000 -0.05045500
v -0.01449000 0.02420300 -0.05288900
v -0.01449000 0.02435400 -0.05538700
v -0.01449000 0.02406800 -0.05787400
v -0.01449000 0.01287400 -0.04093200
v -0.01449000 0.01038700 -0.04064600
v -0.01449000 0.00788900 -0.04079700
v -0.01449000 0.00545500 -0.04138000
v -0.01449000 0.00315800 -0.04237600
v -0.01449000 0.00107000 -0.04375600
v -0.01449000 -0.00074700 -0.04547700
v -0.01449000 -0.00223700 -0.04748800
v -0.01449000 -0.00335600 -0.04972700
v -0.01449000 -0.00406800 -0.05212600
v -0.01449000 -0.00435400 -0.05461300
v -0.01449000 -0.00420300 -0.05711100
v -0.01449000 -0.00362000 -0.05954500
v -0.01449000 -0.00262400 -0.06184200
v -0.01449000 -0.00124400 -0.06393000
v -0.01449000 0.00047700 -0.06574700
v -0.01449000 0.00248800 -0.06723700
v -0.01449000 0.00472700 -0.06835600
v -0.01449000 0.00712600 -0.06906800
v -0.01449000 0.00961300 -0.06935400
v -0.01449000 0.01211100 -0.06920300
v -0.01449000 0.01454500 -0.06862000
v -0.01449000 0.01684200 -0.06762400
v -0.01449000 0.01893000 -0.06624400
v -0.01449000 0.02074700 -0.06452300
v -0.01449000 0.02223700 -0.06251200
v -0.01449000 0.02335600 -0.06027300
v -0.01439200 0.01505100 -0.04220600
v -0.01439200 0.01719600 -0.04327800
v -0.01439200 0.01912200 -0.04470500
v -0.01439200 0.02077100 -0.04644600
v -0.01439200 0.02209300 -0.04844600
v -0.01439200 0.02304800 -0.05064600
v -0.01439200 0.02360500 -0.05297800
v -0.01439200 0.02375000 -0.05537100
v -0.01439200 0.02347700 -0.05775300
v -0.01439200 0.02279400 -0.06005100
v -0.01439200 0.01275300 -0.04152300
v -0.01439200 0.01037100 -0.04125000
v -0.01439200 0.00797800 -0.04139500
v -0.01439200 0.00564600 -0.04195200
v -0.01439200 0.00344600 -0.04290700
v -0.01439200 0.00144600 -0.04422900
v -0.01439200 -0.00029500 -0.04587800
v -0.01439200 -0.00172200 -0.04780400
v -0.01439200 -0.00279400 -0.04994900
v -0.01439200 -0.00347700 -0.05224700
v -0.01439200 -0.00375000 -0.05462900
v -0.01439200 -0.00360500 -0.05702200
v -0.01439200 -0.00304800 -0.05935400
v -0.01439200 -0.00209300 -0.06155400
v -0.01439200 -0.00077100 -0.06355400
v -0.01439200 0.00087800 -0.06529500
v -0.01439200 0.00280400 -0.06672200
v -0.01439200 0.00494900 -0.06779400
v -0.01439200 0.00724700 -0.06847700
v -0.01439200 0.00962900 -0.06875000
v -0.01439200 0.01202200 -0.06860500
v -0.01439200 0.01435400 -0.06804800
v -0.01439200 0.01655400 -0.06709300
v -0.01439200 0.01855400 -0.06577100
v -0.01439200 0.02029500 -0.06412200
v -0.01439200 0.02172200 -0.06219600
v -0.01402000 0.01487300 -0.04265800
v -0.01402000 0.01694200 -0.04369100
v -0.01402000 0.01880000 -0.04506900
v -0.01402000 0.02039100 -0.04674800
v -0.01402000 0.02166600 -0.04867800
v -0.01402000 0.02258700 -0.05079900
v -0.01402000 0.02312500 -0.05304900
v -0.01402000 0.02326500 -0.05535800
v -0.01402000 0.02300100 -0.05765600
v -0.01402000 0.02234200 -0.05987300
v -0.01402000 0.02130900 -0.06194200
v -0.01402000 0.01265600 -0.04199900
v -0.01402000 0.01035800 -0.04173500
v -0.01402000 0.00804900 -0.04187500
v -0.01402000 0.00579900 -0.04241300
v -0.01402000 0.00367700 -0.04333400
v -0.01402000 0.00174800 -0.04460900
v -0.01402000 0.00006900 -0.04620000
v -0.01402000 -0.00130900 -0.04805800
v -0.01402000 -0.00234200 -0.05012700
v -0.01402000 -0.00300100 -0.05234400
v -0.01402000 -0.00326500 -0.05464200
v -0.01402000 -0.00312500 -0.05695100
v -0.01402000 -0.00258700 -0.05920100
v -0.01402000 -0.00166600 -0.06132200
v -0.01402000 -0.00039100 -0.06325200
v -0.01402000 0.00120000 -0.06493100
v -0.01402000 0.00305800 -0.06630900
v -0.01402000 0.00512700 -0.06734200
v -0.01402000 0.00734400 -0.06800100
v -0.01402000 0.00964200 -0.06826500
v -0.01402000 0.01195100 -0.06812500
v -0.01402000 0.01420100 -0.06758700
v -0.01402000 0.01632300 -0.06666600
v -0.01402000 0.01825200 -0.06539100
v -0.01402000 0.01993100 -0.06380000
v 0.01396900 -0.00334700 -0.06221700
v 0.01350000 0.02308700 -0.04669500
v 0.01367300 0.02373900 -0.04789100
v 0.01350000 0.02376600 -0.04787700
v 0.01350000 0.02474100 -0.05021000
v 0.01367300 0.02476000 -0.05037000
v 0.01350000 0.02478900 -0.05036100
v 0.01367300 0.02533800 -0.05298800
v 0.01350000 0.02536800 -0.05298400
v 0.01350000 0.02546900 -0.05402700
v 0.01367300 0.02545500 -0.05566600
v 0.01350000 0.02548600 -0.05566800
v 0.01350000 0.02522500 -0.05790400
v 0.01367300 0.02510800 -0.05832500
v 0.01350000 0.02513800 -0.05833100
v 0.01367300 0.02430700 -0.06088300
v 0.01350000 0.02433500 -0.06089500
v 0.01350000 0.02402500 -0.06160000
v 0.01367300 0.02307600 -0.06326500
v 0.01350000 0.02310200 -0.06328100
v 0.01350000 0.02194300 -0.06488000
v 0.01367300 0.02145300 -0.06539800
v 0.01350000 0.02147600 -0.06541900
v 0.01367300 0.01948600 -0.06721900
v 0.01350000 0.01950500 -0.06724400
v 0.01350000 0.01194300 -0.07037800
v 0.01350000 0.01215600 -0.07034900
v 0.01367300 0.01215200 -0.07031900
v 0.01350000 0.01477400 -0.06974700
v 0.01367300 0.01476400 -0.06971700
v 0.01350000 0.01570600 -0.06941200
v 0.01367300 0.01723400 -0.06867400
v 0.01350000 0.01724800 -0.06870100
v 0.01350000 0.01911100 -0.06754000
v 0.01350000 0.00947400 -0.07049100
v 0.01367300 0.00947500 -0.07046000
v 0.01350000 0.00805700 -0.07037800
v 0.01367300 0.00681300 -0.07013700
v 0.01350000 0.00680700 -0.07016800
v 0.01350000 0.00429400 -0.06941200
v 0.01367300 0.00424800 -0.06936000
v 0.01350000 0.00423600 -0.06938800
v 0.01367300 0.00185500 -0.06815100
v 0.01350000 0.00183900 -0.06817700
v 0.01350000 0.00088900 -0.06754000
v 0.01367300 -0.00029300 -0.06654700
v 0.01350000 -0.00031400 -0.06657000
v 0.01350000 -0.00194300 -0.06488000
v 0.01367300 -0.00213200 -0.06459700
v 0.01350000 -0.00215700 -0.06461600
v 0.01367300 -0.00360700 -0.06235800
v 0.01350000 -0.00363400 -0.06237300
v 0.01350000 -0.00402500 -0.06160000
v 0.01396900 -0.00190000 -0.06441300
v 0.01396900 -0.00009600 -0.06632600
v 0.01396900 0.00201100 -0.06789900
v 0.01396900 0.00435800 -0.06908500
v 0.01396900 0.00687400 -0.06984800
v 0.01396900 0.00948500 -0.07016400
v 0.01396900 0.01211000 -0.07002600
v 0.01396900 0.01467300 -0.06943600
v 0.01396900 0.01709500 -0.06841200
v 0.01396900 0.01930400 -0.06698600
v 0.01396900 0.02123400 -0.06519900
v 0.01396900 0.02282600 -0.06310700
v 0.01396900 0.02403300 -0.06077000
v 0.01396900 0.02481800 -0.05826100
v 0.01396900 0.02515900 -0.05565400
v 0.01396900 0.02504400 -0.05302700
v 0.01396900 0.02447800 -0.05045900
v 0.01396900 0.02347600 -0.04802700
v 0.01385400 -0.00350600 -0.06230300
v 0.01385400 -0.00204200 -0.06452500
v 0.01385400 -0.00021700 -0.06646100
v 0.01385400 0.00191600 -0.06805300
v 0.01385400 0.00429100 -0.06925300
v 0.01385400 0.00683700 -0.07002400
v 0.01385400 0.00947900 -0.07034500
v 0.01385400 0.01213600 -0.07020400
v 0.01385400 0.01472900 -0.06960700
v 0.01385400 0.01718000 -0.06857200
v 0.01385400 0.01941500 -0.06712800
v 0.01385400 0.02136700 -0.06532100
v 0.01385400 0.02297900 -0.06320300
v 0.01385400 0.02420000 -0.06083900
v 0.01385400 0.02499500 -0.05830000
v 0.01385400 0.02533900 -0.05566100
v 0.01385400 0.02522300 -0.05300300
v 0.01385400 0.02465000 -0.05040500
v 0.01385400 0.02363600 -0.04794500
v -0.00072700 -0.00642500 -0.04989400
v -0.00014200 0.01538400 -0.03735900
v -0.00294500 0.02084300 -0.04372600
v -0.00294500 0.01895200 -0.04217300
v -0.00170000 0.01709900 -0.04040800
v -0.00170000 0.01928700 -0.04169300
v -0.00014200 -0.00106100 -0.04024000
v -0.00014200 0.00137500 -0.03869600
v -0.00014200 0.00402300 -0.03755100
v -0.00014200 0.00681600 -0.03683200
v -0.00014200 0.00968800 -0.03655800
v -0.00014200 0.01256700 -0.03673500
v -0.00014200 -0.00322800 -0.04214600
v -0.00014200 -0.00507000 -0.04436500
v -0.00014200 -0.00654400 -0.04684500
v -0.00072700 -0.00542800 -0.04739500
v -0.00170000 -0.00549600 -0.05018300
v -0.00170000 -0.00605700 -0.05265800
v -0.00400000 -0.00522500 -0.05790400
v -0.00400000 -0.00528100 -0.05759600
v -0.00294500 -0.00564100 -0.05518300
v -0.00400000 -0.00533800 -0.05276300
v -0.00400000 -0.00546900 -0.05402700
v -0.00400000 -0.00549900 -0.05518100
v -0.00400000 -0.00474100 -0.05021000
v -0.00400000 -0.00480100 -0.05039900
v -0.00294500 -0.00493700 -0.05035600
v -0.00294500 -0.00547800 -0.05274200
v -0.00400000 -0.00390300 -0.04814700
v -0.00294500 -0.00403000 -0.04808400
v -0.00400000 -0.00308700 -0.04669500
v -0.00294500 -0.00278000 -0.04598100
v -0.00400000 -0.00266400 -0.04606300
v -0.00294500 -0.00121800 -0.04409900
v -0.00400000 -0.00111600 -0.04419800
v -0.00294500 0.00493100 -0.04020200
v -0.00400000 0.00275200 -0.04129900
v -0.00294500 0.00268600 -0.04117400
v -0.00400000 0.00253300 -0.04141700
v -0.00294500 0.00061900 -0.04248300
v -0.00400000 0.00070400 -0.04259700
v -0.00400000 -0.00061000 -0.04370100
v -0.00400000 0.01000000 -0.03950000
v -0.00400000 0.00973800 -0.03950200
v -0.00294500 0.00973600 -0.03936000
v -0.00400000 0.00732500 -0.03973300
v -0.00294500 0.00730000 -0.03959300
v -0.00400000 0.00614500 -0.03998700
v -0.00400000 0.00497700 -0.04033600
v -0.00400000 0.01215800 -0.03965100
v -0.00294500 0.01217700 -0.03951100
v -0.00400000 0.01385500 -0.03998700
v -0.00294500 0.01456600 -0.04003900
v -0.00400000 0.01452400 -0.04017500
v -0.00294500 0.01684300 -0.04093400
v -0.00400000 0.01678100 -0.04106200
v -0.00400000 0.02074400 -0.04382800
v -0.00400000 0.02061000 -0.04370100
v -0.00400000 0.01887100 -0.04229000
v -0.00400000 0.01746700 -0.04141700
v -0.00170000 -0.00455500 -0.04782500
v -0.00170000 -0.00325900 -0.04564400
v -0.00170000 -0.00163800 -0.04369100
v -0.00170000 0.00026800 -0.04201500
v -0.00170000 0.00241200 -0.04065600
v -0.00170000 0.00474100 -0.03964800
v -0.00170000 0.00719900 -0.03901600
v -0.00170000 0.00972600 -0.03877500
v -0.00170000 0.01225900 -0.03893100
v -0.00170000 0.01473700 -0.03947900
v -0.00072700 -0.00405300 -0.04508300
v -0.00072700 -0.00233500 -0.04301300
v -0.00072700 -0.00031500 -0.04123600
v -0.00072700 0.00195700 -0.03979600
v -0.00072700 0.00442600 -0.03872800
v -0.00072700 0.00703100 -0.03805800
v -0.00072700 0.00970900 -0.03780200
v -0.00072700 0.01239400 -0.03796700
v -0.00072700 0.01502100 -0.03854900
v -0.00072700 0.01752400 -0.03953300
vn 0.65490147 -0.65862431 0.37056455
vn 0.65321796 -0.75716992 0.00000000
vn 0.13025296 -0.74917669 0.64943703
vn 0.65552367 -0.65857834 -0.36954469
vn 0.13114953 -0.74867959 -0.64982972
vn 0.65490147 0.65862431 -0.37056455
vn 0.65321796 0.75716992 -0.00000000
vn 0.13025296 0.74917669 -0.64943703
vn 0.65552367 0.65857834 0.36954469
vn 0.13114953 0.74867959 0.64982972
vn 0.65490147 -0.65862431 0.37056455
vn 0.65321796 -0.75716992 0.00000000
vn 0.13025296 -0.74917669 0.64943703
vn 0.65552367 -0.65857834 -0.36954469
vn 0.13114953 -0.74867959 -0.64982972
vn 0.65490147 0.65862431 -0.37056455
vn 0.65321796 0.75716992 -0.00000000
vn 0.13025296 0.74917669 -0.64943703
vn 0.65552367 0.65857834 0.36954469
vn 0.13114953 0.74867959 0.64982972
vn 0.65490147 -0.65862431 0.37056455
vn 0.65321796 -0.75716992 0.00000000
vn 0.13025296 -0.74917669 0.64943703
vn 0.65552367 -0.65857834 -0.36954469
vn 0.13114953 -0.74867959 -0.64982972
vn 0.65490147 0.65862431 -0.37056455
vn 0.65321796 0.75716992 -0.00000000
vn 0.13025296 0.74917669 -0.64943703
vn 0.65552367 0.65857834 0.36954469
vn 0.13114953 0.74867959 0.64982972
vn 0.65490147 -0.65862431 0.37056455
vn 0.65321796 -0.75716992 0.00000000
vn 0.13025296 -0.74917669 0.64943703
vn 0.65552367 -0.65857834 -0.36954469
vn 0.13114953 -0.74867959 -0.64982972
vn 0.65490147 0.65862431 -0.37056455
vn 0.65321796 0.75716992 -0.00000000
vn 0.13025296 0.74917669 -0.64943703
vn 0.65552367 0.65857834 0.36954469
vn 0.13114953 0.74867959 0.64982972
vn 0.65490147 -0.65862431 0.37056455
vn 0.65321796 -0.75716992 0.00000000
vn 0.13025296 -0.74917669 0.64943703
vn 0.65552367 -0.65857834 -0.36954469
vn 0.13114953 -0.74867959 -0.64982972
vn 0.65490147 0.65862431 -0.37056455
vn 0.65321796 0.75716992 -0.00000000
vn 0.13025296 0.74917669 -0.64943703
vn 0.65552367 0.65857834 0.36954469
vn 0.13114953 0.74867959 0.64982972
vn 0.65490147 -0.65862431 0.37056455
vn 0.65321796 -0.75716992 0.00000000
vn 0.13025296 -0.74917669 0.64943703
vn 0.65552367 -0.65857834 -0.36954469
vn 0.13114953 -0.74867959 -0.64982972
vn 0.65490147 0.65862431 -0.37056455
vn 0.65321796 0.75716992 -0.00000000
vn 0.13025296 0.74917669 -0.64943703
vn 0.65552367 0.65857834 0.36954469
vn 0.13114953 0.74867959 0.64982972
vn 0.61164442 0.68958312 -0.38777083
vn 0.08453450 0.99642055 -0.00000000
vn 0.61164442 0.68958312 0.38777083
vn 0.61164442 -0.68958312 0.38777083
vn 0.08453450 -0.99642055 0.00000000
vn 0.61164442 -0.68958312 -0.38777083
vn 0.61164442 0.68958312 -0.38777083
vn 0.08463660 0.99641189 0.00000000
vn 0.61164442 0.68958312 0.38777083
vn 0.61164442 -0.68958312 0.38777083
vn 0.08463660 -0.99641189 0.00000000
vn 0.61164442 -0.68958312 -0.38777083
vn 0.61164442 0.68958312 -0.38777083
vn 0.08463660 0.99641189 0.00000000
vn 0.61164442 0.68958312 0.38777083
vn 0.61164442 -0.68958312 0.38777083
vn 0.08463660 -0.99641189 0.00000000
vn 0.61164442 -0.68958312 -0.38777083
vn 0.61164442 0.68958312 -0.38777083
vn 0.08463660 0.99641189 0.00000000
vn 0.61164442 0.68958312 0.38777083
vn 0.61164442 -0.68958312 0.38777083
vn 0.08463660 -0.99641189 0.00000000
vn 0.61164442 -0.68958312 -0.38777083
vn 0.61164442 0.68958312 -0.38777083
vn 0.08453450 0.99642055 -0.00000000
vn 0.61164442 0.68958312 0.38777083
vn 0.61164442 -0.68958312 0.38777083
vn 0.08453450 -0.99642055 0.00000000
vn 0.61164442 -0.68958312 -0.38777083
vn 0.61164442 0.68958312 -0.38777083
vn 0.08463660 0.99641189 0.00000000
vn 0.61164442 0.68958312 0.38777083
vn 0.61164442 -0.68958312 0.38777083
vn 0.08463660 -0.99641189 0.00000000
vn 0.61164442 -0.68958312 -0.38777083
vn 0.67655272 0.28951946 -0.67709298
vn 0.67655272 -0.28951946 0.67709298
vn 0.40619112 -0.45645220 -0.79161870
vn 0.40624659 -0.79159575 -0.45644263
vn 0.40697231 -0.91344050 0.00000000
vn 0.40695958 -0.79105644 0.45674238
vn 0.40689178 -0.45675384 0.79108470
vn 0.67655272 0.28951946 0.67709298
vn 0.40697231 -0.00000000 0.91344050
vn 0.65321796 0.00000000 0.75716992
vn 0.40619112 0.45645220 0.79161870
vn 0.40624659 0.79159575 0.45644263
vn 0.40697231 0.91344050 -0.00000000
vn 0.40695958 0.79105644 -0.45674238
vn 0.40689178 0.45675384 -0.79108470
vn 0.40697231 -0.00000000 -0.91344050
vn 0.65321796 -0.00000000 -0.75716992
vn 0.67655272 -0.28951946 -0.67709298
vn 0.67655272 0.28951946 -0.67709298
vn 0.67655272 -0.28951946 0.67709298
vn 0.40619112 -0.45645220 -0.79161870
vn 0.40624659 -0.79159575 -0.45644263
vn 0.40697231 -0.91344050 0.00000000
vn 0.40695958 -0.79105644 0.45674238
vn 0.40689178 -0.45675384 0.79108470
vn 0.67655272 0.28951946 0.67709298
vn 0.40697231 0.00000000 0.91344050
vn 0.65321796 0.00000000 0.75716992
vn 0.40619112 0.45645220 0.79161870
vn 0.40624659 0.79159575 0.45644263
vn 0.40697231 0.91344050 -0.00000000
vn 0.40695958 0.79105644 -0.45674238
vn 0.40689178 0.45675384 -0.79108470
vn 0.40697231 -0.00000000 -0.91344050
vn 0.65321796 -0.00000000 -0.75716992
vn 0.67655272 -0.28951946 -0.67709298
vn 0.67655272 0.28951946 -0.67709298
vn 0.67655272 -0.28951946 0.67709298
vn 0.40619112 -0.45645220 -0.79161870
vn 0.40624659 -0.79159575 -0.45644263
vn 0.40697231 -0.91344050 0.00000000
vn 0.40695958 -0.79105644 0.45674238
vn 0.40689178 -0.45675384 0.79108470
vn 0.67655272 0.28951946 0.67709298
vn 0.40697231 0.00000000 0.91344050
vn 0.65321796 0.00000000 0.75716992
vn 0.40619112 0.45645220 0.79161870
vn 0.40624659 0.79159575 0.45644263
vn 0.40697231 0.91344050 -0.00000000
vn 0.40695958 0.79105644 -0.45674238
vn 0.40689178 0.45675384 -0.79108470
vn 0.40697231 0.00000000 -0.91344050
vn 0.65321796 -0.00000000 -0.75716992
vn 0.67655272 -0.28951946 -0.67709298
vn 0.67655272 0.28951946 -0.67709298
vn 0.67655272 -0.28951946 0.67709298
vn 0.40619112 -0.45645220 -0.79161870
vn 0.40624659 -0.79159575 -0.45644263
vn 0.40697231 -0.91344050 0.00000000
vn 0.40695958 -0.79105644 0.45674238
vn 0.40689178 -0.45675384 0.79108470
vn 0.67655272 0.28951946 0.67709298
vn 0.40697231 0.00000000 0.91344050
vn 0.65321796 0.00000000 0.75716992
vn 0.40619112 0.45645220 0.79161870
vn 0.40624659 0.79159575 0.45644263
vn 0.40697231 0.91344050 -0.00000000
vn 0.40695958 0.79105644 -0.45674238
vn 0.40689178 0.45675384 -0.79108470
vn 0.40697231 -0.00000000 -0.91344050
vn 0.65321796 -0.00000000 -0.75716992
vn 0.67655272 -0.28951946 -0.67709298
vn 0.67655272 0.28951946 -0.67709298
vn 0.67655272 -0.28951946 0.67709298
vn 0.40619112 -0.45645220 -0.79161870
vn 0.40624659 -0.79159575 -0.45644263
vn 0.40697231 -0.91344050 0.00000000
vn 0.40695958 -0.79105644 0.45674238
vn 0.40689178 -0.45675384 0.79108470
vn 0.67655272 0.28951946 0.67709298
vn 0.40697231 0.00000000 0.91344050
vn 0.65321796 0.00000000 0.75716992
vn 0.40619112 0.45645220 0.79161870
vn 0.40624659 0.79159575 0.45644263
vn 0.40697231 0.91344050 -0.00000000
vn 0.40695958 0.79105644 -0.45674238
vn 0.40689178 0.45675384 -0.79108470
vn 0.40697231 0.00000000 -0.91344050
vn 0.65321796 -0.00000000 -0.75716992
vn 0.67655272 -0.28951946 -0.67709298
vn 0.67655272 0.28951946 -0.67709298
vn 0.67655272 -0.28951946 0.67709298
vn 0.40619112 -0.45645220 -0.79161870
vn 0.40624659 -0.79159575 -0.45644263
vn 0.40697231 -0.91344050 0.00000000
vn 0.40695958 -0.79105644 0.45674238
vn 0.40689178 -0.45675384 0.79108470
vn 0.67655272 0.28951946 0.67709298
vn 0.40697231 -0.00000000 0.91344050
vn 0.65321796 0.00000000 0.75716992
vn 0.40619112 0.45645220 0.79161870
vn 0.40624659 0.79159575 0.45644263
vn 0.40697231 0.91344050 -0.00000000
vn 0.40695958 0.79105644 -0.45674238
vn 0.40689178 0.45675384 -0.79108470
vn 0.40697231 -0.00000000 -0.91344050
vn 0.65321796 -0.00000000 -0.75716992
vn 0.67655272 -0.28951946 -0.67709298
vn 0.08777172 -0.08777172 0.99226622
vn 0.08772785 0.08771251 0.99227533
vn -0.08777172 -0.08777172 0.99226622
vn -0.08777172 0.08777172 0.99226622
vn -0.57735027 -0.57735027 -0.57735027
vn -0.57735027 -0.57735027 0.57735027
vn -0.57735027 0.57735027 -0.57735027
vn -0.57735027 0.57735027 0.57735027
vn -0.57735027 0.57735027 -0.57735027
vn -0.57735027 -0.57735027 -0.57735027
vn -0.90453403 0.30151134 -0.30151134
vn -0.57735027 -0.57735027 0.57735027
vn -0.57735027 0.57735027 -0.57735027
vn -0.57735027 0.57735027 0.57735027
vn 0.77034599 0.55203750 -0.31909507
vn 0.77009238 0.31886882 -0.55252186
vn 0.77034708 0.00009821 -0.63762479
vn 0.77023880 -0.31892764 -0.55228376
vn 0.77023880 -0.55228376 -0.31892764
vn 0.77023880 -0.55228376 0.31892764
vn 0.77023880 -0.31892764 0.55228376
vn 0.77034708 0.00009821 0.63762479
vn 0.77009238 0.31886882 0.55252186
vn 0.77034599 0.55203750 0.31909507
vn 0.77019955 -0.55227568 -0.31903642
vn 0.77019955 -0.31903642 -0.55227568
vn 0.77034708 -0.00009821 -0.63762479
vn 0.77034599 0.31909507 -0.55203750
vn 0.77009238 0.55252186 -0.31886882
vn 0.77009238 0.55252186 0.31886882
vn 0.77034599 0.31909507 0.55203750
vn 0.77034708 -0.00009821 0.63762479
vn 0.77019955 -0.31903642 0.55227568
vn 0.77019955 -0.55227568 0.31903642
vn 0.77019955 -0.55227568 -0.31903642
vn 0.77019955 -0.31903642 -0.55227568
vn 0.77034708 -0.00009821 -0.63762479
vn 0.77034599 0.31909507 -0.55203750
vn 0.77009238 0.55252186 -0.31886882
vn 0.77009238 0.55252186 0.31886882
vn 0.77034599 0.31909507 0.55203750
vn 0.77034708 -0.00009821 0.63762479
vn 0.77019955 -0.31903642 0.55227568
vn 0.77019955 -0.55227568 0.31903642
vn 0.77009238 -0.55252186 -0.31886882
vn 0.77034599 -0.31909507 -0.55203750
vn 0.77034708 0.00009821 -0.63762479
vn 0.77019955 0.31903642 -0.55227568
vn 0.77019955 0.55227568 -0.31903642
vn 0.77019955 0.55227568 0.31903642
vn 0.77019955 0.31903642 0.55227568
vn 0.77034708 0.00009821 0.63762479
vn 0.77034599 -0.31909507 0.55203750
vn 0.77009238 -0.55252186 0.31886882
vn 0.77023880 0.55228376 -0.31892764
vn 0.77023880 0.31892764 -0.55228376
vn 0.77034708 -0.00009821 -0.63762479
vn 0.77009238 -0.31886882 -0.55252186
vn 0.77034599 -0.55203750 -0.31909507
vn 0.77034599 -0.55203750 0.31909507
vn 0.77009238 -0.31886882 0.55252186
vn 0.77034708 -0.00009821 0.63762479
vn 0.77023880 0.31892764 0.55228376
vn 0.77023880 0.55228376 0.31892764
vn 0.77009238 -0.55252186 -0.31886882
vn 0.77034599 -0.31909507 -0.55203750
vn 0.77034708 0.00009821 -0.63762479
vn 0.77019955 0.31903642 -0.55227568
vn 0.77019955 0.55227568 -0.31903642
vn 0.77019955 0.55227568 0.31903642
vn 0.77019955 0.31903642 0.55227568
vn 0.77034708 0.00009821 0.63762479
vn 0.77034599 -0.31909507 0.55203750
vn 0.77009238 -0.55252186 0.31886882
vn 0.08632155 0.00004305 -0.99626733
vn -0.00998385 -0.11515031 -0.99329791
vn 0.08661328 -0.16906768 -0.98179135
vn -0.01202878 -0.28161844 -0.95945107
vn -0.05398477 -0.28722219 -0.95634150
vn 0.08513697 -0.39881716 -0.91306986
vn -0.01341912 -0.43797877 -0.89888516
vn 0.04463614 -0.49412828 -0.86824240
vn -0.01376145 -0.54051038 -0.84122479
vn 0.08758575 -0.58801830 -0.80409155
vn -0.01335498 -0.63586342 -0.77168605
vn 0.08806906 -0.68268302 -0.72538799
vn -0.01222535 -0.75579609 -0.65469291
vn -0.04227747 -0.76729407 -0.63990033
vn 0.08554857 -0.83532575 -0.54305831
vn -0.01353283 -0.85413921 -0.51986832
vn -0.01392381 -0.88801551 -0.45960263
vn -0.00919193 -0.91058480 -0.41322007
vn 0.08606517 -0.93470248 -0.34485369
vn -0.00992315 -0.95147708 -0.30755957
vn 0.08670898 -0.96967842 -0.22848481
vn -0.01254633 -0.98976033 -0.14218675
vn -0.02345676 -0.99344993 -0.11183481
vn 0.08838783 -0.99608604 -0.00043666
vn -0.01362748 -0.99960974 0.02438544
vn -0.02408620 -0.99338683 0.11226069
vn -0.01367019 -0.98976259 0.14206739
vn 0.08675099 -0.96964398 0.22861499
vn -0.01360044 -0.96591442 0.25850407
vn 0.08648752 -0.93472257 0.34469353
vn -0.01313143 -0.90957202 0.41533879
vn 0.00843081 -0.89125321 0.45342766
vn 0.08875102 -0.83323060 0.54575638
vn -0.01387744 -0.82772593 0.56096097
vn -0.04268253 -0.76710317 0.64010228
vn -0.00918434 -0.75383980 0.65699407
vn 0.08857107 -0.68230584 0.72568169
vn -0.01046039 -0.67467532 0.73804051
vn 0.08841430 -0.58837259 0.80374163
vn -0.01383391 -0.54046217 0.84125458
vn 0.05094037 -0.49604698 0.86680013
vn 0.08728101 -0.39771172 0.91334956
vn -0.01425687 -0.39351709 0.91920675
vn -0.05412736 -0.28712633 0.95636222
vn -0.00936603 -0.27902552 0.96023801
vn 0.08756433 -0.16821415 0.98185360
vn -0.01097426 -0.16847162 0.98564541
vn 0.08886082 0.00005906 0.99604405
vn -0.01468847 0.00010683 0.99989211
vn 0.08781961 0.16821103 0.98183133
vn -0.01470094 0.16568371 0.98606936
vn -0.05389739 0.28716616 0.95636325
vn -0.00959617 0.28457356 0.95860618
vn 0.08641709 0.39968258 0.91257105
vn -0.01116677 0.39109227 0.92028373
vn 0.04605746 0.49323925 0.86867356
vn -0.01413289 0.54024078 0.84139180
vn 0.08840874 0.58837961 0.80373710
vn -0.01422881 0.67274603 0.73973665
vn 0.08890229 0.68244155 0.72551355
vn -0.04195289 0.76716226 0.64007970
vn -0.01000602 0.75767865 0.65255110
vn 0.08706183 0.83582900 0.54204255
vn -0.01152030 0.82627729 0.56314573
vn -0.01234793 0.88752300 0.46059792
vn -0.01373621 0.90935950 0.41578434
vn 0.08647533 0.93472989 0.34467674
vn -0.01392181 0.96596907 0.25828267
vn 0.08732259 0.96967726 0.22825593
vn -0.02290896 0.99342062 0.11220805
vn -0.01033439 0.99026553 0.13880702
vn 0.09022269 0.99592124 -0.00086582
vn -0.01195105 0.99955895 0.02718614
vn -0.02229538 0.99357085 -0.11099497
vn -0.01348029 0.98983824 -0.14155756
vn 0.08672111 0.96968158 -0.22846679
vn -0.01367950 0.95220930 -0.30513983
vn 0.08695432 0.93443354 -0.34535909
vn 0.00923237 0.89149456 -0.45293732
vn -0.01078337 0.90786741 -0.41911871
vn 0.09092719 0.83225389 -0.54688730
vn -0.01253241 0.85572294 -0.51728251
vn -0.04067270 0.76809653 -0.63904104
vn -0.01337811 0.75629738 -0.65409120
vn 0.08807459 0.68268875 -0.72538192
vn -0.01356608 0.63574280 -0.77178174
vn 0.08880129 0.58735257 -0.80444471
vn 0.05201725 0.49665702 -0.86638676
vn -0.01148732 0.53710062 -0.84343996
vn 0.08975320 0.39613250 -0.91379615
vn -0.01329353 0.44093505 -0.89744056
vn -0.05194562 0.28868361 -0.95601434
vn -0.01325838 0.28244110 -0.95919301
vn 0.08658476 0.16902573 -0.98180109
vn -0.01348146 0.11788328 -0.99293594
vn -0.00943307 -0.00285344 -0.99995144
vn -0.08702832 0.30146706 0.94949654
vn 0.08698364 0.30152523 0.94948217
vn -0.17110633 0.51638484 0.83908839
vn 0.23448798 0.53184479 0.81373000
vn -0.10118069 0.71580522 0.69093079
vn 0.10118069 0.69093079 0.71580522
vn -0.23448798 0.81373000 0.53184479
vn 0.17110633 0.83908839 0.51638484
vn -0.08702832 0.94949654 0.30146706
vn 0.08702832 0.94949654 0.30146706
vn -0.08777172 0.99226622 0.08777172
vn 0.08777172 0.99226622 0.08777172
vn 0.99607276 0.08853840 0.00000000
vn 0.99614271 0.08773912 0.00124251
vn 0.95347971 0.30142648 0.00430414
vn 0.99607276 0.08853840 0.00000000
vn 0.95068746 0.30888327 0.02800869
vn 0.99558198 0.09348170 0.00881418
vn 0.99607276 0.08853840 0.00000000
vn 0.08860050 0.99596592 0.01420682
vn 0.30429041 0.95251282 0.01125492
vn 0.29937916 0.95043499 0.08393715
vn 0.51621773 0.85640197 0.00974305
vn 0.51314338 0.85487693 0.07661136
vn 0.70837472 0.70578479 0.00854867
vn 0.70197489 0.70938607 0.06326664
vn 0.85581707 0.51724538 0.00586092
vn 0.85235300 0.52079436 0.04761942
vn 0.36988870 0.32278156 0.87120285
vn 0.37036153 0.87245112 0.31884382
vn 0.69338279 0.66817560 0.26974371
vn 0.92421655 0.35352789 0.14436689
vn 0.92254722 0.27296740 0.27275526
vn 0.99489908 0.07139074 0.07126843
vn 0.99507072 0.09224158 0.03641101
vn 0.92422428 0.14422167 0.35356696
vn 0.99507567 0.03631394 0.09222636
vn 0.99558198 0.00881418 0.09348170
vn 0.95068746 0.02800869 0.30888327
vn 0.85235300 0.04761942 0.52079436
vn 0.69326934 0.26988121 0.66823779
vn 0.29942352 0.08387168 0.95042680
vn 0.51314338 0.07661136 0.85487693
vn 0.70197489 0.06326664 0.70938607
vn 0.69186123 0.51047620 0.51062911
vn 0.36617318 0.64496251 0.67077608
vn 0.29937916 -0.08393715 0.95043499
vn 0.51314338 -0.07661136 0.85487693
vn 0.70197489 -0.06326664 0.70938607
vn 0.85235300 -0.04761942 0.52079436
vn 0.95068746 -0.02800869 0.30888327
vn 0.99558198 -0.00881418 0.09348170
vn 0.23448798 -0.81373000 0.53184479
vn 0.08698364 -0.94948217 0.30152523
vn 0.36988870 -0.87120285 0.32278156
vn 0.08772785 -0.99227533 0.08771251
vn 0.37036153 -0.31884382 0.87245112
vn 0.08702832 -0.30146706 0.94949654
vn 0.17110633 -0.51638484 0.83908839
vn 0.69338279 -0.26974371 0.66817560
vn 0.92421655 -0.14436689 0.35352789
vn 0.92254722 -0.27275526 0.27296740
vn 0.99489908 -0.07126843 0.07139074
vn 0.99507072 -0.03641101 0.09224158
vn 0.92422428 -0.35356696 0.14422167
vn 0.99507567 -0.09222636 0.03631394
vn 0.99558198 -0.09348170 0.00881418
vn 0.95068746 -0.30888327 0.02800869
vn 0.85235300 -0.52079436 0.04761942
vn 0.69326934 -0.66823779 0.26988121
vn 0.29942352 -0.95042680 0.08387168
vn 0.51314338 -0.85487693 0.07661136
vn 0.70197489 -0.70938607 0.06326664
vn 0.69186123 -0.51062911 0.51047620
vn 0.36617318 -0.67077608 0.64496251
vn 0.10118069 -0.71580522 0.69093079
vn 0.94544375 -0.16289906 0.28213472
vn 0.94544375 -0.28213472 0.16289906
vn 0.94545085 -0.32576477 0.00000000
vn 0.94544375 -0.28213472 -0.16289906
vn 0.94544375 -0.16289906 -0.28213472
vn 0.94545085 -0.00000000 -0.32576477
vn 0.94544375 0.16289906 -0.28213472
vn 0.94544375 0.28213472 -0.16289906
vn 0.94545085 0.32576477 -0.00000000
vn 0.94544375 0.28213472 0.16289906
vn 0.94544375 0.16289906 0.28213472
vn 0.94545085 -0.00000000 0.32576477
vn 0.94544375 -0.16289906 0.28213472
vn 0.94544375 -0.28213472 0.16289906
vn 0.94545085 -0.32576477 0.00000000
vn 0.94544375 -0.28213472 -0.16289906
vn 0.94544375 -0.16289906 -0.28213472
vn 0.94545085 0.00000000 -0.32576477
vn 0.94544375 0.16289906 -0.28213472
vn 0.94544375 0.28213472 -0.16289906
vn 0.94545085 0.32576477 -0.00000000
vn 0.94544375 0.28213472 0.16289906
vn 0.94544375 0.16289906 0.28213472
vn 0.94545085 -0.00000000 0.32576477
vn 0.94544375 -0.16289906 0.28213472
vn 0.94544375 -0.28213472 0.16289906
vn 0.94545085 -0.32576477 0.00000000
vn 0.94544375 -0.28213472 -0.16289906
vn 0.94544375 -0.16289906 -0.28213472
vn 0.94545085 0.00000000 -0.32576477
vn 0.94544375 0.16289906 -0.28213472
vn 0.94544375 0.28213472 -0.16289906
vn 0.94545085 0.32576477 -0.00000000
vn 0.94544375 0.28213472 0.16289906
vn 0.94544375 0.16289906 0.28213472
vn 0.94545085 0.00000000 0.32576477
vn 0.93576119 0.00001430 0.35263437
vn 0.99652124 -0.01625258 0.08173908
vn 0.93542691 -0.06891667 0.34673764
vn 0.99654903 -0.03175481 0.07669194
vn 0.93566324 -0.13503580 0.32603625
vn 0.99654939 -0.04611910 0.06900970
vn 0.93572032 -0.19604264 0.29324863
vn 0.99652662 -0.05887850 0.05888986
vn 0.93569117 -0.24946958 0.24949342
vn 0.99654892 -0.06901908 0.04611518
vn 0.93571949 -0.29325764 0.19603312
vn 0.99654973 -0.07668813 0.03174223
vn 0.93565511 -0.32605726 0.13504139
vn 0.99652126 -0.08173467 0.01627310
vn 0.93543022 -0.34673204 0.06889992
vn 0.99654617 -0.08304050 -0.00001027
vn 0.93576119 -0.35263437 0.00001430
vn 0.99652124 -0.08173908 -0.01625258
vn 0.93542691 -0.34673764 -0.06891667
vn 0.99654903 -0.07669194 -0.03175481
vn 0.93566324 -0.32603625 -0.13503580
vn 0.99654939 -0.06900970 -0.04611910
vn 0.93572032 -0.29324863 -0.19604264
vn 0.99652662 -0.05888986 -0.05887850
vn 0.93569117 -0.24949342 -0.24946958
vn 0.99654892 -0.04611518 -0.06901908
vn 0.93571949 -0.19603312 -0.29325764
vn 0.99654973 -0.03174223 -0.07668813
vn 0.93565511 -0.13504139 -0.32605726
vn 0.99652126 -0.01627310 -0.08173467
vn 0.93543022 -0.06889992 -0.34673204
vn 0.99654617 0.00001027 -0.08304050
vn 0.93576119 -0.00001430 -0.35263437
vn 0.99652124 0.01625258 -0.08173908
vn 0.93542691 0.06891667 -0.34673764
vn 0.99654903 0.03175481 -0.07669194
vn 0.93566324 0.13503580 -0.32603625
vn 0.99654939 0.04611910 -0.06900970
vn 0.93572032 0.19604264 -0.29324863
vn 0.99652662 0.05887850 -0.05888986
vn 0.93569117 0.24946958 -0.24949342
vn 0.99654892 0.06901908 -0.04611518
vn 0.93571949 0.29325764 -0.19603312
vn 0.99654973 0.07668813 -0.03174223
vn 0.93565511 0.32605726 -0.13504139
vn 0.99652126 0.08173467 -0.01627310
vn 0.93543022 0.34673204 -0.06889992
vn 0.99654617 0.08304050 0.00001027
vn 0.93576119 0.35263437 -0.00001430
vn 0.99652124 0.08173908 0.01625258
vn 0.93542691 0.34673764 0.06891667
vn 0.99654903 0.07669194 0.03175481
vn 0.93566324 0.32603625 0.13503580
vn 0.99654939 0.06900970 0.04611910
vn 0.93572032 0.29324863 0.19604264
vn 0.99652662 0.05888986 0.05887850
vn 0.93569117 0.24949342 0.24946958
vn 0.99654892 0.04611518 0.06901908
vn 0.93571949 0.19603312 0.29325764
vn 0.99654973 0.03174223 0.07668813
vn 0.93565511 0.13504139 0.32605726
vn 0.99652126 0.01627310 0.08173467
vn 0.93543022 0.06889992 0.34673204
vn 0.99654617 -0.00001027 0.08304050
vn 0.36048752 0.17056265 -0.91703715
vn 0.35951383 0.36442593 -0.85903641
vn 0.35774030 0.65100763 -0.66948558
vn 0.35769588 0.52829868 -0.77003517
vn 0.36026508 0.77782542 -0.51497250
vn 0.35804827 0.91281419 -0.19639676
vn 0.35610682 0.86873356 -0.34422368
vn 0.35940934 0.93318000 0.00010973
vn 0.35631717 0.86832297 0.34504101
vn 0.35801309 0.91285293 0.19628081
vn 0.36298504 0.77923459 0.51091615
vn 0.35774474 0.65089054 0.66959705
vn 0.35786994 0.52762782 0.77041417
vn 0.36048752 -0.17056265 0.91703715
vn 0.36735315 -0.00015112 0.93008152
vn 0.36050864 0.17073833 0.91699615
vn 0.36072037 0.36601245 0.85785529
vn 0.35951383 -0.36442593 0.85903641
vn 0.35774030 -0.65100763 0.66948558
vn 0.35769588 -0.52829868 0.77003517
vn 0.36026508 -0.77782542 0.51497250
vn 0.35804827 -0.91281419 0.19639676
vn 0.35610682 -0.86873356 0.34422368
vn 0.35940934 -0.93318000 -0.00010973
vn 0.35631717 -0.86832297 -0.34504101
vn 0.35801309 -0.91285293 -0.19628081
vn 0.36298504 -0.77923459 -0.51091615
vn 0.35774474 -0.65089054 -0.66959705
vn 0.35786994 -0.52762782 -0.77041417
vn 0.36735315 0.00015112 -0.93008152
vn 0.36050864 -0.17073833 -0.91699615
vn 0.36072037 -0.36601245 -0.85785529
vn 0.71397535 0.00006084 -0.70017083
vn 0.71491244 0.13627395 -0.68580581
vn 0.71458014 0.26768071 -0.64631437
vn 0.71428212 0.38875296 -0.58195550
vn 0.71340400 0.49554891 -0.49546546
vn 0.71433314 0.58188889 -0.38875889
vn 0.71461495 0.64627773 -0.26767624
vn 0.71487016 0.68583508 -0.13634846
vn 0.71397535 0.70017083 0.00006084
vn 0.71491244 0.68580581 0.13627395
vn 0.71458014 0.64631437 0.26768071
vn 0.71428212 0.58195550 0.38875296
vn 0.71340400 0.49546546 0.49554891
vn 0.71433314 0.38875889 0.58188889
vn 0.71461495 0.26767624 0.64627773
vn 0.71487016 0.13634846 0.68583508
vn 0.71397535 -0.00006084 0.70017083
vn 0.71491244 -0.13627395 0.68580581
vn 0.71458014 -0.26768071 0.64631437
vn 0.71428212 -0.38875296 0.58195550
vn 0.71340400 -0.49554891 0.49546546
vn 0.71433314 -0.58188889 0.38875889
vn 0.71461495 -0.64627773 0.26767624
vn 0.71487016 -0.68583508 0.13634846
vn 0.71397535 -0.70017083 -0.00006084
vn 0.71491244 -0.68580581 -0.13627395
vn 0.71458014 -0.64631437 -0.26768071
vn 0.71428212 -0.58195550 -0.38875296
vn 0.71340400 -0.49546546 -0.49554891
vn 0.71433314 -0.38875889 -0.58188889
vn 0.71461495 -0.26767624 -0.64627773
vn 0.71487016 -0.13634846 -0.68583508
vn 0.94544375 -0.16289906 0.28213472
vn 0.94544375 -0.28213472 0.16289906
vn 0.94545085 -0.32576477 0.00000000
vn 0.94544375 -0.28213472 -0.16289906
vn 0.94544375 -0.16289906 -0.28213472
vn 0.94545085 0.00000000 -0.32576477
vn 0.94544375 0.16289906 -0.28213472
vn 0.94544375 0.28213472 -0.16289906
vn 0.94545085 0.32576477 -0.00000000
vn 0.94544375 0.28213472 0.16289906
vn 0.94544375 0.16289906 0.28213472
vn 0.94545085 -0.00000000 0.32576477
vn 0.94544375 -0.16289906 0.28213472
vn 0.94544375 -0.28213472 0.16289906
vn 0.94545085 -0.32576477 0.00000000
vn 0.94544375 -0.28213472 -0.16289906
vn 0.94544375 -0.16289906 -0.28213472
vn 0.94545085 0.00000000 -0.32576477
vn 0.94544375 0.16289906 -0.28213472
vn 0.94544375 0.28213472 -0.16289906
vn 0.94545085 0.32576477 -0.00000000
vn 0.94544375 0.28213472 0.16289906
vn 0.94544375 0.16289906 0.28213472
vn 0.94545085 0.00000000 0.32576477
vn 0.94544375 -0.16289906 0.28213472
vn 0.94544375 -0.28213472 0.16289906
vn 0.94545085 -0.32576477 0.00000000
vn 0.94544375 -0.28213472 -0.16289906
vn 0.94544375 -0.16289906 -0.28213472
vn 0.94545085 -0.00000000 -0.32576477
vn 0.94544375 0.16289906 -0.28213472
vn 0.94544375 0.28213472 -0.16289906
vn 0.94545085 0.32576477 -0.00000000
vn 0.94544375 0.28213472 0.16289906
vn 0.94544375 0.16289906 0.28213472
vn 0.94545085 -0.00000000 0.32576477
vn 0.08849261 -0.99604021 -0.00854150
vn 0.30229533 -0.95317927 -0.00817376
vn 0.51687361 -0.85602972 -0.00740246
vn 0.70671971 -0.70746693 -0.00614850
vn 0.85563897 -0.51755360 -0.00449661
vn 0.95293892 -0.30315110 -0.00261282
vn 0.99602956 -0.08901974 -0.00077058
vn 0.99607276 -0.08853840 0.00000000
vn 0.99607276 -0.08853840 0.00000000
vn 0.99607276 -0.08853840 0.00000000
vn -0.08777172 -0.99226622 0.08777172
vn -0.08702832 -0.94949654 0.30146706
vn -0.17110633 -0.83908839 0.51638484
vn -0.10118069 -0.69093079 0.71580522
vn -0.23448798 -0.53184479 0.81373000
vn -0.08702832 -0.30146706 0.94949654
vn -0.08820492 0.99593563 0.01822421
vn -0.29937916 0.95043499 0.08393715
vn -0.30290815 0.95285492 0.01772455
vn -0.51314338 0.85487693 0.07661136
vn -0.51762025 0.85546356 0.01585482
vn -0.70197489 0.70938607 0.06326664
vn -0.70784717 0.70624438 0.01308675
vn -0.85235300 0.52079436 0.04761942
vn -0.85642270 0.51618706 0.00954389
vn -0.95068746 0.30888327 0.02800869
vn -0.95357409 0.30110687 0.00557767
vn -0.99616339 0.08749806 0.00160828
vn -0.99607276 0.08853840 0.00000000
vn -0.99607276 0.08853840 0.00000000
vn -0.99607276 0.08853840 0.00000000
vn -0.99558198 0.09348170 0.00881418
vn -0.85235300 0.04761942 0.52079436
vn -0.70197489 0.06326664 0.70938607
vn -0.69338279 0.26974371 0.66817560
vn -0.51314338 0.07661136 0.85487693
vn -0.29937916 0.08393715 0.95043499
vn -0.37036153 0.31884382 0.87245112
vn -0.69326934 0.66823779 0.26988121
vn -0.92422428 0.35356696 0.14422167
vn -0.99558586 0.00875502 0.09344593
vn -0.95067841 0.02797399 0.30891426
vn -0.92420382 0.14440995 0.35354359
vn -0.99507414 0.03645387 0.09218773
vn -0.92254722 0.27275526 0.27296740
vn -0.99489908 0.07126843 0.07139074
vn -0.99507567 0.09222636 0.03631394
vn -0.36984739 0.87124133 0.32272504
vn -0.36617318 0.67077608 0.64496251
vn -0.69186123 0.51062911 0.51047620
vn -0.99607276 0.00000000 0.08853840
vn -0.99558198 -0.00881418 0.09348170
vn -0.95068746 -0.02800869 0.30888327
vn -0.99607276 0.00000000 0.08853840
vn -0.99607276 0.00000000 0.08853840
vn -0.85235300 -0.04761942 0.52079436
vn -0.70197489 -0.06326664 0.70938607
vn -0.51314338 -0.07661136 0.85487693
vn -0.29937916 -0.08393715 0.95043499
vn -0.85235300 -0.52079436 0.04761942
vn -0.70197489 -0.70938607 0.06326664
vn -0.69338279 -0.66817560 0.26974371
vn -0.51314338 -0.85487693 0.07661136
vn -0.29937916 -0.95043499 0.08393715
vn -0.37036153 -0.87245112 0.31884382
vn -0.69326934 -0.26988121 0.66823779
vn -0.92422428 -0.14422167 0.35356696
vn -0.99558586 -0.09344593 0.00875502
vn -0.95067841 -0.30891426 0.02797399
vn -0.92420382 -0.35354359 0.14440995
vn -0.99507414 -0.09218773 0.03645387
vn -0.92254722 -0.27296740 0.27275526
vn -0.99489908 -0.07139074 0.07126843
vn -0.99507567 -0.03631394 0.09222636
vn -0.36984739 -0.32272504 0.87124133
vn -0.36617318 -0.64496251 0.67077608
vn -0.69186123 -0.51047620 0.51062911
vn -0.99607276 -0.08853840 0.00000000
vn -0.99602388 -0.08908236 -0.00087209
vn -0.95291141 -0.30323442 -0.00295435
vn -0.99607276 -0.08853840 0.00000000
vn -0.99607276 -0.08853840 0.00000000
vn -0.85560461 -0.51760510 -0.00506947
vn -0.70666867 -0.70751068 -0.00693100
vn -0.51683403 -0.85604489 -0.00835017
vn -0.30226611 -0.95317883 -0.00923695
vn -0.08864761 -0.99601752 -0.00952396
vn -0.90453403 0.30151134 -0.30151134
vn -0.90453403 -0.30151134 -0.30151134
vn -0.90453403 -0.30151134 0.30151134
vn -0.90453403 0.30151134 0.30151134
vn -0.90453403 0.30151134 -0.30151134
vn -0.57735027 0.57735027 -0.57735027
vn -0.90453403 0.30151134 -0.30151134
vn -0.90453403 -0.30151134 -0.30151134
vn -0.90453403 -0.30151134 0.30151134
vn -0.90453403 0.30151134 0.30151134
vn -0.77034708 0.00009821 0.63762479
vn -0.77023880 -0.31892764 0.55228376
vn -0.77023880 -0.55228376 0.31892764
vn -0.77030782 -0.63767223 0.00000000
vn -0.77023880 -0.55228376 -0.31892764
vn -0.77023880 -0.31892764 -0.55228376
vn -0.77034708 0.00009821 -0.63762479
vn -0.77009238 0.31886882 -0.55252186
vn -0.77034599 0.55203750 -0.31909507
vn -0.77030782 0.63767223 0.00000000
vn -0.77034599 0.55203750 0.31909507
vn -0.77009238 0.31886882 0.55252186
vn -0.77034708 -0.00009821 0.63762479
vn -0.77019955 -0.31903642 0.55227568
vn -0.77019955 -0.55227568 0.31903642
vn -0.77038634 -0.63757736 0.00000000
vn -0.77019955 -0.55227568 -0.31903642
vn -0.77019955 -0.31903642 -0.55227568
vn -0.77034708 -0.00009821 -0.63762479
vn -0.77034599 0.31909507 -0.55203750
vn -0.77009238 0.55252186 -0.31886882
vn -0.77038634 0.63757736 0.00000000
vn -0.77009238 0.55252186 0.31886882
vn -0.77034599 0.31909507 0.55203750
vn -0.77034708 -0.00009821 0.63762479
vn -0.77019955 -0.31903642 0.55227568
vn -0.77019955 -0.55227568 0.31903642
vn -0.77038634 -0.63757736 0.00000000
vn -0.77019955 -0.55227568 -0.31903642
vn -0.77019955 -0.31903642 -0.55227568
vn -0.77034708 -0.00009821 -0.63762479
vn -0.77034599 0.31909507 -0.55203750
vn -0.77009238 0.55252186 -0.31886882
vn -0.77038634 0.63757736 0.00000000
vn -0.77009238 0.55252186 0.31886882
vn -0.77034599 0.31909507 0.55203750
vn -0.77034708 0.00009821 0.63762479
vn -0.77034599 -0.31909507 0.55203750
vn -0.77009238 -0.55252186 0.31886882
vn -0.77038634 -0.63757736 0.00000000
vn -0.77009238 -0.55252186 -0.31886882
vn -0.77034599 -0.31909507 -0.55203750
vn -0.77034708 0.00009821 -0.63762479
vn -0.77019955 0.31903642 -0.55227568
vn -0.77019955 0.55227568 -0.31903642
vn -0.77038634 0.63757736 0.00000000
vn -0.77019955 0.55227568 0.31903642
vn -0.77019955 0.31903642 0.55227568
vn -0.77034708 -0.00009821 0.63762479
vn -0.77009238 -0.31886882 0.55252186
vn -0.77034599 -0.55203750 0.31909507
vn -0.77030782 -0.63767223 0.00000000
vn -0.77034599 -0.55203750 -0.31909507
vn -0.77009238 -0.31886882 -0.55252186
vn -0.77034708 -0.00009821 -0.63762479
vn -0.77023880 0.31892764 -0.55228376
vn -0.77023880 0.55228376 -0.31892764
vn -0.77030782 0.63767223 0.00000000
vn -0.77023880 0.55228376 0.31892764
vn -0.77023880 0.31892764 0.55228376
vn -0.77034708 0.00009821 0.63762479
vn -0.77034599 -0.31909507 0.55203750
vn -0.77009238 -0.55252186 0.31886882
vn -0.77038634 -0.63757736 0.00000000
vn -0.77009238 -0.55252186 -0.31886882
vn -0.77034599 -0.31909507 -0.55203750
vn -0.77034708 0.00009821 -0.63762479
vn -0.77019955 0.31903642 -0.55227568
vn -0.77019955 0.55227568 -0.31903642
vn -0.77038634 0.63757736 0.00000000
vn -0.77019955 0.55227568 0.31903642
vn -0.77019955 0.31903642 0.55227568
vn -0.05768405 0.68895462 0.72250542
vn -0.05827289 0.53967997 0.83985106
vn -0.05829382 0.37090895 0.92683784
vn -0.05776085 0.18885163 0.98030544
vn -0.05774769 0.97019112 0.23536013
vn -0.05824678 0.90807811 0.41473059
vn -0.05821019 0.81312584 0.57917005
vn -0.05772648 0.94348105 -0.32636049
vn -0.05820075 0.98813372 -0.14214229
vn -0.05823068 0.99717474 0.04745237
vn -0.05772168 0.61713105 -0.78474038
vn -0.05823718 0.75441863 -0.65380499
vn -0.05826472 0.86459821 -0.49907430
vn -0.05775310 0.09499262 -0.99380128
vn -0.05825612 0.28121138 -0.95787598
vn -0.05822548 0.45735721 -0.88737488
vn -0.05631004 -0.61820193 -0.78399971
vn -0.05629113 -0.45619260 -0.88809888
vn -0.05824510 -0.28119578 -0.95788122
vn -0.05824915 -0.09490694 -0.99378051
vn -0.05775657 -0.86455948 -0.49920045
vn -0.05828370 -0.75441146 -0.65380911
vn -0.05628454 -0.96996726 0.23663380
vn -0.05625535 -0.99735264 0.04607660
vn -0.05822932 -0.98812914 -0.14216241
vn -0.05818360 -0.94344271 -0.32639013
vn -0.05770142 -0.81319071 0.57912988
vn -0.05824124 -0.90808463 0.41471709
vn -0.05774655 -0.37100261 0.92683461
vn -0.05825977 -0.53970799 0.83983396
vn -0.05824946 -0.68897796 0.72243780
vn -0.05824816 0.00000605 0.99830213
vn -0.05825806 -0.18893886 0.98025920
vn -0.11630722 0.00001149 0.99321329
vn -0.11632564 0.18792714 0.97527008
vn -0.11628262 0.36911604 0.92208010
vn -0.11624422 0.53704977 0.83550274
vn -0.11626954 0.68541066 0.71881404
vn -0.11629418 0.80895054 0.57625921
vn -0.11836646 0.90256535 0.41396277
vn -0.11844596 0.96535853 0.23249399
vn -0.11626030 0.99209818 0.04716712
vn -0.11626876 0.98310076 -0.14140179
vn -0.11627523 0.93862097 -0.32476261
vn -0.11627198 0.86021619 -0.49649666
vn -0.11627045 0.75061543 -0.65042882
vn -0.11630591 0.61396952 -0.78071401
vn -0.11631672 0.45506546 -0.88282832
vn -0.11632589 0.27974410 -0.95300133
vn -0.11631576 0.09438080 -0.98871781
vn -0.11631146 -0.09439017 -0.98871742
vn -0.11633312 -0.27972659 -0.95300558
vn -0.11631677 -0.45506983 -0.88282606
vn -0.11629868 -0.61396388 -0.78071953
vn -0.11627529 -0.75061513 -0.65042831
vn -0.11624374 -0.86023283 -0.49647443
vn -0.11628684 -0.93861058 -0.32478848
vn -0.11627835 -0.98310068 -0.14139448
vn -0.11626476 -0.99209690 0.04718304
vn -0.11627599 -0.96524493 0.23405581
vn -0.11621315 -0.90342328 0.41269951
vn -0.11625837 -0.80898693 0.57621535
vn -0.11625759 -0.68540161 0.71882460
vn -0.11627238 -0.53703716 0.83550692
vn -0.11628327 -0.36910730 0.92208351
vn -0.11630459 -0.18795820 0.97526661
vn -0.23840358 0.80378625 0.54506091
vn -0.23933784 0.88263715 0.40456033
vn -0.27716904 0.90741436 0.31587419
vn -0.26198130 0.94184597 0.21045655
vn -0.27040330 0.96153573 0.04828143
vn -0.27305423 0.95290623 -0.13195115
vn -0.27648621 0.91026752 -0.30816947
vn -0.28111636 0.83407324 -0.47465294
vn -0.28337278 0.72635069 -0.62619051
vn -0.28153173 0.59032567 -0.75647571
vn -0.27346784 0.43123844 -0.85979576
vn -0.25884892 0.25567409 -0.93146551
vn -0.23874838 0.07020764 -0.96854019
vn -0.21439595 -0.11874261 -0.96950223
vn -0.26846997 -0.26844390 -0.92512796
vn -0.26987463 -0.43898633 -0.85700565
vn -0.27213736 -0.59094434 -0.75942482
vn -0.27612858 -0.72212621 -0.63426078
vn -0.28062831 -0.82831447 -0.48491534
vn -0.28383271 -0.90533674 -0.31591831
vn -0.28221708 -0.95009718 -0.13292432
vn -0.27435635 -0.95998146 0.05625110
vn -0.25922521 -0.93441677 0.24426952
vn -0.23925751 -0.87383238 0.42328810
vn -0.21395561 -0.78023764 0.58775183
vn -0.26864256 -0.66694350 0.69499463
vn -0.27002194 -0.52268125 0.80863617
vn -0.27280053 -0.36232799 0.89123414
vn -0.27631422 -0.18824119 0.94245196
vn -0.28115568 -0.00595249 0.95964371
vn -0.28369157 0.17916063 0.94203002
vn -0.28204756 0.36001840 0.88928956
vn -0.27398649 0.52895251 0.80320648
vn -0.25900856 0.67872724 0.68720005
vn -0.71006365 0.70202122 0.05455106
vn -0.36530526 0.92800448 0.07321040
vn -0.93350492 0.35748781 0.02776754
vn -0.99630145 0.08565603 0.00681610
vn -0.93365120 0.35302058 0.06059629
vn -0.99632584 0.08441095 0.01447804
vn -0.93342171 0.34618927 0.09421734
vn -0.99631666 0.08273641 0.02253458
vn -0.93338068 0.33632388 0.12524674
vn -0.99628607 0.08069123 0.03004968
vn -0.93327116 0.31230569 0.17739812
vn -0.99161853 0.09525683 0.08728594
vn -0.08756955 0.90471065 0.41692950
vn -0.36034958 0.84344807 0.39842633
vn -0.08845727 0.92833154 0.36107598
vn -0.36158276 0.87134390 0.33168920
vn 0.06089589 0.94842591 0.31109482
vn -0.36217462 0.89935456 0.24493043
vn -0.08861023 0.96098657 0.26201723
vn 0.06067304 0.97537868 0.21202643
vn -0.36145235 0.92012116 0.15076224
vn -0.09039609 0.98388427 0.15427343
vn -0.08796109 0.99297234 0.07917559
vn -0.70578905 0.63181390 0.32042630
vn -0.71050328 0.65949172 0.24547048
vn -0.71137493 0.67810435 0.18471654
vn -0.70959029 0.69448049 0.11907343
vn 0.99593141 0.07476788 0.05030292
vn 0.92982604 0.30520035 0.20561196
vn 0.93290839 0.30002684 0.19916281
vn 0.99627871 0.07180380 0.04767541
vn 0.93354592 0.31377926 0.17330493
vn 0.99629974 0.07524236 0.04153812
vn 0.93369387 0.32768666 0.14435096
vn 0.99628424 0.07881434 0.03472765
vn 0.93331147 0.34021591 0.11481651
vn 0.99630483 0.08137447 0.02747505
vn 0.93317311 0.34945553 0.08407601
vn 0.99627879 0.08380231 0.02014337
vn 0.93355694 0.35459428 0.05229094
vn 0.99628528 0.08519309 0.01256119
vn 0.93297777 0.35917728 0.02332735
vn 0.99626403 0.08617739 0.00560726
vn 0.70927917 0.70343690 0.04582133
vn 0.08867015 0.99481265 0.04985380
vn 0.36075468 0.93111018 0.05375783
vn -0.03291787 0.99464328 0.09798555
vn 0.36173714 0.92230491 0.13601430
vn 0.09033026 0.98533850 0.14473591
vn -0.03501775 0.98035362 0.19411474
vn 0.36228023 0.90459578 0.22463192
vn 0.08738723 0.96506545 0.24700636
vn 0.36616117 0.88170354 0.29753127
vn 0.08630166 0.94398728 0.31849653
vn 0.36198729 0.85574532 0.36968249
vn 0.09003594 0.91708840 0.38838433
vn -0.03180592 0.89741670 0.44003597
vn 0.36127664 0.81630953 0.45068608
vn 0.08936172 0.87176658 0.48170273
vn -0.03180463 0.85035053 0.52525465
vn 0.36262428 0.77266095 0.52105536
vn 0.09066887 0.82173192 0.56261515
vn 0.37001778 0.76442094 0.52796540
vn 0.08931367 0.81330990 0.57493485
vn 0.70439673 0.58847640 0.39688886
vn 0.70928266 0.58738773 0.38973550
vn 0.71075246 0.61582327 0.33998919
vn 0.71002121 0.64438475 0.28396862
vn 0.71095430 0.66630422 0.22490591
vn 0.71111674 0.68360320 0.16431566
vn 0.71060371 0.69606566 0.10264000
vn 1.00000000 0.00000000 0.00000000
vn 1.00000000 0.00000000 0.00000000
vn 1.00000000 0.00000000 0.00000000
vn 1.00000000 0.00000000 0.00000000
vn 1.00000000 0.00000000 0.00000000
vn 0.99566273 0.01294106 -0.09213179
vn 0.99563594 -0.00317609 -0.09326841
vn 0.99566699 -0.01913689 -0.09100015
vn 0.99564296 -0.03469725 -0.08655171
vn 0.99562479 -0.04920636 -0.07943554
vn 0.99562177 -0.06218742 -0.06978543
vn 0.99565652 0.08269719 0.04277005
vn 0.99567737 0.08861468 0.02782108
vn 0.99564400 0.02872655 -0.08870070
vn 0.99563641 0.04363490 -0.08248712
vn 0.99564040 0.05720330 -0.07367474
vn 0.99561721 0.06923181 -0.06287556
vn 0.99563481 0.07891240 -0.04984125
vn 0.99561459 0.08651424 -0.03559310
vn 0.99563128 0.09118913 -0.02007223
vn 0.99563849 0.09320921 -0.00400493
vn 0.99560081 0.09290147 0.01217932
vn 1.00000000 0.00000000 0.00000000
vn 0.99559298 -0.07355210 -0.05817829
vn 0.99561452 -0.08228915 -0.04449965
vn 0.99578816 -0.08586637 -0.03213886
vn 0.99596947 -0.08610929 -0.02509975
vn 0.99597635 -0.08879185 -0.01212892
vn 0.99594482 -0.08840736 -0.01667489
vn 0.99593236 -0.08758378 -0.02116148
vn 1.00000000 0.00000000 0.00000000
vn 0.99597054 -0.08961416 -0.00346223
vn 1.00000000 0.00000000 0.00000000
vn 0.99593029 -0.08980083 -0.00765918
vn 1.00000000 0.00000000 0.00000000
vn 1.00000000 0.00000000 0.00000000
vn 1.00000000 0.00000000 0.00000000
vn 0.70633623 -0.70730605 -0.02841269
vn 0.36608896 -0.93000240 -0.03277823
vn 0.36375763 -0.87518565 -0.31895212
vn 0.36377596 -0.89323797 -0.26418362
vn 0.08773018 -0.93812502 -0.33499979
vn 0.08704637 -0.95427843 -0.28596433
vn 0.19737078 -0.94651660 -0.25524714
vn 0.36419803 -0.90556427 -0.21751586
vn 0.08756628 -0.96882533 -0.23175337
vn 0.16189588 -0.96564165 -0.20328781
vn 0.36597506 -0.91537357 -0.16779002
vn 0.08745183 -0.98071456 -0.17478882
vn 0.36300022 -0.92320902 -0.12615841
vn 0.08968176 -0.98680271 -0.13482433
vn 0.36473050 -0.92752730 -0.08163808
vn 0.08904909 -0.99199653 -0.08951617
vn 0.19717463 -0.97868500 -0.05742681
vn 0.08855147 -0.99559362 -0.03085403
vn 0.93056531 -0.36583024 -0.01471179
vn 0.93043442 -0.36513111 -0.03116197
vn 0.93060075 -0.36266640 -0.04955132
vn 0.93022582 -0.36062348 -0.06804873
vn 0.93069619 -0.35557373 -0.08585993
vn 0.93068295 -0.35121149 -0.10237057
vn 0.92967216 -0.34513411 -0.12881041
vn 0.70346629 -0.66590881 -0.24839614
vn 0.70605583 -0.67985500 -0.19819775
vn 0.70581053 -0.68859238 -0.16634911
vn 0.70607137 -0.69587670 -0.13122058
vn 0.70516560 -0.70252033 -0.09595136
vn 0.70564993 -0.70599545 -0.06023784
vn -0.70628511 -0.70726555 -0.03060687
vn -0.93053478 -0.36586165 -0.01582019
vn -0.98207835 -0.18808346 -0.01211274
vn -0.90933225 -0.41100571 -0.06472386
vn -0.93038393 -0.36025669 -0.06782963
vn -0.99598992 -0.08797474 -0.01626431
vn -0.99505807 -0.09644926 0.02360029
vn -0.93049466 -0.36273710 -0.05100465
vn -0.99593170 -0.08923352 -0.01254668
vn -0.93019329 -0.36561088 -0.03269745
vn -0.99597629 -0.08926040 -0.00798783
vn -0.99596739 -0.08963764 -0.00374870
vn -0.08870365 -0.99550249 -0.03326331
vn -0.36638713 -0.92979323 -0.03528491
vn -0.18575742 -0.98073705 -0.06040703
vn -0.36545431 -0.92710632 -0.08316858
vn -0.08848765 -0.99202749 -0.08972956
vn -0.18001055 -0.97693425 -0.11487244
vn -0.36601729 -0.92095067 -0.13372064
vn -0.08968302 -0.98499348 -0.14746118
vn -0.36520040 -0.91535329 -0.16957899
vn -0.08754510 -0.98023037 -0.17743809
vn -0.12578836 -0.97110802 -0.20279670
vn -0.36091896 -0.91183334 -0.19569736
vn -0.08446256 -0.97179213 -0.22019565
vn -0.70484860 -0.70653463 -0.06322395
vn -0.70529868 -0.70201352 -0.09864481
vn -0.70618560 -0.69566147 -0.13174603
vn -0.70571595 -0.69522299 -0.13649175
vn -1.00000000 0.00000000 0.00000000
vn -1.00000000 0.00000000 0.00000000
vn -0.99797951 -0.01097109 0.06258218
vn -1.00000000 0.00000000 0.00000000
vn -0.99798047 -0.00107358 0.06351238
vn -0.99798085 0.00883757 0.06289767
vn -0.99789623 0.01702834 0.06255516
vn -1.00000000 0.00000000 0.00000000
vn -1.00000000 0.00000000 0.00000000
vn -1.00000000 0.00000000 0.00000000
vn -1.00000000 0.00000000 0.00000000
vn -1.00000000 0.00000000 0.00000000
vn -0.99797933 -0.05191413 0.03663574
vn -0.99794874 -0.05695950 0.02922209
vn -1.00000000 0.00000000 0.00000000
vn -0.99807816 -0.04112788 0.04635165
vn -0.99797807 -0.04571403 0.04415876
vn -0.99798347 -0.02056096 0.06005198
vn -0.99798096 -0.02970126 0.05614122
vn -0.99790637 -0.03745081 0.05272862
vn -1.00000000 0.00000000 0.00000000
vn -1.00000000 0.00000000 0.00000000
vn -1.00000000 0.00000000 0.00000000
vn -1.00000000 0.00000000 0.00000000
vn -1.00000000 0.00000000 0.00000000
vn -1.00000000 0.00000000 0.00000000
vn -1.00000000 0.00000000 0.00000000
vn -0.08699870 -0.96518275 -0.24668500
vn -0.00880643 -0.94643326 -0.32277940
vn -0.07985558 -0.96093842 -0.26499139
vn -0.28669848 -0.94234942 -0.17257333
vn -0.07677791 -0.97039270 -0.22900472
vn -0.36903621 -0.91207321 -0.17870292
vn -0.63199955 -0.76753310 -0.10709579
vn -0.81915689 -0.57246700 -0.03554611
vn -0.54120520 -0.83697327 -0.08107211
vn -0.15978163 -0.96326326 -0.21585578
vn 0.03334540 -0.94730173 -0.31860245
vn -0.18459829 -0.96785407 -0.17082734
vn -0.88812883 -0.45950413 -0.00911767
vn -0.95524771 -0.26934019 0.12230158
vn -0.88815980 -0.45524472 0.06264510
vn -0.75571394 -0.65466048 0.01777888
vn -0.85675794 -0.50787702 0.08959225
vn -0.75730635 -0.64945823 0.06849158
vn -0.55679495 -0.82950708 0.04355900
vn -0.47373525 -0.87966209 -0.04206568
vn -0.52524212 -0.85057516 -0.02534978
vn -0.63084431 -0.77460829 0.04491599
vn -0.80005561 -0.59319642 0.08960480
vn -0.74262327 -0.66398002 0.08741398
vn -0.63552404 -0.77040335 0.05087115
vn -0.35942044 -0.92598161 -0.11565037
vn -0.26449215 -0.95153428 -0.15692804
vn -0.35157150 -0.92979358 -0.10900177
vn -0.17232238 -0.96275997 -0.20832245
vn -0.05392928 -0.96614265 -0.25230938
vn -0.07424624 -0.96886949 -0.23617665
vn -0.54145426 0.64676010 0.53714864
vn -0.35897034 0.69895050 0.61855354
vn -0.51473734 0.58742058 0.62448581
vn -0.85974827 0.37824288 0.34316940
vn -0.65087138 0.43105894 0.62494370
vn -0.60789533 0.49860688 0.61794372
vn -0.65549074 0.38811978 0.64783865
vn -0.60056580 0.42970207 0.67429729
vn -0.98767992 0.08514559 0.13129589
vn -0.92965164 0.18891785 0.31631925
vn -0.89187197 0.09436113 0.44233512
vn -0.86170769 0.28218956 0.42169765
vn -0.82896042 0.33505520 0.44784220
vn -0.73170126 0.45805175 0.50477902
vn -0.63124927 0.64480607 0.43098666
vn -0.06504016 0.87829872 0.47366774
vn -0.07347498 0.86212189 0.50134547
vn -0.27792611 0.79892114 0.53336863
vn -0.02046007 0.85266002 0.52206539
vn -0.25980846 0.74157363 0.61852091
vn 0.01220499 0.81789973 0.57523133
vn -0.27897376 0.70678220 0.65010196
vn -0.01315345 0.79447245 0.60715774
vn -0.30474982 0.65432624 0.69208722
vn -0.28048982 0.68037875 0.67705998
vn -0.27459139 0.69986015 0.65939013
vn -0.33218807 0.64117728 0.69176787
vn -0.43038244 0.77838503 0.45704234
vn -0.47603689 -0.87929266 0.01527386
vn -0.47577992 -0.87098301 -0.12256449
vn -0.12402046 -0.98564235 -0.11457782
vn -0.47396453 -0.75280536 0.45677315
vn -0.47545161 -0.81549461 0.33002168
vn -0.12366144 -0.91287184 0.38906663
vn -0.14175493 -0.03683328 0.98921628
vn -0.12325909 0.06270043 0.99039177
vn -0.47507418 0.02936620 0.87945560
vn -0.47194893 0.83546099 0.28154777
vn -0.47490264 0.77726908 0.41269875
vn -0.12223047 0.88470189 0.44984695
vn -0.47622741 0.55388911 -0.68294532
vn -0.47590906 0.65402838 -0.58801143
vn -0.12301583 0.71951333 -0.68349665
vn -0.47525530 0.13561053 -0.86933433
vn -0.47564604 0.27123367 -0.83677544
vn -0.12281778 0.28593495 -0.95034573
vn -0.46961481 -0.32371520 -0.82138323
vn -0.47446073 -0.18342169 -0.86095499
vn -0.12209912 -0.22265900 -0.96722013
vn -0.47569505 -0.58740078 -0.65473242
vn -0.13297921 -0.74004065 -0.65928473
vn -0.47481651 -0.69293183 -0.54258158
vn -0.12239412 -0.80064344 -0.58650641
vn -0.47579663 -0.76872736 -0.42740590
vn -0.47528222 -0.45294874 -0.75428393
vn -0.15199745 -0.58405607 -0.79735518
vn -0.12289520 -0.66885348 -0.73316559
vn -0.12124557 -0.30923324 -0.94322548
vn -0.12180999 -0.38911016 -0.91310219
vn -0.11945742 -0.50076306 -0.85730174
vn -0.12337968 0.18281061 -0.97537569
vn -0.13450094 0.08824632 -0.98697623
vn -0.47032257 -0.02614042 -0.88210734
vn -0.12780308 -0.02118771 -0.99157322
vn -0.18632989 -0.10372344 -0.97699673
vn -0.12251778 0.64258704 -0.75635394
vn -0.14481536 0.56058653 -0.81533505
vn -0.47153110 0.41610859 -0.77750374
vn -0.12625671 0.47029998 -0.87342840
vn -0.16739825 0.38912603 -0.90584699
vn -0.47577752 0.82151326 -0.31424787
vn -0.15214269 0.88822591 -0.43348280
vn -0.47325786 0.74729735 -0.46644792
vn -0.12529195 0.83980706 -0.52822915
vn -0.14785508 0.78429347 -0.60251360
vn -0.15480009 0.98610172 0.06033520
vn -0.12217838 0.99151641 -0.04435818
vn -0.47510333 0.87940936 -0.03026555
vn -0.12873642 0.98072225 -0.14700616
vn -0.47304119 0.86235153 -0.18050448
vn -0.12228384 0.96373412 -0.23719867
vn -0.12255218 0.93287025 -0.33872417
vn -0.12338108 0.97843553 0.16565331
vn -0.47523229 0.86917858 0.13668525
vn -0.12473241 0.95561402 0.26691509
vn -0.12092160 0.92891463 0.34999367
vn -0.47606339 0.57763217 0.66310235
vn -0.13815514 0.70187483 0.69877384
vn -0.47074095 0.69283743 0.54624102
vn -0.12804307 0.77486248 0.61902594
vn -0.17969652 0.81849924 0.54568136
vn -0.47584849 0.46642789 0.74566295
vn -0.47228330 0.32852081 0.81793799
vn -0.12715080 0.36922215 0.92060180
vn -0.16117792 0.44854678 0.87910606
vn -0.12393314 0.54465247 0.82945420
vn -0.12401062 0.63201619 0.76496856
vn -0.47573387 0.16691937 0.86360593
vn -0.12331758 0.16899379 0.97787211
vn -0.14810547 0.26669622 0.95233287
vn -0.12549112 -0.13283693 0.98316140
vn -0.47371799 -0.12256364 0.87210631
vn -0.15354364 -0.23611579 0.95951742
vn -0.47537038 -0.28709969 0.83162297
vn -0.12287997 -0.33814884 0.93303584
vn -0.12247327 -0.43291859 0.89307435
vn -0.47137028 -0.41822531 0.77646484
vn -0.12585921 -0.51053855 0.85059382
vn -0.47481094 -0.54235179 0.69311551
vn -0.12305827 -0.60095358 0.78975405
vn -0.12413293 -0.86456413 0.48694957
vn -0.13115372 -0.81557015 0.56359918
vn -0.47034622 -0.65945681 0.58642233
vn -0.13021443 -0.74720706 0.65170991
vn -0.19234158 -0.68324978 0.70439652
vn -0.12308703 -0.99237402 -0.00658733
vn -0.14091055 -0.98576807 0.09168172
vn -0.47084417 -0.86358387 0.18035709
vn -0.12684292 -0.97190331 0.19827968
vn -0.17320538 -0.94420090 0.28015096
vn -0.12202296 -0.85817388 -0.49864615
vn -0.15005655 -0.90205339 -0.40470078
vn -0.47267648 -0.83777659 -0.27332643
vn -0.12567542 -0.94363047 -0.30621434
vn -0.15394947 -0.96371278 -0.21807620
vn -0.82936741 0.20517013 0.51966808
vn -0.82932341 0.29230340 0.47621570
vn -0.82930202 0.37063217 0.41819846
vn -0.82931945 0.43756985 0.34750809
vn -0.82940476 0.49114374 0.26620588
vn -0.82934526 0.52999188 0.17690407
vn -0.82899919 0.55318798 0.08211819
vn -0.82941671 0.55842843 -0.01502048
vn -0.82934412 0.11180437 0.54743777
vn -0.82941671 0.01502048 0.55842843
vn -0.82899919 -0.08211819 0.55318798
vn -0.82934526 -0.17690407 0.52999188
vn -0.82940476 -0.26620588 0.49114374
vn -0.82931945 -0.34750809 0.43756985
vn -0.82930202 -0.41819846 0.37063217
vn -0.82932341 -0.47621570 0.29230340
vn -0.82936741 -0.51966808 0.20517013
vn -0.82934412 -0.54743777 0.11180437
vn -0.82941671 -0.55842843 0.01502048
vn -0.82899919 -0.55318798 -0.08211819
vn -0.82934526 -0.52999188 -0.17690407
vn -0.82940476 -0.49114374 -0.26620588
vn -0.82931945 -0.43756985 -0.34750809
vn -0.82930202 -0.37063217 -0.41819846
vn -0.82932341 -0.29230340 -0.47621570
vn -0.82936741 -0.20517013 -0.51966808
vn -0.82934412 -0.11180437 -0.54743777
vn -0.82941671 -0.01502048 -0.55842843
vn -0.82899919 0.08211819 -0.55318798
vn -0.82934526 0.17690407 -0.52999188
vn -0.82940476 0.26620588 -0.49114374
vn -0.82931945 0.34750809 -0.43756985
vn -0.82930202 0.41819846 -0.37063217
vn -0.82932341 0.47621570 -0.29230340
vn -0.82936741 0.51966808 -0.20517013
vn -0.82934412 0.54743777 -0.11180437
vn -0.99493533 0.03694233 0.09348237
vn -0.99496071 0.05244186 0.08545784
vn -0.99493558 0.06667688 0.07521553
vn -0.99495664 0.07853471 0.06239861
vn -0.99494705 0.08828560 0.04781231
vn -0.99499012 0.09481411 0.03170074
vn -0.99495895 0.09919310 0.01474489
vn -0.99493426 0.10048979 -0.00276189
vn -0.99498331 0.09802543 -0.01998051
vn -0.99498331 0.01998051 0.09802543
vn -0.99493426 0.00276189 0.10048979
vn -0.99495895 -0.01474489 0.09919310
vn -0.99499012 -0.03170074 0.09481411
vn -0.99494705 -0.04781231 0.08828560
vn -0.99495664 -0.06239861 0.07853471
vn -0.99493558 -0.07521553 0.06667688
vn -0.99496071 -0.08545784 0.05244186
vn -0.99493533 -0.09348237 0.03694233
vn -0.99498331 -0.09802543 0.01998051
vn -0.99493426 -0.10048979 0.00276189
vn -0.99495895 -0.09919310 -0.01474489
vn -0.99499012 -0.09481411 -0.03170074
vn -0.99494705 -0.08828560 -0.04781231
vn -0.99495664 -0.07853471 -0.06239861
vn -0.99493558 -0.06667688 -0.07521553
vn -0.99496071 -0.05244186 -0.08545784
vn -0.99493533 -0.03694233 -0.09348237
vn -0.99498331 -0.01998051 -0.09802543
vn -0.99493426 -0.00276189 -0.10048979
vn -0.99495895 0.01474489 -0.09919310
vn -0.99499012 0.03170074 -0.09481411
vn -0.99494705 0.04781231 -0.08828560
vn -0.99495664 0.06239861 -0.07853471
vn -0.99493558 0.07521553 -0.06667688
vn -0.99496071 0.08545784 -0.05244186
vn -0.99493533 0.09348237 -0.03694233
vn -0.92312794 -0.14118212 -0.35763447
vn -0.92298129 -0.20139553 -0.32794113
vn -0.92318145 -0.25488324 -0.28769871
vn -0.92307213 -0.30121774 -0.23917717
vn -0.92316246 -0.33792786 -0.18323707
vn -0.92308031 -0.36484234 -0.12170790
vn -0.92303555 -0.38053490 -0.05655589
vn -0.92304493 -0.38455300 0.01034610
vn -0.92310355 -0.37676845 0.07697640
vn -0.92312794 -0.35763447 0.14118212
vn -0.92310355 -0.07697640 -0.37676845
vn -0.92304493 -0.01034610 -0.38455300
vn -0.92303555 0.05655589 -0.38053490
vn -0.92308031 0.12170790 -0.36484234
vn -0.92308171 0.18329205 -0.33811859
vn -0.92306352 0.23921201 -0.30121645
vn -0.92318145 0.28769871 -0.25488324
vn -0.92298129 0.32794113 -0.20139553
vn -0.92312794 0.35763447 -0.14118212
vn -0.92310355 0.37676845 -0.07697640
vn -0.92304493 0.38455300 -0.01034610
vn -0.92303555 0.38053490 0.05655589
vn -0.92308031 0.36484234 0.12170790
vn -0.92316246 0.33792786 0.18323707
vn -0.92307213 0.30121774 0.23917717
vn -0.92318145 0.25488324 0.28769871
vn -0.92298129 0.20139553 0.32794113
vn -0.92312794 0.14118212 0.35763447
vn -0.92310355 0.07697640 0.37676845
vn -0.92304493 0.01034610 0.38455300
vn -0.92303555 -0.05655589 0.38053490
vn -0.92308031 -0.12170790 0.36484234
vn -0.92308171 -0.18329205 0.33811859
vn -0.92306352 -0.23921201 0.30121645
vn -0.92318145 -0.28769871 0.25488324
vn -0.92298129 -0.32794113 0.20139553
vn -0.64143193 -0.28263634 -0.71321930
vn -0.64016885 -0.40543163 -0.65254045
vn -0.63782309 -0.51579741 -0.57195693
vn -0.63437553 -0.61045295 -0.47425192
vn -0.63077416 -0.68590213 -0.36285289
vn -0.62838592 -0.73943201 -0.24160182
vn -0.62876462 -0.76910884 -0.11457156
vn -0.63397798 -0.77321334 0.01459616
vn -0.64289625 -0.75260048 0.14239712
vn -0.65478298 -0.70830194 0.26375675
vn -0.66798465 -0.64302842 0.37458104
vn -0.68149248 -0.12385136 -0.72126891
vn -0.66824185 -0.00278933 -0.74393887
vn -0.65431295 0.12578292 -0.74568976
vn -0.64274237 0.25319020 -0.72303317
vn -0.63350579 0.37421448 -0.67722518
vn -0.62828080 0.48404875 -0.60906490
vn -0.62797859 0.57913843 -0.51984764
vn -0.63078329 0.65714931 -0.41263450
vn -0.63465191 0.71575398 -0.29139869
vn -0.63838932 0.75278041 -0.16056381
vn -0.64074430 0.76735432 -0.02478086
vn -0.64154007 0.75889853 0.11180049
vn -0.62300538 0.73974949 0.25423412
vn -0.66752074 0.64479689 0.37236143
vn -0.65427494 0.58292111 0.48179589
vn -0.64276194 0.49964677 0.58069802
vn -0.63369976 0.39941032 0.66249228
vn -0.62885215 0.28529263 0.72329323
vn -0.62821767 0.16069483 0.76126194
vn -0.63092349 0.02869176 0.77531434
vn -0.63434098 -0.10552580 0.76581710
vn -0.63827966 -0.23746363 0.73226368
vn -0.64052250 -0.36235875 0.67707242
vn -0.64149752 -0.47635168 0.60130692
vn -0.68154579 -0.56267574 0.46785826
vn 0.92792694 -0.32788442 -0.17732286
vn 0.22192952 0.82371586 0.52176573
vn 0.36725931 0.83010362 0.41958143
vn 0.08667129 0.89327905 0.44106760
vn 0.11186626 0.93004065 0.35001475
vn 0.36791509 0.89012335 0.26892174
vn 0.08666402 0.96204627 0.25875920
vn 0.36697716 0.92067163 0.13300943
vn 0.08637582 0.98405811 0.15546333
vn 0.21444033 0.97552854 0.04857389
vn 0.36849215 0.92856030 -0.04460155
vn 0.08848623 0.99467743 -0.05279195
vn 0.15738081 0.97662029 -0.14643800
vn 0.36963327 0.90438008 -0.21323205
vn 0.08718066 0.96473065 -0.24838338
vn 0.36833545 0.86497431 -0.34080558
vn 0.08684876 0.93266502 -0.35013319
vn 0.19842337 0.87598175 -0.43964091
vn 0.36558781 0.78649143 -0.49777182
vn 0.08702043 0.84154846 -0.53312628
vn 0.19294179 0.77327737 -0.60399964
vn 0.36977726 0.67859188 -0.63464780
vn 0.08878422 0.71592940 -0.69250448
vn 0.37115137 0.58011927 -0.72505744
vn 0.08942766 0.63814358 -0.76470613
vn 0.12690631 0.07771990 -0.98886521
vn 0.08627946 0.17883660 -0.98008843
vn 0.36963822 0.14028175 -0.91852524
vn 0.08995727 0.28080295 -0.95554037
vn 0.36980797 0.27419222 -0.88772782
vn 0.21413735 0.37385054 -0.90243059
vn 0.36345722 0.44256225 -0.81977894
vn 0.08920287 0.47609763 -0.87485650
vn 0.18811425 0.54225024 -0.81888810
vn 0.08939993 -0.01534440 -0.99587760
vn 0.36575744 -0.02188168 -0.93045295
vn 0.22295002 -0.11876326 -0.96756838
vn 0.36883227 -0.20155239 -0.90738051
vn 0.08977744 -0.22629730 -0.96991213
vn 0.09491811 -0.33085735 -0.93889508
vn 0.36511746 -0.35118082 -0.86218401
vn 0.08383125 -0.41513710 -0.90588824
vn 0.36643221 -0.47996957 -0.79709262
vn 0.08556408 -0.50236542 -0.86041140
vn 0.22061326 -0.58030501 -0.78394891
vn 0.36654855 -0.62360225 -0.69047983
vn 0.08865450 -0.67250835 -0.73476044
vn 0.14510088 -0.73459846 -0.66280528
vn 0.37119092 -0.73638851 -0.56564058
vn 0.08936206 -0.80370717 -0.58827647
vn 0.36786740 -0.81155706 -0.45392589
vn 0.08793577 -0.86184853 -0.49948415
vn 0.20644086 -0.89398482 -0.39771008
vn 0.92789069 -0.29239144 -0.23135711
vn 0.92819400 -0.24757111 -0.27778489
vn 0.92805089 -0.19613995 -0.31662385
vn 0.92807333 -0.13853527 -0.34567017
vn 0.92766297 -0.07685412 -0.36542423
vn 0.92815783 -0.01272748 -0.37196915
vn 0.92767243 0.05187481 -0.36977407
vn 0.92762125 0.11500308 -0.35537742
vn 0.92819112 0.17393166 -0.32895140
vn 0.92776403 0.22882297 -0.29477781
vn 0.92779294 0.27626621 -0.25075336
vn 0.92791713 0.31509138 -0.19921652
vn 0.92788939 0.34487333 -0.14171684
vn 0.92821129 0.36335215 -0.07999390
vn 0.92770778 0.37295926 -0.01611399
vn 0.92779737 0.36993043 0.04840987
vn 0.92789717 0.35574311 0.11159605
vn 0.92760301 0.33174808 0.17174362
vn 0.70094997 -0.62736142 -0.33924442
vn 0.70140439 -0.55906863 -0.44212458
vn 0.70106703 -0.47454085 -0.53227437
vn 0.70170867 -0.37513777 -0.60570339
vn 0.70146350 -0.26499170 -0.66161043
vn 0.70094704 -0.14685334 -0.69793075
vn 0.70130631 -0.02419608 -0.71244931
vn 0.70176127 0.09915964 -0.70547749
vn 0.70091978 0.21976767 -0.67853786
vn 0.70185205 0.33306425 -0.62966015
vn 0.70112022 0.43732320 -0.56318635
vn 0.70133726 0.52762312 -0.47931189
vn 0.70100500 0.60290802 -0.38091195
vn 0.70188545 0.65875897 -0.27091225
vn 0.70237442 0.69517619 -0.15297137
vn 0.70200910 0.71151097 -0.03058359
vn 0.70220962 0.70592585 0.09257617
vn 0.70115571 0.68031648 0.21342481
vn 0.70196299 0.63261427 0.32718061
vn -0.81443922 -0.55657898 0.16403838
vn -0.95955654 0.07777890 0.27055809
vn -0.22798334 0.66830182 0.70809341
vn -0.28620583 0.54769603 0.78620308
vn -0.58704340 0.35058244 0.72970679
vn -0.52881990 0.46956655 0.70700549
vn -0.96146354 -0.16435457 0.22039837
vn -0.96125435 -0.12889440 0.24367256
vn -0.96124145 -0.08934943 0.26082859
vn -0.96125276 -0.04758906 0.27152978
vn -0.96123938 -0.00466095 0.27567576
vn -0.96123734 0.03838263 0.27303765
vn -0.96125600 -0.19769356 0.19210457
vn -0.96125694 -0.22520838 0.15895368
vn -0.96128073 -0.24656411 0.12306703
vn -0.82250926 -0.50993254 0.25188752
vn -0.57859193 -0.77976016 0.23917665
vn -0.45007620 -0.87877534 0.15869882
vn -0.06231505 -0.97435051 -0.21623581
vn -0.06586327 -0.98862726 -0.13519676
vn -0.27505720 -0.96117943 -0.02185506
vn -0.06207061 -0.98615716 0.15375728
vn -0.03574942 -0.99646650 0.07600323
vn -0.06641937 -0.99728491 -0.03180056
vn -0.06212984 -0.93813344 0.34065456
vn -0.06619018 -0.96270127 0.26234543
vn -0.28280018 -0.91626343 0.28369946
vn -0.28608877 -0.94789781 0.14015335
vn -0.06505978 -0.89929645 0.43247326
vn -0.28145939 -0.86233780 0.42089682
vn -0.05666693 -0.85133629 0.52155093
vn -0.27943330 -0.78148424 0.55785250
vn -0.06624296 -0.79992698 0.59642996
vn -0.28047331 -0.69048284 0.66675945
vn -0.06605429 -0.73402029 0.67590757
vn -0.27993774 -0.31605633 0.90650056
vn -0.06694739 -0.43500046 0.89793800
vn -0.28138381 -0.44644701 0.84941640
vn -0.06313140 -0.50858766 0.85869262
vn -0.28365301 -0.57619678 0.76651043
vn -0.06339817 -0.59580335 0.80062416
vn -0.04861157 -0.66647941 0.74393690
vn -0.06078401 0.03369737 0.99758197
vn -0.06637504 -0.05101819 0.99648959
vn -0.28211910 -0.01761217 0.95921771
vn -0.06692354 -0.15350509 0.98587901
vn -0.28007878 -0.16049954 0.94646488
vn -0.05519529 -0.24793275 0.96720361
vn -0.06712264 -0.34178373 0.93737849
vn -0.06460585 0.13049217 0.98934214
vn -0.28160126 0.13008199 0.95067313
vn -0.05693451 0.23095774 0.97129655
vn -0.27946708 0.28500847 0.91687967
vn -0.06604292 0.31714937 0.94607326
vn -0.28027566 0.41708467 0.86457269
vn -0.06600590 0.41301970 0.90832700
vn -0.06658170 0.71600675 0.69491094
vn -0.06371112 0.65776225 0.75052629
vn -0.06246789 0.57523997 0.81559594
vn -0.04626694 0.50025032 0.86464385
vn -0.57893758 -0.73133016 0.36053776
vn -0.57883557 -0.66628890 0.47011539
vn -0.57887530 -0.58477324 0.56828130
vn -0.57885656 -0.48903276 0.65251210
vn -0.57903247 -0.38125268 0.72067176
vn -0.57892502 -0.26430166 0.77135625
vn -0.57897959 -0.14067231 0.80311515
vn -0.57894077 -0.01373851 0.81525385
vn -0.57906053 0.11352963 0.80734127
vn -0.57889243 0.23795539 0.77991076
vn -0.82224177 -0.46499390 0.32817548
vn -0.82222770 -0.40818424 0.39664497
vn -0.82228865 -0.34128190 0.45537680
vn -0.82229867 -0.26608853 0.50301272
vn -0.82220880 -0.18448005 0.53846058
vn -0.82225990 -0.09823508 0.56056983
vn -0.82228925 -0.00963307 0.56898821
vn -0.82232382 0.07924132 0.56347524
vn -0.82453445 0.16084835 0.54246727
vn -0.77247210 0.14954580 0.61718952
f 1//1 2//2 3//3
f 3//3 2//2 4//4
f 3//3 4//4 5//5
f 6//6 7//7 8//8
f 8//8 7//7 9//9
f 8//8 9//9 10//10
f 11//11 12//12 13//13
f 13//13 12//12 14//14
f 13//13 14//14 15//15
f 16//16 17//17 18//18
f 18//18 17//17 19//19
f 18//18 19//19 20//20
f 21//21 22//22 23//23
f 23//23 22//22 24//24
f 23//23 24//24 25//25
f 26//26 27//27 28//28
f 28//28 27//27 29//29
f 28//28 29//29 30//30
f 31//31 32//32 33//33
f 33//33 32//32 34//34
f 33//33 34//34 35//35
f 36//36 37//37 38//38
f 38//38 37//37 39//39
f 38//38 39//39 40//40
f 41//41 42//42 43//43
f 43//43 42//42 44//44
f 43//43 44//44 45//45
f 46//46 47//47 48//48
f 48//48 47//47 49//49
f 48//48 49//49 50//50
f 51//51 52//52 53//53
f 53//53 52//52 54//54
f 53//53 54//54 55//55
f 56//56 57//57 58//58
f 58//58 57//57 59//59
f 58//58 59//59 60//60
f 61//61 18//18 62//62
f 62//62 18//18 20//20
f 62//62 20//20 63//63
f 64//64 13//13 65//65
f 65//65 13//13 15//15
f 65//65 15//15 66//66
f 67//67 28//28 68//68
f 68//68 28//28 30//30
f 68//68 30//30 69//69
f 70//70 23//23 71//71
f 71//71 23//23 25//25
f 71//71 25//25 72//72
f 73//73 58//58 74//74
f 74//74 58//58 60//60
f 74//74 60//60 75//75
f 76//76 53//53 77//77
f 77//77 53//53 55//55
f 77//77 55//55 78//78
f 79//79 8//8 80//80
f 80//80 8//8 10//10
f 80//80 10//10 81//81
f 82//82 3//3 83//83
f 83//83 3//3 5//5
f 83//83 5//5 84//84
f 85//85 38//38 86//86
f 86//86 38//38 40//40
f 86//86 40//40 87//87
f 88//88 33//33 89//89
f 89//89 33//33 35//35
f 89//89 35//35 90//90
f 91//91 48//48 92//92
f 92//92 48//48 50//50
f 92//92 50//50 93//93
f 94//94 43//43 95//95
f 95//95 43//43 45//45
f 95//95 45//45 96//96
f 8//8 79//79 97//97
f 3//3 82//82 98//98
f 99//99 5//5 100//100
f 100//100 5//5 4//4
f 100//100 4//4 101//101
f 101//101 4//4 2//2
f 101//101 2//2 102//102
f 102//102 2//2 1//1
f 102//102 1//1 103//103
f 104//104 81//81 10//10
f 1//1 3//3 103//103
f 103//103 3//3 98//98
f 103//103 98//98 105//105
f 105//105 98//98 106//106
f 105//105 106//106 107//107
f 106//106 104//104 107//107
f 107//107 104//104 10//10
f 107//107 10//10 108//108
f 108//108 10//10 9//9
f 108//108 9//9 109//109
f 109//109 9//9 7//7
f 109//109 7//7 110//110
f 110//110 7//7 6//6
f 110//110 6//6 111//111
f 6//6 8//8 111//111
f 111//111 8//8 97//97
f 111//111 97//97 112//112
f 112//112 97//97 113//113
f 112//112 113//113 99//99
f 99//99 113//113 114//114
f 99//99 114//114 5//5
f 5//5 114//114 84//84
f 18//18 61//61 115//115
f 13//13 64//64 116//116
f 117//117 15//15 118//118
f 118//118 15//15 14//14
f 118//118 14//14 119//119
f 119//119 14//14 12//12
f 119//119 12//12 120//120
f 120//120 12//12 11//11
f 120//120 11//11 121//121
f 122//122 63//63 20//20
f 11//11 13//13 121//121
f 121//121 13//13 116//116
f 121//121 116//116 123//123
f 123//123 116//116 124//124
f 123//123 124//124 125//125
f 124//124 122//122 125//125
f 125//125 122//122 20//20
f 125//125 20//20 126//126
f 126//126 20//20 19//19
f 126//126 19//19 127//127
f 127//127 19//19 17//17
f 127//127 17//17 128//128
f 128//128 17//17 16//16
f 128//128 16//16 129//129
f 16//16 18//18 129//129
f 129//129 18//18 115//115
f 129//129 115//115 130//130
f 130//130 115//115 131//131
f 130//130 131//131 117//117
f 117//117 131//131 132//132
f 117//117 132//132 15//15
f 15//15 132//132 66//66
f 28//28 67//67 133//133
f 23//23 70//70 134//134
f 135//135 25//25 136//136
f 136//136 25//25 24//24
f 136//136 24//24 137//137
f 137//137 24//24 22//22
f 137//137 22//22 138//138
f 138//138 22//22 21//21
f 138//138 21//21 139//139
f 140//140 69//69 30//30
f 21//21 23//23 139//139
f 139//139 23//23 134//134
f 139//139 134//134 141//141
f 141//141 134//134 142//142
f 141//141 142//142 143//143
f 142//142 140//140 143//143
f 143//143 140//140 30//30
f 143//143 30//30 144//144
f 144//144 30//30 29//29
f 144//144 29//29 145//145
f 145//145 29//29 27//27
f 145//145 27//27 146//146
f 146//146 27//27 26//26
f 146//146 26//26 147//147
f 26//26 28//28 147//147
f 147//147 28//28 133//133
f 147//147 133//133 148//148
f 148//148 133//133 149//149
f 148//148 149//149 135//135
f 135//135 149//149 150//150
f 135//135 150//150 25//25
f 25//25 150//150 72//72
f 38//38 85//85 151//151
f 33//33 88//88 152//152
f 153//153 35//35 154//154
f 154//154 35//35 34//34
f 154//154 34//34 155//155
f 155//155 34//34 32//32
f 155//155 32//32 156//156
f 156//156 32//32 31//31
f 156//156 31//31 157//157
f 158//158 87//87 40//40
f 31//31 33//33 157//157
f 157//157 33//33 152//152
f 157//157 152//152 159//159
f 159//159 152//152 160//160
f 159//159 160//160 161//161
f 160//160 158//158 161//161
f 161//161 158//158 40//40
f 161//161 40//40 162//162
f 162//162 40//40 39//39
f 162//162 39//39 163//163
f 163//163 39//39 37//37
f 163//163 37//37 164//164
f 164//164 37//37 36//36
f 164//164 36//36 165//165
f 36//36 38//38 165//165
f 165//165 38//38 151//151
f 165//165 151//151 166//166
f 166//166 151//151 167//167
f 166//166 167//167 153//153
f 153//153 167//167 168//168
f 153//153 168//168 35//35
f 35//35 168//168 90//90
f 48//48 91//91 169//169
f 43//43 94//94 170//170
f 171//171 45//45 172//172
f 172//172 45//45 44//44
f 172//172 44//44 173//173
f 173//173 44//44 42//42
f 173//173 42//42 174//174
f 174//174 42//42 41//41
f 174//174 41//41 175//175
f 176//176 93//93 50//50
f 41//41 43//43 175//175
f 175//175 43//43 170//170
f 175//175 170//170 177//177
f 177//177 170//170 178//178
f 177//177 178//178 179//179
f 178//178 176//176 179//179
f 179//179 176//176 50//50
f 179//179 50//50 180//180
f 180//180 50//50 49//49
f 180//180 49//49 181//181
f 181//181 49//49 47//47
f 181//181 47//47 182//182
f 182//182 47//47 46//46
f 182//182 46//46 183//183
f 46//46 48//48 183//183
f 183//183 48//48 169//169
f 183//183 169//169 184//184
f 184//184 169//169 185//185
f 184//184 185//185 171//171
f 171//171 185//185 186//186
f 171//171 186//186 45//45
f 45//45 186//186 96//96
f 58//58 73//73 187//187
f 53//53 76//76 188//188
f 189//189 55//55 190//190
f 190//190 55//55 54//54
f 190//190 54//54 191//191
f 191//191 54//54 52//52
f 191//191 52//52 192//192
f 192//192 52//52 51//51
f 192//192 51//51 193//193
f 194//194 75//75 60//60
f 51//51 53//53 193//193
f 193//193 53//53 188//188
f 193//193 188//188 195//195
f 195//195 188//188 196//196
f 195//195 196//196 197//197
f 196//196 194//194 197//197
f 197//197 194//194 60//60
f 197//197 60//60 198//198
f 198//198 60//60 59//59
f 198//198 59//59 199//199
f 199//199 59//59 57//57
f 199//199 57//57 200//200
f 200//200 57//57 56//56
f 200//200 56//56 201//201
f 56//56 58//58 201//201
f 201//201 58//58 187//187
f 201//201 187//187 202//202
f 202//202 187//187 203//203
f 202//202 203//203 189//189
f 189//189 203//203 204//204
f 189//189 204//204 55//55
f 55//55 204//204 78//78
f 205//205 206//206 207//207
f 207//207 206//206 208//208
f 209//209 210//210 211//211
f 211//211 210//210 212//212
f 213//213 214//214 215//215
f 215//215 214//214 216//216
f 215//215 216//216 217//217
f 217//217 216//216 218//218
f 61//61 62//62 219//219
f 61//61 219//219 115//115
f 115//115 219//219 220//220
f 115//115 220//220 131//131
f 131//131 220//220 221//221
f 131//131 221//221 132//132
f 132//132 221//221 222//222
f 132//132 222//222 66//66
f 66//66 222//222 223//223
f 66//66 223//223 65//65
f 64//64 65//65 224//224
f 64//64 224//224 116//116
f 116//116 224//224 225//225
f 116//116 225//225 124//124
f 124//124 225//225 226//226
f 124//124 226//226 122//122
f 122//122 226//226 227//227
f 122//122 227//227 63//63
f 63//63 227//227 228//228
f 63//63 228//228 62//62
f 229//229 71//71 72//72
f 229//229 72//72 230//230
f 230//230 72//72 150//150
f 230//230 150//150 231//231
f 231//231 150//150 149//149
f 231//231 149//149 232//232
f 232//232 149//149 133//133
f 232//232 133//133 233//233
f 233//233 133//133 67//67
f 233//233 67//67 68//68
f 234//234 68//68 69//69
f 234//234 69//69 235//235
f 235//235 69//69 140//140
f 235//235 140//140 236//236
f 236//236 140//140 142//142
f 236//236 142//142 237//237
f 237//237 142//142 134//134
f 237//237 134//134 238//238
f 238//238 134//134 70//70
f 238//238 70//70 71//71
f 239//239 77//77 78//78
f 239//239 78//78 240//240
f 240//240 78//78 204//204
f 240//240 204//204 241//241
f 241//241 204//204 203//203
f 241//241 203//203 242//242
f 242//242 203//203 187//187
f 242//242 187//187 243//243
f 243//243 187//187 73//73
f 243//243 73//73 74//74
f 244//244 74//74 75//75
f 244//244 75//75 245//245
f 245//245 75//75 194//194
f 245//245 194//194 246//246
f 246//246 194//194 196//196
f 246//246 196//196 247//247
f 247//247 196//196 188//188
f 247//247 188//188 248//248
f 248//248 188//188 76//76
f 248//248 76//76 77//77
f 249//249 83//83 84//84
f 249//249 84//84 250//250
f 250//250 84//84 114//114
f 250//250 114//114 251//251
f 251//251 114//114 113//113
f 251//251 113//113 252//252
f 252//252 113//113 97//97
f 252//252 97//97 253//253
f 253//253 97//97 79//79
f 253//253 79//79 80//80
f 254//254 80//80 81//81
f 254//254 81//81 255//255
f 255//255 81//81 104//104
f 255//255 104//104 256//256
f 256//256 104//104 106//106
f 256//256 106//106 257//257
f 257//257 106//106 98//98
f 257//257 98//98 258//258
f 258//258 98//98 82//82
f 258//258 82//82 83//83
f 85//85 86//86 259//259
f 85//85 259//259 151//151
f 151//151 259//259 260//260
f 151//151 260//260 167//167
f 167//167 260//260 261//261
f 167//167 261//261 168//168
f 168//168 261//261 262//262
f 168//168 262//262 90//90
f 90//90 262//262 263//263
f 90//90 263//263 89//89
f 88//88 89//89 264//264
f 88//88 264//264 152//152
f 152//152 264//264 265//265
f 152//152 265//265 160//160
f 160//160 265//265 266//266
f 160//160 266//266 158//158
f 158//158 266//266 267//267
f 158//158 267//267 87//87
f 87//87 267//267 268//268
f 87//87 268//268 86//86
f 269//269 95//95 96//96
f 269//269 96//96 270//270
f 270//270 96//96 186//186
f 270//270 186//186 271//271
f 271//271 186//186 185//185
f 271//271 185//185 272//272
f 272//272 185//185 169//169
f 272//272 169//169 273//273
f 273//273 169//169 91//91
f 273//273 91//91 92//92
f 274//274 92//92 93//93
f 274//274 93//93 275//275
f 275//275 93//93 176//176
f 275//275 176//176 276//276
f 276//276 176//176 178//178
f 276//276 178//178 277//277
f 277//277 178//178 170//170
f 277//277 170//170 278//278
f 278//278 170//170 94//94
f 278//278 94//94 95//95
f 279//279 280//280 281//281
f 281//281 280//280 282//282
f 281//281 282//282 283//283
f 283//283 282//282 284//284
f 284//284 282//282 285//285
f 284//284 285//285 286//286
f 286//286 285//285 287//287
f 286//286 287//287 288//288
f 288//288 287//287 289//289
f 288//288 289//289 290//290
f 290//290 289//289 291//291
f 290//290 291//291 292//292
f 292//292 291//291 293//293
f 293//293 291//291 294//294
f 293//293 294//294 295//295
f 295//295 294//294 296//296
f 295//295 296//296 297//297
f 297//297 296//296 298//298
f 297//297 298//298 299//299
f 299//299 298//298 300//300
f 299//299 300//300 301//301
f 301//301 300//300 302//302
f 302//302 300//300 303//303
f 302//302 303//303 304//304
f 304//304 303//303 305//305
f 304//304 305//305 306//306
f 306//306 305//305 307//307
f 306//306 307//307 308//308
f 308//308 307//307 309//309
f 308//308 309//309 310//310
f 310//310 309//309 311//311
f 311//311 309//309 312//312
f 311//311 312//312 313//313
f 313//313 312//312 314//314
f 313//313 314//314 315//315
f 315//315 314//314 316//316
f 315//315 316//316 317//317
f 317//317 316//316 318//318
f 317//317 318//318 319//319
f 319//319 318//318 320//320
f 320//320 318//318 321//321
f 320//320 321//321 322//322
f 322//322 321//321 323//323
f 322//322 323//323 324//324
f 324//324 323//323 325//325
f 324//324 325//325 326//326
f 326//326 325//325 327//327
f 326//326 327//327 328//328
f 328//328 327//327 329//329
f 328//328 329//329 330//330
f 330//330 329//329 331//331
f 330//330 331//331 332//332
f 332//332 331//331 333//333
f 332//332 333//333 334//334
f 334//334 333//333 335//335
f 334//334 335//335 336//336
f 336//336 335//335 337//337
f 336//336 337//337 338//338
f 338//338 337//337 339//339
f 339//339 337//337 340//340
f 339//339 340//340 341//341
f 341//341 340//340 342//342
f 341//341 342//342 343//343
f 343//343 342//342 344//344
f 343//343 344//344 345//345
f 345//345 344//344 346//346
f 345//345 346//346 347//347
f 347//347 346//346 348//348
f 348//348 346//346 349//349
f 348//348 349//349 350//350
f 350//350 349//349 351//351
f 350//350 351//351 352//352
f 352//352 351//351 353//353
f 352//352 353//353 354//354
f 354//354 353//353 355//355
f 354//354 355//355 356//356
f 356//356 355//355 357//357
f 357//357 355//355 358//358
f 357//357 358//358 359//359
f 359//359 358//358 360//360
f 359//359 360//360 361//361
f 361//361 360//360 362//362
f 361//361 362//362 363//363
f 363//363 362//362 364//364
f 363//363 364//364 365//365
f 365//365 364//364 366//366
f 366//366 364//364 367//367
f 366//366 367//367 368//368
f 368//368 367//367 369//369
f 368//368 369//369 370//370
f 370//370 369//369 371//371
f 370//370 371//371 372//372
f 372//372 371//371 373//373
f 372//372 373//373 279//279
f 279//279 373//373 374//374
f 279//279 374//374 280//280
f 208//208 206//206 375//375
f 375//375 206//206 376//376
f 375//375 376//376 377//377
f 377//377 376//376 378//378
f 377//377 378//378 379//379
f 379//379 378//378 380//380
f 379//379 380//380 381//381
f 381//381 380//380 382//382
f 381//381 382//382 383//383
f 383//383 382//382 384//384
f 383//383 384//384 385//385
f 385//385 384//384 386//386
f 387//387 388//388 389//389
f 387//387 389//389 390//390
f 391//391 392//392 393//393
f 394//394 386//386 395//395
f 395//395 386//386 396//396
f 395//395 396//396 397//397
f 397//397 396//396 398//398
f 397//397 398//398 399//399
f 399//399 398//398 400//400
f 399//399 400//400 401//401
f 401//401 400//400 402//402
f 401//401 402//402 389//389
f 389//389 402//402 391//391
f 389//389 391//391 390//390
f 390//390 391//391 393//393
f 378//378 376//376 403//403
f 403//403 376//376 206//206
f 404//404 384//384 382//382
f 386//386 384//384 396//396
f 396//396 384//384 404//404
f 396//396 404//404 398//398
f 398//398 404//404 405//405
f 398//398 405//405 400//400
f 400//400 405//405 402//402
f 402//402 405//405 406//406
f 402//402 406//406 391//391
f 407//407 408//408 409//409
f 410//410 411//411 408//408
f 412//412 411//411 413//413
f 413//413 411//411 410//410
f 413//413 410//410 414//414
f 414//414 410//410 415//415
f 206//206 416//416 403//403
f 403//403 416//416 417//417
f 403//403 417//417 415//415
f 415//415 417//417 418//418
f 415//415 418//418 414//414
f 408//408 407//407 410//410
f 410//410 407//407 419//419
f 410//410 419//419 415//415
f 415//415 419//419 420//420
f 415//415 420//420 403//403
f 403//403 420//420 380//380
f 403//403 380//380 378//378
f 392//392 391//391 409//409
f 409//409 391//391 406//406
f 409//409 406//406 407//407
f 407//407 406//406 405//405
f 407//407 405//405 419//419
f 419//419 405//405 404//404
f 419//419 404//404 420//420
f 420//420 404//404 382//382
f 420//420 382//382 380//380
f 206//206 205//205 416//416
f 416//416 205//205 421//421
f 416//416 421//421 417//417
f 417//417 421//421 422//422
f 417//417 422//422 418//418
f 418//418 422//422 423//423
f 418//418 423//423 414//414
f 414//414 423//423 424//424
f 414//414 424//424 413//413
f 413//413 424//424 425//425
f 413//413 425//425 412//412
f 412//412 425//425 426//426
f 427//427 428//428 429//429
f 429//429 428//428 430//430
f 431//431 432//432 433//433
f 205//205 432//432 421//421
f 421//421 432//432 431//431
f 421//421 431//431 422//422
f 422//422 431//431 434//434
f 422//422 434//434 423//423
f 423//423 434//434 424//424
f 424//424 434//434 435//435
f 424//424 435//435 425//425
f 436//436 437//437 438//438
f 439//439 440//440 437//437
f 441//441 440//440 442//442
f 442//442 440//440 439//439
f 442//442 439//439 443//443
f 443//443 439//439 444//444
f 430//430 445//445 429//429
f 429//429 445//445 446//446
f 429//429 446//446 444//444
f 444//444 446//446 447//447
f 444//444 447//447 443//443
f 437//437 436//436 439//439
f 439//439 436//436 448//448
f 439//439 448//448 444//444
f 444//444 448//448 449//449
f 444//444 449//449 429//429
f 429//429 449//449 450//450
f 429//429 450//450 427//427
f 426//426 425//425 438//438
f 438//438 425//425 435//435
f 438//438 435//435 436//436
f 436//436 435//435 434//434
f 436//436 434//434 448//448
f 448//448 434//434 431//431
f 448//448 431//431 449//449
f 449//449 431//431 433//433
f 449//449 433//433 450//450
f 103//103 451//451 102//102
f 102//102 451//451 452//452
f 102//102 452//452 101//101
f 101//101 452//452 453//453
f 101//101 453//453 100//100
f 100//100 453//453 454//454
f 100//100 454//454 99//99
f 99//99 454//454 455//455
f 99//99 455//455 112//112
f 112//112 455//455 456//456
f 112//112 456//456 111//111
f 111//111 456//456 457//457
f 111//111 457//457 110//110
f 110//110 457//457 458//458
f 110//110 458//458 109//109
f 109//109 458//458 459//459
f 109//109 459//459 108//108
f 108//108 459//459 460//460
f 108//108 460//460 107//107
f 107//107 460//460 461//461
f 107//107 461//461 105//105
f 105//105 461//461 462//462
f 105//105 462//462 103//103
f 103//103 462//462 451//451
f 121//121 463//463 120//120
f 120//120 463//463 464//464
f 120//120 464//464 119//119
f 119//119 464//464 465//465
f 119//119 465//465 118//118
f 118//118 465//465 466//466
f 118//118 466//466 117//117
f 117//117 466//466 467//467
f 117//117 467//467 130//130
f 130//130 467//467 468//468
f 130//130 468//468 129//129
f 129//129 468//468 469//469
f 129//129 469//469 128//128
f 128//128 469//469 470//470
f 128//128 470//470 127//127
f 127//127 470//470 471//471
f 127//127 471//471 126//126
f 126//126 471//471 472//472
f 126//126 472//472 125//125
f 125//125 472//472 473//473
f 125//125 473//473 123//123
f 123//123 473//473 474//474
f 123//123 474//474 121//121
f 121//121 474//474 463//463
f 139//139 475//475 138//138
f 138//138 475//475 476//476
f 138//138 476//476 137//137
f 137//137 476//476 477//477
f 137//137 477//477 136//136
f 136//136 477//477 478//478
f 136//136 478//478 135//135
f 135//135 478//478 479//479
f 135//135 479//479 148//148
f 148//148 479//479 480//480
f 148//148 480//480 147//147
f 147//147 480//480 481//481
f 147//147 481//481 146//146
f 146//146 481//481 482//482
f 146//146 482//482 145//145
f 145//145 482//482 483//483
f 145//145 483//483 144//144
f 144//144 483//483 484//484
f 144//144 484//484 143//143
f 143//143 484//484 485//485
f 143//143 485//485 141//141
f 141//141 485//485 486//486
f 141//141 486//486 139//139
f 139//139 486//486 475//475
f 487//487 488//488 489//489
f 489//489 488//488 490//490
f 489//489 490//490 491//491
f 491//491 490//490 492//492
f 491//491 492//492 493//493
f 493//493 492//492 494//494
f 493//493 494//494 495//495
f 495//495 494//494 496//496
f 495//495 496//496 497//497
f 497//497 496//496 498//498
f 497//497 498//498 499//499
f 499//499 498//498 500//500
f 499//499 500//500 501//501
f 501//501 500//500 502//502
f 501//501 502//502 503//503
f 503//503 502//502 504//504
f 503//503 504//504 505//505
f 505//505 504//504 506//506
f 505//505 506//506 507//507
f 507//507 506//506 508//508
f 507//507 508//508 509//509
f 509//509 508//508 510//510
f 509//509 510//510 511//511
f 511//511 510//510 512//512
f 511//511 512//512 513//513
f 513//513 512//512 514//514
f 513//513 514//514 515//515
f 515//515 514//514 516//516
f 515//515 516//516 517//517
f 517//517 516//516 518//518
f 517//517 518//518 519//519
f 519//519 518//518 520//520
f 519//519 520//520 521//521
f 521//521 520//520 522//522
f 521//521 522//522 523//523
f 523//523 522//522 524//524
f 523//523 524//524 525//525
f 525//525 524//524 526//526
f 525//525 526//526 527//527
f 527//527 526//526 528//528
f 527//527 528//528 529//529
f 529//529 528//528 530//530
f 529//529 530//530 531//531
f 531//531 530//530 532//532
f 531//531 532//532 533//533
f 533//533 532//532 534//534
f 533//533 534//534 535//535
f 535//535 534//534 536//536
f 535//535 536//536 537//537
f 537//537 536//536 538//538
f 537//537 538//538 539//539
f 539//539 538//538 540//540
f 539//539 540//540 541//541
f 541//541 540//540 542//542
f 541//541 542//542 543//543
f 543//543 542//542 544//544
f 543//543 544//544 545//545
f 545//545 544//544 546//546
f 545//545 546//546 547//547
f 547//547 546//546 548//548
f 547//547 548//548 549//549
f 549//549 548//548 550//550
f 549//549 550//550 487//487
f 487//487 550//550 488//488
f 370//370 551//551 552//552
f 553//553 365//365 554//554
f 554//554 365//365 366//366
f 554//554 366//366 552//552
f 552//552 366//366 368//368
f 552//552 368//368 370//370
f 555//555 361//361 553//553
f 553//553 361//361 363//363
f 553//553 363//363 365//365
f 556//556 356//356 557//557
f 557//557 356//356 357//357
f 557//557 357//357 555//555
f 555//555 357//357 359//359
f 555//555 359//359 361//361
f 558//558 352//352 556//556
f 556//556 352//352 354//354
f 556//556 354//354 356//356
f 343//343 345//345 559//559
f 559//559 345//345 347//347
f 559//559 347//347 560//560
f 560//560 347//347 348//348
f 560//560 348//348 558//558
f 558//558 348//348 350//350
f 558//558 350//350 352//352
f 343//343 559//559 341//341
f 341//341 559//559 561//561
f 341//341 561//561 339//339
f 339//339 561//561 562//562
f 339//339 562//562 338//338
f 338//338 562//562 563//563
f 338//338 563//563 336//336
f 564//564 326//326 565//565
f 565//565 326//326 328//328
f 565//565 328//328 566//566
f 566//566 328//328 330//330
f 566//566 330//330 567//567
f 567//567 330//330 332//332
f 567//567 332//332 563//563
f 563//563 332//332 334//334
f 563//563 334//334 336//336
f 568//568 322//322 564//564
f 564//564 322//322 324//324
f 564//564 324//324 326//326
f 569//569 317//317 570//570
f 570//570 317//317 319//319
f 570//570 319//319 568//568
f 568//568 319//319 320//320
f 568//568 320//320 322//322
f 571//571 313//313 569//569
f 569//569 313//313 315//315
f 569//569 315//315 317//317
f 572//572 308//308 573//573
f 573//573 308//308 310//310
f 573//573 310//310 571//571
f 571//571 310//310 311//311
f 571//571 311//311 313//313
f 574//574 304//304 572//572
f 572//572 304//304 306//306
f 572//572 306//306 308//308
f 295//295 297//297 575//575
f 575//575 297//297 299//299
f 575//575 299//299 576//576
f 576//576 299//299 301//301
f 576//576 301//301 574//574
f 574//574 301//301 302//302
f 574//574 302//302 304//304
f 295//295 575//575 293//293
f 293//293 575//575 577//577
f 293//293 577//577 292//292
f 292//292 577//577 578//578
f 292//292 578//578 290//290
f 290//290 578//578 579//579
f 290//290 579//579 288//288
f 370//370 372//372 551//551
f 551//551 372//372 279//279
f 551//551 279//279 580//580
f 580//580 279//279 281//281
f 580//580 281//281 581//581
f 581//581 281//281 283//283
f 581//581 283//283 582//582
f 582//582 283//283 284//284
f 582//582 284//284 579//579
f 579//579 284//284 286//286
f 579//579 286//286 288//288
f 580//580 583//583 551//551
f 551//551 583//583 584//584
f 551//551 584//584 552//552
f 552//552 584//584 585//585
f 552//552 585//585 554//554
f 554//554 585//585 586//586
f 554//554 586//586 553//553
f 553//553 586//586 587//587
f 553//553 587//587 555//555
f 555//555 587//587 588//588
f 555//555 588//588 557//557
f 557//557 588//588 589//589
f 557//557 589//589 556//556
f 556//556 589//589 590//590
f 556//556 590//590 558//558
f 558//558 590//590 591//591
f 558//558 591//591 560//560
f 560//560 591//591 592//592
f 560//560 592//592 559//559
f 559//559 592//592 593//593
f 559//559 593//593 561//561
f 561//561 593//593 594//594
f 561//561 594//594 562//562
f 562//562 594//594 595//595
f 562//562 595//595 563//563
f 563//563 595//595 596//596
f 563//563 596//596 567//567
f 567//567 596//596 597//597
f 567//567 597//597 566//566
f 566//566 597//597 598//598
f 566//566 598//598 565//565
f 565//565 598//598 599//599
f 565//565 599//599 564//564
f 564//564 599//599 600//600
f 564//564 600//600 568//568
f 568//568 600//600 601//601
f 568//568 601//601 570//570
f 570//570 601//601 602//602
f 570//570 602//602 569//569
f 569//569 602//602 603//603
f 569//569 603//603 571//571
f 571//571 603//603 604//604
f 571//571 604//604 573//573
f 573//573 604//604 605//605
f 573//573 605//605 572//572
f 572//572 605//605 606//606
f 572//572 606//606 574//574
f 574//574 606//606 607//607
f 574//574 607//607 576//576
f 576//576 607//607 608//608
f 576//576 608//608 575//575
f 575//575 608//608 609//609
f 575//575 609//609 577//577
f 577//577 609//609 610//610
f 577//577 610//610 578//578
f 578//578 610//610 611//611
f 578//578 611//611 579//579
f 579//579 611//611 612//612
f 579//579 612//612 582//582
f 582//582 612//612 613//613
f 582//582 613//613 581//581
f 581//581 613//613 614//614
f 581//581 614//614 580//580
f 580//580 614//614 583//583
f 583//583 519//519 584//584
f 584//584 519//519 521//521
f 584//584 521//521 585//585
f 585//585 521//521 523//523
f 585//585 523//523 586//586
f 586//586 523//523 525//525
f 586//586 525//525 587//587
f 587//587 525//525 527//527
f 587//587 527//527 588//588
f 588//588 527//527 529//529
f 588//588 529//529 589//589
f 589//589 529//529 531//531
f 589//589 531//531 590//590
f 590//590 531//531 533//533
f 590//590 533//533 591//591
f 591//591 533//533 535//535
f 591//591 535//535 592//592
f 592//592 535//535 537//537
f 592//592 537//537 593//593
f 593//593 537//537 539//539
f 593//593 539//539 594//594
f 594//594 539//539 541//541
f 594//594 541//541 595//595
f 595//595 541//541 543//543
f 595//595 543//543 596//596
f 596//596 543//543 545//545
f 596//596 545//545 597//597
f 597//597 545//545 547//547
f 597//597 547//547 598//598
f 598//598 547//547 549//549
f 598//598 549//549 599//599
f 599//599 549//549 487//487
f 599//599 487//487 600//600
f 600//600 487//487 489//489
f 600//600 489//489 601//601
f 601//601 489//489 491//491
f 601//601 491//491 602//602
f 602//602 491//491 493//493
f 602//602 493//493 603//603
f 603//603 493//493 495//495
f 603//603 495//495 604//604
f 604//604 495//495 497//497
f 604//604 497//497 605//605
f 605//605 497//497 499//499
f 605//605 499//499 606//606
f 606//606 499//499 501//501
f 606//606 501//501 607//607
f 607//607 501//501 503//503
f 607//607 503//503 608//608
f 608//608 503//503 505//505
f 608//608 505//505 609//609
f 609//609 505//505 507//507
f 609//609 507//507 610//610
f 610//610 507//507 509//509
f 610//610 509//509 611//611
f 611//611 509//509 511//511
f 611//611 511//511 612//612
f 612//612 511//511 513//513
f 612//612 513//513 613//613
f 613//613 513//513 515//515
f 613//613 515//515 614//614
f 614//614 515//515 517//517
f 614//614 517//517 583//583
f 583//583 517//517 519//519
f 157//157 615//615 156//156
f 156//156 615//615 616//616
f 156//156 616//616 155//155
f 155//155 616//616 617//617
f 155//155 617//617 154//154
f 154//154 617//617 618//618
f 154//154 618//618 153//153
f 153//153 618//618 619//619
f 153//153 619//619 166//166
f 166//166 619//619 620//620
f 166//166 620//620 165//165
f 165//165 620//620 621//621
f 165//165 621//621 164//164
f 164//164 621//621 622//622
f 164//164 622//622 163//163
f 163//163 622//622 623//623
f 163//163 623//623 162//162
f 162//162 623//623 624//624
f 162//162 624//624 161//161
f 161//161 624//624 625//625
f 161//161 625//625 159//159
f 159//159 625//625 626//626
f 159//159 626//626 157//157
f 157//157 626//626 615//615
f 175//175 627//627 174//174
f 174//174 627//627 628//628
f 174//174 628//628 173//173
f 173//173 628//628 629//629
f 173//173 629//629 172//172
f 172//172 629//629 630//630
f 172//172 630//630 171//171
f 171//171 630//630 631//631
f 171//171 631//631 184//184
f 184//184 631//631 632//632
f 184//184 632//632 183//183
f 183//183 632//632 633//633
f 183//183 633//633 182//182
f 182//182 633//633 634//634
f 182//182 634//634 181//181
f 181//181 634//634 635//635
f 181//181 635//635 180//180
f 180//180 635//635 636//636
f 180//180 636//636 179//179
f 179//179 636//636 637//637
f 179//179 637//637 177//177
f 177//177 637//637 638//638
f 177//177 638//638 175//175
f 175//175 638//638 627//627
f 193//193 639//639 192//192
f 192//192 639//639 640//640
f 192//192 640//640 191//191
f 191//191 640//640 641//641
f 191//191 641//641 190//190
f 190//190 641//641 642//642
f 190//190 642//642 189//189
f 189//189 642//642 643//643
f 189//189 643//643 202//202
f 202//202 643//643 644//644
f 202//202 644//644 201//201
f 201//201 644//644 645//645
f 201//201 645//645 200//200
f 200//200 645//645 646//646
f 200//200 646//646 199//199
f 199//199 646//646 647//647
f 199//199 647//647 198//198
f 198//198 647//647 648//648
f 198//198 648//648 197//197
f 197//197 648//648 649//649
f 197//197 649//649 195//195
f 195//195 649//649 650//650
f 195//195 650//650 193//193
f 193//193 650//650 639//639
f 430//430 651//651 445//445
f 445//445 651//651 652//652
f 445//445 652//652 446//446
f 446//446 652//652 653//653
f 446//446 653//653 447//447
f 447//447 653//653 654//654
f 447//447 654//654 443//443
f 443//443 654//654 655//655
f 443//443 655//655 442//442
f 442//442 655//655 656//656
f 657//657 658//658 656//656
f 656//656 658//658 659//659
f 656//656 659//659 442//442
f 442//442 659//659 660//660
f 442//442 660//660 441//441
f 661//661 430//430 662//662
f 662//662 430//430 428//428
f 662//662 428//428 663//663
f 663//663 428//428 427//427
f 663//663 427//427 664//664
f 664//664 427//427 450//450
f 664//664 450//450 665//665
f 665//665 450//450 433//433
f 665//665 433//433 666//666
f 666//666 433//433 432//432
f 666//666 432//432 207//207
f 207//207 432//432 205//205
f 385//385 667//667 668//668
f 668//668 667//667 669//669
f 668//668 669//669 670//670
f 670//670 669//669 671//671
f 670//670 671//671 672//672
f 672//672 671//671 673//673
f 672//672 673//673 674//674
f 674//674 673//673 675//675
f 674//674 675//675 676//676
f 676//676 675//675 677//677
f 678//678 679//679 677//677
f 677//677 679//679 680//680
f 677//677 680//680 676//676
f 676//676 680//680 681//681
f 676//676 681//681 682//682
f 683//683 684//684 685//685
f 686//686 687//687 688//688
f 670//670 672//672 689//689
f 674//674 676//676 690//690
f 691//691 692//692 693//693
f 691//691 693//693 694//694
f 694//694 693//693 695//695
f 694//694 695//695 696//696
f 696//696 695//695 690//690
f 696//696 690//690 697//697
f 697//697 690//690 676//676
f 697//697 676//676 682//682
f 385//385 668//668 383//383
f 383//383 668//668 698//698
f 383//383 698//698 381//381
f 381//381 698//698 379//379
f 379//379 698//698 699//699
f 379//379 699//699 377//377
f 377//377 699//699 688//688
f 377//377 688//688 375//375
f 375//375 688//688 687//687
f 375//375 687//687 208//208
f 692//692 683//683 693//693
f 693//693 683//683 685//685
f 693//693 685//685 695//695
f 695//695 685//685 700//700
f 695//695 700//700 690//690
f 690//690 700//700 689//689
f 690//690 689//689 674//674
f 674//674 689//689 672//672
f 684//684 686//686 685//685
f 685//685 686//686 688//688
f 685//685 688//688 700//700
f 700//700 688//688 699//699
f 700//700 699//699 689//689
f 689//689 699//699 698//698
f 689//689 698//698 670//670
f 670//670 698//698 668//668
f 692//692 691//691 701//701
f 702//702 703//703 704//704
f 704//704 703//703 705//705
f 701//701 705//705 692//692
f 692//692 705//705 703//703
f 692//692 703//703 683//683
f 683//683 703//703 706//706
f 683//683 706//706 684//684
f 684//684 706//706 707//707
f 684//684 707//707 686//686
f 686//686 707//707 708//708
f 686//686 708//708 687//687
f 687//687 708//708 709//709
f 687//687 709//709 208//208
f 208//208 709//709 207//207
f 710//710 711//711 712//712
f 713//713 714//714 715//715
f 708//708 707//707 716//716
f 706//706 703//703 717//717
f 718//718 719//719 720//720
f 718//718 720//720 721//721
f 721//721 720//720 722//722
f 721//721 722//722 723//723
f 723//723 722//722 717//717
f 723//723 717//717 724//724
f 724//724 717//717 703//703
f 724//724 703//703 702//702
f 207//207 709//709 666//666
f 666//666 709//709 725//725
f 666//666 725//725 665//665
f 665//665 725//725 664//664
f 664//664 725//725 726//726
f 664//664 726//726 663//663
f 663//663 726//726 715//715
f 663//663 715//715 662//662
f 662//662 715//715 714//714
f 662//662 714//714 661//661
f 719//719 710//710 720//720
f 720//720 710//710 712//712
f 720//720 712//712 722//722
f 722//722 712//712 727//727
f 722//722 727//727 717//717
f 717//717 727//727 716//716
f 717//717 716//716 706//706
f 706//706 716//716 707//707
f 711//711 713//713 712//712
f 712//712 713//713 715//715
f 712//712 715//715 727//727
f 727//727 715//715 726//726
f 727//727 726//726 716//716
f 716//716 726//726 725//725
f 716//716 725//725 708//708
f 708//708 725//725 709//709
f 728//728 729//729 730//730
f 719//719 718//718 731//731
f 728//728 730//730 732//732
f 731//731 732//732 719//719
f 719//719 732//732 730//730
f 719//719 730//730 710//710
f 710//710 730//730 733//733
f 710//710 733//733 711//711
f 711//711 733//733 734//734
f 711//711 734//734 713//713
f 713//713 734//734 735//735
f 713//713 735//735 714//714
f 714//714 735//735 736//736
f 714//714 736//736 661//661
f 661//661 736//736 737//737
f 211//211 738//738 209//209
f 209//209 738//738 739//739
f 209//209 739//739 210//210
f 210//210 739//739 740//740
f 210//210 740//740 212//212
f 212//212 740//740 741//741
f 212//212 741//741 211//211
f 211//211 741//741 738//738
f 217//217 742//742 215//215
f 215//215 742//742 743//743
f 215//215 743//743 213//213
f 213//213 743//743 744//744
f 213//213 744//744 214//214
f 214//214 744//744 745//745
f 214//214 745//745 216//216
f 216//216 745//745 746//746
f 216//216 746//746 218//218
f 218//218 746//746 747//747
f 218//218 747//747 217//217
f 217//217 747//747 742//742
f 748//748 226//226 749//749
f 749//749 226//226 225//225
f 749//749 225//225 750//750
f 750//750 225//225 224//224
f 750//750 224//224 751//751
f 751//751 224//224 65//65
f 751//751 65//65 752//752
f 752//752 65//65 223//223
f 752//752 223//223 753//753
f 753//753 223//223 222//222
f 753//753 222//222 754//754
f 754//754 222//222 221//221
f 754//754 221//221 755//755
f 755//755 221//221 220//220
f 755//755 220//220 756//756
f 756//756 220//220 219//219
f 756//756 219//219 757//757
f 757//757 219//219 62//62
f 757//757 62//62 758//758
f 758//758 62//62 228//228
f 758//758 228//228 759//759
f 759//759 228//228 227//227
f 759//759 227//227 748//748
f 748//748 227//227 226//226
f 760//760 236//236 761//761
f 761//761 236//236 237//237
f 761//761 237//237 762//762
f 762//762 237//237 238//238
f 762//762 238//238 763//763
f 763//763 238//238 71//71
f 763//763 71//71 764//764
f 764//764 71//71 229//229
f 764//764 229//229 765//765
f 765//765 229//229 230//230
f 765//765 230//230 766//766
f 766//766 230//230 231//231
f 766//766 231//231 767//767
f 767//767 231//231 232//232
f 767//767 232//232 768//768
f 768//768 232//232 233//233
f 768//768 233//233 769//769
f 769//769 233//233 68//68
f 769//769 68//68 770//770
f 770//770 68//68 234//234
f 770//770 234//234 771//771
f 771//771 234//234 235//235
f 771//771 235//235 760//760
f 760//760 235//235 236//236
f 772//772 246//246 773//773
f 773//773 246//246 247//247
f 773//773 247//247 774//774
f 774//774 247//247 248//248
f 774//774 248//248 775//775
f 775//775 248//248 77//77
f 775//775 77//77 776//776
f 776//776 77//77 239//239
f 776//776 239//239 777//777
f 777//777 239//239 240//240
f 777//777 240//240 778//778
f 778//778 240//240 241//241
f 778//778 241//241 779//779
f 779//779 241//241 242//242
f 779//779 242//242 780//780
f 780//780 242//242 243//243
f 780//780 243//243 781//781
f 781//781 243//243 74//74
f 781//781 74//74 782//782
f 782//782 74//74 244//244
f 782//782 244//244 783//783
f 783//783 244//244 245//245
f 783//783 245//245 772//772
f 772//772 245//245 246//246
f 784//784 256//256 785//785
f 785//785 256//256 257//257
f 785//785 257//257 786//786
f 786//786 257//257 258//258
f 786//786 258//258 787//787
f 787//787 258//258 83//83
f 787//787 83//83 788//788
f 788//788 83//83 249//249
f 788//788 249//249 789//789
f 789//789 249//249 250//250
f 789//789 250//250 790//790
f 790//790 250//250 251//251
f 790//790 251//251 791//791
f 791//791 251//251 252//252
f 791//791 252//252 792//792
f 792//792 252//252 253//253
f 792//792 253//253 793//793
f 793//793 253//253 80//80
f 793//793 80//80 794//794
f 794//794 80//80 254//254
f 794//794 254//254 795//795
f 795//795 254//254 255//255
f 795//795 255//255 784//784
f 784//784 255//255 256//256
f 796//796 266//266 797//797
f 797//797 266//266 265//265
f 797//797 265//265 798//798
f 798//798 265//265 264//264
f 798//798 264//264 799//799
f 799//799 264//264 89//89
f 799//799 89//89 800//800
f 800//800 89//89 263//263
f 800//800 263//263 801//801
f 801//801 263//263 262//262
f 801//801 262//262 802//802
f 802//802 262//262 261//261
f 802//802 261//261 803//803
f 803//803 261//261 260//260
f 803//803 260//260 804//804
f 804//804 260//260 259//259
f 804//804 259//259 805//805
f 805//805 259//259 86//86
f 805//805 86//86 806//806
f 806//806 86//86 268//268
f 806//806 268//268 807//807
f 807//807 268//268 267//267
f 807//807 267//267 796//796
f 796//796 267//267 266//266
f 808//808 276//276 809//809
f 809//809 276//276 277//277
f 809//809 277//277 810//810
f 810//810 277//277 278//278
f 810//810 278//278 811//811
f 811//811 278//278 95//95
f 811//811 95//95 812//812
f 812//812 95//95 269//269
f 812//812 269//269 813//813
f 813//813 269//269 270//270
f 813//813 270//270 814//814
f 814//814 270//270 271//271
f 814//814 271//271 815//815
f 815//815 271//271 272//272
f 815//815 272//272 816//816
f 816//816 272//272 273//273
f 816//816 273//273 817//817
f 817//817 273//273 92//92
f 817//817 92//92 818//818
f 818//818 92//92 274//274
f 818//818 274//274 819//819
f 819//819 274//274 275//275
f 819//819 275//275 808//808
f 808//808 275//275 276//276
f 820//820 337//337 821//821
f 821//821 337//337 335//335
f 821//821 335//335 822//822
f 822//822 335//335 333//333
f 822//822 333//333 823//823
f 824//824 346//346 825//825
f 825//825 346//346 344//344
f 825//825 344//344 826//826
f 826//826 344//344 342//342
f 826//826 342//342 820//820
f 820//820 342//342 340//340
f 820//820 340//340 337//337
f 827//827 355//355 828//828
f 828//828 355//355 353//353
f 828//828 353//353 829//829
f 829//829 353//353 351//351
f 829//829 351//351 824//824
f 824//824 351//351 349//349
f 824//824 349//349 346//346
f 830//830 364//364 831//831
f 831//831 364//364 362//362
f 831//831 362//362 832//832
f 832//832 362//362 360//360
f 832//832 360//360 827//827
f 827//827 360//360 358//358
f 827//827 358//358 355//355
f 833//833 373//373 834//834
f 834//834 373//373 371//371
f 834//834 371//371 835//835
f 835//835 371//371 369//369
f 835//835 369//369 830//830
f 830//830 369//369 367//367
f 830//830 367//367 364//364
f 836//836 287//287 837//837
f 837//837 287//287 285//285
f 837//837 285//285 838//838
f 838//838 285//285 282//282
f 838//838 282//282 839//839
f 839//839 282//282 280//280
f 839//839 280//280 833//833
f 833//833 280//280 374//374
f 833//833 374//374 373//373
f 840//840 294//294 841//841
f 841//841 294//294 291//291
f 841//841 291//291 836//836
f 836//836 291//291 289//289
f 836//836 289//289 287//287
f 842//842 305//305 843//843
f 843//843 305//305 303//303
f 843//843 303//303 844//844
f 844//844 303//303 300//300
f 844//844 300//300 845//845
f 845//845 300//300 298//298
f 845//845 298//298 840//840
f 840//840 298//298 296//296
f 840//840 296//296 294//294
f 846//846 312//312 847//847
f 847//847 312//312 309//309
f 847//847 309//309 842//842
f 842//842 309//309 307//307
f 842//842 307//307 305//305
f 848//848 321//321 849//849
f 849//849 321//321 318//318
f 849//849 318//318 850//850
f 850//850 318//318 316//316
f 850//850 316//316 846//846
f 846//846 316//316 314//314
f 846//846 314//314 312//312
f 333//333 331//331 823//823
f 823//823 331//331 329//329
f 823//823 329//329 851//851
f 851//851 329//329 327//327
f 851//851 327//327 852//852
f 852//852 327//327 325//325
f 852//852 325//325 848//848
f 848//848 325//325 323//323
f 848//848 323//323 321//321
f 851//851 853//853 823//823
f 823//823 853//853 854//854
f 823//823 854//854 822//822
f 822//822 854//854 855//855
f 822//822 855//855 821//821
f 821//821 855//855 856//856
f 821//821 856//856 820//820
f 820//820 856//856 857//857
f 820//820 857//857 826//826
f 826//826 857//857 858//858
f 826//826 858//858 825//825
f 825//825 858//858 859//859
f 825//825 859//859 824//824
f 824//824 859//859 860//860
f 824//824 860//860 829//829
f 829//829 860//860 861//861
f 829//829 861//861 828//828
f 828//828 861//861 862//862
f 828//828 862//862 827//827
f 827//827 862//862 863//863
f 827//827 863//863 832//832
f 832//832 863//863 864//864
f 832//832 864//864 831//831
f 831//831 864//864 865//865
f 831//831 865//865 830//830
f 830//830 865//865 866//866
f 830//830 866//866 835//835
f 835//835 866//866 867//867
f 835//835 867//867 834//834
f 834//834 867//867 868//868
f 834//834 868//868 833//833
f 833//833 868//868 869//869
f 833//833 869//869 839//839
f 839//839 869//869 870//870
f 839//839 870//870 838//838
f 838//838 870//870 871//871
f 838//838 871//871 837//837
f 837//837 871//871 872//872
f 837//837 872//872 836//836
f 836//836 872//872 873//873
f 836//836 873//873 841//841
f 841//841 873//873 874//874
f 841//841 874//874 840//840
f 840//840 874//874 875//875
f 840//840 875//875 845//845
f 845//845 875//875 876//876
f 845//845 876//876 844//844
f 844//844 876//876 877//877
f 844//844 877//877 843//843
f 843//843 877//877 878//878
f 843//843 878//878 842//842
f 842//842 878//878 879//879
f 842//842 879//879 847//847
f 847//847 879//879 880//880
f 847//847 880//880 846//846
f 846//846 880//880 881//881
f 846//846 881//881 850//850
f 850//850 881//881 882//882
f 850//850 882//882 849//849
f 849//849 882//882 883//883
f 849//849 883//883 848//848
f 848//848 883//883 884//884
f 848//848 884//884 852//852
f 852//852 884//884 885//885
f 852//852 885//885 851//851
f 851//851 885//885 853//853
f 886//886 887//887 859//859
f 859//859 887//887 888//888
f 859//859 888//888 860//860
f 860//860 888//888 889//889
f 860//860 889//889 861//861
f 861//861 889//889 890//890
f 861//861 890//890 862//862
f 862//862 890//890 891//891
f 862//862 891//891 863//863
f 863//863 891//891 892//892
f 863//863 892//892 864//864
f 864//864 892//892 893//893
f 864//864 893//893 865//865
f 865//865 893//893 894//894
f 865//865 894//894 866//866
f 866//866 894//894 895//895
f 866//866 895//895 867//867
f 867//867 895//895 896//896
f 867//867 896//896 868//868
f 868//868 896//896 897//897
f 868//868 897//897 869//869
f 869//869 897//897 898//898
f 869//869 898//898 870//870
f 870//870 898//898 899//899
f 870//870 899//899 871//871
f 871//871 899//899 900//900
f 871//871 900//900 872//872
f 872//872 900//900 901//901
f 872//872 901//901 873//873
f 873//873 901//901 902//902
f 873//873 902//902 874//874
f 874//874 902//902 903//903
f 874//874 903//903 875//875
f 875//875 903//903 904//904
f 875//875 904//904 876//876
f 876//876 904//904 905//905
f 876//876 905//905 877//877
f 877//877 905//905 906//906
f 877//877 906//906 878//878
f 878//878 906//906 907//907
f 878//878 907//907 879//879
f 879//879 907//907 908//908
f 879//879 908//908 880//880
f 880//880 908//908 909//909
f 880//880 909//909 881//881
f 881//881 909//909 910//910
f 881//881 910//910 882//882
f 882//882 910//910 911//911
f 882//882 911//911 883//883
f 883//883 911//911 912//912
f 883//883 912//912 884//884
f 884//884 912//912 913//913
f 884//884 913//913 885//885
f 885//885 913//913 914//914
f 885//885 914//914 853//853
f 853//853 914//914 915//915
f 853//853 915//915 854//854
f 854//854 915//915 916//916
f 854//854 916//916 855//855
f 855//855 916//916 917//917
f 855//855 917//917 856//856
f 856//856 917//917 918//918
f 856//856 918//918 857//857
f 857//857 918//918 919//919
f 857//857 919//919 858//858
f 858//858 919//919 886//886
f 858//858 886//886 859//859
f 386//386 394//394 385//385
f 385//385 394//394 667//667
f 675//675 673//673 920//920
f 671//671 669//669 921//921
f 678//678 677//677 922//922
f 678//678 922//922 923//923
f 923//923 922//922 924//924
f 923//923 924//924 925//925
f 925//925 924//924 926//926
f 925//925 926//926 927//927
f 927//927 926//926 928//928
f 927//927 928//928 929//929
f 929//929 928//928 930//930
f 929//929 930//930 931//931
f 932//932 933//933 934//934
f 934//934 933//933 935//935
f 934//934 935//935 936//936
f 936//936 935//935 937//937
f 936//936 937//937 938//938
f 938//938 937//937 939//939
f 939//939 937//937 940//940
f 939//939 940//940 941//941
f 941//941 940//940 921//921
f 941//941 921//921 942//942
f 942//942 921//921 669//669
f 942//942 669//669 667//667
f 933//933 943//943 935//935
f 935//935 943//943 944//944
f 935//935 944//944 937//937
f 937//937 944//944 945//945
f 937//937 945//945 940//940
f 940//940 945//945 946//946
f 940//940 946//946 921//921
f 921//921 946//946 920//920
f 921//921 920//920 671//671
f 671//671 920//920 673//673
f 943//943 930//930 944//944
f 944//944 930//930 928//928
f 944//944 928//928 945//945
f 945//945 928//928 926//926
f 945//945 926//926 946//946
f 946//946 926//926 924//924
f 946//946 924//924 920//920
f 920//920 924//924 922//922
f 920//920 922//922 675//675
f 675//675 922//922 677//677
f 947//947 948//948 949//949
f 947//947 949//949 950//950
f 950//950 949//949 951//951
f 950//950 951//951 952//952
f 952//952 951//951 953//953
f 952//952 953//953 954//954
f 954//954 953//953 955//955
f 954//954 955//955 956//956
f 956//956 955//955 957//957
f 956//956 957//957 958//958
f 958//958 957//957 959//959
f 958//958 959//959 960//960
f 960//960 959//959 961//961
f 960//960 961//961 962//962
f 388//388 962//962 389//389
f 389//389 962//962 961//961
f 389//389 961//961 401//401
f 401//401 961//961 399//399
f 395//395 397//397 963//963
f 964//964 965//965 966//966
f 966//966 965//965 967//967
f 966//966 967//967 968//968
f 968//968 967//967 969//969
f 969//969 967//967 970//970
f 969//969 970//970 971//971
f 971//971 970//970 972//972
f 971//971 972//972 973//973
f 973//973 972//972 974//974
f 973//973 974//974 975//975
f 975//975 974//974 976//976
f 976//976 974//974 977//977
f 976//976 977//977 978//978
f 978//978 977//977 979//979
f 979//979 977//977 980//980
f 979//979 980//980 981//981
f 981//981 980//980 982//982
f 981//981 982//982 983//983
f 948//948 984//984 949//949
f 949//949 984//984 985//985
f 949//949 985//985 951//951
f 951//951 985//985 986//986
f 951//951 986//986 953//953
f 953//953 986//986 987//987
f 953//953 987//987 955//955
f 955//955 987//987 988//988
f 955//955 988//988 957//957
f 957//957 988//988 989//989
f 957//957 989//989 959//959
f 959//959 989//989 990//990
f 959//959 990//990 961//961
f 961//961 990//990 963//963
f 961//961 963//963 399//399
f 399//399 963//963 397//397
f 984//984 982//982 985//985
f 985//985 982//982 980//980
f 985//985 980//980 986//986
f 986//986 980//980 977//977
f 986//986 977//977 987//987
f 987//987 977//977 974//974
f 987//987 974//974 988//988
f 988//988 974//974 972//972
f 988//988 972//972 989//989
f 989//989 972//972 970//970
f 989//989 970//970 990//990
f 990//990 970//970 967//967
f 990//990 967//967 963//963
f 963//963 967//967 965//965
f 963//963 965//965 395//395
f 395//395 965//965 964//964
f 395//395 964//964 394//394
f 440//440 441//441 991//991
f 426//426 438//438 991//991
f 991//991 438//438 437//437
f 991//991 437//437 440//440
f 408//408 411//411 409//409
f 409//409 411//411 992//992
f 409//409 992//992 392//392
f 392//392 992//992 393//393
f 390//390 640//640 639//639
f 650//650 649//649 993//993
f 993//993 649//649 648//648
f 640//640 390//390 641//641
f 641//641 390//390 393//393
f 641//641 393//393 642//642
f 992//992 647//647 646//646
f 646//646 645//645 992//992
f 992//992 645//645 644//644
f 992//992 644//644 393//393
f 393//393 644//644 643//643
f 393//393 643//643 642//642
f 625//625 624//624 994//994
f 625//625 994//994 626//626
f 626//626 994//994 387//387
f 626//626 387//387 615//615
f 623//623 622//622 993//993
f 993//993 622//622 621//621
f 390//390 620//620 619//619
f 639//639 650//650 390//390
f 390//390 650//650 993//993
f 390//390 993//993 620//620
f 620//620 993//993 621//621
f 619//619 618//618 390//390
f 390//390 618//618 617//617
f 390//390 617//617 387//387
f 387//387 617//617 616//616
f 387//387 616//616 615//615
f 486//486 485//485 995//995
f 995//995 485//485 484//484
f 486//486 960//960 475//475
f 475//475 960//960 962//962
f 475//475 962//962 476//476
f 476//476 962//962 388//388
f 476//476 388//388 477//477
f 477//477 388//388 387//387
f 477//477 387//387 478//478
f 994//994 483//483 482//482
f 482//482 481//481 994//994
f 994//994 481//481 480//480
f 994//994 480//480 387//387
f 387//387 480//480 479//479
f 387//387 479//479 478//478
f 522//522 995//995 524//524
f 524//524 995//995 526//526
f 522//522 520//520 995//995
f 995//995 520//520 956//956
f 995//995 956//956 486//486
f 486//486 956//956 958//958
f 486//486 958//958 960//960
f 490//490 488//488 996//996
f 996//996 488//488 997//997
f 997//997 488//488 550//550
f 997//997 550//550 998//998
f 998//998 550//550 548//548
f 998//998 548//548 999//999
f 999//999 548//548 546//546
f 999//999 546//546 1000//1000
f 1000//1000 546//546 544//544
f 1000//1000 544//544 1001//1001
f 520//520 518//518 956//956
f 956//956 518//518 516//516
f 956//956 516//516 954//954
f 954//954 516//516 514//514
f 954//954 514//514 952//952
f 952//952 514//514 512//512
f 952//952 512//512 950//950
f 950//950 512//512 510//510
f 950//950 510//510 947//947
f 947//947 510//510 508//508
f 947//947 508//508 1002//1002
f 1002//1002 508//508 506//506
f 1002//1002 506//506 1003//1003
f 1003//1003 506//506 504//504
f 996//996 1004//1004 490//490
f 490//490 1004//1004 1005//1005
f 490//490 1005//1005 492//492
f 492//492 1005//1005 1006//1006
f 492//492 1006//1006 494//494
f 494//494 1006//1006 1007//1007
f 494//494 1007//1007 496//496
f 496//496 1007//1007 1008//1008
f 496//496 1008//1008 498//498
f 498//498 1008//1008 1009//1009
f 498//498 1009//1009 500//500
f 500//500 1009//1009 1010//1010
f 500//500 1010//1010 502//502
f 502//502 1010//1010 1011//1011
f 502//502 1011//1011 504//504
f 504//504 1011//1011 1012//1012
f 504//504 1012//1012 1003//1003
f 534//534 532//532 1013//1013
f 1013//1013 532//532 530//530
f 1013//1013 530//530 995//995
f 995//995 530//530 528//528
f 995//995 528//528 526//526
f 544//544 542//542 1001//1001
f 1001//1001 542//542 540//540
f 1001//1001 540//540 1014//1014
f 1014//1014 540//540 538//538
f 1014//1014 538//538 1015//1015
f 1015//1015 538//538 536//536
f 536//536 534//534 1015//1015
f 1015//1015 534//534 1013//1013
f 1015//1015 1013//1013 1016//1016
f 1016//1016 1013//1013 1017//1017
f 1018//1018 1019//1019 1013//1013
f 1013//1013 1019//1019 1020//1020
f 1013//1013 1020//1020 1017//1017
f 633//633 632//632 1021//1021
f 638//638 637//637 1022//1022
f 637//637 636//636 1022//1022
f 1022//1022 636//636 635//635
f 1022//1022 635//635 1021//1021
f 1021//1021 635//635 634//634
f 1021//1021 634//634 633//633
f 631//631 630//630 1023//1023
f 631//631 1023//1023 632//632
f 1022//1022 1024//1024 638//638
f 638//638 1024//1024 1018//1018
f 638//638 1018//1018 627//627
f 627//627 1018//1018 1013//1013
f 627//627 1013//1013 628//628
f 628//628 1013//1013 629//629
f 484//484 483//483 995//995
f 995//995 483//483 994//994
f 995//995 994//994 1013//1013
f 1013//1013 994//994 1023//1023
f 1013//1013 1023//1023 629//629
f 629//629 1023//1023 630//630
f 632//632 1023//1023 1021//1021
f 1021//1021 1023//1023 474//474
f 1021//1021 474//474 473//473
f 473//473 472//472 1021//1021
f 1021//1021 472//472 471//471
f 1021//1021 471//471 1025//1025
f 471//471 470//470 1025//1025
f 1025//1025 470//470 469//469
f 1025//1025 469//469 468//468
f 468//468 467//467 1026//1026
f 1026//1026 467//467 466//466
f 465//465 464//464 1023//1023
f 1023//1023 464//464 463//463
f 1023//1023 463//463 474//474
f 624//624 623//623 994//994
f 994//994 623//623 993//993
f 994//994 993//993 1023//1023
f 1023//1023 993//993 1026//1026
f 1023//1023 1026//1026 465//465
f 465//465 1026//1026 466//466
f 468//468 1026//1026 1025//1025
f 1025//1025 1026//1026 462//462
f 1025//1025 462//462 461//461
f 461//461 460//460 1025//1025
f 1025//1025 460//460 459//459
f 1025//1025 459//459 991//991
f 991//991 459//459 458//458
f 991//991 458//458 457//457
f 455//455 454//454 1027//1027
f 455//455 1027//1027 456//456
f 453//453 452//452 1026//1026
f 1026//1026 452//452 451//451
f 1026//1026 451//451 462//462
f 457//457 456//456 991//991
f 991//991 456//456 1027//1027
f 991//991 1027//1027 426//426
f 426//426 1027//1027 992//992
f 426//426 992//992 412//412
f 412//412 992//992 411//411
f 454//454 453//453 1027//1027
f 1027//1027 453//453 1026//1026
f 1027//1027 1026//1026 992//992
f 992//992 1026//1026 993//993
f 992//992 993//993 647//647
f 647//647 993//993 648//648
f 441//441 660//660 991//991
f 991//991 660//660 659//659
f 991//991 659//659 1025//1025
f 1025//1025 659//659 658//658
f 1025//1025 658//658 1021//1021
f 1021//1021 658//658 657//657
f 1021//1021 657//657 1022//1022
f 655//655 654//654 1028//1028
f 653//653 652//652 1029//1029
f 1030//1030 1031//1031 1032//1032
f 1032//1032 1031//1031 1033//1033
f 1033//1033 1031//1031 1034//1034
f 1034//1034 1031//1031 1035//1035
f 1034//1034 1035//1035 1036//1036
f 1036//1036 1035//1035 1037//1037
f 1037//1037 1035//1035 1038//1038
f 1037//1037 1038//1038 1039//1039
f 1039//1039 1038//1038 1040//1040
f 1039//1039 1040//1040 1041//1041
f 1041//1041 1040//1040 1042//1042
f 1041//1041 1042//1042 1043//1043
f 1043//1043 1042//1042 1044//1044
f 1044//1044 1042//1042 1029//1029
f 1044//1044 1029//1029 1045//1045
f 1045//1045 1029//1029 652//652
f 1045//1045 652//652 651//651
f 1022//1022 657//657 656//656
f 656//656 1046//1046 1022//1022
f 1022//1022 1046//1046 1047//1047
f 1022//1022 1047//1047 1024//1024
f 1024//1024 1047//1047 1048//1048
f 1024//1024 1048//1048 1018//1018
f 1018//1018 1048//1048 1049//1049
f 1018//1018 1049//1049 1019//1019
f 1019//1019 1049//1049 1050//1050
f 1019//1019 1050//1050 1020//1020
f 1020//1020 1050//1050 1051//1051
f 1020//1020 1051//1051 1017//1017
f 1017//1017 1051//1051 1052//1052
f 1017//1017 1052//1052 1016//1016
f 1030//1030 1053//1053 1031//1031
f 1031//1031 1053//1053 1054//1054
f 1031//1031 1054//1054 1035//1035
f 1035//1035 1054//1054 1055//1055
f 1035//1035 1055//1055 1038//1038
f 1038//1038 1055//1055 1056//1056
f 1038//1038 1056//1056 1040//1040
f 1040//1040 1056//1056 1057//1057
f 1040//1040 1057//1057 1042//1042
f 1042//1042 1057//1057 1058//1058
f 1042//1042 1058//1058 1029//1029
f 1029//1029 1058//1058 1028//1028
f 1029//1029 1028//1028 653//653
f 653//653 1028//1028 654//654
f 1053//1053 1052//1052 1054//1054
f 1054//1054 1052//1052 1051//1051
f 1054//1054 1051//1051 1055//1055
f 1055//1055 1051//1051 1050//1050
f 1055//1055 1050//1050 1056//1056
f 1056//1056 1050//1050 1049//1049
f 1056//1056 1049//1049 1057//1057
f 1057//1057 1049//1049 1048//1048
f 1057//1057 1048//1048 1058//1058
f 1058//1058 1048//1048 1047//1047
f 1058//1058 1047//1047 1028//1028
f 1028//1028 1047//1047 1046//1046
f 1028//1028 1046//1046 655//655
f 655//655 1046//1046 656//656
f 651//651 430//430 737//737
f 737//737 430//430 661//661
f 735//735 734//734 1059//1059
f 733//733 730//730 1060//1060
f 1061//1061 1062//1062 1063//1063
f 1064//1064 1065//1065 1061//1061
f 1061//1061 1063//1063 1064//1064
f 1064//1064 1063//1063 1066//1066
f 1064//1064 1066//1066 1067//1067
f 1067//1067 1066//1066 1068//1068
f 1067//1067 1068//1068 1069//1069
f 1069//1069 1068//1068 1060//1060
f 1069//1069 1060//1060 1070//1070
f 1070//1070 1060//1060 730//730
f 1070//1070 730//730 729//729
f 737//737 736//736 1071//1071
f 1071//1071 736//736 1072//1072
f 1071//1071 1072//1072 1073//1073
f 1073//1073 1072//1072 1074//1074
f 1073//1073 1074//1074 1075//1075
f 1075//1075 1074//1074 1076//1076
f 1076//1076 1074//1074 1077//1077
f 1076//1076 1077//1077 1078//1078
f 1078//1078 1077//1077 1079//1079
f 1078//1078 1079//1079 1080//1080
f 1080//1080 1079//1079 1081//1081
f 1081//1081 1079//1079 1082//1082
f 1081//1081 1082//1082 1083//1083
f 736//736 735//735 1072//1072
f 1072//1072 735//735 1059//1059
f 1072//1072 1059//1059 1074//1074
f 1074//1074 1059//1059 1084//1084
f 1074//1074 1084//1084 1077//1077
f 1077//1077 1084//1084 1085//1085
f 1077//1077 1085//1085 1079//1079
f 1079//1079 1085//1085 1086//1086
f 1079//1079 1086//1086 1082//1082
f 1082//1082 1086//1086 1087//1087
f 734//734 733//733 1059//1059
f 1059//1059 733//733 1060//1060
f 1059//1059 1060//1060 1084//1084
f 1084//1084 1060//1060 1068//1068
f 1084//1084 1068//1068 1085//1085
f 1085//1085 1068//1068 1066//1066
f 1085//1085 1066//1066 1086//1086
f 1086//1086 1066//1066 1063//1063
f 1086//1086 1063//1063 1087//1087
f 1087//1087 1063//1063 1062//1062
f 789//789 790//790 1088//1088
f 724//724 702//702 1089//1089
f 702//702 704//704 1088//1088
f 1090//1090 1091//1091 1092//1092
f 1092//1092 1091//1091 923//923
f 923//923 925//925 1092//1092
f 1092//1092 925//925 927//927
f 1092//1092 927//927 1093//1093
f 1093//1093 927//927 929//929
f 1093//1093 929//929 1094//1094
f 1094//1094 929//929 931//931
f 765//765 766//766 1095//1095
f 1095//1095 766//766 767//767
f 678//678 763//763 679//679
f 679//679 763//763 764//764
f 679//679 764//764 765//765
f 767//767 768//768 1095//1095
f 1095//1095 768//768 769//769
f 1095//1095 769//769 1091//1091
f 1091//1091 769//769 770//770
f 770//770 771//771 1091//1091
f 1091//1091 771//771 760//760
f 1091//1091 760//760 923//923
f 923//923 760//760 761//761
f 923//923 761//761 678//678
f 678//678 761//761 762//762
f 678//678 762//762 763//763
f 807//807 796//796 1095//1095
f 765//765 1095//1095 679//679
f 679//679 1095//1095 796//796
f 679//679 796//796 797//797
f 803//803 804//804 1096//1096
f 1096//1096 804//804 805//805
f 1096//1096 805//805 1095//1095
f 1095//1095 805//805 806//806
f 1095//1095 806//806 807//807
f 797//797 798//798 679//679
f 679//679 798//798 799//799
f 679//679 799//799 680//680
f 799//799 800//800 680//680
f 680//680 800//800 801//801
f 680//680 801//801 1096//1096
f 1096//1096 801//801 802//802
f 1096//1096 802//802 803//803
f 777//777 778//778 1097//1097
f 1097//1097 778//778 779//779
f 776//776 681//681 775//775
f 775//775 681//681 680//680
f 775//775 680//680 774//774
f 782//782 1096//1096 781//781
f 781//781 1096//1096 1097//1097
f 781//781 1097//1097 780//780
f 780//780 1097//1097 779//779
f 782//782 783//783 1096//1096
f 1096//1096 783//783 772//772
f 1096//1096 772//772 680//680
f 680//680 772//772 773//773
f 680//680 773//773 774//774
f 776//776 777//777 681//681
f 681//681 777//777 1097//1097
f 681//681 1097//1097 682//682
f 682//682 1097//1097 701//701
f 696//696 697//697 694//694
f 694//694 697//697 682//682
f 694//694 682//682 691//691
f 691//691 682//682 701//701
f 723//723 724//724 721//721
f 721//721 724//724 1089//1089
f 721//721 1089//1089 718//718
f 1069//1069 1098//1098 1067//1067
f 1067//1067 1098//1098 1099//1099
f 1067//1067 1099//1099 1064//1064
f 1100//1100 1101//1101 741//741
f 1065//1065 1064//1064 1101//1101
f 1101//1101 1064//1064 1099//1099
f 1101//1101 1099//1099 741//741
f 741//741 1099//1099 738//738
f 738//738 1099//1099 739//739
f 739//739 1099//1099 1102//1102
f 739//739 1102//1102 740//740
f 740//740 1102//1102 1103//1103
f 740//740 1103//1103 741//741
f 741//741 1103//1103 1104//1104
f 741//741 1104//1104 1100//1100
f 745//745 744//744 1102//1102
f 1090//1090 1105//1105 747//747
f 747//747 1105//1105 1106//1106
f 744//744 743//743 1102//1102
f 1102//1102 743//743 742//742
f 1102//1102 742//742 1103//1103
f 1103//1103 742//742 747//747
f 1103//1103 747//747 1107//1107
f 1107//1107 747//747 1106//1106
f 756//756 757//757 1108//1108
f 1108//1108 757//757 1109//1109
f 757//757 758//758 1109//1109
f 1109//1109 758//758 759//759
f 1109//1109 759//759 1110//1110
f 1110//1110 759//759 748//748
f 1110//1110 748//748 1111//1111
f 1111//1111 748//748 749//749
f 749//749 750//750 1111//1111
f 1111//1111 750//750 751//751
f 1111//1111 751//751 1112//1112
f 751//751 752//752 1112//1112
f 1112//1112 752//752 753//753
f 1112//1112 753//753 1113//1113
f 1113//1113 753//753 754//754
f 1113//1113 754//754 1108//1108
f 1108//1108 754//754 755//755
f 1108//1108 755//755 756//756
f 702//702 1088//1088 1089//1089
f 1089//1089 1088//1088 790//790
f 1089//1089 790//790 791//791
f 791//791 792//792 1089//1089
f 1089//1089 792//792 793//793
f 1089//1089 793//793 1108//1108
f 788//788 1114//1114 787//787
f 787//787 1114//1114 1112//1112
f 787//787 1112//1112 786//786
f 793//793 794//794 1108//1108
f 1108//1108 794//794 795//795
f 1108//1108 795//795 1113//1113
f 1113//1113 795//795 784//784
f 1113//1113 784//784 1112//1112
f 1112//1112 784//784 785//785
f 1112//1112 785//785 786//786
f 1098//1098 1109//1109 817//817
f 817//817 1109//1109 816//816
f 810//810 811//811 1102//1102
f 1102//1102 811//811 1111//1111
f 811//811 812//812 1111//1111
f 1111//1111 812//812 813//813
f 1111//1111 813//813 1110//1110
f 1110//1110 813//813 814//814
f 1110//1110 814//814 1109//1109
f 1109//1109 814//814 815//815
f 1109//1109 815//815 816//816
f 817//817 818//818 1098//1098
f 1098//1098 818//818 819//819
f 1098//1098 819//819 1099//1099
f 1099//1099 819//819 808//808
f 1099//1099 808//808 1102//1102
f 1102//1102 808//808 809//809
f 1102//1102 809//809 810//810
f 1069//1069 1070//1070 1098//1098
f 1098//1098 1070//1070 729//729
f 1098//1098 729//729 1109//1109
f 1109//1109 729//729 728//728
f 1109//1109 728//728 1108//1108
f 1108//1108 728//728 732//732
f 1108//1108 732//732 1089//1089
f 1089//1089 732//732 731//731
f 1089//1089 731//731 718//718
f 704//704 705//705 1088//1088
f 1088//1088 705//705 1114//1114
f 1088//1088 1114//1114 789//789
f 789//789 1114//1114 788//788
f 705//705 701//701 1114//1114
f 1114//1114 701//701 1097//1097
f 1114//1114 1097//1097 1112//1112
f 1112//1112 1097//1097 1096//1096
f 1112//1112 1096//1096 1111//1111
f 1111//1111 1096//1096 1095//1095
f 1111//1111 1095//1095 1102//1102
f 1102//1102 1095//1095 1091//1091
f 1102//1102 1091//1091 745//745
f 745//745 1091//1091 1090//1090
f 745//745 1090//1090 746//746
f 746//746 1090//1090 747//747
f 1115//1115 1116//1116 1117//1117
f 1118//1118 1119//1119 1120//1120
f 1120//1120 1119//1119 1083//1083
f 1120//1120 1083//1083 1082//1082
f 1087//1087 1062//1062 1121//1121
f 1121//1121 1062//1062 1122//1122
f 1121//1121 1122//1122 1123//1123
f 1124//1124 1125//1125 1115//1115
f 1124//1124 1115//1115 1126//1126
f 1062//1062 1061//1061 1127//1127
f 1127//1127 1061//1061 1065//1065
f 1065//1065 1128//1128 1127//1127
f 1127//1127 1128//1128 1129//1129
f 1127//1127 1129//1129 1130//1130
f 1130//1130 1129//1129 1131//1131
f 1130//1130 1131//1131 1132//1132
f 1133//1133 1134//1134 1135//1135
f 1133//1133 1135//1135 1136//1136
f 1131//1131 1137//1137 1132//1132
f 1132//1132 1137//1137 1138//1138
f 1132//1132 1138//1138 1135//1135
f 1135//1135 1138//1138 1139//1139
f 1135//1135 1139//1139 1136//1136
f 1062//1062 1127//1127 1122//1122
f 1122//1122 1127//1127 1130//1130
f 1122//1122 1130//1130 1123//1123
f 1123//1123 1130//1130 1132//1132
f 1123//1123 1132//1132 1140//1140
f 1140//1140 1132//1132 1135//1135
f 1140//1140 1135//1135 1141//1141
f 1141//1141 1135//1135 1134//1134
f 1141//1141 1134//1134 1142//1142
f 1115//1115 1117//1117 1143//1143
f 1143//1143 1117//1117 1144//1144
f 1143//1143 1144//1144 1118//1118
f 1118//1118 1144//1144 1145//1145
f 1118//1118 1145//1145 1119//1119
f 1125//1125 1116//1116 1115//1115
f 1142//1142 1126//1126 1141//1141
f 1141//1141 1126//1126 1115//1115
f 1141//1141 1115//1115 1140//1140
f 1140//1140 1115//1115 1143//1143
f 1140//1140 1143//1143 1123//1123
f 1123//1123 1143//1143 1118//1118
f 1123//1123 1118//1118 1121//1121
f 1121//1121 1118//1118 1120//1120
f 1121//1121 1120//1120 1087//1087
f 1087//1087 1120//1120 1082//1082
f 1146//1146 1147//1147 1148//1148
f 1149//1149 930//930 943//943
f 1150//1150 1151//1151 1152//1152
f 1152//1152 1151//1151 1148//1148
f 1152//1152 1148//1148 1153//1153
f 931//931 930//930 1154//1154
f 1154//1154 930//930 1149//1149
f 1154//1154 1149//1149 1155//1155
f 1156//1156 1157//1157 1158//1158
f 1158//1158 1157//1157 1155//1155
f 1158//1158 1155//1155 1159//1159
f 1159//1159 1155//1155 1149//1149
f 1159//1159 1149//1149 1160//1160
f 1160//1160 1149//1149 943//943
f 1160//1160 943//943 933//933
f 1161//1161 1162//1162 1163//1163
f 1163//1163 1162//1162 1164//1164
f 1163//1163 1164//1164 1165//1165
f 1165//1165 1164//1164 1166//1166
f 1165//1165 1166//1166 1167//1167
f 1167//1167 1166//1166 1168//1168
f 1168//1168 1169//1169 1167//1167
f 1167//1167 1169//1169 1170//1170
f 1167//1167 1170//1170 1171//1171
f 1171//1171 1170//1170 1172//1172
f 1150//1150 1156//1156 1151//1151
f 1151//1151 1156//1156 1158//1158
f 1151//1151 1158//1158 1148//1148
f 1148//1148 1158//1158 1159//1159
f 1148//1148 1159//1159 1146//1146
f 1146//1146 1159//1159 1160//1160
f 1146//1146 1160//1160 1173//1173
f 1173//1173 1160//1160 933//933
f 1173//1173 933//933 932//932
f 932//932 1161//1161 1173//1173
f 1173//1173 1161//1161 1163//1163
f 1173//1173 1163//1163 1146//1146
f 1146//1146 1163//1163 1165//1165
f 1146//1146 1165//1165 1147//1147
f 1147//1147 1165//1165 1167//1167
f 1147//1147 1167//1167 1148//1148
f 1148//1148 1167//1167 1171//1171
f 1148//1148 1171//1171 1153//1153
f 1153//1153 1171//1171 1172//1172
f 1174//1174 1175//1175 1176//1176
f 1177//1177 1178//1178 1179//1179
f 1180//1180 1181//1181 1182//1182
f 1183//1183 1184//1184 1185//1185
f 1186//1186 1187//1187 1188//1188
f 1189//1189 1190//1190 1191//1191
f 1192//1192 1193//1193 1194//1194
f 1195//1195 1196//1196 1197//1197
f 1197//1197 1196//1196 1198//1198
f 1197//1197 1198//1198 1199//1199
f 1200//1200 1201//1201 1195//1195
f 1195//1195 1201//1201 1202//1202
f 1195//1195 1202//1202 1196//1196
f 1194//1194 1203//1203 1192//1192
f 1192//1192 1203//1203 1204//1204
f 1192//1192 1204//1204 1200//1200
f 1200//1200 1204//1204 1205//1205
f 1200//1200 1205//1205 1201//1201
f 1191//1191 1206//1206 1189//1189
f 1189//1189 1206//1206 1207//1207
f 1189//1189 1207//1207 1208//1208
f 1208//1208 1207//1207 1209//1209
f 1208//1208 1209//1209 1193//1193
f 1193//1193 1209//1209 1210//1210
f 1193//1193 1210//1210 1194//1194
f 1188//1188 1211//1211 1186//1186
f 1186//1186 1211//1211 1212//1212
f 1186//1186 1212//1212 1213//1213
f 1213//1213 1212//1212 1214//1214
f 1213//1213 1214//1214 1190//1190
f 1190//1190 1214//1214 1215//1215
f 1190//1190 1215//1215 1191//1191
f 1216//1216 1217//1217 1218//1218
f 1218//1218 1217//1217 1219//1219
f 1218//1218 1219//1219 1187//1187
f 1187//1187 1219//1219 1220//1220
f 1187//1187 1220//1220 1188//1188
f 1221//1221 1222//1222 1223//1223
f 1223//1223 1222//1222 1224//1224
f 1223//1223 1224//1224 1225//1225
f 1225//1225 1224//1224 1226//1226
f 1225//1225 1226//1226 1216//1216
f 1216//1216 1226//1226 1227//1227
f 1216//1216 1227//1227 1217//1217
f 1228//1228 1229//1229 1230//1230
f 1230//1230 1229//1229 1183//1183
f 1230//1230 1183//1183 1231//1231
f 1231//1231 1183//1183 1185//1185
f 1232//1232 1233//1233 1234//1234
f 1234//1234 1233//1233 1235//1235
f 1234//1234 1235//1235 1184//1184
f 1184//1184 1235//1235 1236//1236
f 1184//1184 1236//1236 1185//1185
f 1237//1237 1238//1238 1239//1239
f 1239//1239 1240//1240 1237//1237
f 1237//1237 1240//1240 1241//1241
f 1237//1237 1241//1241 1232//1232
f 1232//1232 1241//1241 1242//1242
f 1232//1232 1242//1242 1233//1233
f 1182//1182 1181//1181 1243//1243
f 1243//1243 1181//1181 1244//1244
f 1243//1243 1244//1244 1245//1245
f 1180//1180 1182//1182 1246//1246
f 1246//1246 1182//1182 1247//1247
f 1246//1246 1247//1247 1248//1248
f 1248//1248 1247//1247 1249//1249
f 1248//1248 1249//1249 1250//1250
f 1250//1250 1249//1249 1251//1251
f 1251//1251 1249//1249 1252//1252
f 1251//1251 1252//1252 1253//1253
f 1253//1253 1252//1252 1254//1254
f 1253//1253 1254//1254 1255//1255
f 1179//1179 1256//1256 1177//1177
f 1177//1177 1256//1256 1257//1257
f 1177//1177 1257//1257 1258//1258
f 1258//1258 1257//1257 1259//1259
f 1258//1258 1259//1259 1254//1254
f 1254//1254 1259//1259 1260//1260
f 1254//1254 1260//1260 1255//1255
f 1176//1176 1261//1261 1174//1174
f 1174//1174 1261//1261 1262//1262
f 1174//1174 1262//1262 1263//1263
f 1263//1263 1262//1262 1264//1264
f 1263//1263 1264//1264 1178//1178
f 1178//1178 1264//1264 1265//1265
f 1178//1178 1265//1265 1179//1179
f 1198//1198 1266//1266 1199//1199
f 1199//1199 1266//1266 1267//1267
f 1199//1199 1267//1267 1268//1268
f 1268//1268 1267//1267 1269//1269
f 1268//1268 1269//1269 1175//1175
f 1175//1175 1269//1269 1270//1270
f 1175//1175 1270//1270 1176//1176
f 1271//1271 1238//1238 1272//1272
f 1272//1272 1238//1238 1237//1237
f 1272//1272 1237//1237 1273//1273
f 1273//1273 1237//1237 1232//1232
f 1273//1273 1232//1232 1274//1274
f 1274//1274 1232//1232 1234//1234
f 1274//1274 1234//1234 1275//1275
f 1275//1275 1234//1234 1184//1184
f 1275//1275 1184//1184 1276//1276
f 1276//1276 1184//1184 1183//1183
f 1276//1276 1183//1183 1277//1277
f 1277//1277 1183//1183 1229//1229
f 1277//1277 1229//1229 1278//1278
f 1243//1243 1279//1279 1182//1182
f 1182//1182 1279//1279 1280//1280
f 1182//1182 1280//1280 1247//1247
f 1247//1247 1280//1280 1281//1281
f 1247//1247 1281//1281 1249//1249
f 1249//1249 1281//1281 1282//1282
f 1249//1249 1282//1282 1252//1252
f 1252//1252 1282//1282 1283//1283
f 1252//1252 1283//1283 1254//1254
f 1254//1254 1283//1283 1284//1284
f 1254//1254 1284//1284 1258//1258
f 1258//1258 1284//1284 1285//1285
f 1258//1258 1285//1285 1177//1177
f 1177//1177 1285//1285 1286//1286
f 1177//1177 1286//1286 1178//1178
f 1178//1178 1286//1286 1287//1287
f 1178//1178 1287//1287 1263//1263
f 1263//1263 1287//1287 1288//1288
f 1263//1263 1288//1288 1174//1174
f 1174//1174 1288//1288 1289//1289
f 1174//1174 1289//1289 1175//1175
f 1175//1175 1289//1289 1290//1290
f 1175//1175 1290//1290 1268//1268
f 1268//1268 1290//1290 1291//1291
f 1268//1268 1291//1291 1199//1199
f 1199//1199 1291//1291 1292//1292
f 1199//1199 1292//1292 1197//1197
f 1197//1197 1292//1292 1293//1293
f 1197//1197 1293//1293 1195//1195
f 1195//1195 1293//1293 1294//1294
f 1195//1195 1294//1294 1200//1200
f 1200//1200 1294//1294 1295//1295
f 1200//1200 1295//1295 1192//1192
f 1192//1192 1295//1295 1296//1296
f 1192//1192 1296//1296 1193//1193
f 1193//1193 1296//1296 1297//1297
f 1193//1193 1297//1297 1208//1208
f 1208//1208 1297//1297 1298//1298
f 1208//1208 1298//1298 1189//1189
f 1189//1189 1298//1298 1299//1299
f 1189//1189 1299//1299 1190//1190
f 1190//1190 1299//1299 1300//1300
f 1190//1190 1300//1300 1213//1213
f 1213//1213 1300//1300 1301//1301
f 1213//1213 1301//1301 1186//1186
f 1186//1186 1301//1301 1302//1302
f 1186//1186 1302//1302 1187//1187
f 1187//1187 1302//1302 1303//1303
f 1187//1187 1303//1303 1218//1218
f 1218//1218 1303//1303 1304//1304
f 1218//1218 1304//1304 1216//1216
f 1216//1216 1304//1304 1305//1305
f 1216//1216 1305//1305 1225//1225
f 1225//1225 1305//1305 1306//1306
f 1225//1225 1306//1306 1223//1223
f 1307//1307 1271//1271 1308//1308
f 1308//1308 1271//1271 1272//1272
f 1308//1308 1272//1272 1309//1309
f 1309//1309 1272//1272 1273//1273
f 1309//1309 1273//1273 1310//1310
f 1310//1310 1273//1273 1274//1274
f 1310//1310 1274//1274 1311//1311
f 1311//1311 1274//1274 1275//1275
f 1311//1311 1275//1275 1312//1312
f 1312//1312 1275//1275 1276//1276
f 1312//1312 1276//1276 1313//1313
f 1313//1313 1276//1276 1277//1277
f 1313//1313 1277//1277 1314//1314
f 1314//1314 1277//1277 1278//1278
f 1314//1314 1278//1278 1315//1315
f 1279//1279 1316//1316 1280//1280
f 1280//1280 1316//1316 1317//1317
f 1280//1280 1317//1317 1281//1281
f 1281//1281 1317//1317 1318//1318
f 1281//1281 1318//1318 1282//1282
f 1282//1282 1318//1318 1319//1319
f 1282//1282 1319//1319 1283//1283
f 1283//1283 1319//1319 1320//1320
f 1283//1283 1320//1320 1284//1284
f 1284//1284 1320//1320 1321//1321
f 1284//1284 1321//1321 1285//1285
f 1285//1285 1321//1321 1322//1322
f 1285//1285 1322//1322 1286//1286
f 1286//1286 1322//1322 1323//1323
f 1286//1286 1323//1323 1287//1287
f 1287//1287 1323//1323 1324//1324
f 1287//1287 1324//1324 1288//1288
f 1288//1288 1324//1324 1325//1325
f 1288//1288 1325//1325 1289//1289
f 1289//1289 1325//1325 1326//1326
f 1289//1289 1326//1326 1290//1290
f 1290//1290 1326//1326 1327//1327
f 1290//1290 1327//1327 1291//1291
f 1291//1291 1327//1327 1328//1328
f 1291//1291 1328//1328 1292//1292
f 1292//1292 1328//1328 1329//1329
f 1292//1292 1329//1329 1293//1293
f 1293//1293 1329//1329 1330//1330
f 1293//1293 1330//1330 1294//1294
f 1294//1294 1330//1330 1331//1331
f 1294//1294 1331//1331 1295//1295
f 1295//1295 1331//1331 1332//1332
f 1295//1295 1332//1332 1296//1296
f 1296//1296 1332//1332 1333//1333
f 1296//1296 1333//1333 1297//1297
f 1297//1297 1333//1333 1334//1334
f 1297//1297 1334//1334 1298//1298
f 1298//1298 1334//1334 1335//1335
f 1298//1298 1335//1335 1299//1299
f 1299//1299 1335//1335 1336//1336
f 1299//1299 1336//1336 1300//1300
f 1300//1300 1336//1336 1337//1337
f 1300//1300 1337//1337 1301//1301
f 1301//1301 1337//1337 1338//1338
f 1301//1301 1338//1338 1302//1302
f 1302//1302 1338//1338 1339//1339
f 1302//1302 1339//1339 1303//1303
f 1303//1303 1339//1339 1340//1340
f 1303//1303 1340//1340 1304//1304
f 1304//1304 1340//1340 1341//1341
f 1304//1304 1341//1341 1305//1305
f 1305//1305 1341//1341 1342//1342
f 1305//1305 1342//1342 1306//1306
f 1343//1343 1307//1307 1344//1344
f 1344//1344 1307//1307 1308//1308
f 1344//1344 1308//1308 1345//1345
f 1345//1345 1308//1308 1309//1309
f 1345//1345 1309//1309 1346//1346
f 1346//1346 1309//1309 1310//1310
f 1346//1346 1310//1310 1347//1347
f 1347//1347 1310//1310 1311//1311
f 1347//1347 1311//1311 1348//1348
f 1348//1348 1311//1311 1312//1312
f 1348//1348 1312//1312 1349//1349
f 1349//1349 1312//1312 1313//1313
f 1349//1349 1313//1313 1350//1350
f 1350//1350 1313//1313 1314//1314
f 1350//1350 1314//1314 1351//1351
f 1351//1351 1314//1314 1315//1315
f 1351//1351 1315//1315 1352//1352
f 1316//1316 1353//1353 1317//1317
f 1317//1317 1353//1353 1354//1354
f 1317//1317 1354//1354 1318//1318
f 1318//1318 1354//1354 1355//1355
f 1318//1318 1355//1355 1319//1319
f 1319//1319 1355//1355 1356//1356
f 1319//1319 1356//1356 1320//1320
f 1320//1320 1356//1356 1357//1357
f 1320//1320 1357//1357 1321//1321
f 1321//1321 1357//1357 1358//1358
f 1321//1321 1358//1358 1322//1322
f 1322//1322 1358//1358 1359//1359
f 1322//1322 1359//1359 1323//1323
f 1323//1323 1359//1359 1360//1360
f 1323//1323 1360//1360 1324//1324
f 1324//1324 1360//1360 1361//1361
f 1324//1324 1361//1361 1325//1325
f 1325//1325 1361//1361 1362//1362
f 1325//1325 1362//1362 1326//1326
f 1326//1326 1362//1362 1363//1363
f 1326//1326 1363//1363 1327//1327
f 1327//1327 1363//1363 1364//1364
f 1327//1327 1364//1364 1328//1328
f 1328//1328 1364//1364 1365//1365
f 1328//1328 1365//1365 1329//1329
f 1329//1329 1365//1365 1366//1366
f 1329//1329 1366//1366 1330//1330
f 1330//1330 1366//1366 1367//1367
f 1330//1330 1367//1367 1331//1331
f 1331//1331 1367//1367 1368//1368
f 1331//1331 1368//1368 1332//1332
f 1332//1332 1368//1368 1369//1369
f 1332//1332 1369//1369 1333//1333
f 1333//1333 1369//1369 1370//1370
f 1333//1333 1370//1370 1334//1334
f 1334//1334 1370//1370 1371//1371
f 1334//1334 1371//1371 1335//1335
f 1335//1335 1371//1371 1372//1372
f 1335//1335 1372//1372 1336//1336
f 1336//1336 1372//1372 1373//1373
f 1336//1336 1373//1373 1337//1337
f 1337//1337 1373//1373 1374//1374
f 1337//1337 1374//1374 1338//1338
f 1338//1338 1374//1374 1375//1375
f 1338//1338 1375//1375 1339//1339
f 1339//1339 1375//1375 1376//1376
f 1339//1339 1376//1376 1340//1340
f 1340//1340 1376//1376 1377//1377
f 1340//1340 1377//1377 1341//1341
f 1341//1341 1377//1377 1378//1378
f 1341//1341 1378//1378 1342//1342
f 1379//1379 1343//1343 1380//1380
f 1380//1380 1343//1343 1344//1344
f 1380//1380 1344//1344 1381//1381
f 1381//1381 1344//1344 1345//1345
f 1381//1381 1345//1345 1382//1382
f 1382//1382 1345//1345 1346//1346
f 1382//1382 1346//1346 1383//1383
f 1383//1383 1346//1346 1347//1347
f 1383//1383 1347//1347 1384//1384
f 1384//1384 1347//1347 1348//1348
f 1384//1384 1348//1348 1385//1385
f 1385//1385 1348//1348 1349//1349
f 1385//1385 1349//1349 1386//1386
f 1386//1386 1349//1349 1350//1350
f 1386//1386 1350//1350 1387//1387
f 1387//1387 1350//1350 1351//1351
f 1387//1387 1351//1351 1388//1388
f 1388//1388 1351//1351 1352//1352
f 1388//1388 1352//1352 1389//1389
f 1353//1353 1390//1390 1354//1354
f 1354//1354 1390//1390 1391//1391
f 1354//1354 1391//1391 1355//1355
f 1355//1355 1391//1391 1392//1392
f 1355//1355 1392//1392 1356//1356
f 1356//1356 1392//1392 1393//1393
f 1356//1356 1393//1393 1357//1357
f 1357//1357 1393//1393 1394//1394
f 1357//1357 1394//1394 1358//1358
f 1358//1358 1394//1394 1395//1395
f 1358//1358 1395//1395 1359//1359
f 1359//1359 1395//1395 1396//1396
f 1359//1359 1396//1396 1360//1360
f 1360//1360 1396//1396 1397//1397
f 1360//1360 1397//1397 1361//1361
f 1361//1361 1397//1397 1398//1398
f 1361//1361 1398//1398 1362//1362
f 1362//1362 1398//1398 1399//1399
f 1362//1362 1399//1399 1363//1363
f 1363//1363 1399//1399 1400//1400
f 1363//1363 1400//1400 1364//1364
f 1364//1364 1400//1400 1401//1401
f 1364//1364 1401//1401 1365//1365
f 1365//1365 1401//1401 1402//1402
f 1365//1365 1402//1402 1366//1366
f 1366//1366 1402//1402 1403//1403
f 1366//1366 1403//1403 1367//1367
f 1367//1367 1403//1403 1404//1404
f 1367//1367 1404//1404 1368//1368
f 1368//1368 1404//1404 1405//1405
f 1368//1368 1405//1405 1369//1369
f 1369//1369 1405//1405 1406//1406
f 1369//1369 1406//1406 1370//1370
f 1370//1370 1406//1406 1407//1407
f 1370//1370 1407//1407 1371//1371
f 1371//1371 1407//1407 1408//1408
f 1371//1371 1408//1408 1372//1372
f 1372//1372 1408//1408 1409//1409
f 1372//1372 1409//1409 1373//1373
f 1373//1373 1409//1409 1410//1410
f 1373//1373 1410//1410 1374//1374
f 1374//1374 1410//1410 1411//1411
f 1374//1374 1411//1411 1375//1375
f 1375//1375 1411//1411 1412//1412
f 1375//1375 1412//1412 1376//1376
f 1376//1376 1412//1412 1413//1413
f 1376//1376 1413//1413 1377//1377
f 1377//1377 1413//1413 1414//1414
f 1377//1377 1414//1414 1378//1378
f 900//900 1379//1379 901//901
f 901//901 1379//1379 1380//1380
f 901//901 1380//1380 902//902
f 902//902 1380//1380 1381//1381
f 902//902 1381//1381 903//903
f 903//903 1381//1381 1382//1382
f 903//903 1382//1382 904//904
f 904//904 1382//1382 1383//1383
f 904//904 1383//1383 905//905
f 905//905 1383//1383 1384//1384
f 905//905 1384//1384 906//906
f 906//906 1384//1384 1385//1385
f 906//906 1385//1385 907//907
f 907//907 1385//1385 1386//1386
f 907//907 1386//1386 908//908
f 908//908 1386//1386 1387//1387
f 908//908 1387//1387 909//909
f 909//909 1387//1387 1388//1388
f 909//909 1388//1388 910//910
f 910//910 1388//1388 1389//1389
f 910//910 1389//1389 911//911
f 1228//1228 1221//1221 1229//1229
f 1229//1229 1221//1221 1223//1223
f 1229//1229 1223//1223 1278//1278
f 1278//1278 1223//1223 1306//1306
f 1278//1278 1306//1306 1315//1315
f 1315//1315 1306//1306 1342//1342
f 1315//1315 1342//1342 1352//1352
f 1352//1352 1342//1342 1378//1378
f 1352//1352 1378//1378 1389//1389
f 1389//1389 1378//1378 1414//1414
f 1389//1389 1414//1414 911//911
f 911//911 1414//1414 1413//1413
f 911//911 1413//1413 912//912
f 912//912 1413//1413 1412//1412
f 912//912 1412//1412 913//913
f 913//913 1412//1412 1411//1411
f 913//913 1411//1411 914//914
f 914//914 1411//1411 1410//1410
f 914//914 1410//1410 915//915
f 915//915 1410//1410 1409//1409
f 915//915 1409//1409 916//916
f 916//916 1409//1409 1408//1408
f 916//916 1408//1408 917//917
f 917//917 1408//1408 1407//1407
f 917//917 1407//1407 918//918
f 918//918 1407//1407 1406//1406
f 918//918 1406//1406 919//919
f 919//919 1406//1406 1405//1405
f 919//919 1405//1405 886//886
f 886//886 1405//1405 1404//1404
f 886//886 1404//1404 887//887
f 887//887 1404//1404 1403//1403
f 887//887 1403//1403 888//888
f 888//888 1403//1403 1402//1402
f 888//888 1402//1402 889//889
f 889//889 1402//1402 1401//1401
f 889//889 1401//1401 890//890
f 890//890 1401//1401 1400//1400
f 890//890 1400//1400 891//891
f 891//891 1400//1400 1399//1399
f 891//891 1399//1399 892//892
f 892//892 1399//1399 1398//1398
f 892//892 1398//1398 893//893
f 893//893 1398//1398 1397//1397
f 893//893 1397//1397 894//894
f 894//894 1397//1397 1396//1396
f 894//894 1396//1396 895//895
f 895//895 1396//1396 1395//1395
f 895//895 1395//1395 896//896
f 896//896 1395//1395 1394//1394
f 896//896 1394//1394 897//897
f 897//897 1394//1394 1393//1393
f 897//897 1393//1393 898//898
f 898//898 1393//1393 1392//1392
f 898//898 1392//1392 899//899
f 899//899 1392//1392 1391//1391
f 899//899 1391//1391 900//900
f 900//900 1391//1391 1390//1390
f 900//900 1390//1390 1379//1379
f 1379//1379 1390//1390 1353//1353
f 1379//1379 1353//1353 1343//1343
f 1343//1343 1353//1353 1316//1316
f 1343//1343 1316//1316 1307//1307
f 1307//1307 1316//1316 1279//1279
f 1307//1307 1279//1279 1271//1271
f 1271//1271 1279//1279 1243//1243
f 1271//1271 1243//1243 1238//1238
f 1238//1238 1243//1243 1245//1245
f 1238//1238 1245//1245 1239//1239
f 667//667 394//394 964//964
f 667//667 964//964 942//942
f 942//942 964//964 966//966
f 942//942 966//966 941//941
f 941//941 966//966 968//968
f 941//941 968//968 939//939
f 968//968 969//969 939//939
f 939//939 969//969 971//971
f 939//939 971//971 938//938
f 938//938 971//971 973//973
f 938//938 973//973 936//936
f 936//936 973//973 934//934
f 934//934 973//973 975//975
f 934//934 975//975 932//932
f 979//979 1161//1161 978//978
f 978//978 1161//1161 932//932
f 978//978 932//932 976//976
f 976//976 932//932 975//975
f 983//983 1168//1168 1166//1166
f 983//983 1166//1166 981//981
f 981//981 1166//1166 1164//1164
f 981//981 1164//1164 979//979
f 979//979 1164//1164 1162//1162
f 979//979 1162//1162 1161//1161
f 1016//1016 1052//1052 1415//1415
f 983//983 982//982 1416//1416
f 1416//1416 982//982 1417//1417
f 1416//1416 1417//1417 1418//1418
f 1418//1418 1417//1417 1419//1419
f 1419//1419 1417//1417 1420//1420
f 1419//1419 1420//1420 1421//1421
f 1421//1421 1420//1420 1422//1422
f 1421//1421 1422//1422 1423//1423
f 1423//1423 1422//1422 1424//1424
f 1424//1424 1422//1422 1425//1425
f 1424//1424 1425//1425 1426//1426
f 1426//1426 1425//1425 1427//1427
f 1427//1427 1425//1425 1428//1428
f 1427//1427 1428//1428 1429//1429
f 1429//1429 1428//1428 1430//1430
f 1429//1429 1430//1430 1431//1431
f 1431//1431 1430//1430 1432//1432
f 1432//1432 1430//1430 1433//1433
f 1432//1432 1433//1433 1434//1434
f 1434//1434 1433//1433 1435//1435
f 1435//1435 1433//1433 1436//1436
f 1435//1435 1436//1436 1437//1437
f 1437//1437 1436//1436 1438//1438
f 1437//1437 1438//1438 1439//1439
f 1440//1440 1441//1441 1442//1442
f 1442//1442 1441//1441 1443//1443
f 1442//1442 1443//1443 1444//1444
f 1444//1444 1443//1443 1445//1445
f 1444//1444 1445//1445 1446//1446
f 1446//1446 1445//1445 1447//1447
f 1446//1446 1447//1447 1438//1438
f 1438//1438 1447//1447 1448//1448
f 1438//1438 1448//1448 1439//1439
f 1440//1440 1442//1442 1449//1449
f 1449//1449 1442//1442 1450//1450
f 1449//1449 1450//1450 1451//1451
f 1451//1451 1450//1450 1452//1452
f 1451//1451 1452//1452 1453//1453
f 1453//1453 1452//1452 1454//1454
f 1454//1454 1452//1452 1455//1455
f 1454//1454 1455//1455 1456//1456
f 1456//1456 1455//1455 1457//1457
f 1456//1456 1457//1457 1458//1458
f 1458//1458 1457//1457 1459//1459
f 1459//1459 1457//1457 1460//1460
f 1459//1459 1460//1460 1461//1461
f 1461//1461 1460//1460 1462//1462
f 1462//1462 1460//1460 1463//1463
f 1462//1462 1463//1463 1464//1464
f 1464//1464 1463//1463 1465//1465
f 1464//1464 1465//1465 1466//1466
f 1466//1466 1465//1465 1467//1467
f 1467//1467 1465//1465 1030//1030
f 1467//1467 1030//1030 1032//1032
f 1016//1016 1415//1415 1015//1015
f 1015//1015 1415//1415 1468//1468
f 1015//1015 1468//1468 1014//1014
f 1014//1014 1468//1468 1469//1469
f 1014//1014 1469//1469 1001//1001
f 1001//1001 1469//1469 1470//1470
f 1001//1001 1470//1470 1000//1000
f 1000//1000 1470//1470 1471//1471
f 1000//1000 1471//1471 999//999
f 999//999 1471//1471 1472//1472
f 999//999 1472//1472 998//998
f 998//998 1472//1472 1473//1473
f 998//998 1473//1473 997//997
f 997//997 1473//1473 1474//1474
f 997//997 1474//1474 996//996
f 996//996 1474//1474 1475//1475
f 996//996 1475//1475 1004//1004
f 1004//1004 1475//1475 1476//1476
f 1004//1004 1476//1476 1005//1005
f 1005//1005 1476//1476 1477//1477
f 1005//1005 1477//1477 1006//1006
f 1006//1006 1477//1477 1478//1478
f 1006//1006 1478//1478 1007//1007
f 1007//1007 1478//1478 1479//1479
f 1007//1007 1479//1479 1008//1008
f 1008//1008 1479//1479 1480//1480
f 1008//1008 1480//1480 1009//1009
f 1009//1009 1480//1480 1481//1481
f 1009//1009 1481//1481 1010//1010
f 1010//1010 1481//1481 1482//1482
f 1010//1010 1482//1482 1011//1011
f 1011//1011 1482//1482 1483//1483
f 1011//1011 1483//1483 1012//1012
f 1012//1012 1483//1483 1484//1484
f 1012//1012 1484//1484 1003//1003
f 1003//1003 1484//1484 1485//1485
f 1003//1003 1485//1485 1002//1002
f 1002//1002 1485//1485 948//948
f 1002//1002 948//948 947//947
f 1053//1053 1030//1030 1486//1486
f 1486//1486 1030//1030 1465//1465
f 1486//1486 1465//1465 1487//1487
f 1487//1487 1465//1465 1463//1463
f 1487//1487 1463//1463 1488//1488
f 1488//1488 1463//1463 1460//1460
f 1488//1488 1460//1460 1489//1489
f 1489//1489 1460//1460 1457//1457
f 1489//1489 1457//1457 1490//1490
f 1490//1490 1457//1457 1455//1455
f 1490//1490 1455//1455 1491//1491
f 1491//1491 1455//1455 1452//1452
f 1491//1491 1452//1452 1492//1492
f 1492//1492 1452//1452 1450//1450
f 1492//1492 1450//1450 1493//1493
f 1493//1493 1450//1450 1442//1442
f 1493//1493 1442//1442 1494//1494
f 1494//1494 1442//1442 1444//1444
f 1494//1494 1444//1444 1495//1495
f 1495//1495 1444//1444 1446//1446
f 1495//1495 1446//1446 1496//1496
f 1496//1496 1446//1446 1438//1438
f 1496//1496 1438//1438 1497//1497
f 1497//1497 1438//1438 1436//1436
f 1497//1497 1436//1436 1498//1498
f 1498//1498 1436//1436 1433//1433
f 1498//1498 1433//1433 1499//1499
f 1499//1499 1433//1433 1430//1430
f 1499//1499 1430//1430 1500//1500
f 1500//1500 1430//1430 1428//1428
f 1500//1500 1428//1428 1501//1501
f 1501//1501 1428//1428 1425//1425
f 1501//1501 1425//1425 1502//1502
f 1502//1502 1425//1425 1422//1422
f 1502//1502 1422//1422 1503//1503
f 1503//1503 1422//1422 1420//1420
f 1503//1503 1420//1420 1504//1504
f 1504//1504 1420//1420 1417//1417
f 1504//1504 1417//1417 984//984
f 984//984 1417//1417 982//982
f 1052//1052 1053//1053 1415//1415
f 1415//1415 1053//1053 1486//1486
f 1415//1415 1486//1486 1468//1468
f 1468//1468 1486//1486 1487//1487
f 1468//1468 1487//1487 1469//1469
f 1469//1469 1487//1487 1488//1488
f 1469//1469 1488//1488 1470//1470
f 1470//1470 1488//1488 1489//1489
f 1470//1470 1489//1489 1471//1471
f 1471//1471 1489//1489 1490//1490
f 1471//1471 1490//1490 1472//1472
f 1472//1472 1490//1490 1491//1491
f 1472//1472 1491//1491 1473//1473
f 1473//1473 1491//1491 1492//1492
f 1473//1473 1492//1492 1474//1474
f 1474//1474 1492//1492 1493//1493
f 1474//1474 1493//1493 1475//1475
f 1475//1475 1493//1493 1494//1494
f 1475//1475 1494//1494 1476//1476
f 1476//1476 1494//1494 1495//1495
f 1476//1476 1495//1495 1477//1477
f 1477//1477 1495//1495 1496//1496
f 1477//1477 1496//1496 1478//1478
f 1478//1478 1496//1496 1497//1497
f 1478//1478 1497//1497 1479//1479
f 1479//1479 1497//1497 1498//1498
f 1479//1479 1498//1498 1480//1480
f 1480//1480 1498//1498 1499//1499
f 1480//1480 1499//1499 1481//1481
f 1481//1481 1499//1499 1500//1500
f 1481//1481 1500//1500 1482//1482
f 1482//1482 1500//1500 1501//1501
f 1482//1482 1501//1501 1483//1483
f 1483//1483 1501//1501 1502//1502
f 1483//1483 1502//1502 1484//1484
f 1484//1484 1502//1502 1503//1503
f 1484//1484 1503//1503 1485//1485
f 1485//1485 1503//1503 1504//1504
f 1485//1485 1504//1504 948//948
f 948//948 1504//1504 984//984
f 1119//1119 1034//1034 1083//1083
f 1083//1083 1034//1034 1036//1036
f 1083//1083 1036//1036 1081//1081
f 1081//1081 1036//1036 1037//1037
f 1081//1081 1037//1037 1080//1080
f 1080//1080 1037//1037 1039//1039
f 1080//1080 1039//1039 1078//1078
f 1078//1078 1039//1039 1041//1041
f 651//651 737//737 1045//1045
f 1045//1045 737//737 1071//1071
f 1045//1045 1071//1071 1044//1044
f 1044//1044 1071//1071 1073//1073
f 1044//1044 1073//1073 1043//1043
f 1043//1043 1073//1073 1075//1075
f 1043//1043 1075//1075 1041//1041
f 1041//1041 1075//1075 1076//1076
f 1041//1041 1076//1076 1078//1078
f 1119//1119 1145//1145 1034//1034
f 1034//1034 1145//1145 1144//1144
f 1034//1034 1144//1144 1033//1033
f 1033//1033 1144//1144 1117//1117
f 1033//1033 1117//1117 1032//1032
f 1032//1032 1117//1117 1116//1116
f 1138//1138 1137//1137 1505//1505
f 1154//1154 1155//1155 1506//1506
f 1507//1507 1169//1169 1168//1168
f 1508//1508 1172//1172 1507//1507
f 1507//1507 1172//1172 1170//1170
f 1507//1507 1170//1170 1169//1169
f 1509//1509 1150//1150 1510//1510
f 1510//1510 1150//1150 1152//1152
f 1510//1510 1152//1152 1153//1153
f 1511//1511 1106//1106 1512//1512
f 1512//1512 1106//1106 1105//1105
f 1512//1512 1105//1105 1513//1513
f 1513//1513 1105//1105 1090//1090
f 1513//1513 1090//1090 1514//1514
f 1514//1514 1090//1090 1092//1092
f 1514//1514 1092//1092 1515//1515
f 1515//1515 1092//1092 1093//1093
f 1515//1515 1093//1093 1516//1516
f 1516//1516 1093//1093 1094//1094
f 1516//1516 1094//1094 1506//1506
f 1506//1506 1094//1094 931//931
f 1506//1506 931//931 1154//1154
f 1104//1104 1103//1103 1511//1511
f 1511//1511 1103//1103 1107//1107
f 1511//1511 1107//1107 1106//1106
f 1511//1511 1517//1517 1104//1104
f 1104//1104 1517//1517 1518//1518
f 1104//1104 1518//1518 1100//1100
f 1100//1100 1518//1518 1519//1519
f 1100//1100 1519//1519 1101//1101
f 1520//1520 1505//1505 1128//1128
f 1137//1137 1131//1131 1505//1505
f 1505//1505 1131//1131 1129//1129
f 1505//1505 1129//1129 1128//1128
f 1138//1138 1521//1521 1139//1139
f 1139//1139 1521//1521 1522//1522
f 1139//1139 1522//1522 1136//1136
f 1136//1136 1522//1522 1133//1133
f 1116//1116 1125//1125 1523//1523
f 1523//1523 1125//1125 1124//1124
f 1523//1523 1124//1124 1524//1524
f 1524//1524 1124//1124 1126//1126
f 1524//1524 1126//1126 1525//1525
f 1525//1525 1126//1126 1142//1142
f 1525//1525 1142//1142 1134//1134
f 1526//1526 1527//1527 1525//1525
f 1525//1525 1527//1527 1528//1528
f 1525//1525 1528//1528 1524//1524
f 1529//1529 1530//1530 1531//1531
f 1531//1531 1530//1530 1526//1526
f 1531//1531 1526//1526 1532//1532
f 1532//1532 1526//1526 1525//1525
f 1532//1532 1525//1525 1133//1133
f 1133//1133 1525//1525 1134//1134
f 1529//1529 1531//1531 1533//1533
f 1533//1533 1531//1531 1534//1534
f 1533//1533 1534//1534 1535//1535
f 1535//1535 1534//1534 1536//1536
f 1535//1535 1536//1536 1537//1537
f 1537//1537 1536//1536 1538//1538
f 1537//1537 1538//1538 1539//1539
f 1540//1540 1541//1541 1542//1542
f 1542//1542 1541//1541 1543//1543
f 1542//1542 1543//1543 1544//1544
f 1544//1544 1543//1543 1545//1545
f 1544//1544 1545//1545 1538//1538
f 1538//1538 1545//1545 1546//1546
f 1538//1538 1546//1546 1539//1539
f 1547//1547 1548//1548 1549//1549
f 1549//1549 1548//1548 1550//1550
f 1549//1549 1550//1550 1551//1551
f 1551//1551 1550//1550 1552//1552
f 1551//1551 1552//1552 1540//1540
f 1540//1540 1552//1552 1553//1553
f 1540//1540 1553//1553 1541//1541
f 1547//1547 1549//1549 1554//1554
f 1554//1554 1549//1549 1555//1555
f 1554//1554 1555//1555 1556//1556
f 1556//1556 1555//1555 1557//1557
f 1556//1556 1557//1557 1558//1558
f 1558//1558 1557//1557 1559//1559
f 1558//1558 1559//1559 1560//1560
f 1168//1168 1561//1561 1507//1507
f 1507//1507 1561//1561 1562//1562
f 1507//1507 1562//1562 1508//1508
f 1508//1508 1562//1562 1563//1563
f 1508//1508 1563//1563 1559//1559
f 1559//1559 1563//1563 1564//1564
f 1559//1559 1564//1564 1560//1560
f 1133//1133 1522//1522 1532//1532
f 1532//1532 1522//1522 1521//1521
f 1532//1532 1521//1521 1531//1531
f 1531//1531 1521//1521 1565//1565
f 1531//1531 1565//1565 1534//1534
f 1534//1534 1565//1565 1566//1566
f 1534//1534 1566//1566 1536//1536
f 1536//1536 1566//1566 1567//1567
f 1536//1536 1567//1567 1538//1538
f 1538//1538 1567//1567 1568//1568
f 1538//1538 1568//1568 1544//1544
f 1544//1544 1568//1568 1569//1569
f 1544//1544 1569//1569 1542//1542
f 1542//1542 1569//1569 1570//1570
f 1542//1542 1570//1570 1540//1540
f 1540//1540 1570//1570 1571//1571
f 1540//1540 1571//1571 1551//1551
f 1551//1551 1571//1571 1572//1572
f 1551//1551 1572//1572 1549//1549
f 1549//1549 1572//1572 1573//1573
f 1549//1549 1573//1573 1555//1555
f 1555//1555 1573//1573 1574//1574
f 1555//1555 1574//1574 1557//1557
f 1557//1557 1574//1574 1509//1509
f 1557//1557 1509//1509 1559//1559
f 1559//1559 1509//1509 1510//1510
f 1559//1559 1510//1510 1508//1508
f 1508//1508 1510//1510 1153//1153
f 1508//1508 1153//1153 1172//1172
f 1138//1138 1505//1505 1521//1521
f 1521//1521 1505//1505 1520//1520
f 1521//1521 1520//1520 1565//1565
f 1565//1565 1520//1520 1575//1575
f 1565//1565 1575//1575 1566//1566
f 1566//1566 1575//1575 1576//1576
f 1566//1566 1576//1576 1567//1567
f 1567//1567 1576//1576 1577//1577
f 1567//1567 1577//1577 1568//1568
f 1568//1568 1577//1577 1578//1578
f 1568//1568 1578//1578 1569//1569
f 1569//1569 1578//1578 1579//1579
f 1569//1569 1579//1579 1570//1570
f 1570//1570 1579//1579 1580//1580
f 1570//1570 1580//1580 1571//1571
f 1571//1571 1580//1580 1581//1581
f 1571//1571 1581//1581 1572//1572
f 1572//1572 1581//1581 1582//1582
f 1572//1572 1582//1582 1573//1573
f 1573//1573 1582//1582 1583//1583
f 1573//1573 1583//1583 1574//1574
f 1574//1574 1583//1583 1584//1584
f 1574//1574 1584//1584 1509//1509
f 1509//1509 1584//1584 1156//1156
f 1509//1509 1156//1156 1150//1150
f 1065//1065 1101//1101 1128//1128
f 1128//1128 1101//1101 1519//1519
f 1128//1128 1519//1519 1520//1520
f 1520//1520 1519//1519 1518//1518
f 1520//1520 1518//1518 1575//1575
f 1575//1575 1518//1518 1517//1517
f 1575//1575 1517//1517 1576//1576
f 1576//1576 1517//1517 1511//1511
f 1576//1576 1511//1511 1577//1577
f 1577//1577 1511//1511 1512//1512
f 1577//1577 1512//1512 1578//1578
f 1578//1578 1512//1512 1513//1513
f 1578//1578 1513//1513 1579//1579
f 1579//1579 1513//1513 1514//1514
f 1579//1579 1514//1514 1580//1580
f 1580//1580 1514//1514 1515//1515
f 1580//1580 1515//1515 1581//1581
f 1581//1581 1515//1515 1516//1516
f 1581//1581 1516//1516 1582//1582
f 1582//1582 1516//1516 1506//1506
f 1582//1582 1506//1506 1583//1583
f 1583//1583 1506//1506 1155//1155
f 1583//1583 1155//1155 1584//1584
f 1584//1584 1155//1155 1157//1157
f 1584//1584 1157//1157 1156//1156
f 1168//1168 983//983 1416//1416
f 1527//1527 1526//1526 1264//1264
f 1264//1264 1526//1526 1530//1530
f 1264//1264 1530//1530 1265//1265
f 1265//1265 1530//1530 1529//1529
f 1265//1265 1529//1529 1179//1179
f 1179//1179 1529//1529 1533//1533
f 1179//1179 1533//1533 1256//1256
f 1256//1256 1533//1533 1535//1535
f 1256//1256 1535//1535 1257//1257
f 1257//1257 1535//1535 1537//1537
f 1257//1257 1537//1537 1259//1259
f 1259//1259 1537//1537 1539//1539
f 1259//1259 1539//1539 1260//1260
f 1260//1260 1539//1539 1546//1546
f 1260//1260 1546//1546 1255//1255
f 1255//1255 1546//1546 1545//1545
f 1255//1255 1545//1545 1253//1253
f 1253//1253 1545//1545 1543//1543
f 1253//1253 1543//1543 1251//1251
f 1251//1251 1543//1543 1541//1541
f 1251//1251 1541//1541 1250//1250
f 1250//1250 1541//1541 1553//1553
f 1250//1250 1553//1553 1248//1248
f 1248//1248 1553//1553 1552//1552
f 1248//1248 1552//1552 1246//1246
f 1264//1264 1262//1262 1527//1527
f 1527//1527 1262//1262 1261//1261
f 1527//1527 1261//1261 1528//1528
f 1528//1528 1261//1261 1176//1176
f 1528//1528 1176//1176 1524//1524
f 1524//1524 1176//1176 1523//1523
f 1267//1267 1116//1116 1269//1269
f 1269//1269 1116//1116 1523//1523
f 1269//1269 1523//1523 1270//1270
f 1270//1270 1523//1523 1176//1176
f 1032//1032 1116//1116 1467//1467
f 1467//1467 1116//1116 1267//1267
f 1467//1467 1267//1267 1466//1466
f 1466//1466 1267//1267 1266//1266
f 1466//1466 1266//1266 1464//1464
f 1464//1464 1266//1266 1198//1198
f 1464//1464 1198//1198 1462//1462
f 1462//1462 1198//1198 1196//1196
f 1462//1462 1196//1196 1461//1461
f 1461//1461 1196//1196 1202//1202
f 1461//1461 1202//1202 1459//1459
f 1459//1459 1202//1202 1201//1201
f 1459//1459 1201//1201 1458//1458
f 1458//1458 1201//1201 1456//1456
f 1456//1456 1201//1201 1205//1205
f 1456//1456 1205//1205 1454//1454
f 1454//1454 1205//1205 1204//1204
f 1454//1454 1204//1204 1453//1453
f 1204//1204 1203//1203 1453//1453
f 1453//1453 1203//1203 1194//1194
f 1453//1453 1194//1194 1451//1451
f 1451//1451 1194//1194 1210//1210
f 1451//1451 1210//1210 1449//1449
f 1449//1449 1210//1210 1209//1209
f 1449//1449 1209//1209 1440//1440
f 1440//1440 1209//1209 1207//1207
f 1440//1440 1207//1207 1441//1441
f 1441//1441 1207//1207 1206//1206
f 1441//1441 1206//1206 1443//1443
f 1443//1443 1206//1206 1191//1191
f 1443//1443 1191//1191 1445//1445
f 1445//1445 1191//1191 1215//1215
f 1445//1445 1215//1215 1447//1447
f 1447//1447 1215//1215 1214//1214
f 1447//1447 1214//1214 1448//1448
f 1448//1448 1214//1214 1212//1212
f 1448//1448 1212//1212 1439//1439
f 1439//1439 1212//1212 1211//1211
f 1439//1439 1211//1211 1437//1437
f 1437//1437 1211//1211 1188//1188
f 1437//1437 1188//1188 1435//1435
f 1435//1435 1188//1188 1220//1220
f 1435//1435 1220//1220 1434//1434
f 1434//1434 1220//1220 1219//1219
f 1434//1434 1219//1219 1432//1432
f 1432//1432 1219//1219 1217//1217
f 1432//1432 1217//1217 1431//1431
f 1431//1431 1217//1217 1227//1227
f 1431//1431 1227//1227 1429//1429
f 1429//1429 1227//1227 1226//1226
f 1429//1429 1226//1226 1427//1427
f 1427//1427 1226//1226 1224//1224
f 1427//1427 1224//1224 1426//1426
f 1426//1426 1224//1224 1222//1222
f 1426//1426 1222//1222 1424//1424
f 1424//1424 1222//1222 1221//1221
f 1424//1424 1221//1221 1423//1423
f 1423//1423 1221//1221 1228//1228
f 1423//1423 1228//1228 1421//1421
f 1421//1421 1228//1228 1230//1230
f 1421//1421 1230//1230 1419//1419
f 1419//1419 1230//1230 1418//1418
f 1552//1552 1550//1550 1246//1246
f 1246//1246 1550//1550 1548//1548
f 1246//1246 1548//1548 1180//1180
f 1180//1180 1548//1548 1547//1547
f 1180//1180 1547//1547 1181//1181
f 1181//1181 1547//1547 1554//1554
f 1181//1181 1554//1554 1244//1244
f 1244//1244 1554//1554 1556//1556
f 1244//1244 1556//1556 1245//1245
f 1245//1245 1556//1556 1558//1558
f 1245//1245 1558//1558 1239//1239
f 1239//1239 1558//1558 1560//1560
f 1239//1239 1560//1560 1240//1240
f 1240//1240 1560//1560 1564//1564
f 1240//1240 1564//1564 1241//1241
f 1241//1241 1564//1564 1563//1563
f 1241//1241 1563//1563 1242//1242
f 1242//1242 1563//1563 1562//1562
f 1242//1242 1562//1562 1233//1233
f 1233//1233 1562//1562 1561//1561
f 1233//1233 1561//1561 1235//1235
f 1235//1235 1561//1561 1168//1168
f 1235//1235 1168//1168 1236//1236
f 1236//1236 1168//1168 1416//1416
f 1236//1236 1416//1416 1185//1185
f 1185//1185 1416//1416 1418//1418
f 1185//1185 1418//1418 1231//1231
f 1231//1231 1418//1418 1230//1230

