# https://github.com/mikedh/trimesh

o leader_finger_right_index.obj
v 0.00000000 0.00448500 -0.01997100
v 0.00000000 0.00448500 -0.02327900
v 0.00000000 0.00132000 -0.01997100
v 0.00000000 0.00164100 -0.02327900
v 0.00000000 0.00092300 -0.02324500
v 0.00000000 0.00022200 -0.02309200
v -0.00000000 -0.00021800 -0.02285600
v -0.00000000 -0.00055600 -0.02249200
v -0.00000000 -0.00082200 -0.02159500
v -0.00000000 -0.00069500 -0.02095300
v -0.00000000 -0.00030700 -0.02042800
v -0.00000000 -0.00075500 -0.02206300
v 0.00000000 0.00046200 -0.02005400
v 0.00280000 0.00862500 -0.01452200
v 0.00300000 0.00862500 -0.01452200
v 0.00280000 0.00862500 -0.01200000
v 0.00300000 0.00862500 -0.00947800
v 0.00280000 0.00862500 -0.00947800
v 0.00280000 0.00537500 -0.00947800
v 0.00300000 0.00537500 -0.00947800
v 0.00280000 0.00537500 -0.01200000
v 0.00300000 0.00537500 -0.01452200
v 0.00280000 0.00537500 -0.01452200
v 0.00280000 -0.00537500 -0.00252200
v 0.00300000 -0.00537500 -0.00252200
v 0.00280000 -0.00537500 0.00000000
v 0.00300000 -0.00537500 0.00252200
v 0.00280000 -0.00537500 0.00252200
v 0.00280000 -0.00862500 0.00252200
v 0.00300000 -0.00862500 0.00252200
v 0.00280000 -0.00862500 -0.00000000
v 0.00300000 -0.00862500 -0.00252200
v 0.00280000 -0.00862500 -0.00252200
v 0.00280000 0.00862500 0.00947800
v 0.00300000 0.00862500 0.00947800
v 0.00280000 0.00862500 0.01200000
v 0.00300000 0.00862500 0.01452200
v 0.00280000 0.00862500 0.01452200
v 0.00280000 0.00537500 0.01452200
v 0.00300000 0.00537500 0.01452200
v 0.00280000 0.00537500 0.01200000
v 0.00300000 0.00537500 0.00947800
v 0.00280000 0.00537500 0.00947800
v 0.00280000 -0.00537500 0.00947800
v 0.00300000 -0.00537500 0.00947800
v 0.00280000 -0.00537500 0.01200000
v 0.00300000 -0.00537500 0.01452200
v 0.00280000 -0.00537500 0.01452200
v 0.00280000 -0.00862500 0.01452200
v 0.00300000 -0.00862500 0.01452200
v 0.00280000 -0.00862500 0.01200000
v 0.00300000 -0.00862500 0.00947800
v 0.00280000 -0.00862500 0.00947800
v 0.00280000 -0.00537500 -0.01452200
v 0.00300000 -0.00537500 -0.01452200
v 0.00280000 -0.00537500 -0.01200000
v 0.00300000 -0.00537500 -0.00947800
v 0.00280000 -0.00537500 -0.00947800
v 0.00280000 -0.00862500 -0.00947800
v 0.00300000 -0.00862500 -0.00947800
v 0.00280000 -0.00862500 -0.01200000
v 0.00300000 -0.00862500 -0.01452200
v 0.00280000 -0.00862500 -0.01452200
v 0.00280000 0.00862500 -0.00252200
v 0.00300000 0.00862500 -0.00252200
v 0.00280000 0.00862500 0.00000000
v 0.00300000 0.00862500 0.00252200
v 0.00280000 0.00862500 0.00252200
v 0.00280000 0.00537500 0.00252200
v 0.00300000 0.00537500 0.00252200
v 0.00280000 0.00537500 -0.00000000
v 0.00300000 0.00537500 -0.00252200
v 0.00280000 0.00537500 -0.00252200
v 0.00040000 0.00448500 -0.02327900
v 0.00040000 0.00448500 -0.01997100
v 0.00040000 0.00132000 -0.01997100
v 0.00040000 -0.00030700 -0.02042800
v 0.00040000 0.00046200 -0.02005400
v 0.00040000 -0.00082200 -0.02159500
v 0.00040000 -0.00069500 -0.02095300
v 0.00040000 -0.00055600 -0.02249200
v 0.00040000 -0.00075500 -0.02206300
v 0.00040000 0.00022200 -0.02309200
v 0.00040000 -0.00021800 -0.02285600
v 0.00040000 0.00164100 -0.02327900
v 0.00040000 0.00092300 -0.02324500
v 0.00300000 0.00400000 0.01200000
v 0.00300000 0.00440200 0.01050000
v 0.00300000 0.00440200 0.01350000
v 0.00300000 0.01000000 0.01200000
v 0.00300000 0.00959800 0.01350000
v 0.00300000 0.00959800 0.01050000
v 0.00300000 0.00400000 0.00000000
v 0.00300000 0.00440200 -0.00150000
v 0.00300000 0.00440200 0.00150000
v 0.00300000 0.01000000 -0.00000000
v 0.00300000 0.00959800 0.00150000
v 0.00300000 0.00959800 -0.00150000
v 0.00300000 -0.01000000 -0.01200000
v 0.00300000 -0.00959800 -0.01350000
v 0.00300000 -0.00959800 -0.01050000
v 0.00300000 -0.00400000 -0.01200000
v 0.00300000 -0.00440200 -0.01050000
v 0.00300000 -0.00440200 -0.01350000
v 0.00300000 -0.01000000 0.00000000
v 0.00300000 -0.00959800 -0.00150000
v 0.00300000 -0.00959800 0.00150000
v 0.00300000 -0.00400000 -0.00000000
v 0.00300000 -0.00440200 0.00150000
v 0.00300000 -0.00440200 -0.00150000
v 0.00300000 0.00440200 -0.01050000
v 0.00300000 0.00400000 -0.01200000
v 0.00300000 0.00440200 -0.01350000
v 0.00300000 0.01000000 -0.01200000
v 0.00300000 0.00959800 -0.01050000
v 0.00300000 0.00959800 -0.01350000
v 0.00300000 -0.01000000 0.01200000
v 0.00300000 -0.00959800 0.01050000
v 0.00300000 -0.00959800 0.01350000
v 0.00300000 -0.00440200 0.01050000
v 0.00300000 -0.00400000 0.01200000
v 0.00300000 -0.00440200 0.01350000
v 0.00280000 0.00559300 -0.01281200
v 0.00280000 0.00618700 -0.01340700
v 0.00280000 0.00550000 -0.01459800
v 0.00280000 0.00700000 -0.01362500
v 0.00280000 0.00700000 -0.01500000
v 0.00280000 0.00781200 -0.01340700
v 0.00280000 0.00850000 -0.01459800
v 0.00280000 0.00840700 -0.01281200
v 0.00280000 0.00559300 -0.01118800
v 0.00280000 0.00550000 -0.00940200
v 0.00280000 0.00618700 -0.01059300
v 0.00280000 0.00700000 -0.00900000
v 0.00280000 0.00700000 -0.01037500
v 0.00280000 0.00850000 -0.00940200
v 0.00280000 0.00781200 -0.01059300
v 0.00280000 0.00840700 -0.01118800
v 0.00280000 -0.00840700 -0.00081300
v 0.00280000 -0.00781200 -0.00140700
v 0.00280000 -0.00850000 -0.00259800
v 0.00280000 -0.00700000 -0.00162500
v 0.00280000 -0.00700000 -0.00300000
v 0.00280000 -0.00618700 -0.00140700
v 0.00280000 -0.00550000 -0.00259800
v 0.00280000 -0.00559300 -0.00081300
v 0.00280000 -0.00840700 0.00081300
v 0.00280000 -0.00850000 0.00259800
v 0.00280000 -0.00781200 0.00140700
v 0.00280000 -0.00700000 0.00300000
v 0.00280000 -0.00700000 0.00162500
v 0.00280000 -0.00550000 0.00259800
v 0.00280000 -0.00618700 0.00140700
v 0.00280000 -0.00559300 0.00081300
v 0.00280000 0.00559300 0.01118800
v 0.00280000 0.00618700 0.01059300
v 0.00280000 0.00550000 0.00940200
v 0.00280000 0.00700000 0.01037500
v 0.00280000 0.00700000 0.00900000
v 0.00280000 0.00781200 0.01059300
v 0.00280000 0.00850000 0.00940200
v 0.00280000 0.00840700 0.01118800
v 0.00280000 0.00559300 0.01281200
v 0.00280000 0.00550000 0.01459800
v 0.00280000 0.00618700 0.01340700
v 0.00280000 0.00700000 0.01500000
v 0.00280000 0.00700000 0.01362500
v 0.00280000 0.00850000 0.01459800
v 0.00280000 0.00781200 0.01340700
v 0.00280000 0.00840700 0.01281200
v 0.00280000 -0.00559300 0.01118800
v 0.00280000 -0.00550000 0.00940200
v 0.00280000 -0.00618700 0.01059300
v 0.00280000 -0.00700000 0.00900000
v 0.00280000 -0.00700000 0.01037500
v 0.00280000 -0.00850000 0.00940200
v 0.00280000 -0.00781200 0.01059300
v 0.00280000 -0.00840700 0.01118800
v 0.00280000 -0.00840700 0.01281200
v 0.00280000 -0.00850000 0.01459800
v 0.00280000 -0.00781200 0.01340700
v 0.00280000 -0.00700000 0.01500000
v 0.00280000 -0.00700000 0.01362500
v 0.00280000 -0.00550000 0.01459800
v 0.00280000 -0.00618700 0.01340700
v 0.00280000 -0.00559300 0.01281200
v 0.00280000 -0.00840700 -0.01281200
v 0.00280000 -0.00781200 -0.01340700
v 0.00280000 -0.00850000 -0.01459800
v 0.00280000 -0.00700000 -0.01362500
v 0.00280000 -0.00700000 -0.01500000
v 0.00280000 -0.00618700 -0.01340700
v 0.00280000 -0.00550000 -0.01459800
v 0.00280000 -0.00559300 -0.01281200
v 0.00280000 -0.00840700 -0.01118800
v 0.00280000 -0.00850000 -0.00940200
v 0.00280000 -0.00781200 -0.01059300
v 0.00280000 -0.00700000 -0.00900000
v 0.00280000 -0.00700000 -0.01037500
v 0.00280000 -0.00550000 -0.00940200
v 0.00280000 -0.00618700 -0.01059300
v 0.00280000 -0.00559300 -0.01118800
v 0.00280000 0.00840700 -0.00081300
v 0.00280000 0.00850000 -0.00259800
v 0.00280000 0.00781200 -0.00140700
v 0.00280000 0.00700000 -0.00300000
v 0.00280000 0.00700000 -0.00162500
v 0.00280000 0.00550000 -0.00259800
v 0.00280000 0.00618700 -0.00140700
v 0.00280000 0.00559300 -0.00081300
v 0.00280000 0.00559300 0.00081300
v 0.00280000 0.00550000 0.00259800
v 0.00280000 0.00618700 0.00140700
v 0.00280000 0.00700000 0.00300000
v 0.00280000 0.00700000 0.00162500
v 0.00280000 0.00850000 0.00259800
v 0.00280000 0.00781200 0.00140700
v 0.00280000 0.00840700 0.00081300
v 0.00040000 -0.00448500 -0.01886600
v 0.00040000 -0.00448500 -0.02886600
v 0.00040000 -0.00580800 -0.01886600
v 0.00040000 -0.00580800 -0.02886600
v 0.00040000 0.00063100 -0.02431600
v 0.00040000 0.00580800 -0.02886600
v 0.00040000 0.00448500 -0.02886600
v 0.00040000 0.00448500 -0.02442500
v 0.00040000 0.00258100 -0.02443200
v 0.00040000 0.00221400 -0.02447300
v 0.00040000 0.00093800 -0.02540800
v 0.00040000 0.00021500 -0.02453800
v 0.00040000 0.00124800 -0.02504700
v 0.00040000 0.00161000 -0.02473900
v 0.00040000 0.00190100 -0.02458100
v 0.00040000 -0.00065800 -0.01913600
v 0.00040000 0.00034500 -0.01891300
v 0.00040000 0.00137400 -0.01886600
v 0.00040000 0.00580800 -0.01886600
v 0.00040000 -0.00208400 -0.02081100
v 0.00040000 -0.00177000 -0.02008700
v 0.00040000 -0.00129400 -0.01951700
v 0.00040000 -0.00134000 -0.02886600
v 0.00040000 -0.00300500 -0.02886600
v 0.00040000 -0.00001700 -0.02678600
v 0.00040000 -0.00126500 -0.02614400
v 0.00040000 0.00044500 -0.02608600
v 0.00040000 -0.00075800 -0.02544500
v 0.00040000 -0.00016700 -0.02481400
v 0.00040000 0.00295000 -0.02442500
v 0.00040000 -0.00051500 -0.02403300
v 0.00040000 -0.00149700 -0.02338900
v 0.00040000 -0.00202000 -0.02256100
v 0.00040000 -0.00218600 -0.02159500
v 0.00050000 -0.01000000 0.02100000
v 0.01350000 -0.01000000 0.02100000
v 0.00050000 0.01000000 0.02100000
v 0.01350000 0.01000000 0.02100000
v 0.01350000 0.00850000 0.01459800
v 0.01350000 0.00959800 0.01350000
v 0.01350000 0.01000000 0.01200000
v 0.01350000 0.00959800 0.01050000
v 0.01350000 0.00850000 0.00940200
v 0.01350000 0.00550000 0.00940200
v 0.01350000 0.00440200 0.01050000
v 0.01350000 0.00400000 0.01200000
v 0.01350000 0.00440200 0.01350000
v 0.01350000 0.00550000 0.01459800
v 0.01350000 0.00700000 0.00900000
v 0.01350000 0.00700000 0.01500000
v 0.01350000 0.00850000 0.00259800
v 0.01350000 0.00959800 0.00150000
v 0.01350000 0.01000000 -0.00000000
v 0.01350000 0.00959800 -0.00150000
v 0.01350000 0.00850000 -0.00259800
v 0.01350000 0.00550000 -0.00259800
v 0.01350000 0.00440200 -0.00150000
v 0.01350000 0.00400000 0.00000000
v 0.01350000 0.00440200 0.00150000
v 0.01350000 0.00550000 0.00259800
v 0.01350000 0.00700000 -0.00300000
v 0.01350000 0.00700000 0.00300000
v 0.01350000 -0.00550000 -0.00940200
v 0.01350000 -0.00440200 -0.01050000
v 0.01350000 -0.00400000 -0.01200000
v 0.01350000 -0.00440200 -0.01350000
v 0.01350000 -0.00550000 -0.01459800
v 0.01350000 -0.00850000 -0.01459800
v 0.01350000 -0.00959800 -0.01350000
v 0.01350000 -0.01000000 -0.01200000
v 0.01350000 -0.00959800 -0.01050000
v 0.01350000 -0.00850000 -0.00940200
v 0.01350000 -0.00700000 -0.01500000
v 0.01350000 -0.00700000 -0.00900000
v 0.01350000 -0.00550000 0.00259800
v 0.01350000 -0.00440200 0.00150000
v 0.01350000 -0.00400000 -0.00000000
v 0.01350000 -0.00440200 -0.00150000
v 0.01350000 -0.00550000 -0.00259800
v 0.01350000 -0.00850000 -0.00259800
v 0.01350000 -0.00959800 -0.00150000
v 0.01350000 -0.01000000 0.00000000
v 0.01350000 -0.00959800 0.00150000
v 0.01350000 -0.00850000 0.00259800
v 0.01350000 -0.00700000 -0.00300000
v 0.01350000 -0.00700000 0.00300000
v 0.01350000 0.00850000 -0.00940200
v 0.01350000 0.00959800 -0.01050000
v 0.01350000 0.01000000 -0.01200000
v 0.01350000 0.00959800 -0.01350000
v 0.01350000 0.00850000 -0.01459800
v 0.01350000 0.00550000 -0.01459800
v 0.01350000 0.00440200 -0.01350000
v 0.01350000 0.00400000 -0.01200000
v 0.01350000 0.00440200 -0.01050000
v 0.01350000 0.00550000 -0.00940200
v 0.01350000 0.00700000 -0.01500000
v 0.01350000 0.00700000 -0.00900000
v 0.01350000 -0.00550000 0.01459800
v 0.01350000 -0.00440200 0.01350000
v 0.01350000 -0.00400000 0.01200000
v 0.01350000 -0.00440200 0.01050000
v 0.01350000 -0.00550000 0.00940200
v 0.01350000 -0.00850000 0.00940200
v 0.01350000 -0.00959800 0.01050000
v 0.01350000 -0.01000000 0.01200000
v 0.01350000 -0.00959800 0.01350000
v 0.01350000 -0.00850000 0.01459800
v 0.01350000 -0.00700000 0.00900000
v 0.01350000 -0.00700000 0.01500000
v 0.01350000 -0.01069200 0.02087600
v 0.00050000 -0.01069200 0.02087600
v 0.01350000 -0.01100000 0.02073200
v 0.00050000 -0.01100000 0.02073200
v 0.01350000 -0.01141400 0.02041400
v 0.00050000 -0.01141400 0.02041400
v 0.01350000 -0.01173200 0.02000000
v 0.00050000 -0.01173200 0.02000000
v 0.01350000 -0.01187600 0.01969200
v 0.00050000 -0.01187600 0.01969200
v 0.01350000 -0.01200000 0.01900000
v 0.00050000 -0.01200000 0.01900000
v 0.00390200 -0.01109300 -0.04355200
v 0.01350000 -0.01000000 -0.04350000
v 0.01350000 -0.01224400 -0.04372100
v 0.00390200 -0.01324000 -0.04396600
v 0.01350000 -0.01324000 -0.04396600
v 0.00390200 -0.01527000 -0.04477800
v 0.01350000 -0.01440100 -0.04437500
v 0.00390200 -0.01621700 -0.04532600
v 0.01350000 -0.01621700 -0.04532600
v 0.00390200 -0.01710900 -0.04596000
v 0.01350000 -0.01638900 -0.04543800
v 0.01350000 -0.01813200 -0.04686800
v 0.00390200 -0.01869100 -0.04746900
v 0.01350000 -0.01869100 -0.04746900
v 0.00390200 -0.01995900 -0.04925000
v 0.01350000 -0.01956200 -0.04861100
v 0.00390200 -0.02046100 -0.05022300
v 0.01350000 -0.02046100 -0.05022300
v 0.00390200 -0.02086800 -0.05123900
v 0.01350000 -0.02062500 -0.05059900
v 0.01350000 -0.02127900 -0.05275600
v 0.00390200 -0.02138300 -0.05336300
v 0.01350000 -0.02138300 -0.05336300
v 0.00390200 -0.02148700 -0.05554700
v 0.01350000 -0.02150000 -0.05500000
v 0.00390200 -0.02138300 -0.05663700
v 0.01350000 -0.02138300 -0.05663700
v 0.00390200 -0.02117600 -0.05771100
v 0.01350000 -0.02127900 -0.05724400
v 0.01350000 -0.02062500 -0.05940100
v 0.00390200 -0.02046100 -0.05977700
v 0.01350000 -0.02046100 -0.05977700
v 0.00390200 -0.01936800 -0.06167100
v 0.01350000 -0.01956200 -0.06138900
v 0.00390200 -0.01869100 -0.06253100
v 0.01350000 -0.01869100 -0.06253100
v 0.00390200 -0.01793600 -0.06332300
v 0.01350000 -0.01813200 -0.06313200
v 0.01350000 -0.01638900 -0.06456200
v 0.00390200 -0.01621700 -0.06467400
v 0.01350000 -0.01621700 -0.06467400
v 0.00390200 -0.01427400 -0.06567600
v 0.01350000 -0.01440100 -0.06562500
v 0.00390200 -0.01324000 -0.06603400
v 0.01350000 -0.01324000 -0.06603400
v 0.00390200 -0.01217600 -0.06629200
v 0.01350000 -0.01224400 -0.06627900
v 0.00390200 -0.01000000 -0.06650000
v 0.01350000 -0.01000000 -0.06650000
v 0.00390200 -0.00782400 -0.06629200
v 0.01350000 -0.00775600 -0.06627900
v 0.00390200 -0.00676000 -0.06603400
v 0.01350000 -0.00676000 -0.06603400
v 0.00390200 -0.00572600 -0.06567600
v 0.01350000 -0.00559900 -0.06562500
v 0.00390200 -0.00378300 -0.06467400
v 0.01350000 -0.00378300 -0.06467400
v 0.01350000 -0.00361100 -0.06456200
v 0.00390200 -0.00206400 -0.06332300
v 0.01350000 -0.00186800 -0.06313200
v 0.00390200 -0.00130900 -0.06253100
v 0.01350000 -0.00130900 -0.06253100
v 0.00390200 -0.00063200 -0.06167100
v 0.01350000 -0.00043800 -0.06138900
v 0.00390200 0.00046100 -0.05977700
v 0.01350000 0.00046100 -0.05977700
v 0.01350000 0.00062500 -0.05940100
v 0.00390200 0.00117600 -0.05771100
v 0.01350000 0.00127900 -0.05724400
v 0.00390200 0.00138300 -0.05663700
v 0.01350000 0.00138300 -0.05663700
v 0.00390200 0.00148700 -0.05554700
v 0.01350000 0.00150000 -0.05500000
v 0.00390200 0.00138300 -0.05336300
v 0.01350000 0.00138300 -0.05336300
v 0.01350000 0.00127900 -0.05275600
v 0.00390200 0.00086800 -0.05123900
v 0.01350000 0.00062500 -0.05059900
v 0.00390200 0.00046100 -0.05022300
v 0.01350000 0.00046100 -0.05022300
v 0.00390200 -0.00004100 -0.04925000
v 0.01350000 -0.00043800 -0.04861100
v 0.00390200 -0.00130900 -0.04746900
v 0.01350000 -0.00130900 -0.04746900
v 0.01350000 -0.00186800 -0.04686800
v 0.00390200 -0.00289100 -0.04596000
v 0.01350000 -0.00361100 -0.04543800
v 0.00390200 -0.00378300 -0.04532600
v 0.01350000 -0.00378300 -0.04532600
v 0.00390200 -0.00473000 -0.04477800
v 0.01350000 -0.00559900 -0.04437500
v 0.00390200 -0.00676000 -0.04396600
v 0.00390200 -0.01000000 -0.04350000
v 0.00390200 -0.00890700 -0.04355200
v 0.01350000 -0.00775600 -0.04372100
v 0.01350000 -0.00676000 -0.04396600
v 0.00006700 -0.01175000 0.01900000
v 0.00006700 -0.01175000 -0.01500000
v 0.00014600 -0.01185400 0.01900000
v 0.00014600 -0.01185400 -0.01500000
v 0.00025000 -0.01193300 0.01900000
v 0.00025000 -0.01193300 -0.01500000
v 0.00032700 -0.01196900 0.01900000
v 0.00032700 -0.01196900 -0.01500000
v 0.00050000 -0.01200000 -0.01500000
v -0.00000000 -0.01150000 -0.01500000
v 0.00003100 -0.01167300 -0.01500000
v -0.00000000 -0.01150000 -0.00600000
v -0.00000000 -0.01150000 0.00600000
v -0.00000000 -0.01150000 0.01706300
v 0.00003100 -0.01167300 0.01900000
v -0.00000000 -0.01150000 0.01900000
v 0.00025000 -0.01000000 0.02093300
v 0.00014600 -0.01000000 0.02085400
v 0.00014600 -0.01064200 0.02073900
v 0.00006700 -0.01000000 0.02075000
v 0.00003100 -0.01000000 0.02067300
v 0.00003100 -0.01057900 0.02057000
v 0.00014600 -0.01173900 0.01964200
v 0.00032700 -0.01184700 0.01968200
v 0.00032700 -0.01068200 0.02084700
v 0.00032700 -0.01000000 0.02096900
v 0.00032700 -0.01139200 0.02039200
v -0.00000000 -0.01140700 0.01951900
v 0.00003100 -0.01157000 0.01957900
v 0.00003100 -0.01118300 0.02018300
v -0.00000000 -0.01106100 0.02006100
v -0.00000000 -0.01051900 0.02040700
v -0.00000000 -0.01000000 0.02050000
v 0.00014600 -0.01131100 0.02031100
v 0.00000000 0.01000000 0.02050000
v 0.00000000 0.00721700 0.02050000
v 0.00003100 0.01000000 0.02067300
v 0.00006700 0.01000000 0.02075000
v -0.00000000 -0.00374500 0.02050000
v -0.00000000 -0.00493000 0.02050000
v -0.00000000 -0.00721700 0.02050000
v 0.00032700 0.01000000 0.02096900
v 0.00025000 0.01000000 0.02093300
v 0.00014600 0.01000000 0.02085400
v 0.00025000 0.01193300 0.01900000
v 0.00014600 0.01185400 0.01900000
v 0.00014600 0.01173900 0.01964200
v 0.00006700 0.01175000 0.01900000
v 0.00003100 0.01167300 0.01900000
v 0.00003100 0.01157000 0.01957900
v 0.00014600 0.01064200 0.02073900
v 0.00032700 0.01068200 0.02084700
v 0.00050000 0.01173200 0.02000000
v 0.00050000 0.01187600 0.01969200
v 0.00032700 0.01184700 0.01968200
v 0.00050000 0.01200000 0.01900000
v 0.00032700 0.01196900 0.01900000
v 0.00050000 0.01141400 0.02041400
v 0.00032700 0.01139200 0.02039200
v 0.00050000 0.01100000 0.02073200
v 0.00050000 0.01069200 0.02087600
v 0.00000000 0.01051900 0.02040700
v 0.00003100 0.01057900 0.02057000
v 0.00003100 0.01118300 0.02018300
v 0.00000000 0.01106100 0.02006100
v 0.00000000 0.01140700 0.01951900
v 0.00000000 0.01150000 0.01900000
v 0.00014600 0.01131100 0.02031100
v 0.00000000 0.00700000 -0.01362500
v 0.00000000 0.00618700 -0.01340700
v 0.00000000 0.00559300 -0.01281200
v 0.00000000 0.00537500 -0.01200000
v 0.00000000 0.00559300 -0.01118800
v 0.00000000 0.00618700 -0.01059300
v 0.00000000 0.00700000 -0.01037500
v 0.00000000 0.00781200 -0.01059300
v 0.00000000 0.00840700 -0.01118800
v 0.00000000 0.00862500 -0.01200000
v 0.00000000 0.00840700 -0.01281200
v 0.00000000 0.00781200 -0.01340700
v -0.00000000 -0.00700000 -0.00162500
v -0.00000000 -0.00781200 -0.00140700
v -0.00000000 -0.00840700 -0.00081300
v -0.00000000 -0.00862500 -0.00000000
v -0.00000000 -0.00840700 0.00081300
v -0.00000000 -0.00781200 0.00140700
v -0.00000000 -0.00700000 0.00162500
v -0.00000000 -0.00618700 0.00140700
v -0.00000000 -0.00559300 0.00081300
v -0.00000000 -0.00537500 0.00000000
v -0.00000000 -0.00559300 -0.00081300
v -0.00000000 -0.00618700 -0.00140700
v 0.00000000 0.00700000 0.01037500
v 0.00000000 0.00618700 0.01059300
v 0.00000000 0.00559300 0.01118800
v 0.00000000 0.00537500 0.01200000
v 0.00000000 0.00559300 0.01281200
v 0.00000000 0.00618700 0.01340700
v 0.00000000 0.00700000 0.01362500
v 0.00000000 0.00781200 0.01340700
v 0.00000000 0.00840700 0.01281200
v 0.00000000 0.00862500 0.01200000
v 0.00000000 0.00840700 0.01118800
v 0.00000000 0.00781200 0.01059300
v -0.00000000 -0.00700000 0.01037500
v -0.00000000 -0.00781200 0.01059300
v -0.00000000 -0.00840700 0.01118800
v -0.00000000 -0.00862500 0.01200000
v -0.00000000 -0.00840700 0.01281200
v -0.00000000 -0.00781200 0.01340700
v -0.00000000 -0.00700000 0.01362500
v -0.00000000 -0.00618700 0.01340700
v -0.00000000 -0.00559300 0.01281200
v -0.00000000 -0.00537500 0.01200000
v -0.00000000 -0.00559300 0.01118800
v -0.00000000 -0.00618700 0.01059300
v -0.00000000 -0.00700000 -0.01362500
v -0.00000000 -0.00781200 -0.01340700
v -0.00000000 -0.00840700 -0.01281200
v -0.00000000 -0.00862500 -0.01200000
v -0.00000000 -0.00840700 -0.01118800
v -0.00000000 -0.00781200 -0.01059300
v -0.00000000 -0.00700000 -0.01037500
v -0.00000000 -0.00618700 -0.01059300
v -0.00000000 -0.00559300 -0.01118800
v -0.00000000 -0.00537500 -0.01200000
v -0.00000000 -0.00559300 -0.01281200
v -0.00000000 -0.00618700 -0.01340700
v 0.00000000 0.00700000 -0.00162500
v 0.00000000 0.00618700 -0.00140700
v 0.00000000 0.00559300 -0.00081300
v 0.00000000 0.00537500 -0.00000000
v 0.00000000 0.00559300 0.00081300
v 0.00000000 0.00618700 0.00140700
v 0.00000000 0.00700000 0.00162500
v 0.00000000 0.00781200 0.00140700
v 0.00000000 0.00840700 0.00081300
v 0.00000000 0.00862500 0.00000000
v 0.00000000 0.00840700 -0.00081300
v 0.00000000 0.00781200 -0.00140700
v -0.00000000 -0.00580800 -0.02886600
v -0.00000000 -0.00580800 -0.01886600
v -0.00000000 -0.00493000 -0.02886600
v -0.00000000 -0.00448500 -0.02886600
v -0.00000000 -0.00448500 -0.01886600
v -0.00000000 -0.00493000 -0.01886600
v 0.00000000 0.00448500 -0.02886600
v 0.00000000 0.00448500 -0.02442500
v 0.00000000 0.00580800 -0.02886600
v 0.00000000 0.00580800 -0.01886600
v 0.00000000 0.00137400 -0.01886600
v 0.00000000 0.00034500 -0.01891300
v -0.00000000 -0.00065800 -0.01913600
v -0.00000000 -0.00129400 -0.01951700
v -0.00000000 -0.00177000 -0.02008700
v -0.00000000 -0.00208400 -0.02081100
v -0.00000000 -0.00218600 -0.02159500
v -0.00000000 -0.00202000 -0.02256100
v -0.00000000 -0.00149700 -0.02338900
v -0.00000000 -0.00051500 -0.02403300
v 0.00000000 0.00063100 -0.02431600
v 0.00000000 0.00021500 -0.02453800
v -0.00000000 -0.00016700 -0.02481400
v -0.00000000 -0.00075800 -0.02544500
v -0.00000000 -0.00126500 -0.02614400
v -0.00000000 -0.00300500 -0.02886600
v -0.00000000 -0.00134000 -0.02886600
v 0.00000000 -0.00001700 -0.02678600
v 0.00000000 0.00044500 -0.02608600
v 0.00000000 0.00093800 -0.02540800
v 0.00000000 0.00124800 -0.02504700
v 0.00000000 0.00161000 -0.02473900
v 0.00000000 0.00190100 -0.02458100
v 0.00000000 0.00221400 -0.02447300
v 0.00000000 0.00258100 -0.02443200
v 0.00000000 0.00295000 -0.02442500
v 0.01350000 0.01200000 0.01900000
v 0.01350000 0.01187600 0.01969200
v 0.01350000 0.01173200 0.02000000
v 0.01350000 0.01141400 0.02041400
v 0.01350000 0.01100000 0.02073200
v 0.01350000 0.01069200 0.02087600
v 0.00000000 0.01150000 -0.01500000
v 0.00000000 0.01150000 -0.00600000
v 0.00003100 0.01167300 -0.01500000
v 0.00006700 0.01175000 -0.01500000
v 0.00000000 0.01150000 0.01706300
v 0.00000000 0.01150000 0.00600000
v 0.00014600 0.01185400 -0.01500000
v 0.00025000 0.01193300 -0.01500000
v 0.00032700 0.01196900 -0.01500000
v 0.00050000 0.01200000 -0.01500000
v 0.01350000 -0.01200000 -0.01500000
v 0.01367300 -0.01196900 0.01900000
v 0.01367300 -0.01196900 -0.01500000
v 0.01375000 -0.01193300 0.01900000
v 0.01375000 -0.01193300 -0.01500000
v 0.01385400 -0.01185400 0.01900000
v 0.01385400 -0.01185400 -0.01500000
v 0.01393300 -0.01175000 0.01900000
v 0.01393300 -0.01175000 -0.01500000
v 0.01400000 -0.01150000 0.01900000
v 0.01396900 -0.01167300 0.01900000
v 0.01400000 -0.01150000 0.01800000
v 0.01400000 -0.01150000 0.00600000
v 0.01400000 -0.01150000 -0.00600000
v 0.01396900 -0.01167300 -0.01500000
v 0.01400000 -0.01150000 -0.01500000
v 0.01393300 -0.01000000 0.02075000
v 0.01385400 -0.01000000 0.02085400
v 0.01385400 -0.01064200 0.02073900
v 0.01375000 -0.01000000 0.02093300
v 0.01367300 -0.01000000 0.02096900
v 0.01367300 -0.01068200 0.02084700
v 0.01385400 -0.01173900 0.01964200
v 0.01396900 -0.01157000 0.01957900
v 0.01400000 -0.01000000 0.02050000
v 0.01396900 -0.01000000 0.02067300
v 0.01396900 -0.01057900 0.02057000
v 0.01400000 -0.01051900 0.02040700
v 0.01396900 -0.01118300 0.02018300
v 0.01400000 -0.01106100 0.02006100
v 0.01400000 -0.01140700 0.01951900
v 0.01367300 -0.01184700 0.01968200
v 0.01367300 -0.01139200 0.02039200
v 0.01385400 -0.01131100 0.02031100
v 0.01367300 0.01000000 0.02096900
v 0.01375000 0.01000000 0.02093300
v 0.01385400 0.01000000 0.02085400
v 0.01393300 0.01000000 0.02075000
v 0.01396900 0.01000000 0.02067300
v 0.01400000 0.01000000 0.02050000
v 0.01393300 0.01175000 0.01900000
v 0.01385400 0.01185400 0.01900000
v 0.01385400 0.01173900 0.01964200
v 0.01375000 0.01193300 0.01900000
v 0.01367300 0.01196900 0.01900000
v 0.01367300 0.01184700 0.01968200
v 0.01385400 0.01064200 0.02073900
v 0.01396900 0.01057900 0.02057000
v 0.01400000 0.01150000 0.01900000
v 0.01396900 0.01167300 0.01900000
v 0.01396900 0.01157000 0.01957900
v 0.01400000 0.01140700 0.01951900
v 0.01396900 0.01118300 0.02018300
v 0.01400000 0.01106100 0.02006100
v 0.01400000 0.01051900 0.02040700
v 0.01367300 0.01068200 0.02084700
v 0.01367300 0.01139200 0.02039200
v 0.01385400 0.01131100 0.02031100
v 0.01400000 0.01150000 -0.00600000
v 0.01400000 0.01150000 -0.01500000
v 0.01396900 0.01167300 -0.01500000
v 0.01400000 0.01150000 0.01800000
v 0.01400000 0.01150000 0.00600000
v 0.01350000 0.01200000 -0.01500000
v 0.01367300 0.01196900 -0.01500000
v 0.01375000 0.01193300 -0.01500000
v 0.01385400 0.01185400 -0.01500000
v 0.01393300 0.01175000 -0.01500000
v 0.01400000 0.00525000 0.01503100
v 0.01400000 0.00396900 0.01375000
v 0.01400000 0.00350000 0.01200000
v 0.01400000 0.00396900 0.01025000
v 0.01400000 0.00525000 0.00896900
v 0.01400000 0.00700000 0.00850000
v 0.01400000 0.00875000 0.00896900
v 0.01400000 0.01003100 0.01025000
v 0.01400000 0.01050000 0.01200000
v 0.01400000 0.01003100 0.01375000
v 0.01400000 0.00875000 0.01503100
v 0.01400000 0.00700000 0.01550000
v 0.01400000 0.00525000 0.00303100
v 0.01400000 0.00396900 0.00175000
v 0.01400000 0.00350000 0.00000000
v 0.01400000 0.00396900 -0.00175000
v 0.01400000 0.00525000 -0.00303100
v 0.01400000 0.00700000 -0.00350000
v 0.01400000 0.00875000 -0.00303100
v 0.01400000 0.01003100 -0.00175000
v 0.01400000 0.01050000 -0.00000000
v 0.01400000 0.01003100 0.00175000
v 0.01400000 0.00875000 0.00303100
v 0.01400000 0.00700000 0.00350000
v 0.01400000 -0.00875000 -0.00896900
v 0.01400000 -0.01003100 -0.01025000
v 0.01400000 -0.01050000 -0.01200000
v 0.01400000 -0.01003100 -0.01375000
v 0.01400000 -0.00875000 -0.01503100
v 0.01400000 -0.00700000 -0.01550000
v 0.01400000 -0.00525000 -0.01503100
v 0.01400000 -0.00396900 -0.01375000
v 0.01400000 -0.00350000 -0.01200000
v 0.01400000 -0.00396900 -0.01025000
v 0.01400000 -0.00525000 -0.00896900
v 0.01400000 -0.00700000 -0.00850000
v 0.01396900 -0.01000000 -0.06682700
v 0.01400000 -0.00765900 -0.06676900
v 0.01396900 -0.00769300 -0.06660000
v 0.01400000 -0.00540800 -0.06608700
v 0.01396900 -0.00547400 -0.06592700
v 0.01400000 -0.00333300 -0.06497800
v 0.01396900 -0.00342900 -0.06483400
v 0.01400000 -0.00151500 -0.06348500
v 0.01396900 -0.00163700 -0.06336300
v 0.01400000 -0.00002200 -0.06166700
v 0.01396900 -0.00016600 -0.06157100
v 0.01400000 0.00108700 -0.05959200
v 0.01396900 0.00092700 -0.05952600
v 0.01400000 0.00176900 -0.05734100
v 0.01396900 0.00160000 -0.05730700
v 0.01400000 0.00200000 -0.05500000
v 0.01396900 0.00182700 -0.05500000
v 0.01400000 0.00176900 -0.05265900
v 0.01396900 0.00160000 -0.05269300
v 0.01400000 0.00108700 -0.05040800
v 0.01396900 0.00092700 -0.05047400
v 0.01400000 -0.00002200 -0.04833300
v 0.01396900 -0.00016600 -0.04842900
v 0.01400000 -0.00151500 -0.04651500
v 0.01396900 -0.00163700 -0.04663700
v 0.01400000 -0.00333300 -0.04502200
v 0.01396900 -0.00342900 -0.04516600
v 0.01400000 -0.00540800 -0.04391300
v 0.01396900 -0.00547400 -0.04407300
v 0.01400000 -0.00765900 -0.04323100
v 0.01396900 -0.00769300 -0.04340000
v 0.01400000 -0.01000000 -0.04300000
v 0.01396900 -0.01000000 -0.04317300
v 0.01400000 -0.01234100 -0.04323100
v 0.01396900 -0.01230700 -0.04340000
v 0.01400000 -0.01459200 -0.04391300
v 0.01396900 -0.01452600 -0.04407300
v 0.01400000 -0.01666700 -0.04502200
v 0.01396900 -0.01657100 -0.04516600
v 0.01400000 -0.01848500 -0.04651500
v 0.01396900 -0.01836300 -0.04663700
v 0.01400000 -0.01997800 -0.04833300
v 0.01396900 -0.01983400 -0.04842900
v 0.01400000 -0.02108700 -0.05040800
v 0.01396900 -0.02092700 -0.05047400
v 0.01400000 -0.02176900 -0.05265900
v 0.01396900 -0.02160000 -0.05269300
v 0.01400000 -0.02200000 -0.05500000
v 0.01396900 -0.02182700 -0.05500000
v 0.01400000 -0.02176900 -0.05734100
v 0.01396900 -0.02160000 -0.05730700
v 0.01400000 -0.02108700 -0.05959200
v 0.01396900 -0.02092700 -0.05952600
v 0.01400000 -0.01997800 -0.06166700
v 0.01396900 -0.01983400 -0.06157100
v 0.01400000 -0.01848500 -0.06348500
v 0.01396900 -0.01836300 -0.06336300
v 0.01400000 -0.01666700 -0.06497800
v 0.01396900 -0.01657100 -0.06483400
v 0.01400000 -0.01459200 -0.06608700
v 0.01396900 -0.01452600 -0.06592700
v 0.01400000 -0.01234100 -0.06676900
v 0.01396900 -0.01230700 -0.06660000
v 0.01400000 -0.01000000 -0.06700000
v 0.01367300 -0.01225000 -0.04369100
v 0.01367300 -0.01441300 -0.04434700
v 0.01367300 -0.01815400 -0.04684600
v 0.01367300 -0.01640600 -0.04541200
v 0.01367300 -0.01958800 -0.04859400
v 0.01367300 -0.02130900 -0.05275000
v 0.01367300 -0.02065300 -0.05058700
v 0.01367300 -0.02153100 -0.05500000
v 0.01367300 -0.02065300 -0.05941300
v 0.01367300 -0.02130900 -0.05725000
v 0.01367300 -0.01958800 -0.06140600
v 0.01367300 -0.01815400 -0.06315400
v 0.01367300 -0.01640600 -0.06458800
v 0.01367300 -0.00775000 -0.06630900
v 0.01367300 -0.01000000 -0.06653100
v 0.01367300 -0.01225000 -0.06630900
v 0.01367300 -0.01441300 -0.06565300
v 0.01367300 -0.00558700 -0.06565300
v 0.01367300 -0.00184600 -0.06315400
v 0.01367300 -0.00359400 -0.06458800
v 0.01367300 -0.00041200 -0.06140600
v 0.01367300 0.00130900 -0.05725000
v 0.01367300 0.00065300 -0.05941300
v 0.01367300 0.00153100 -0.05500000
v 0.01367300 0.00065300 -0.05058700
v 0.01367300 0.00130900 -0.05275000
v 0.01367300 -0.00041200 -0.04859400
v 0.01367300 -0.00184600 -0.04684600
v 0.01367300 -0.00359400 -0.04541200
v 0.01367300 -0.01000000 -0.04346900
v 0.01367300 -0.00775000 -0.04369100
v 0.01367300 -0.00558700 -0.04434700
v 0.01385400 -0.01000000 -0.04335400
v 0.01385400 -0.01227200 -0.04357700
v 0.01385400 -0.01445700 -0.04424000
v 0.01385400 -0.01647000 -0.04531600
v 0.01385400 -0.01823500 -0.04676500
v 0.01385400 -0.01968400 -0.04853000
v 0.01385400 -0.02076000 -0.05054300
v 0.01385400 -0.02142300 -0.05272800
v 0.01385400 -0.02164600 -0.05500000
v 0.01385400 -0.02142300 -0.05727200
v 0.01385400 -0.02076000 -0.05945700
v 0.01385400 -0.01968400 -0.06147000
v 0.01385400 -0.01823500 -0.06323500
v 0.01385400 -0.01647000 -0.06468400
v 0.01385400 -0.01445700 -0.06576000
v 0.01385400 -0.01227200 -0.06642300
v 0.01385400 -0.01000000 -0.06664600
v 0.01385400 -0.00772800 -0.06642300
v 0.01385400 -0.00554300 -0.06576000
v 0.01385400 -0.00353000 -0.06468400
v 0.01385400 -0.00176500 -0.06323500
v 0.01385400 -0.00031600 -0.06147000
v 0.01385400 0.00076000 -0.05945700
v 0.01385400 0.00142300 -0.05727200
v 0.01385400 0.00164600 -0.05500000
v 0.01385400 0.00142300 -0.05272800
v 0.01385400 0.00076000 -0.05054300
v 0.01385400 -0.00031600 -0.04853000
v 0.01385400 -0.00176500 -0.04676500
v 0.01385400 -0.00353000 -0.04531600
v 0.01385400 -0.00554300 -0.04424000
v 0.01385400 -0.00772800 -0.04357700
v 0.01400000 -0.00875000 0.00303100
v 0.01400000 -0.01003100 0.00175000
v 0.01400000 -0.01050000 0.00000000
v 0.01400000 -0.01003100 -0.00175000
v 0.01400000 -0.00875000 -0.00303100
v 0.01400000 -0.00700000 -0.00350000
v 0.01400000 -0.00525000 -0.00303100
v 0.01400000 -0.00396900 -0.00175000
v 0.01400000 -0.00350000 -0.00000000
v 0.01400000 -0.00396900 0.00175000
v 0.01400000 -0.00525000 0.00303100
v 0.01400000 -0.00700000 0.00350000
v 0.01400000 0.00525000 -0.00896900
v 0.01400000 0.00396900 -0.01025000
v 0.01400000 0.00350000 -0.01200000
v 0.01400000 0.00396900 -0.01375000
v 0.01400000 0.00525000 -0.01503100
v 0.01400000 0.00700000 -0.01550000
v 0.01400000 0.00875000 -0.01503100
v 0.01400000 0.01003100 -0.01375000
v 0.01400000 0.01050000 -0.01200000
v 0.01400000 0.01003100 -0.01025000
v 0.01400000 0.00875000 -0.00896900
v 0.01400000 0.00700000 -0.00850000
v 0.01400000 -0.00875000 0.01503100
v 0.01400000 -0.01003100 0.01375000
v 0.01400000 -0.01050000 0.01200000
v 0.01400000 -0.01003100 0.01025000
v 0.01400000 -0.00875000 0.00896900
v 0.01400000 -0.00700000 0.00850000
v 0.01400000 -0.00525000 0.00896900
v 0.01400000 -0.00396900 0.01025000
v 0.01400000 -0.00350000 0.01200000
v 0.01400000 -0.00396900 0.01375000
v 0.01400000 -0.00525000 0.01503100
v 0.01400000 -0.00700000 0.01550000
v 0.00032700 -0.01210800 -0.01874100
v 0.00050000 -0.01213900 -0.01873900
v 0.00032700 -0.01269700 -0.02355000
v 0.00050000 -0.01272800 -0.02354400
v 0.00050000 -0.01306900 -0.02533900
v 0.00032700 -0.01374500 -0.02827900
v 0.00050000 -0.01377500 -0.02827100
v 0.00050000 -0.01465200 -0.03115200
v 0.00032700 -0.01524000 -0.03288700
v 0.00050000 -0.01526900 -0.03287600
v 0.00032700 -0.01669400 -0.03633700
v 0.00050000 -0.01672200 -0.03632400
v -0.00000000 -0.01480100 -0.03305300
v -0.00000000 -0.01626900 -0.03653500
v 0.00003100 -0.01642600 -0.03646200
v 0.00003100 -0.01496300 -0.03299200
v 0.00003100 -0.01345900 -0.02835700
v -0.00000000 -0.01329200 -0.02840300
v 0.00003100 -0.01240600 -0.02360000
v -0.00000000 -0.01223500 -0.02362900
v 0.00003100 -0.01181300 -0.01876300
v -0.00000000 -0.01164000 -0.01877600
v 0.00014600 -0.01199300 -0.01875000
v 0.00014600 -0.01258400 -0.02356900
v 0.00014600 -0.01363300 -0.02831000
v 0.00014600 -0.01513200 -0.03292800
v 0.00014600 -0.01658900 -0.03638600
v 0.01385400 -0.01193600 -0.01788400
v 0.01367300 -0.01205100 -0.01787700
v 0.01367300 -0.02230500 -0.04562600
v 0.01367300 -0.02062700 -0.04328800
v 0.01350000 -0.02233000 -0.04560700
v 0.01350000 -0.02065300 -0.04327000
v 0.01350000 -0.01982800 -0.04200900
v 0.01367300 -0.01826600 -0.03943000
v 0.01350000 -0.01829300 -0.03941500
v 0.01350000 -0.01691600 -0.03673500
v 0.01367300 -0.01625900 -0.03537800
v 0.01350000 -0.01628800 -0.03536500
v 0.01367300 -0.01462300 -0.03116200
v 0.01350000 -0.01465200 -0.03115200
v 0.01367300 -0.01337000 -0.02681600
v 0.01350000 -0.01340000 -0.02680900
v 0.01350000 -0.01306900 -0.02533900
v 0.01367300 -0.01251000 -0.02237600
v 0.01350000 -0.01254100 -0.02237200
v 0.01350000 -0.01219000 -0.01937900
v 0.01350000 -0.01208200 -0.01787600
v 0.01400000 -0.01158300 -0.01790400
v 0.01396900 -0.01175600 -0.01789400
v 0.01396900 -0.01221700 -0.02242000
v 0.01400000 -0.01204600 -0.02244500
v 0.01396900 -0.01308200 -0.02688600
v 0.01400000 -0.01291400 -0.02692600
v 0.01396900 -0.01434200 -0.03125600
v 0.01400000 -0.01417800 -0.03131200
v 0.01396900 -0.01598800 -0.03549700
v 0.01400000 -0.01583000 -0.03556700
v 0.01396900 -0.01800700 -0.03957400
v 0.01400000 -0.01785500 -0.03965700
v 0.01396900 -0.02038200 -0.04345300
v 0.01400000 -0.02023800 -0.04355000
v 0.01396900 -0.02207000 -0.04580500
v 0.01400000 -0.02193200 -0.04591000
v 0.01385400 -0.01239600 -0.02239300
v 0.01385400 -0.01325700 -0.02684300
v 0.01385400 -0.01451300 -0.03119900
v 0.01385400 -0.01615400 -0.03542400
v 0.01385400 -0.01816500 -0.03948600
v 0.01385400 -0.02053100 -0.04335200
v 0.01385400 -0.02221300 -0.04569600
v -0.00191200 -0.01220800 -0.06645800
v -0.00191200 -0.01000000 -0.06666900
v -0.00191200 -0.00779200 -0.06645800
v -0.00191200 -0.01950500 -0.06176900
v -0.00191200 -0.01805300 -0.06344500
v -0.00191200 -0.01630900 -0.06481700
v -0.00191200 -0.01433700 -0.06583300
v -0.00191200 -0.02134000 -0.05775100
v -0.00191200 -0.02061500 -0.05984800
v -0.00191200 -0.02102700 -0.05118300
v -0.00191200 -0.02155000 -0.05333900
v -0.00191200 -0.02165600 -0.05555500
v -0.00191200 -0.01721300 -0.04582700
v -0.00191200 -0.01881900 -0.04735800
v -0.00191200 -0.02010600 -0.04916500
v -0.00191200 -0.01110900 -0.04338400
v -0.00191200 -0.01328800 -0.04380400
v -0.00191200 -0.01534700 -0.04462800
v -0.00191200 -0.00278700 -0.04582700
v -0.00191200 -0.00465300 -0.04462800
v -0.00191200 -0.00671200 -0.04380400
v -0.00191200 -0.00889100 -0.04338400
v -0.00191200 0.00102700 -0.05118300
v -0.00191200 0.00010600 -0.04916500
v -0.00191200 -0.00118100 -0.04735800
v -0.00191200 0.00134000 -0.05775100
v -0.00191200 0.00165600 -0.05555500
v -0.00191200 0.00155000 -0.05333900
v -0.00191200 -0.00194700 -0.06344500
v -0.00191200 -0.00049500 -0.06176900
v -0.00191200 0.00061500 -0.05984800
v -0.00191200 -0.00566300 -0.06583300
v -0.00191200 -0.00369100 -0.06481700
v -0.00770600 -0.01000000 -0.06717600
v -0.00770600 -0.01230400 -0.06695600
v -0.00770600 -0.01452500 -0.06630400
v -0.00770600 -0.01658300 -0.06524300
v -0.00770600 -0.01840200 -0.06381200
v -0.00770600 -0.01991800 -0.06206300
v -0.00770600 -0.02107600 -0.06005800
v -0.00770600 -0.02183300 -0.05787100
v -0.00770600 -0.02216200 -0.05557900
v -0.00770600 -0.02205200 -0.05326700
v -0.00770600 -0.02150600 -0.05101800
v -0.00770600 -0.02054500 -0.04891200
v -0.00770600 -0.01920200 -0.04702600
v -0.00770600 -0.01752700 -0.04542900
v -0.00770600 -0.01557900 -0.04417700
v -0.00770600 -0.01343000 -0.04331700
v -0.00770600 -0.01115700 -0.04287900
v -0.00770600 -0.00884300 -0.04287900
v -0.00770600 -0.00657000 -0.04331700
v -0.00770600 -0.00442100 -0.04417700
v -0.00770600 -0.00247300 -0.04542900
v -0.00770600 -0.00079800 -0.04702600
v -0.00770600 0.00054500 -0.04891200
v -0.00770600 0.00150600 -0.05101800
v -0.00770600 0.00205200 -0.05326700
v -0.00770600 0.00216200 -0.05557900
v -0.00770600 0.00183300 -0.05787100
v -0.00770600 0.00107600 -0.06005800
v -0.00770600 -0.00008200 -0.06206300
v -0.00770600 -0.00159800 -0.06381200
v -0.00770600 -0.00341700 -0.06524300
v -0.00770600 -0.00547500 -0.06630400
v -0.00770600 -0.00769600 -0.06695600
v -0.01346200 0.00300400 -0.05561900
v -0.01346200 0.00265200 -0.05806900
v -0.01346200 0.00234900 -0.05912100
v -0.01346200 0.00184200 -0.06040800
v -0.01346200 0.00060500 -0.06255200
v -0.01346200 -0.00101600 -0.06442200
v -0.01346200 -0.00296100 -0.06595200
v -0.01346200 -0.00516100 -0.06708600
v -0.01346200 -0.00753600 -0.06778400
v -0.01346200 -0.01000000 -0.06801900
v -0.01346200 -0.01246400 -0.06778400
v -0.01346200 -0.01483900 -0.06708600
v -0.01346200 -0.01703900 -0.06595200
v -0.01346200 -0.01898400 -0.06442200
v -0.01346200 -0.02060500 -0.06255200
v -0.01346200 -0.02184200 -0.06040800
v -0.01346200 -0.02265200 -0.05806900
v -0.01346200 -0.02300400 -0.05561900
v -0.01346200 -0.02288600 -0.05314700
v -0.01346200 -0.02230300 -0.05074200
v -0.01346200 -0.02127500 -0.04849100
v -0.01346200 -0.01983900 -0.04647400
v -0.01346200 -0.01804800 -0.04476600
v -0.01346200 -0.01596600 -0.04342800
v -0.01346200 -0.01366800 -0.04250800
v -0.01346200 -0.01123800 -0.04204000
v -0.01346200 -0.00876200 -0.04204000
v -0.01346200 -0.00633200 -0.04250800
v -0.01346200 -0.00403400 -0.04342800
v -0.01346200 -0.00195200 -0.04476600
v -0.01346200 -0.00016100 -0.04647400
v -0.01346200 0.00127500 -0.04849100
v -0.01346200 0.00230300 -0.05074200
v -0.01346200 0.00288600 -0.05314700
v -0.00000000 -0.00493000 -0.01624600
v -0.00000000 -0.00721700 0.01706300
v -0.00000000 -0.00967000 -0.03550300
v -0.00000000 -0.00663400 -0.03579300
v -0.00000000 -0.01271400 -0.03569000
v -0.00000000 -0.01569200 -0.03634900
v -0.00000000 -0.00721700 -0.01624600
v -0.00000000 -0.00491600 -0.03617500
v -0.00000000 -0.00374400 -0.03653100
v -0.00000000 -0.00374500 -0.01624600
v 0.00000000 0.00721700 -0.01624600
v 0.00000000 0.00749100 -0.04637800
v 0.00000000 0.00593200 -0.04375700
v -0.00000000 -0.00368100 -0.03655200
v 0.00000000 0.00398400 -0.04141000
v 0.00000000 0.00169400 -0.03939600
v -0.00000000 -0.00088200 -0.03776300
v 0.00000000 0.01139300 -0.02049800
v 0.00000000 0.00895700 -0.04168900
v 0.00000000 0.00781400 -0.04706800
v 0.00000000 0.01093700 -0.02760000
v 0.00000000 0.01012500 -0.03466900
v 0.00000000 0.00721700 -0.00600000
v -0.00000000 -0.00374500 -0.00600000
v -0.00000000 -0.00721700 -0.00600000
v -0.00000000 -0.00493000 -0.00600000
v -0.00000000 -0.00493000 0.00600000
v -0.00000000 -0.00721700 0.00600000
v -0.00000000 -0.00374500 0.01706300
v -0.00000000 -0.00374500 0.00600000
v 0.00000000 0.00721700 0.00600000
v 0.00000000 0.00721700 0.01706300
v -0.00000000 -0.00493000 0.01706300
v -0.00131500 -0.01923500 -0.04128900
v -0.00135100 -0.01920000 -0.04129900
v -0.00148300 -0.01937500 -0.04155400
v -0.00039700 -0.01769100 -0.03898800
v -0.00036600 -0.01775600 -0.03896400
v -0.00030900 -0.01750500 -0.03868500
v -0.00032500 -0.01781700 -0.03894400
v -0.00010800 -0.01696300 -0.03777500
v -0.00004900 -0.01711300 -0.03771000
v -0.00022000 -0.01792200 -0.03892100
v -0.00119800 -0.01933400 -0.04129400
v 0.00021000 -0.01732800 -0.03764800
v 0.00033300 -0.01748800 -0.03789600
v -0.00161500 -0.02004000 -0.04234200
v -0.00101700 -0.01941500 -0.04134500
v -0.00110900 -0.01938300 -0.04131300
v -0.00034900 -0.01862300 -0.04000400
v -0.00009000 -0.01799800 -0.03892200
v 0.00006100 -0.01724000 -0.03766600
v -0.00127900 -0.01927200 -0.04128700
v -0.00172300 -0.01968300 -0.04199800
v -0.00256500 -0.02077700 -0.04349700
v -0.00260700 -0.02074800 -0.04348700
v -0.00271900 -0.02087800 -0.04366400
v -0.00400000 -0.02233000 -0.04560700
v -0.00252200 -0.02080300 -0.04351000
v -0.00348500 -0.02174900 -0.04484000
v -0.00296800 -0.02116300 -0.04405300
v 0.01385400 0.01176900 -0.01989000
v 0.01396900 0.01158900 -0.01988400
v 0.01400000 0.00422800 -0.05975000
v 0.01396900 0.00439200 -0.05980400
v 0.01396900 0.00585900 -0.05514500
v 0.01400000 0.00569300 -0.05509600
v 0.01396900 0.00771600 -0.04822700
v 0.01400000 0.00754800 -0.04818700
v 0.01396900 0.00922200 -0.04122400
v 0.01400000 0.00905200 -0.04119200
v 0.01396900 0.01037100 -0.03415400
v 0.01400000 0.01019900 -0.03413000
v 0.01396900 0.01116000 -0.02703400
v 0.01400000 0.01098800 -0.02701900
v 0.01400000 0.01141600 -0.01987800
v 0.01350000 0.01191600 -0.01989500
v 0.01367300 0.01188500 -0.01989400
v 0.01350000 0.01178700 -0.02276400
v 0.01367300 0.01145500 -0.02705900
v 0.01350000 0.01148600 -0.02706200
v 0.01350000 0.01088200 -0.03277400
v 0.01367300 0.01066400 -0.03419400
v 0.01350000 0.01069500 -0.03419800
v 0.01367300 0.00951300 -0.04127900
v 0.01350000 0.00954300 -0.04128500
v 0.01367300 0.00800400 -0.04829700
v 0.01350000 0.00803400 -0.04830400
v 0.01350000 0.00695900 -0.05247600
v 0.01367300 0.00614300 -0.05522900
v 0.01350000 0.00617200 -0.05523800
v 0.01367300 0.00467300 -0.05989800
v 0.01350000 0.00470200 -0.05990800
v 0.01385400 0.01134000 -0.02704900
v 0.01385400 0.01055000 -0.03417800
v 0.01385400 0.00939900 -0.04125700
v 0.01385400 0.00789200 -0.04827000
v 0.01385400 0.00603200 -0.05519700
v 0.01385400 0.00456400 -0.05986200
v -0.00015700 0.00723900 -0.05143900
v -0.00098900 0.00658300 -0.05382300
v -0.00108100 0.00658300 -0.05378500
v 0.00042100 0.00796400 -0.04859500
v -0.00007100 0.00745100 -0.05053800
v -0.00125200 0.00652700 -0.05370000
v -0.00170800 0.00621900 -0.05469300
v -0.00095300 0.00672900 -0.05254600
v 0.00021900 0.00786600 -0.04886200
v -0.00020100 0.00739600 -0.05049300
v 0.00007200 0.00778600 -0.04882300
v -0.00030800 0.00730600 -0.05044400
v -0.00003900 0.00766400 -0.04877900
v -0.00007800 0.00759100 -0.04875600
v -0.00038100 0.00718700 -0.05039600
v -0.00007600 0.00755600 -0.04849700
v -0.00065100 0.00695600 -0.05150900
v -0.00072400 0.00692600 -0.05209000
v -0.00073300 0.00689200 -0.05180500
v -0.00080100 0.00684100 -0.05204200
v -0.00117000 0.00656400 -0.05374400
v -0.00249900 0.00566900 -0.05686500
v -0.00400000 0.00470200 -0.05990800
v -0.00296500 0.00540600 -0.05767100
v -0.00130600 0.00636500 -0.05457900
v -0.00293800 0.00542400 -0.05761000
v -0.00254300 0.00566300 -0.05684100
v 0.00003100 0.00798200 -0.04710700
v 0.00014600 0.00815800 -0.04714800
v 0.00032700 0.00827100 -0.04717400
v 0.00050000 0.00830100 -0.04718100
v -0.00258600 0.00565300 -0.05681600
v -0.00190200 0.00609300 -0.05518600
v -0.00183200 0.00613800 -0.05501000
v 0.00014600 0.01174600 -0.02051200
v 0.00032700 0.01186200 -0.02051600
v 0.00032700 0.00941800 -0.04177700
v 0.00050000 0.00944800 -0.04178300
v 0.00032700 0.01058900 -0.03473400
v 0.00050000 0.01062000 -0.03473900
v 0.00050000 0.01088200 -0.03277400
v 0.00032700 0.01140400 -0.02764100
v 0.00050000 0.01143500 -0.02764400
v 0.00050000 0.01178700 -0.02276400
v 0.00050000 0.01189300 -0.02051700
v 0.00003100 0.01156600 -0.02050500
v 0.00003100 0.01111000 -0.02761500
v 0.00003100 0.01029600 -0.03469300
v 0.00003100 0.00912700 -0.04172200
v 0.00014600 0.00930400 -0.04175600
v 0.00014600 0.01047500 -0.03471800
v 0.00014600 0.01128900 -0.02763100
v 0.01400000 -0.00075000 0.01800000
v 0.01400000 -0.00075000 -0.02925000
v 0.01400000 -0.02431200 -0.05051100
v 0.01400000 -0.02487300 -0.05304900
v 0.01400000 -0.02498600 -0.05564600
v 0.01400000 -0.02464900 -0.05822400
v 0.01400000 -0.02387300 -0.06070500
v 0.01400000 -0.02268000 -0.06301400
v 0.01400000 -0.02110600 -0.06508300
v 0.01400000 -0.02332200 -0.04810700
v 0.01400000 -0.00075000 -0.00600000
v 0.01400000 -0.00075000 0.00600000
v 0.01400000 0.01100000 0.01800000
v 0.01400000 0.01100000 -0.00600000
v 0.01400000 0.00275000 -0.02925000
v 0.01400000 0.00275000 -0.00600000
v 0.01400000 0.00319500 -0.06213500
v 0.01400000 0.00176500 -0.06430600
v 0.01400000 -0.00001900 -0.06619700
v 0.01400000 -0.00210200 -0.06775200
v 0.01400000 -0.00442200 -0.06892400
v 0.01400000 -0.00691000 -0.06967800
v 0.01400000 -0.00949100 -0.06999100
v 0.01400000 -0.01208600 -0.06985400
v 0.01400000 -0.01462000 -0.06927100
v 0.01400000 -0.01701400 -0.06825900
v 0.01400000 -0.01919800 -0.06684900
v 0.01400000 0.01100000 0.00600000
v 0.01400000 0.00275000 0.00600000
v 0.01400000 0.00275000 0.01800000
v -0.01383800 0.00202100 -0.06454600
v -0.01383800 0.00349600 -0.06231400
v -0.01324400 0.00362700 -0.06238500
v -0.01324400 -0.01911100 -0.06754000
v -0.01324400 -0.01963900 -0.06713800
v -0.01383800 -0.01954600 -0.06702100
v -0.01324400 -0.02402500 -0.06160000
v -0.01324400 -0.02441700 -0.06069200
v -0.01383800 -0.02427800 -0.06063700
v -0.01383800 -0.02504000 -0.05807200
v -0.01383800 -0.01803100 -0.04191800
v -0.01383800 -0.02018000 -0.04351100
v -0.01324400 -0.02028000 -0.04339900
v -0.01383800 -0.01041400 -0.03965500
v -0.01383800 -0.01307200 -0.03996000
v -0.01324400 -0.01310200 -0.03981400
v -0.01383800 -0.00268600 -0.04150400
v -0.01383800 -0.00514100 -0.04043900
v -0.01324400 -0.00509300 -0.04029700
v -0.01383800 0.00518300 -0.05725700
v -0.01383800 0.00534500 -0.05458600
v -0.01324400 0.00549400 -0.05458200
v -0.01383800 0.00427800 -0.04936300
v -0.01324400 0.00474100 -0.05021000
v -0.01383800 0.00504000 -0.05192800
v -0.01324400 0.00518600 -0.05189800
v -0.01324400 0.00546900 -0.05402700
v -0.01383800 0.00148900 -0.04482000
v -0.01324400 0.00308700 -0.04669500
v -0.01383800 0.00308200 -0.04696900
v -0.01324400 0.00321000 -0.04689100
v -0.01324400 0.00441700 -0.04930800
v -0.01383800 -0.00045400 -0.04297900
v -0.01324400 0.00061000 -0.04370100
v -0.01324400 0.00160100 -0.04472000
v -0.01324400 -0.00261500 -0.04137300
v -0.01324400 -0.00253300 -0.04141700
v -0.01324400 -0.00036100 -0.04286200
v -0.01324400 -0.01041800 -0.03950600
v -0.01324400 -0.01000000 -0.03950000
v -0.01383800 -0.00774300 -0.03981700
v -0.01324400 -0.00772100 -0.03966800
v -0.01324400 -0.00614500 -0.03998700
v -0.01324400 -0.01810900 -0.04179000
v -0.01324400 -0.01746700 -0.04141700
v -0.01383800 -0.01563700 -0.04072200
v -0.01324400 -0.01569200 -0.04058300
v -0.01324400 -0.01385500 -0.03998700
v -0.01324400 -0.02470300 -0.05009300
v -0.01324400 -0.02362700 -0.04761500
v -0.01383800 -0.02349600 -0.04768600
v -0.01324400 -0.02308700 -0.04669500
v -0.01383800 -0.02202100 -0.04545400
v -0.01324400 -0.02213800 -0.04536100
v -0.01324400 -0.02061000 -0.04370100
v -0.01324400 -0.02533200 -0.05272100
v -0.01324400 -0.02474100 -0.05021000
v -0.01383800 -0.02518300 -0.05274300
v -0.01383800 -0.02456100 -0.05014100
v -0.01324400 -0.02518600 -0.05810200
v -0.01324400 -0.02522500 -0.05790400
v -0.01383800 -0.02534500 -0.05541400
v -0.01324400 -0.02549400 -0.05541800
v -0.01324400 -0.02546900 -0.05402700
v -0.01324400 -0.02321000 -0.06310900
v -0.01383800 -0.02308200 -0.06303100
v -0.01324400 -0.02194300 -0.06488000
v -0.01383800 -0.02148900 -0.06518000
v -0.01324400 -0.02160100 -0.06528000
v -0.01324400 -0.01738500 -0.06862700
v -0.01383800 -0.01731400 -0.06849600
v -0.01324400 -0.01570600 -0.06941200
v -0.01383800 -0.01485900 -0.06956100
v -0.01324400 -0.01490700 -0.06970300
v -0.01324400 -0.01227900 -0.07033200
v -0.01383800 -0.01225700 -0.07018300
v -0.01324400 -0.01194300 -0.07037800
v -0.01383800 -0.00958600 -0.07034500
v -0.01324400 -0.00958200 -0.07049400
v -0.01324400 -0.00805700 -0.07037800
v -0.01383800 -0.00692800 -0.07004000
v -0.01324400 -0.00689800 -0.07018600
v -0.01324400 -0.00430800 -0.06941700
v -0.01383800 -0.00436300 -0.06927800
v -0.01324400 -0.00429400 -0.06941200
v -0.01383800 -0.00196900 -0.06808200
v -0.01324400 -0.00189100 -0.06821000
v -0.01324400 0.00213800 -0.06463900
v -0.01324400 0.00194300 -0.06488000
v -0.01383800 0.00018000 -0.06648900
v -0.01324400 0.00028000 -0.06660100
v -0.01324400 -0.00088900 -0.06754000
v -0.01324400 0.00533200 -0.05727900
v -0.01324400 0.00522500 -0.05790400
v -0.01383800 0.00456100 -0.05985900
v -0.01324400 0.00470300 -0.05990700
v -0.01324400 0.00402500 -0.06160000
v -0.01428900 -0.02117900 -0.06490600
v -0.01428900 -0.02273000 -0.06281400
v -0.01428900 -0.02389300 -0.06048500
v -0.01428900 -0.02463500 -0.05798900
v -0.01428900 -0.02493100 -0.05540300
v -0.01428900 -0.02477500 -0.05280400
v -0.01428900 -0.02416900 -0.05027200
v -0.01428900 -0.02313200 -0.04788300
v -0.01428900 -0.01928900 -0.06669700
v -0.01428900 -0.01711700 -0.06813200
v -0.01428900 -0.01472800 -0.06916900
v -0.01428900 -0.01219600 -0.06977500
v -0.01428900 -0.00959700 -0.06993100
v -0.01428900 -0.00701100 -0.06963500
v -0.01428900 -0.00451500 -0.06889300
v -0.01428900 -0.00218600 -0.06773000
v -0.01428900 -0.00009400 -0.06617900
v -0.01428900 0.00169700 -0.06428900
v -0.01428900 0.00313200 -0.06211700
v -0.01428900 0.00416900 -0.05972800
v -0.01428900 0.00477500 -0.05719600
v -0.01428900 0.00493100 -0.05459700
v -0.01428900 0.00463500 -0.05201100
v -0.01428900 0.00389300 -0.04951500
v -0.01428900 0.00273000 -0.04718600
v -0.01428900 0.00117900 -0.04509400
v -0.01428900 -0.00071100 -0.04330300
v -0.01428900 -0.00288300 -0.04186800
v -0.01428900 -0.00527200 -0.04083100
v -0.01428900 -0.00780400 -0.04022500
v -0.01428900 -0.01040300 -0.04006900
v -0.01428900 -0.01298900 -0.04036500
v -0.01428900 -0.01548500 -0.04110700
v -0.01428900 -0.01781400 -0.04227000
v -0.01428900 -0.01990600 -0.04382100
v -0.01428900 -0.02169700 -0.04571100
v -0.01449000 -0.02074700 -0.06452300
v -0.01449000 -0.02223700 -0.06251200
v -0.01449000 -0.02335600 -0.06027300
v -0.01449000 -0.02406800 -0.05787400
v -0.01449000 -0.02435400 -0.05538700
v -0.01449000 -0.02420300 -0.05288900
v -0.01449000 -0.02362000 -0.05045500
v -0.01449000 -0.02262400 -0.04815800
v -0.01449000 -0.02124400 -0.04607000
v -0.01449000 -0.01893000 -0.06624400
v -0.01449000 -0.01684200 -0.06762400
v -0.01449000 -0.01454500 -0.06862000
v -0.01449000 -0.01211100 -0.06920300
v -0.01449000 -0.00961300 -0.06935400
v -0.01449000 -0.00712600 -0.06906800
v -0.01449000 -0.00472700 -0.06835600
v -0.01449000 -0.00248800 -0.06723700
v -0.01449000 -0.00047700 -0.06574700
v -0.01449000 0.00124400 -0.06393000
v -0.01449000 0.00262400 -0.06184200
v -0.01449000 0.00362000 -0.05954500
v -0.01449000 0.00420300 -0.05711100
v -0.01449000 0.00435400 -0.05461300
v -0.01449000 0.00406800 -0.05212600
v -0.01449000 0.00335600 -0.04972700
v -0.01449000 0.00223700 -0.04748800
v -0.01449000 0.00074700 -0.04547700
v -0.01449000 -0.00107000 -0.04375600
v -0.01449000 -0.00315800 -0.04237600
v -0.01449000 -0.00545500 -0.04138000
v -0.01449000 -0.00788900 -0.04079700
v -0.01449000 -0.01038700 -0.04064600
v -0.01449000 -0.01287400 -0.04093200
v -0.01449000 -0.01527300 -0.04164400
v -0.01449000 -0.01751200 -0.04276300
v -0.01449000 -0.01952300 -0.04425300
v -0.01439200 -0.02029500 -0.06412200
v -0.01439200 -0.02172200 -0.06219600
v -0.01439200 -0.02279400 -0.06005100
v -0.01439200 -0.02347700 -0.05775300
v -0.01439200 -0.02375000 -0.05537100
v -0.01439200 -0.02360500 -0.05297800
v -0.01439200 -0.02304800 -0.05064600
v -0.01439200 -0.02209300 -0.04844600
v -0.01439200 -0.02077100 -0.04644600
v -0.01439200 -0.01912200 -0.04470500
v -0.01439200 -0.01855400 -0.06577100
v -0.01439200 -0.01655400 -0.06709300
v -0.01439200 -0.01435400 -0.06804800
v -0.01439200 -0.01202200 -0.06860500
v -0.01439200 -0.00962900 -0.06875000
v -0.01439200 -0.00724700 -0.06847700
v -0.01439200 -0.00494900 -0.06779400
v -0.01439200 -0.00280400 -0.06672200
v -0.01439200 -0.00087800 -0.06529500
v -0.01439200 0.00077100 -0.06355400
v -0.01439200 0.00209300 -0.06155400
v -0.01439200 0.00304800 -0.05935400
v -0.01439200 0.00360500 -0.05702200
v -0.01439200 0.00375000 -0.05462900
v -0.01439200 0.00347700 -0.05224700
v -0.01439200 0.00279400 -0.04994900
v -0.01439200 0.00172200 -0.04780400
v -0.01439200 0.00029500 -0.04587800
v -0.01439200 -0.00144600 -0.04422900
v -0.01439200 -0.00344600 -0.04290700
v -0.01439200 -0.00564600 -0.04195200
v -0.01439200 -0.00797800 -0.04139500
v -0.01439200 -0.01037100 -0.04125000
v -0.01439200 -0.01275300 -0.04152300
v -0.01439200 -0.01505100 -0.04220600
v -0.01439200 -0.01719600 -0.04327800
v -0.01402000 -0.01993100 -0.06380000
v -0.01402000 -0.02130900 -0.06194200
v -0.01402000 -0.02234200 -0.05987300
v -0.01402000 -0.02300100 -0.05765600
v -0.01402000 -0.02326500 -0.05535800
v -0.01402000 -0.02312500 -0.05304900
v -0.01402000 -0.02258700 -0.05079900
v -0.01402000 -0.02166600 -0.04867800
v -0.01402000 -0.02039100 -0.04674800
v -0.01402000 -0.01880000 -0.04506900
v -0.01402000 -0.01694200 -0.04369100
v -0.01402000 -0.01825200 -0.06539100
v -0.01402000 -0.01632300 -0.06666600
v -0.01402000 -0.01420100 -0.06758700
v -0.01402000 -0.01195100 -0.06812500
v -0.01402000 -0.00964200 -0.06826500
v -0.01402000 -0.00734400 -0.06800100
v -0.01402000 -0.00512700 -0.06734200
v -0.01402000 -0.00305800 -0.06630900
v -0.01402000 -0.00120000 -0.06493100
v -0.01402000 0.00039100 -0.06325200
v -0.01402000 0.00166600 -0.06132200
v -0.01402000 0.00258700 -0.05920100
v -0.01402000 0.00312500 -0.05695100
v -0.01402000 0.00326500 -0.05464200
v -0.01402000 0.00300100 -0.05234400
v -0.01402000 0.00234200 -0.05012700
v -0.01402000 0.00130900 -0.04805800
v -0.01402000 -0.00006900 -0.04620000
v -0.01402000 -0.00174800 -0.04460900
v -0.01402000 -0.00367700 -0.04333400
v -0.01402000 -0.00579900 -0.04241300
v -0.01402000 -0.00804900 -0.04187500
v -0.01402000 -0.01035800 -0.04173500
v -0.01402000 -0.01265600 -0.04199900
v -0.01402000 -0.01487300 -0.04265800
v -0.00400000 0.00546900 -0.05402700
v -0.00400000 0.00533800 -0.05276300
v -0.00294500 0.00547800 -0.05274200
v -0.00400000 0.00474100 -0.05021000
v -0.00400000 0.00390300 -0.04814700
v -0.00294500 0.00403000 -0.04808400
v -0.00400000 -0.02061000 -0.04370100
v -0.00400000 -0.02074400 -0.04382800
v -0.00294500 -0.02084300 -0.04372600
v -0.00072700 -0.01502100 -0.03854900
v -0.00072700 -0.01752400 -0.03953300
v -0.00170000 -0.01928700 -0.04169300
v -0.00170000 -0.01709900 -0.04040800
v -0.00294500 -0.01895200 -0.04217300
v -0.00400000 -0.01887100 -0.04229000
v -0.00400000 -0.01746700 -0.04141700
v -0.00294500 -0.01684300 -0.04093400
v -0.00400000 -0.01678100 -0.04106200
v -0.00294500 -0.01456600 -0.04003900
v -0.00400000 -0.01452400 -0.04017500
v -0.00294500 -0.00730000 -0.03959300
v -0.00400000 -0.00973800 -0.03950200
v -0.00294500 -0.00973600 -0.03936000
v -0.00400000 -0.01000000 -0.03950000
v -0.00294500 -0.01217700 -0.03951100
v -0.00400000 -0.01215800 -0.03965100
v -0.00400000 -0.01385500 -0.03998700
v -0.00400000 -0.00497700 -0.04033600
v -0.00400000 -0.00614500 -0.03998700
v -0.00400000 -0.00732500 -0.03973300
v -0.00400000 -0.00253300 -0.04141700
v -0.00400000 -0.00275200 -0.04129900
v -0.00294500 -0.00268600 -0.04117400
v -0.00294500 -0.00493100 -0.04020200
v -0.00400000 -0.00070400 -0.04259700
v -0.00294500 -0.00061900 -0.04248300
v -0.00400000 0.00061000 -0.04370100
v -0.00294500 0.00121800 -0.04409900
v -0.00400000 0.00111600 -0.04419800
v -0.00294500 0.00278000 -0.04598100
v -0.00400000 0.00266400 -0.04606300
v -0.00400000 0.00308700 -0.04669500
v -0.00400000 0.00528100 -0.05759600
v -0.00400000 0.00549900 -0.05518100
v -0.00294500 0.00564100 -0.05518300
v -0.00400000 0.00522500 -0.05790400
v -0.00170000 0.00605700 -0.05265800
v -0.00072700 0.00642500 -0.04989400
v -0.00170000 0.00549600 -0.05018300
v -0.00014200 0.00654400 -0.04684500
v -0.00014200 0.00507000 -0.04436500
v -0.00014200 0.00322800 -0.04214600
v -0.00014200 0.00106100 -0.04024000
v -0.00014200 -0.00137500 -0.03869600
v -0.00014200 -0.00402300 -0.03755100
v -0.00014200 -0.00681600 -0.03683200
v -0.00014200 -0.00968800 -0.03655800
v -0.00014200 -0.01256700 -0.03673500
v -0.00014200 -0.01538400 -0.03735900
v -0.00170000 -0.01473700 -0.03947900
v -0.00170000 -0.01225900 -0.03893100
v -0.00170000 -0.00972600 -0.03877500
v -0.00170000 -0.00719900 -0.03901600
v -0.00170000 -0.00474100 -0.03964800
v -0.00170000 -0.00241200 -0.04065600
v -0.00170000 -0.00026800 -0.04201500
v -0.00170000 0.00163800 -0.04369100
v -0.00170000 0.00325900 -0.04564400
v -0.00170000 0.00455500 -0.04782500
v -0.00400000 0.00480100 -0.05039900
v -0.00294500 0.00493700 -0.05035600
v -0.00072700 -0.01239400 -0.03796700
v -0.00072700 -0.00970900 -0.03780200
v -0.00072700 -0.00703100 -0.03805800
v -0.00072700 -0.00442600 -0.03872800
v -0.00072700 -0.00195700 -0.03979600
v -0.00072700 0.00031500 -0.04123600
v -0.00072700 0.00233500 -0.04301300
v -0.00072700 0.00405300 -0.04508300
v -0.00072700 0.00542800 -0.04739500
v 0.01396900 -0.02347600 -0.04802700
v 0.01396900 -0.02447800 -0.05045900
v 0.01396900 -0.02504400 -0.05302700
v 0.01396900 -0.02515900 -0.05565400
v 0.01396900 -0.02481800 -0.05826100
v 0.01396900 -0.02403300 -0.06077000
v 0.01396900 -0.02282600 -0.06310700
v 0.01396900 -0.02123400 -0.06519900
v 0.01396900 -0.01930400 -0.06698600
v 0.01396900 -0.01709500 -0.06841200
v 0.01396900 -0.01467300 -0.06943600
v 0.01396900 -0.01211000 -0.07002600
v 0.01396900 -0.00948500 -0.07016400
v 0.01396900 -0.00687400 -0.06984800
v 0.01396900 -0.00435800 -0.06908500
v 0.01396900 -0.00201100 -0.06789900
v 0.01396900 0.00009600 -0.06632600
v 0.01396900 0.00190000 -0.06441300
v 0.01396900 0.00334700 -0.06221700
v 0.01350000 0.00194300 -0.06488000
v 0.01350000 0.00215700 -0.06461600
v 0.01367300 0.00213200 -0.06459700
v 0.01350000 0.00363400 -0.06237300
v 0.01367300 0.00360700 -0.06235800
v 0.01350000 0.00402500 -0.06160000
v 0.01350000 0.00031400 -0.06657000
v 0.01367300 0.00029300 -0.06654700
v 0.01350000 -0.00088900 -0.06754000
v 0.01367300 -0.00185500 -0.06815100
v 0.01350000 -0.00183900 -0.06817700
v 0.01367300 -0.00424800 -0.06936000
v 0.01350000 -0.00423600 -0.06938800
v 0.01350000 -0.00429400 -0.06941200
v 0.01367300 -0.00681300 -0.07013700
v 0.01350000 -0.00680700 -0.07016800
v 0.01350000 -0.00805700 -0.07037800
v 0.01367300 -0.00947500 -0.07046000
v 0.01350000 -0.00947400 -0.07049100
v 0.01350000 -0.01194300 -0.07037800
v 0.01367300 -0.01215200 -0.07031900
v 0.01350000 -0.01215600 -0.07034900
v 0.01367300 -0.01476400 -0.06971700
v 0.01350000 -0.01477400 -0.06974700
v 0.01350000 -0.01570600 -0.06941200
v 0.01367300 -0.01723400 -0.06867400
v 0.01350000 -0.01724800 -0.06870100
v 0.01350000 -0.01911100 -0.06754000
v 0.01367300 -0.01948600 -0.06721900
v 0.01350000 -0.01950500 -0.06724400
v 0.01367300 -0.02145300 -0.06539800
v 0.01350000 -0.02147600 -0.06541900
v 0.01350000 -0.02194300 -0.06488000
v 0.01367300 -0.02307600 -0.06326500
v 0.01350000 -0.02310200 -0.06328100
v 0.01350000 -0.02402500 -0.06160000
v 0.01367300 -0.02430700 -0.06088300
v 0.01350000 -0.02433500 -0.06089500
v 0.01367300 -0.02510800 -0.05832500
v 0.01350000 -0.02513800 -0.05833100
v 0.01350000 -0.02474100 -0.05021000
v 0.01350000 -0.02478900 -0.05036100
v 0.01367300 -0.02476000 -0.05037000
v 0.01350000 -0.02536800 -0.05298400
v 0.01367300 -0.02533800 -0.05298800
v 0.01350000 -0.02546900 -0.05402700
v 0.01367300 -0.02545500 -0.05566600
v 0.01350000 -0.02548600 -0.05566800
v 0.01350000 -0.02522500 -0.05790400
v 0.01350000 -0.02376600 -0.04787700
v 0.01367300 -0.02373900 -0.04789100
v 0.01350000 -0.02308700 -0.04669500
v 0.01385400 -0.02363600 -0.04794500
v 0.01385400 -0.02465000 -0.05040500
v 0.01385400 -0.02522300 -0.05300300
v 0.01385400 -0.02533900 -0.05566100
v 0.01385400 -0.02499500 -0.05830000
v 0.01385400 -0.02420000 -0.06083900
v 0.01385400 -0.02297900 -0.06320300
v 0.01385400 -0.02136700 -0.06532100
v 0.01385400 -0.01941500 -0.06712800
v 0.01385400 -0.01718000 -0.06857200
v 0.01385400 -0.01472900 -0.06960700
v 0.01385400 -0.01213600 -0.07020400
v 0.01385400 -0.00947900 -0.07034500
v 0.01385400 -0.00683700 -0.07002400
v 0.01385400 -0.00429100 -0.06925300
v 0.01385400 -0.00191600 -0.06805300
v 0.01385400 0.00021700 -0.06646100
v 0.01385400 0.00204200 -0.06452500
v 0.01385400 0.00350600 -0.06230300
vn -0.57735027 0.57735027 0.57735027
vn -0.57735027 0.57735027 -0.57735027
vn -0.69641735 -0.03458980 0.71680292
vn -0.70182067 -0.01685215 -0.71215430
vn -0.68874678 -0.09477863 -0.71878014
vn -0.67726970 -0.25476941 -0.69021612
vn -0.67192768 -0.45254190 -0.58627555
vn -0.67354442 -0.61363019 -0.41206299
vn -0.67118687 -0.74102693 0.01967951
vn -0.66101651 -0.68641170 0.30314377
vn -0.65715463 -0.48182717 0.57964676
vn -0.67576764 -0.70670093 -0.20955163
vn -0.66931810 -0.20143152 0.71514938
vn 0.61164442 -0.68958312 0.38777083
vn 0.13025296 -0.74917669 0.64943703
vn 0.08463660 -0.99641189 0.00000000
vn 0.13114953 -0.74867959 -0.64982972
vn 0.61164442 -0.68958312 -0.38777083
vn 0.61164442 0.68958312 -0.38777083
vn 0.13025296 0.74917669 -0.64943703
vn 0.08463660 0.99641189 0.00000000
vn 0.13114953 0.74867959 0.64982972
vn 0.61164442 0.68958312 0.38777083
vn 0.61164442 -0.68958312 0.38777083
vn 0.13025296 -0.74917669 0.64943703
vn 0.08453450 -0.99642055 0.00000000
vn 0.13114953 -0.74867959 -0.64982972
vn 0.61164442 -0.68958312 -0.38777083
vn 0.61164442 0.68958312 -0.38777083
vn 0.13025296 0.74917669 -0.64943703
vn 0.08453450 0.99642055 0.00000000
vn 0.13114953 0.74867959 0.64982972
vn 0.61164442 0.68958312 0.38777083
vn 0.61164442 -0.68958312 0.38777083
vn 0.13025296 -0.74917669 0.64943703
vn 0.08463660 -0.99641189 0.00000000
vn 0.13114953 -0.74867959 -0.64982972
vn 0.61164442 -0.68958312 -0.38777083
vn 0.61164442 0.68958312 -0.38777083
vn 0.13025296 0.74917669 -0.64943703
vn 0.08463660 0.99641189 0.00000000
vn 0.13114953 0.74867959 0.64982972
vn 0.61164442 0.68958312 0.38777083
vn 0.61164442 -0.68958312 0.38777083
vn 0.13025296 -0.74917669 0.64943703
vn 0.08463660 -0.99641189 0.00000000
vn 0.13114953 -0.74867959 -0.64982972
vn 0.61164442 -0.68958312 -0.38777083
vn 0.61164442 0.68958312 -0.38777083
vn 0.13025296 0.74917669 -0.64943703
vn 0.08463660 0.99641189 0.00000000
vn 0.13114953 0.74867959 0.64982972
vn 0.61164442 0.68958312 0.38777083
vn 0.61164442 -0.68958312 0.38777083
vn 0.13025296 -0.74917669 0.64943703
vn 0.08463660 -0.99641189 0.00000000
vn 0.13114953 -0.74867959 -0.64982972
vn 0.61164442 -0.68958312 -0.38777083
vn 0.61164442 0.68958312 -0.38777083
vn 0.13025296 0.74917669 -0.64943703
vn 0.08463660 0.99641189 0.00000000
vn 0.13114953 0.74867959 0.64982972
vn 0.61164442 0.68958312 0.38777083
vn 0.61164442 -0.68958312 0.38777083
vn 0.13025296 -0.74917669 0.64943703
vn 0.08453450 -0.99642055 0.00000000
vn 0.13114953 -0.74867959 -0.64982972
vn 0.61164442 -0.68958312 -0.38777083
vn 0.61164442 0.68958312 -0.38777083
vn 0.13025296 0.74917669 -0.64943703
vn 0.08453450 0.99642055 0.00000000
vn 0.13114953 0.74867959 0.64982972
vn 0.61164442 0.68958312 0.38777083
vn -0.90453403 0.30151134 -0.30151134
vn -0.90453403 0.30151134 0.30151134
vn -0.71811824 -0.03354311 0.69511226
vn -0.76493754 -0.41173419 0.49532364
vn -0.74924471 -0.17955727 0.63748847
vn -0.74693496 -0.66466277 0.01765150
vn -0.75982773 -0.59470959 0.26264486
vn -0.74405783 -0.55466072 -0.37246400
vn -0.74138150 -0.64339450 -0.19077995
vn -0.73959323 -0.23306441 -0.63141337
vn -0.74602649 -0.40689737 -0.52714230
vn -0.71247047 -0.01660017 -0.70150571
vn -0.72643753 -0.08984108 -0.68133480
vn 0.65321796 0.75716992 -0.00000000
vn 0.65552367 0.65857834 0.36954469
vn 0.65490147 0.65862431 -0.37056455
vn 0.65321796 -0.75716992 0.00000000
vn 0.65552367 -0.65857834 -0.36954469
vn 0.65490147 -0.65862431 0.37056455
vn 0.65321796 0.75716992 -0.00000000
vn 0.65552367 0.65857834 0.36954469
vn 0.65490147 0.65862431 -0.37056455
vn 0.65321796 -0.75716992 0.00000000
vn 0.65552367 -0.65857834 -0.36954469
vn 0.65490147 -0.65862431 0.37056455
vn 0.65321796 0.75716992 -0.00000000
vn 0.65552367 0.65857834 0.36954469
vn 0.65490147 0.65862431 -0.37056455
vn 0.65321796 -0.75716992 0.00000000
vn 0.65552367 -0.65857834 -0.36954469
vn 0.65490147 -0.65862431 0.37056455
vn 0.65321796 0.75716992 -0.00000000
vn 0.65552367 0.65857834 0.36954469
vn 0.65490147 0.65862431 -0.37056455
vn 0.65321796 -0.75716992 0.00000000
vn 0.65552367 -0.65857834 -0.36954469
vn 0.65490147 -0.65862431 0.37056455
vn 0.65490147 0.65862431 -0.37056455
vn 0.65321796 0.75716992 -0.00000000
vn 0.65552367 0.65857834 0.36954469
vn 0.65321796 -0.75716992 0.00000000
vn 0.65552367 -0.65857834 -0.36954469
vn 0.65490147 -0.65862431 0.37056455
vn 0.65321796 0.75716992 -0.00000000
vn 0.65552367 0.65857834 0.36954469
vn 0.65490147 0.65862431 -0.37056455
vn 0.65490147 -0.65862431 0.37056455
vn 0.65321796 -0.75716992 0.00000000
vn 0.65552367 -0.65857834 -0.36954469
vn 0.77009238 0.55252186 0.31886882
vn 0.77034599 0.31909507 0.55203750
vn 0.67655272 0.28951946 0.67709298
vn 0.77034708 -0.00009821 0.63762479
vn 0.65321796 0.00000000 0.75716992
vn 0.77019955 -0.31903642 0.55227568
vn 0.67655272 -0.28951946 0.67709298
vn 0.77019955 -0.55227568 0.31903642
vn 0.77009238 0.55252186 -0.31886882
vn 0.67655272 0.28951946 -0.67709298
vn 0.77034599 0.31909507 -0.55203750
vn 0.65321796 0.00000000 -0.75716992
vn 0.77034708 -0.00009821 -0.63762479
vn 0.67655272 -0.28951946 -0.67709298
vn 0.77019955 -0.31903642 -0.55227568
vn 0.77019955 -0.55227568 -0.31903642
vn 0.77034599 0.55203750 0.31909507
vn 0.77009238 0.31886882 0.55252186
vn 0.67655272 0.28951946 0.67709298
vn 0.77034708 0.00009821 0.63762479
vn 0.65321796 0.00000000 0.75716992
vn 0.77023880 -0.31892764 0.55228376
vn 0.67655272 -0.28951946 0.67709298
vn 0.77023880 -0.55228376 0.31892764
vn 0.77034599 0.55203750 -0.31909507
vn 0.67655272 0.28951946 -0.67709298
vn 0.77009238 0.31886882 -0.55252186
vn 0.65321796 0.00000000 -0.75716992
vn 0.77034708 0.00009821 -0.63762479
vn 0.67655272 -0.28951946 -0.67709298
vn 0.77023880 -0.31892764 -0.55228376
vn 0.77023880 -0.55228376 -0.31892764
vn 0.77009238 0.55252186 0.31886882
vn 0.77034599 0.31909507 0.55203750
vn 0.67655272 0.28951946 0.67709298
vn 0.77034708 -0.00009821 0.63762479
vn 0.65321796 0.00000000 0.75716992
vn 0.77019955 -0.31903642 0.55227568
vn 0.67655272 -0.28951946 0.67709298
vn 0.77019955 -0.55227568 0.31903642
vn 0.77009238 0.55252186 -0.31886882
vn 0.67655272 0.28951946 -0.67709298
vn 0.77034599 0.31909507 -0.55203750
vn 0.65321796 0.00000000 -0.75716992
vn 0.77034708 -0.00009821 -0.63762479
vn 0.67655272 -0.28951946 -0.67709298
vn 0.77019955 -0.31903642 -0.55227568
vn 0.77019955 -0.55227568 -0.31903642
vn 0.77009238 -0.55252186 0.31886882
vn 0.67655272 -0.28951946 0.67709298
vn 0.77034599 -0.31909507 0.55203750
vn 0.65321796 0.00000000 0.75716992
vn 0.77034708 0.00009821 0.63762479
vn 0.67655272 0.28951946 0.67709298
vn 0.77019955 0.31903642 0.55227568
vn 0.77019955 0.55227568 0.31903642
vn 0.77019955 0.55227568 -0.31903642
vn 0.67655272 0.28951946 -0.67709298
vn 0.77019955 0.31903642 -0.55227568
vn 0.65321796 0.00000000 -0.75716992
vn 0.77034708 0.00009821 -0.63762479
vn 0.67655272 -0.28951946 -0.67709298
vn 0.77034599 -0.31909507 -0.55203750
vn 0.77009238 -0.55252186 -0.31886882
vn 0.77019955 0.55227568 0.31903642
vn 0.77019955 0.31903642 0.55227568
vn 0.67655272 0.28951946 0.67709298
vn 0.77034708 0.00009821 0.63762479
vn 0.65321796 0.00000000 0.75716992
vn 0.77034599 -0.31909507 0.55203750
vn 0.67655272 -0.28951946 0.67709298
vn 0.77009238 -0.55252186 0.31886882
vn 0.77019955 0.55227568 -0.31903642
vn 0.67655272 0.28951946 -0.67709298
vn 0.77019955 0.31903642 -0.55227568
vn 0.65321796 0.00000000 -0.75716992
vn 0.77034708 0.00009821 -0.63762479
vn 0.67655272 -0.28951946 -0.67709298
vn 0.77034599 -0.31909507 -0.55203750
vn 0.77009238 -0.55252186 -0.31886882
vn 0.77034599 -0.55203750 0.31909507
vn 0.67655272 -0.28951946 0.67709298
vn 0.77009238 -0.31886882 0.55252186
vn 0.65321796 0.00000000 0.75716992
vn 0.77034708 -0.00009821 0.63762479
vn 0.67655272 0.28951946 0.67709298
vn 0.77023880 0.31892764 0.55228376
vn 0.77023880 0.55228376 0.31892764
vn 0.77023880 0.55228376 -0.31892764
vn 0.67655272 0.28951946 -0.67709298
vn 0.77023880 0.31892764 -0.55228376
vn 0.65321796 0.00000000 -0.75716992
vn 0.77034708 -0.00009821 -0.63762479
vn 0.67655272 -0.28951946 -0.67709298
vn 0.77009238 -0.31886882 -0.55252186
vn 0.77034599 -0.55203750 -0.31909507
vn -0.57735027 -0.57735027 -0.57735027
vn -0.57735027 -0.57735027 0.57735027
vn -0.57735027 0.57735027 -0.57735027
vn -0.57735027 0.57735027 0.57735027
vn -0.98008176 0.19706828 0.02457296
vn -0.57735027 -0.57735027 0.57735027
vn -0.57735027 0.57735027 0.57735027
vn -0.90453403 0.30151134 0.30151134
vn -0.71763806 -0.04531275 0.69494055
vn -0.73279092 -0.14966094 0.66379144
vn -0.71631498 -0.54731246 0.43283014
vn -0.69218548 0.38210798 -0.61226853
vn -0.72510659 -0.48582741 0.48804935
vn -0.73118398 -0.38586152 0.56256633
vn -0.72615314 -0.27710411 0.62921771
vn -0.67284828 0.27388441 -0.68721359
vn -0.68815510 0.09564690 -0.71923169
vn -0.70200642 0.01625164 -0.71198517
vn -0.57735027 -0.57735027 -0.57735027
vn -0.67702213 0.70943730 -0.19580542
vn -0.67633620 0.62700098 -0.38657356
vn -0.67140681 0.48158963 -0.56327997
vn -0.61313304 -0.38022086 0.69245936
vn -0.55319266 0.73066825 0.40012721
vn -0.70900929 -0.59181985 0.38347763
vn -0.70055563 0.58970408 -0.40183443
vn -0.71224418 -0.57692454 0.39983286
vn -0.69329809 0.55575425 -0.45877551
vn -0.68610866 0.48073893 -0.54602654
vn -0.70924764 -0.00668570 0.70492772
vn -0.67110192 0.29638070 0.67954448
vn -0.66238185 0.53424609 0.52519654
vn -0.66567166 0.69661210 0.26760573
vn -0.67501254 0.73765270 0.01505211
vn -0.08772785 -0.08771251 0.99227533
vn 0.08777172 -0.08777172 0.99226622
vn -0.08777172 0.08777172 0.99226622
vn 0.08777172 0.08777172 0.99226622
vn 0.40619112 -0.45645220 -0.79161870
vn 0.40624659 -0.79159575 -0.45644263
vn 0.40697231 -0.91344050 0.00000000
vn 0.40695958 -0.79105644 0.45674238
vn 0.40689178 -0.45675384 0.79108470
vn 0.40619112 0.45645220 0.79161870
vn 0.40624659 0.79159575 0.45644263
vn 0.40697231 0.91344050 -0.00000000
vn 0.40695958 0.79105644 -0.45674238
vn 0.40689178 0.45675384 -0.79108470
vn 0.40697231 -0.00000000 0.91344050
vn 0.40697231 -0.00000000 -0.91344050
vn 0.40619112 -0.45645220 -0.79161870
vn 0.40624659 -0.79159575 -0.45644263
vn 0.40697231 -0.91344050 0.00000000
vn 0.40695958 -0.79105644 0.45674238
vn 0.40689178 -0.45675384 0.79108470
vn 0.40619112 0.45645220 0.79161870
vn 0.40624659 0.79159575 0.45644263
vn 0.40697231 0.91344050 -0.00000000
vn 0.40695958 0.79105644 -0.45674238
vn 0.40689178 0.45675384 -0.79108470
vn 0.40697231 -0.00000000 0.91344050
vn 0.40697231 0.00000000 -0.91344050
vn 0.40619112 -0.45645220 -0.79161870
vn 0.40624659 -0.79159575 -0.45644263
vn 0.40697231 -0.91344050 0.00000000
vn 0.40695958 -0.79105644 0.45674238
vn 0.40689178 -0.45675384 0.79108470
vn 0.40619112 0.45645220 0.79161870
vn 0.40624659 0.79159575 0.45644263
vn 0.40697231 0.91344050 -0.00000000
vn 0.40695958 0.79105644 -0.45674238
vn 0.40689178 0.45675384 -0.79108470
vn 0.40697231 0.00000000 0.91344050
vn 0.40697231 0.00000000 -0.91344050
vn 0.40619112 -0.45645220 -0.79161870
vn 0.40624659 -0.79159575 -0.45644263
vn 0.40697231 -0.91344050 0.00000000
vn 0.40695958 -0.79105644 0.45674238
vn 0.40689178 -0.45675384 0.79108470
vn 0.40619112 0.45645220 0.79161870
vn 0.40624659 0.79159575 0.45644263
vn 0.40697231 0.91344050 -0.00000000
vn 0.40695958 0.79105644 -0.45674238
vn 0.40689178 0.45675384 -0.79108470
vn 0.40697231 -0.00000000 0.91344050
vn 0.40697231 0.00000000 -0.91344050
vn 0.40619112 -0.45645220 -0.79161870
vn 0.40624659 -0.79159575 -0.45644263
vn 0.40697231 -0.91344050 0.00000000
vn 0.40695958 -0.79105644 0.45674238
vn 0.40689178 -0.45675384 0.79108470
vn 0.40619112 0.45645220 0.79161870
vn 0.40624659 0.79159575 0.45644263
vn 0.40697231 0.91344050 -0.00000000
vn 0.40695958 0.79105644 -0.45674238
vn 0.40689178 0.45675384 -0.79108470
vn 0.40697231 0.00000000 0.91344050
vn 0.40697231 0.00000000 -0.91344050
vn 0.40619112 -0.45645220 -0.79161870
vn 0.40624659 -0.79159575 -0.45644263
vn 0.40697231 -0.91344050 0.00000000
vn 0.40695958 -0.79105644 0.45674238
vn 0.40689178 -0.45675384 0.79108470
vn 0.40619112 0.45645220 0.79161870
vn 0.40624659 0.79159575 0.45644263
vn 0.40697231 0.91344050 -0.00000000
vn 0.40695958 0.79105644 -0.45674238
vn 0.40689178 0.45675384 -0.79108470
vn 0.40697231 -0.00000000 0.91344050
vn 0.40697231 -0.00000000 -0.91344050
vn 0.08702832 -0.30146706 0.94949654
vn -0.08698364 -0.30152523 0.94948217
vn 0.17110633 -0.51638484 0.83908839
vn -0.23448798 -0.53184479 0.81373000
vn 0.10118069 -0.71580522 0.69093079
vn -0.10118069 -0.69093079 0.71580522
vn 0.23448798 -0.81373000 0.53184479
vn -0.17110633 -0.83908839 0.51638484
vn 0.08702832 -0.94949654 0.30146706
vn -0.08702832 -0.94949654 0.30146706
vn 0.08777172 -0.99226622 0.08777172
vn -0.08777172 -0.99226622 0.08777172
vn -0.01348146 0.11788328 -0.99293594
vn 0.08632155 0.00004305 -0.99626733
vn 0.08658476 0.16902573 -0.98180109
vn -0.01325838 0.28244110 -0.95919301
vn -0.05194562 0.28868361 -0.95601434
vn -0.01329353 0.44093505 -0.89744056
vn 0.08975320 0.39613250 -0.91379615
vn -0.01148732 0.53710062 -0.84343996
vn 0.05201725 0.49665702 -0.86638676
vn -0.01356608 0.63574280 -0.77178174
vn 0.08880129 0.58735257 -0.80444471
vn 0.08807459 0.68268875 -0.72538192
vn -0.01337811 0.75629738 -0.65409120
vn -0.04067270 0.76809653 -0.63904104
vn -0.01253241 0.85572294 -0.51728251
vn 0.09092719 0.83225389 -0.54688730
vn -0.01078337 0.90786741 -0.41911871
vn 0.00923237 0.89149456 -0.45293732
vn -0.01367950 0.95220930 -0.30513983
vn 0.08695432 0.93443354 -0.34535909
vn 0.08672111 0.96968158 -0.22846679
vn -0.01348029 0.98983824 -0.14155756
vn -0.02229538 0.99357085 -0.11099497
vn -0.01195105 0.99955895 0.02718614
vn 0.09022269 0.99592124 -0.00086582
vn -0.01033439 0.99026553 0.13880702
vn -0.02290896 0.99342062 0.11220805
vn -0.01392181 0.96596907 0.25828267
vn 0.08732259 0.96967726 0.22825593
vn 0.08647533 0.93472989 0.34467674
vn -0.01373621 0.90935950 0.41578434
vn -0.01234793 0.88752300 0.46059792
vn -0.01497305 0.82777390 0.56086200
vn 0.08706183 0.83582900 0.54204255
vn -0.01449246 0.75579287 0.65465037
vn -0.04195289 0.76716226 0.64007970
vn -0.01422881 0.67274603 0.73973665
vn 0.08890229 0.68244155 0.72551355
vn 0.08840874 0.58837961 0.80373710
vn -0.01413289 0.54024078 0.84139180
vn 0.04605746 0.49323925 0.86867356
vn -0.01116677 0.39109227 0.92028373
vn 0.08641709 0.39968258 0.91257105
vn -0.00959617 0.28457356 0.95860618
vn -0.05389739 0.28716616 0.95636325
vn -0.01470094 0.16568371 0.98606936
vn 0.08781961 0.16821103 0.98183133
vn -0.01468847 0.00010683 0.99989211
vn 0.08886082 0.00005906 0.99604405
vn -0.01447552 -0.16573464 0.98606414
vn 0.08756433 -0.16821415 0.98185360
vn -0.01391608 -0.28175711 0.95938484
vn -0.05412736 -0.28712633 0.95636222
vn -0.01425687 -0.39351709 0.91920675
vn 0.08728101 -0.39771172 0.91334956
vn -0.01383391 -0.54046217 0.84125458
vn 0.05094037 -0.49604698 0.86680013
vn 0.08841430 -0.58837259 0.80374163
vn -0.01395417 -0.67260514 0.73986999
vn 0.08857107 -0.68230584 0.72568169
vn -0.01372467 -0.75567320 0.65480504
vn -0.04268253 -0.76710317 0.64010228
vn -0.01387744 -0.82772593 0.56096097
vn 0.08875102 -0.83323060 0.54575638
vn -0.01313143 -0.90957202 0.41533879
vn 0.00843081 -0.89125321 0.45342766
vn 0.08648752 -0.93472257 0.34469353
vn -0.01360044 -0.96591442 0.25850407
vn 0.08675099 -0.96964398 0.22861499
vn -0.01367019 -0.98976259 0.14206739
vn -0.02408620 -0.99338683 0.11226069
vn -0.01362748 -0.99960974 0.02438544
vn 0.08838783 -0.99608604 -0.00043666
vn -0.01254633 -0.98976033 -0.14218675
vn -0.02345676 -0.99344993 -0.11183481
vn 0.08670898 -0.96967842 -0.22848481
vn -0.01338550 -0.95227721 -0.30494088
vn 0.08606517 -0.93470248 -0.34485369
vn -0.01369287 -0.90936491 -0.41577393
vn -0.01392381 -0.88801551 -0.45960263
vn -0.01353283 -0.85413921 -0.51986832
vn 0.08554857 -0.83532575 -0.54305831
vn -0.01222535 -0.75579609 -0.65469291
vn -0.04227747 -0.76729407 -0.63990033
vn 0.08806906 -0.68268302 -0.72538799
vn -0.01335498 -0.63586342 -0.77168605
vn 0.08758575 -0.58801830 -0.80409155
vn -0.01376145 -0.54051038 -0.84122479
vn 0.04463614 -0.49412828 -0.86824240
vn -0.01341912 -0.43797877 -0.89888516
vn 0.08513697 -0.39881716 -0.91306986
vn -0.01202878 -0.28161844 -0.95945107
vn -0.00943307 -0.00285344 -0.99995144
vn -0.00998385 -0.11515031 -0.99329791
vn 0.08661328 -0.16906768 -0.98179135
vn -0.05398477 -0.28722219 -0.95634150
vn -0.85448273 -0.51775876 0.04225083
vn -0.85644935 -0.51614060 0.00966355
vn -0.70197489 -0.70938607 0.06326664
vn -0.70838452 -0.70572627 0.01190816
vn -0.51314338 -0.85487693 0.07661136
vn -0.51662107 -0.85609937 0.01401907
vn -0.29937916 -0.95043499 0.08393715
vn -0.30404361 -0.95252565 0.01588635
vn -0.08820804 -0.99593544 0.01821942
vn -0.99616309 -0.08750163 0.00160304
vn -0.95332698 -0.30186207 0.00685311
vn -0.99144178 -0.13054957 0.00000761
vn -0.99144177 -0.13054969 0.00000000
vn -0.99144333 -0.13053776 -0.00016227
vn -0.94968179 -0.31245687 0.02179915
vn -0.99558198 -0.09348170 0.00881418
vn -0.51314338 -0.07661136 0.85487693
vn -0.70197489 -0.06326664 0.70938607
vn -0.69326934 -0.26988121 0.66823779
vn -0.85384747 -0.04377995 0.51867891
vn -0.94998962 -0.02375604 0.31137658
vn -0.92422428 -0.14422167 0.35356696
vn -0.69338279 -0.66817560 0.26974371
vn -0.37036153 -0.87245112 0.31884382
vn -0.36988870 -0.32278156 0.87120285
vn -0.29942352 -0.08387168 0.95042680
vn -0.36617318 -0.64496251 0.67077608
vn -0.99507072 -0.09224158 0.03641101
vn -0.92421655 -0.35352789 0.14436689
vn -0.92254722 -0.27296740 0.27275526
vn -0.99489908 -0.07139074 0.07126843
vn -0.99507567 -0.03631394 0.09222636
vn -0.99558198 -0.00881418 0.09348170
vn -0.69186123 -0.51047620 0.51062911
vn -0.99558198 0.00881418 0.09348170
vn -0.99144230 -0.00007912 0.13054564
vn -0.94998962 0.02375604 0.31137658
vn -0.85384747 0.04377995 0.51867891
vn -0.99144177 0.00000000 0.13054969
vn -0.99144177 0.00000000 0.13054969
vn -0.99144230 0.00007912 0.13054564
vn -0.29937916 0.08393715 0.95043499
vn -0.51314338 0.07661136 0.85487693
vn -0.70197489 0.06326664 0.70938607
vn -0.51314338 0.85487693 0.07661136
vn -0.70197489 0.70938607 0.06326664
vn -0.69326934 0.66823779 0.26988121
vn -0.85448273 0.51775876 0.04225083
vn -0.94968179 0.31245687 0.02179915
vn -0.92422428 0.35356696 0.14422167
vn -0.69338279 0.26974371 0.66817560
vn -0.37036153 0.31884382 0.87245112
vn -0.23448798 0.81373000 0.53184479
vn -0.08698364 0.94948217 0.30152523
vn -0.36988870 0.87120285 0.32278156
vn -0.08772785 0.99227533 0.08771251
vn -0.29942352 0.95042680 0.08387168
vn -0.10118069 0.71580522 0.69093079
vn -0.36617318 0.67077608 0.64496251
vn -0.17110633 0.51638484 0.83908839
vn -0.08702832 0.30146706 0.94949654
vn -0.99507072 0.03641101 0.09224158
vn -0.92421655 0.14436689 0.35352789
vn -0.92254722 0.27275526 0.27296740
vn -0.99489908 0.07126843 0.07139074
vn -0.99507567 0.09222636 0.03631394
vn -0.99558198 0.09348170 0.00881418
vn -0.69186123 0.51062911 0.51047620
vn -0.77034708 -0.00009821 0.63762479
vn -0.77034599 0.31909507 0.55203750
vn -0.77009238 0.55252186 0.31886882
vn -0.77038634 0.63757736 0.00000000
vn -0.77009238 0.55252186 -0.31886882
vn -0.77034599 0.31909507 -0.55203750
vn -0.77034708 -0.00009821 -0.63762479
vn -0.77019955 -0.31903642 -0.55227568
vn -0.77019955 -0.55227568 -0.31903642
vn -0.77038634 -0.63757736 0.00000000
vn -0.77019955 -0.55227568 0.31903642
vn -0.77019955 -0.31903642 0.55227568
vn -0.77034708 0.00009821 0.63762479
vn -0.77009238 0.31886882 0.55252186
vn -0.77034599 0.55203750 0.31909507
vn -0.77030782 0.63767223 0.00000000
vn -0.77034599 0.55203750 -0.31909507
vn -0.77009238 0.31886882 -0.55252186
vn -0.77034708 0.00009821 -0.63762479
vn -0.77023880 -0.31892764 -0.55228376
vn -0.77023880 -0.55228376 -0.31892764
vn -0.77030782 -0.63767223 -0.00000000
vn -0.77023880 -0.55228376 0.31892764
vn -0.77023880 -0.31892764 0.55228376
vn -0.77034708 -0.00009821 0.63762479
vn -0.77034599 0.31909507 0.55203750
vn -0.77009238 0.55252186 0.31886882
vn -0.77038634 0.63757736 0.00000000
vn -0.77009238 0.55252186 -0.31886882
vn -0.77034599 0.31909507 -0.55203750
vn -0.77034708 -0.00009821 -0.63762479
vn -0.77019955 -0.31903642 -0.55227568
vn -0.77019955 -0.55227568 -0.31903642
vn -0.77038634 -0.63757736 0.00000000
vn -0.77019955 -0.55227568 0.31903642
vn -0.77019955 -0.31903642 0.55227568
vn -0.77034708 0.00009821 0.63762479
vn -0.77019955 0.31903642 0.55227568
vn -0.77019955 0.55227568 0.31903642
vn -0.77038634 0.63757736 0.00000000
vn -0.77019955 0.55227568 -0.31903642
vn -0.77019955 0.31903642 -0.55227568
vn -0.77034708 0.00009821 -0.63762479
vn -0.77034599 -0.31909507 -0.55203750
vn -0.77009238 -0.55252186 -0.31886882
vn -0.77038634 -0.63757736 0.00000000
vn -0.77009238 -0.55252186 0.31886882
vn -0.77034599 -0.31909507 0.55203750
vn -0.77034708 0.00009821 0.63762479
vn -0.77019955 0.31903642 0.55227568
vn -0.77019955 0.55227568 0.31903642
vn -0.77038634 0.63757736 0.00000000
vn -0.77019955 0.55227568 -0.31903642
vn -0.77019955 0.31903642 -0.55227568
vn -0.77034708 0.00009821 -0.63762479
vn -0.77034599 -0.31909507 -0.55203750
vn -0.77009238 -0.55252186 -0.31886882
vn -0.77038634 -0.63757736 0.00000000
vn -0.77009238 -0.55252186 0.31886882
vn -0.77034599 -0.31909507 0.55203750
vn -0.77034708 -0.00009821 0.63762479
vn -0.77023880 0.31892764 0.55228376
vn -0.77023880 0.55228376 0.31892764
vn -0.77030782 0.63767223 0.00000000
vn -0.77023880 0.55228376 -0.31892764
vn -0.77023880 0.31892764 -0.55228376
vn -0.77034708 -0.00009821 -0.63762479
vn -0.77009238 -0.31886882 -0.55252186
vn -0.77034599 -0.55203750 -0.31909507
vn -0.77030782 -0.63767223 -0.00000000
vn -0.77034599 -0.55203750 0.31909507
vn -0.77009238 -0.31886882 0.55252186
vn -0.90453403 0.30151134 0.30151134
vn -0.90453403 0.30151134 -0.30151134
vn -0.70710678 0.00000000 0.70710678
vn -0.90453403 -0.30151134 0.30151134
vn -0.90453403 -0.30151134 -0.30151134
vn -0.70710678 0.00000000 -0.70710678
vn -0.90453403 0.30151134 0.30151134
vn -0.57735027 0.57735027 0.57735027
vn -0.90453403 -0.30151134 0.30151134
vn -0.90453403 -0.30151134 -0.30151134
vn -0.71227933 0.01601717 -0.70171334
vn -0.72709451 0.09050230 -0.68054604
vn -0.74490316 0.24700323 -0.61976502
vn -0.74666482 0.43227419 -0.50559932
vn -0.74070272 0.57187601 -0.35258660
vn -0.73988688 0.64848490 -0.17898250
vn -0.74228652 0.66994316 0.01367046
vn -0.75382742 0.61337065 0.23562826
vn -0.75805010 0.46509472 0.45721653
vn -0.74703939 0.26576365 0.60934541
vn -0.54561894 0.83159342 0.10369357
vn -0.72266305 0.36594988 -0.58637769
vn -0.72938420 0.45206321 -0.51345647
vn -0.72145758 0.53401281 -0.44082794
vn -0.71377751 0.57877496 -0.39438714
vn -0.96152163 0.24096408 0.13195631
vn -0.83298983 -0.26630021 0.48498674
vn -0.70521413 -0.59500491 0.38554143
vn -0.70204060 -0.58531224 0.40564588
vn -0.69812487 -0.56158709 0.44411892
vn -0.68995160 -0.51067401 0.51300959
vn -0.68451692 -0.41234241 0.60117412
vn -0.68900352 -0.29210732 0.66328536
vn -0.68310806 -0.16062804 0.71243386
vn -0.69687044 -0.04666487 0.71567729
vn -0.70497839 -0.00672619 0.70919689
vn 0.08777172 0.99226622 0.08777172
vn 0.08702832 0.94949654 0.30146706
vn 0.17110633 0.83908839 0.51638484
vn 0.10118069 0.69093079 0.71580522
vn 0.23448798 0.53184479 0.81373000
vn 0.08702832 0.30146706 0.94949654
vn -0.99602388 0.08908236 -0.00087209
vn -0.99144178 0.13054957 0.00000761
vn -0.95267166 0.30399655 -0.00167312
vn -0.85602256 0.51692427 -0.00382983
vn -0.99144333 0.13053776 -0.00016227
vn -0.99144177 0.13054969 0.00000000
vn -0.70666867 0.70751068 -0.00693100
vn -0.51683403 0.85604489 -0.00835017
vn -0.30226611 0.95317883 -0.00923695
vn -0.08848619 0.99603063 -0.00965269
vn 0.08860050 -0.99596592 0.01420682
vn 0.29937916 -0.95043499 0.08393715
vn 0.30282249 -0.95295002 0.01359400
vn 0.51314338 -0.85487693 0.07661136
vn 0.51751517 -0.85558793 0.01213851
vn 0.70197489 -0.70938607 0.06326664
vn 0.70768516 -0.70645656 0.01004220
vn 0.85635713 -0.51497785 0.03808255
vn 0.85670927 -0.51572860 0.00855728
vn 0.99558198 -0.09348170 0.00881418
vn 0.94872404 -0.31573029 0.01539717
vn 0.99145254 -0.13046650 -0.00058855
vn 0.99144177 -0.13054969 0.00000000
vn 0.99144178 -0.13054957 0.00000761
vn 0.95323274 -0.30218562 0.00558537
vn 0.99614271 -0.08773912 0.00124251
vn 0.85235300 -0.04761942 0.52079436
vn 0.70197489 -0.06326664 0.70938607
vn 0.69338279 -0.26974371 0.66817560
vn 0.51314338 -0.07661136 0.85487693
vn 0.29937916 -0.08393715 0.95043499
vn 0.37036153 -0.31884382 0.87245112
vn 0.69326934 -0.66823779 0.26988121
vn 0.92422428 -0.35356696 0.14422167
vn 0.99558586 -0.00875502 0.09344593
vn 0.95067841 -0.02797399 0.30891426
vn 0.92420382 -0.14440995 0.35354359
vn 0.99507414 -0.03645387 0.09218773
vn 0.92254722 -0.27275526 0.27296740
vn 0.99489908 -0.07126843 0.07139074
vn 0.99507567 -0.09222636 0.03631394
vn 0.36984739 -0.87124133 0.32272504
vn 0.36617318 -0.67077608 0.64496251
vn 0.69186123 -0.51062911 0.51047620
vn 0.29937916 0.08393715 0.95043499
vn 0.51314338 0.07661136 0.85487693
vn 0.70197489 0.06326664 0.70938607
vn 0.85235300 0.04761942 0.52079436
vn 0.95068746 0.02800869 0.30888327
vn 0.99558198 0.00881418 0.09348170
vn 0.85235300 0.52079436 0.04761942
vn 0.70197489 0.70938607 0.06326664
vn 0.69338279 0.66817560 0.26974371
vn 0.51314338 0.85487693 0.07661136
vn 0.29937916 0.95043499 0.08393715
vn 0.37036153 0.87245112 0.31884382
vn 0.69326934 0.26988121 0.66823779
vn 0.92422428 0.14422167 0.35356696
vn 0.99558586 0.09344593 0.00875502
vn 0.95067841 0.30891426 0.02797399
vn 0.92420382 0.35354359 0.14440995
vn 0.99507414 0.09218773 0.03645387
vn 0.92254722 0.27296740 0.27275526
vn 0.99489908 0.07139074 0.07126843
vn 0.99507567 0.03631394 0.09222636
vn 0.36984739 0.32272504 0.87124133
vn 0.36617318 0.64496251 0.67077608
vn 0.69186123 0.51047620 0.51062911
vn 0.99607276 0.08853840 0.00000000
vn 0.99602956 0.08901974 -0.00077058
vn 0.95293892 0.30315110 -0.00261282
vn 0.99607276 0.08853840 0.00000000
vn 0.99607276 0.08853840 0.00000000
vn 0.08831688 0.99605457 -0.00868496
vn 0.30229533 0.95317927 -0.00817376
vn 0.51687361 0.85602972 -0.00740246
vn 0.70671971 0.70746693 -0.00614850
vn 0.85563897 0.51755360 -0.00449661
vn 0.94544375 0.16289906 -0.28213472
vn 0.94544375 0.28213472 -0.16289906
vn 0.94545085 0.32576477 -0.00000000
vn 0.94544375 0.28213472 0.16289906
vn 0.94544375 0.16289906 0.28213472
vn 0.94545085 -0.00000000 0.32576477
vn 0.94544375 -0.16289906 0.28213472
vn 0.94544375 -0.28213472 0.16289906
vn 0.94545085 -0.32576477 0.00000000
vn 0.94544375 -0.28213472 -0.16289906
vn 0.94544375 -0.16289906 -0.28213472
vn 0.94545085 -0.00000000 -0.32576477
vn 0.94544375 0.16289906 -0.28213472
vn 0.94544375 0.28213472 -0.16289906
vn 0.94545085 0.32576477 -0.00000000
vn 0.94544375 0.28213472 0.16289906
vn 0.94544375 0.16289906 0.28213472
vn 0.94545085 -0.00000000 0.32576477
vn 0.94544375 -0.16289906 0.28213472
vn 0.94544375 -0.28213472 0.16289906
vn 0.94545085 -0.32576477 0.00000000
vn 0.94544375 -0.28213472 -0.16289906
vn 0.94544375 -0.16289906 -0.28213472
vn 0.94545085 0.00000000 -0.32576477
vn 0.94544375 0.16289906 -0.28213472
vn 0.94544375 0.28213472 -0.16289906
vn 0.94545085 0.32576477 -0.00000000
vn 0.94544375 0.28213472 0.16289906
vn 0.94544375 0.16289906 0.28213472
vn 0.94545085 0.00000000 0.32576477
vn 0.94544375 -0.16289906 0.28213472
vn 0.94544375 -0.28213472 0.16289906
vn 0.94545085 -0.32576477 0.00000000
vn 0.94544375 -0.28213472 -0.16289906
vn 0.94544375 -0.16289906 -0.28213472
vn 0.94545085 0.00000000 -0.32576477
vn 0.93576119 0.00001430 0.35263437
vn 0.99652124 -0.01625258 0.08173908
vn 0.93542691 -0.06891667 0.34673764
vn 0.99654903 -0.03175481 0.07669194
vn 0.93566324 -0.13503580 0.32603625
vn 0.99654939 -0.04611910 0.06900970
vn 0.93572032 -0.19604264 0.29324863
vn 0.99652662 -0.05887850 0.05888986
vn 0.93569117 -0.24946958 0.24949342
vn 0.99654892 -0.06901908 0.04611518
vn 0.93571949 -0.29325764 0.19603312
vn 0.99654973 -0.07668813 0.03174223
vn 0.93565511 -0.32605726 0.13504139
vn 0.99652126 -0.08173467 0.01627310
vn 0.93543022 -0.34673204 0.06889992
vn 0.99654617 -0.08304050 -0.00001027
vn 0.93576119 -0.35263437 0.00001430
vn 0.99652124 -0.08173908 -0.01625258
vn 0.93542691 -0.34673764 -0.06891667
vn 0.99654903 -0.07669194 -0.03175481
vn 0.93566324 -0.32603625 -0.13503580
vn 0.99654939 -0.06900970 -0.04611910
vn 0.93572032 -0.29324863 -0.19604264
vn 0.99652662 -0.05888986 -0.05887850
vn 0.93569117 -0.24949342 -0.24946958
vn 0.99654892 -0.04611518 -0.06901908
vn 0.93571949 -0.19603312 -0.29325764
vn 0.99654973 -0.03174223 -0.07668813
vn 0.93565511 -0.13504139 -0.32605726
vn 0.99652126 -0.01627310 -0.08173467
vn 0.93543022 -0.06889992 -0.34673204
vn 0.99654617 0.00001027 -0.08304050
vn 0.93576119 -0.00001430 -0.35263437
vn 0.99652124 0.01625258 -0.08173908
vn 0.93542691 0.06891667 -0.34673764
vn 0.99654903 0.03175481 -0.07669194
vn 0.93566324 0.13503580 -0.32603625
vn 0.99654939 0.04611910 -0.06900970
vn 0.93572032 0.19604264 -0.29324863
vn 0.99652662 0.05887850 -0.05888986
vn 0.93569117 0.24946958 -0.24949342
vn 0.99654892 0.06901908 -0.04611518
vn 0.93571949 0.29325764 -0.19603312
vn 0.99654973 0.07668813 -0.03174223
vn 0.93565511 0.32605726 -0.13504139
vn 0.99652126 0.08173467 -0.01627310
vn 0.93543022 0.34673204 -0.06889992
vn 0.99654617 0.08304050 0.00001027
vn 0.93576119 0.35263437 -0.00001430
vn 0.99652124 0.08173908 0.01625258
vn 0.93542691 0.34673764 0.06891667
vn 0.99654903 0.07669194 0.03175481
vn 0.93566324 0.32603625 0.13503580
vn 0.99654939 0.06900970 0.04611910
vn 0.93572032 0.29324863 0.19604264
vn 0.99652662 0.05888986 0.05887850
vn 0.93569117 0.24949342 0.24946958
vn 0.99654892 0.04611518 0.06901908
vn 0.93571949 0.19603312 0.29325764
vn 0.99654973 0.03174223 0.07668813
vn 0.93565511 0.13504139 0.32605726
vn 0.99652126 0.01627310 0.08173467
vn 0.93543022 0.06889992 0.34673204
vn 0.99654617 -0.00001027 0.08304050
vn 0.36048752 0.17056265 -0.91703715
vn 0.35951383 0.36442593 -0.85903641
vn 0.35774030 0.65100763 -0.66948558
vn 0.35769588 0.52829868 -0.77003517
vn 0.36026508 0.77782542 -0.51497250
vn 0.35804827 0.91281419 -0.19639676
vn 0.35610682 0.86873356 -0.34422368
vn 0.35940934 0.93318000 0.00010973
vn 0.35631717 0.86832297 0.34504101
vn 0.35801309 0.91285293 0.19628081
vn 0.36298504 0.77923459 0.51091615
vn 0.35774474 0.65089054 0.66959705
vn 0.35786994 0.52762782 0.77041417
vn 0.36048752 -0.17056265 0.91703715
vn 0.36735315 -0.00015112 0.93008152
vn 0.36050864 0.17073833 0.91699615
vn 0.36072037 0.36601245 0.85785529
vn 0.35951383 -0.36442593 0.85903641
vn 0.35774030 -0.65100763 0.66948558
vn 0.35769588 -0.52829868 0.77003517
vn 0.36026508 -0.77782542 0.51497250
vn 0.35804827 -0.91281419 0.19639676
vn 0.35610682 -0.86873356 0.34422368
vn 0.35940934 -0.93318000 -0.00010973
vn 0.35631717 -0.86832297 -0.34504101
vn 0.35801309 -0.91285293 -0.19628081
vn 0.36298504 -0.77923459 -0.51091615
vn 0.35774474 -0.65089054 -0.66959705
vn 0.35786994 -0.52762782 -0.77041417
vn 0.36735315 0.00015112 -0.93008152
vn 0.36050864 -0.17073833 -0.91699615
vn 0.36072037 -0.36601245 -0.85785529
vn 0.71397535 0.00006084 -0.70017083
vn 0.71491244 0.13627395 -0.68580581
vn 0.71458014 0.26768071 -0.64631437
vn 0.71428212 0.38875296 -0.58195550
vn 0.71340400 0.49554891 -0.49546546
vn 0.71433314 0.58188889 -0.38875889
vn 0.71461495 0.64627773 -0.26767624
vn 0.71487016 0.68583508 -0.13634846
vn 0.71397535 0.70017083 0.00006084
vn 0.71491244 0.68580581 0.13627395
vn 0.71458014 0.64631437 0.26768071
vn 0.71428212 0.58195550 0.38875296
vn 0.71340400 0.49546546 0.49554891
vn 0.71433314 0.38875889 0.58188889
vn 0.71461495 0.26767624 0.64627773
vn 0.71487016 0.13634846 0.68583508
vn 0.71397535 -0.00006084 0.70017083
vn 0.71491244 -0.13627395 0.68580581
vn 0.71458014 -0.26768071 0.64631437
vn 0.71428212 -0.38875296 0.58195550
vn 0.71340400 -0.49554891 0.49546546
vn 0.71433314 -0.58188889 0.38875889
vn 0.71461495 -0.64627773 0.26767624
vn 0.71487016 -0.68583508 0.13634846
vn 0.71397535 -0.70017083 -0.00006084
vn 0.71491244 -0.68580581 -0.13627395
vn 0.71458014 -0.64631437 -0.26768071
vn 0.71428212 -0.58195550 -0.38875296
vn 0.71340400 -0.49546546 -0.49554891
vn 0.71433314 -0.38875889 -0.58188889
vn 0.71461495 -0.26767624 -0.64627773
vn 0.71487016 -0.13634846 -0.68583508
vn 0.94544375 0.16289906 -0.28213472
vn 0.94544375 0.28213472 -0.16289906
vn 0.94545085 0.32576477 -0.00000000
vn 0.94544375 0.28213472 0.16289906
vn 0.94544375 0.16289906 0.28213472
vn 0.94545085 -0.00000000 0.32576477
vn 0.94544375 -0.16289906 0.28213472
vn 0.94544375 -0.28213472 0.16289906
vn 0.94545085 -0.32576477 0.00000000
vn 0.94544375 -0.28213472 -0.16289906
vn 0.94544375 -0.16289906 -0.28213472
vn 0.94545085 0.00000000 -0.32576477
vn 0.94544375 0.16289906 -0.28213472
vn 0.94544375 0.28213472 -0.16289906
vn 0.94545085 0.32576477 -0.00000000
vn 0.94544375 0.28213472 0.16289906
vn 0.94544375 0.16289906 0.28213472
vn 0.94545085 0.00000000 0.32576477
vn 0.94544375 -0.16289906 0.28213472
vn 0.94544375 -0.28213472 0.16289906
vn 0.94545085 -0.32576477 0.00000000
vn 0.94544375 -0.28213472 -0.16289906
vn 0.94544375 -0.16289906 -0.28213472
vn 0.94545085 0.00000000 -0.32576477
vn 0.94544375 0.16289906 -0.28213472
vn 0.94544375 0.28213472 -0.16289906
vn 0.94545085 0.32576477 -0.00000000
vn 0.94544375 0.28213472 0.16289906
vn 0.94544375 0.16289906 0.28213472
vn 0.94545085 -0.00000000 0.32576477
vn 0.94544375 -0.16289906 0.28213472
vn 0.94544375 -0.28213472 0.16289906
vn 0.94545085 -0.32576477 0.00000000
vn 0.94544375 -0.28213472 -0.16289906
vn 0.94544375 -0.16289906 -0.28213472
vn 0.94545085 -0.00000000 -0.32576477
vn -0.36574602 -0.92777641 0.07389716
vn -0.08773955 -0.99300826 0.07897063
vn -0.36141563 -0.92011414 0.15089308
vn -0.08953627 -0.98399478 0.15406989
vn 0.06124772 -0.97525457 0.21243172
vn -0.36215103 -0.89939059 0.24483300
vn -0.08861023 -0.96098657 0.26201723
vn 0.06089589 -0.94842591 0.31109482
vn -0.36158996 -0.87132308 0.33173602
vn -0.08845727 -0.92833154 0.36107598
vn -0.36198176 -0.84275657 0.39841005
vn -0.08609365 -0.90508292 0.41642863
vn -0.99628614 -0.08069093 0.03004844
vn -0.99201607 -0.08691724 0.09137561
vn -0.93170135 -0.31624191 0.17867192
vn -0.93337637 -0.33634942 0.12521031
vn -0.93342123 -0.34618433 0.09424021
vn -0.99631683 -0.08273468 0.02253321
vn -0.93364910 -0.35302852 0.06058235
vn -0.99632597 -0.08440917 0.01447935
vn -0.93334319 -0.35785464 0.02847010
vn -0.99630116 -0.08565895 0.00682187
vn -0.71003459 -0.70194053 0.05594980
vn -0.70960986 -0.69444741 0.11914965
vn -0.71139177 -0.67810623 0.18464474
vn -0.71050570 -0.65948863 0.24547178
vn -0.70698085 -0.63291522 0.31558897
vn 0.70930529 -0.70352821 0.04397801
vn 0.36018549 -0.93138521 0.05280152
vn 0.37005033 -0.76441991 0.52794408
vn 0.36262096 -0.77268507 0.52102190
vn 0.08957827 -0.81338032 0.57479404
vn 0.09038128 -0.82142857 0.56310420
vn -0.03202979 -0.85079013 0.52452860
vn 0.36129798 -0.81628075 0.45072110
vn 0.09017840 -0.87147281 0.48208193
vn -0.03180592 -0.89741670 0.44003597
vn 0.36200692 -0.85580360 0.36952834
vn 0.08999818 -0.91711427 0.38833199
vn 0.36615019 -0.88166738 0.29765191
vn 0.08626858 -0.94396913 0.31855929
vn 0.36229829 -0.90457889 0.22467083
vn 0.08739175 -0.96506680 0.24699951
vn -0.03538964 -0.98029052 0.19436581
vn 0.36176327 -0.92230108 0.13597078
vn 0.08957696 -0.98539839 0.14479633
vn -0.03332275 -0.99465944 0.09768416
vn 0.08867015 -0.99481265 0.04985380
vn 0.99626378 -0.08618050 0.00560324
vn 0.93318688 -0.35869132 0.02242289
vn 0.93355929 -0.35458113 0.05233813
vn 0.99628498 -0.08519601 0.01256503
vn 0.93317774 -0.34944820 0.08405509
vn 0.99627905 -0.08379794 0.02014860
vn 0.93330345 -0.34024899 0.11478364
vn 0.99630486 -0.08137733 0.02746550
vn 0.93369002 -0.32767374 0.14440521
vn 0.99628417 -0.07881176 0.03473550
vn 0.93355345 -0.31375652 0.17330551
vn 0.99630020 -0.07523726 0.04153625
vn 0.93291627 -0.30002302 0.19913166
vn 0.99627879 -0.07180708 0.04766881
vn 0.92982933 -0.30519364 0.20560705
vn 0.99593141 -0.07476470 0.05030772
vn 0.71058199 -0.69608598 0.10265255
vn 0.71108841 -0.68362699 0.16433932
vn 0.71100163 -0.66625130 0.22491306
vn 0.71004106 -0.64438683 0.28391427
vn 0.71071781 -0.61582808 0.34005290
vn 0.70925992 -0.58742817 0.38971593
vn 0.70435521 -0.58853722 0.39687237
vn -0.05776085 0.18885163 0.98030544
vn -0.05824816 0.00000605 0.99830213
vn -0.05628017 -0.18758254 0.98063517
vn -0.05625908 0.81401900 0.57810724
vn -0.05622194 0.68807500 0.72345828
vn -0.05827289 0.53967997 0.83985106
vn -0.05829382 0.37090895 0.92683784
vn -0.05774769 0.97019112 0.23536013
vn -0.05824678 0.90807811 0.41473059
vn -0.05772648 0.94348105 -0.32636049
vn -0.05820075 0.98813372 -0.14214229
vn -0.05823068 0.99717474 0.04745237
vn -0.05772168 0.61713105 -0.78474038
vn -0.05823718 0.75441863 -0.65380499
vn -0.05826472 0.86459821 -0.49907430
vn -0.05775310 0.09499262 -0.99380128
vn -0.05825612 0.28121138 -0.95787598
vn -0.05822548 0.45735721 -0.88737488
vn -0.05631004 -0.61820193 -0.78399971
vn -0.05629113 -0.45619260 -0.88809888
vn -0.05824510 -0.28119578 -0.95788122
vn -0.05824915 -0.09490694 -0.99378051
vn -0.05622700 -0.94400140 -0.32511518
vn -0.05629108 -0.86398247 -0.50036547
vn -0.05828370 -0.75441146 -0.65380911
vn -0.05628454 -0.96996726 0.23663380
vn -0.05625535 -0.99735264 0.04607660
vn -0.05822932 -0.98812914 -0.14216241
vn -0.05627550 -0.68804234 0.72348518
vn -0.05622241 -0.81401821 0.57811192
vn -0.05824124 -0.90808463 0.41471709
vn -0.05626454 -0.37225176 0.92642481
vn -0.05825977 -0.53970799 0.83983396
vn -0.11630722 0.00001149 0.99321329
vn -0.11632564 0.18792714 0.97527008
vn -0.11628262 0.36911604 0.92208010
vn -0.11624422 0.53704977 0.83550274
vn -0.11626954 0.68541066 0.71881404
vn -0.11629418 0.80895054 0.57625921
vn -0.11624844 0.90344883 0.41263363
vn -0.11625516 0.96523748 0.23409686
vn -0.11626030 0.99209818 0.04716712
vn -0.11626876 0.98310076 -0.14140179
vn -0.11627523 0.93862097 -0.32476261
vn -0.11627198 0.86021619 -0.49649666
vn -0.11627045 0.75061543 -0.65042882
vn -0.11630591 0.61396952 -0.78071401
vn -0.11631672 0.45506546 -0.88282832
vn -0.11632589 0.27974410 -0.95300133
vn -0.11631576 0.09438080 -0.98871781
vn -0.11631146 -0.09439017 -0.98871742
vn -0.11633312 -0.27972659 -0.95300558
vn -0.11631677 -0.45506983 -0.88282606
vn -0.11629868 -0.61396388 -0.78071953
vn -0.11627529 -0.75061513 -0.65042831
vn -0.11624374 -0.86023283 -0.49647443
vn -0.11628684 -0.93861058 -0.32478848
vn -0.11627835 -0.98310068 -0.14139448
vn -0.11626476 -0.99209690 0.04718304
vn -0.11845511 -0.96536499 0.23246254
vn -0.11831950 -0.90254502 0.41402052
vn -0.11625837 -0.80898693 0.57621535
vn -0.11625759 -0.68540161 0.71882460
vn -0.11627238 -0.53703716 0.83550692
vn -0.11628327 -0.36910730 0.92208351
vn -0.11630459 -0.18795820 0.97526661
vn -0.20345900 -0.97629047 0.07390099
vn -0.21781589 -0.94976986 0.22470747
vn -0.27561045 -0.91295869 0.30090747
vn -0.26489271 -0.87324647 0.40898956
vn -0.27370048 -0.78685150 0.55312997
vn -0.27820319 -0.66753749 0.69064947
vn -0.28256068 -0.52280346 0.80426115
vn -0.28382333 -0.35667751 0.89007049
vn -0.27949047 -0.17542197 0.94398740
vn -0.26896682 0.01330630 0.96305752
vn -0.25119923 0.20215418 0.94659000
vn -0.22981122 0.38377270 0.89437426
vn -0.20274708 0.55239700 0.80854881
vn -0.26869315 0.66157520 0.70008731
vn -0.27078633 0.78200713 0.56137297
vn -0.27430880 0.87236102 0.40464914
vn -0.27847529 0.93180041 0.23280788
vn -0.28288813 0.95782524 0.05044916
vn -0.28397991 0.94910479 -0.13621858
vn -0.27973752 0.90518568 -0.31997781
vn -0.26833424 0.82752165 -0.49315784
vn -0.25126765 0.71881377 -0.64820624
vn -0.22881038 0.58282598 -0.77971770
vn -0.20279622 0.42411686 -0.88260896
vn -0.26851849 0.27553495 -0.92302671
vn -0.27107691 0.09507134 -0.95785111
vn -0.27402423 -0.08569230 -0.95789746
vn -0.27812677 -0.26425576 -0.92347950
vn -0.28212063 -0.43529755 -0.85494093
vn -0.28327038 -0.59266822 -0.75399090
vn -0.27910718 -0.72995437 -0.62391169
vn -0.26888902 -0.84073071 -0.46996868
vn -0.25139828 -0.92079322 -0.29822602
vn -0.22993414 -0.96640291 -0.11487259
vn -1.00000000 0.00000000 0.00000000
vn -1.00000000 0.00000000 0.00000000
vn -0.99798068 0.00107510 0.06350913
vn -0.99797684 0.01074062 0.06266469
vn -0.99798118 -0.00884062 0.06289206
vn -0.99802042 -0.01852857 0.06009941
vn -1.00000000 0.00000000 0.00000000
vn -0.99813190 0.01436888 0.05938218
vn -0.99780771 0.02006129 0.06306603
vn -1.00000000 0.00000000 0.00000000
vn -1.00000000 0.00000000 0.00000000
vn -0.99808186 0.05620483 0.02595403
vn -0.99797899 0.05191321 0.03664642
vn -0.99788566 0.02314604 0.06073279
vn -0.99798046 0.04555302 0.04427092
vn -0.99797983 0.03810184 0.05083803
vn -0.99798132 0.02969576 0.05613772
vn -0.99596757 0.08963576 -0.00374539
vn -0.99596888 0.08813357 -0.01668707
vn -0.99249996 0.12173280 0.01117860
vn -0.99597613 0.08926134 -0.00799722
vn -0.99593154 0.08923662 -0.01253785
vn -1.00000000 0.00000000 0.00000000
vn -1.00000000 0.00000000 0.00000000
vn -1.00000000 0.00000000 0.00000000
vn -1.00000000 0.00000000 0.00000000
vn -1.00000000 0.00000000 0.00000000
vn -1.00000000 0.00000000 0.00000000
vn -1.00000000 0.00000000 0.00000000
vn -1.00000000 0.00000000 0.00000000
vn -1.00000000 0.00000000 0.00000000
vn -1.00000000 0.00000000 0.00000000
vn -1.00000000 0.00000000 0.00000000
vn -0.60909169 -0.50864679 0.60851110
vn -0.67208876 -0.42126766 0.60895834
vn -0.62030239 -0.43521272 0.65254489
vn -0.86965548 -0.21077760 0.44639909
vn -0.81781631 -0.30435306 0.48841140
vn -0.91106977 -0.20440070 0.35801149
vn -0.73110171 -0.44869388 0.51396896
vn -0.95302652 -0.16326041 0.25512054
vn -0.85522412 -0.38905831 0.34238185
vn -0.54274832 -0.64319925 0.54011016
vn -0.36019032 -0.69684525 0.62021741
vn -0.35724839 -0.81409763 0.45784128
vn -0.07910621 -0.87838456 0.47136267
vn 0.01660326 -0.83906456 0.54377844
vn -0.04656254 -0.84094195 0.53911832
vn -0.18107249 -0.79370628 0.58072634
vn -0.00412811 -0.86730210 0.49776503
vn -0.37580728 -0.75526552 0.53697568
vn -0.63306294 -0.64247043 0.43181369
vn -0.51454833 -0.58770617 0.62437286
vn -0.64274372 -0.39903802 0.65394891
vn -0.27576369 -0.69948127 0.65930292
vn -0.36408185 -0.63037306 0.68561958
vn -0.29261750 -0.65806902 0.69377242
vn -0.01532343 -0.79575517 0.60542457
vn -0.37834735 -0.61803525 0.68911952
vn -0.31124156 -0.64432554 0.69855085
vn -0.29620558 -0.66326765 0.68726871
vn 0.70632326 0.70731861 -0.02842244
vn 0.93056703 0.36582640 -0.01469848
vn 0.99578824 0.08586353 -0.03214403
vn 0.92966700 0.34512130 -0.12888193
vn 0.93068553 0.35121648 -0.10232996
vn 0.99596954 0.08611032 -0.02509359
vn 0.93069883 0.35555862 -0.08589387
vn 0.99593232 0.08758329 -0.02116574
vn 0.93022705 0.36062587 -0.06801919
vn 0.99594516 0.08840317 -0.01667677
vn 0.93059884 0.36267119 -0.04955212
vn 0.99597625 0.08879446 -0.01211863
vn 0.93043752 0.36512163 -0.03118037
vn 0.99593011 0.08980211 -0.00766846
vn 0.99597070 0.08961246 -0.00345928
vn 0.08828357 0.99562005 -0.03076890
vn 0.36610001 0.92999740 -0.03279652
vn 0.19694286 0.97872794 -0.05749019
vn 0.36547821 0.92734455 -0.08036025
vn 0.08870173 0.99224685 -0.08705277
vn 0.16266749 0.98019606 -0.11293795
vn 0.36591447 0.92144117 -0.13058624
vn 0.08898670 0.98544919 -0.14481455
vn 0.36304105 0.91561964 -0.17274801
vn 0.08740818 0.97898916 -0.18422821
vn 0.36346895 0.90614320 -0.21632113
vn 0.08855127 0.96935432 -0.22915251
vn 0.19738509 0.94634798 -0.25586056
vn 0.36377920 0.89322129 -0.26423553
vn 0.08592104 0.95427515 -0.28631541
vn 0.36375751 0.87520646 -0.31889515
vn 0.08709029 0.93836144 -0.33450426
vn 0.70563257 0.70601262 -0.06024002
vn 0.70517834 0.70251174 -0.09592056
vn 0.70606725 0.69587597 -0.13124660
vn 0.70579831 0.68860570 -0.16634583
vn 0.70604059 0.67986744 -0.19820934
vn 0.70346744 0.66590419 -0.24840527
vn -0.06879665 0.96892407 -0.23759874
vn -0.04579871 0.96550938 -0.25630865
vn -0.18508792 0.96215876 -0.19998244
vn -0.08570640 0.96942836 -0.22991970
vn -0.29568781 0.93974394 -0.17161017
vn -0.50351799 0.86322075 -0.03632584
vn -0.54694053 0.83638968 0.03617111
vn -0.69668748 0.71519232 0.05591507
vn -0.34652284 0.92075780 -0.17924002
vn -0.54209448 0.83606855 -0.08439764
vn -0.63006120 0.76889524 -0.10873363
vn -0.75497454 0.65569993 0.00842843
vn -0.82204149 0.56825090 -0.03658829
vn -0.90155256 0.43188751 0.02600316
vn -0.86300094 0.49980950 0.07361952
vn -0.96845176 0.23770027 0.07483161
vn -0.83421395 0.54263923 0.09813128
vn -0.75753308 0.64910325 0.06934407
vn -0.75392610 0.65164337 0.08340474
vn -0.72224480 0.68661167 0.08322780
vn -0.36178977 0.92484133 -0.11737410
vn 0.07902594 0.94092537 -0.32926335
vn -0.00711912 0.94704594 -0.32101916
vn -0.10777651 0.96298699 -0.24706330
vn -0.05603738 0.96346296 -0.26191397
vn -0.19555009 0.96749003 -0.16038458
vn -0.26261268 0.95225887 -0.15568435
vn -0.93021359 0.36362197 -0.04981707
vn -0.70440952 0.69733235 -0.13241908
vn -0.35984864 0.91258768 -0.19414604
vn -0.08613895 0.97243464 -0.21668171
vn -0.35135125 0.92988906 -0.10889741
vn -0.47117473 0.88098304 -0.04316539
vn -0.54389155 0.83915506 0.00087918
vn -0.70628974 0.70726208 -0.03058036
vn -0.36637650 0.92979808 -0.03526731
vn -0.36284345 0.91559680 -0.17328336
vn -0.08700039 0.97882434 -0.18529396
vn -0.36600952 0.92094486 -0.13378188
vn -0.08928163 0.98498469 -0.14776318
vn -0.18047260 0.97681370 -0.11517219
vn -0.36543822 0.92711182 -0.08317799
vn -0.08866102 0.99204389 -0.08937647
vn -0.18551895 0.98078014 -0.06044034
vn -0.08844195 0.99552739 -0.03321515
vn -0.93053591 0.36585927 -0.01580882
vn -0.93019125 0.36561272 -0.03273479
vn -0.93049302 0.36274656 -0.05096735
vn -0.93047102 0.35996615 -0.06817666
vn -0.70617479 0.69567239 -0.13174633
vn -0.70529639 0.70201492 -0.09865116
vn -0.70486599 0.70651420 -0.06325830
vn 1.00000000 0.00000000 0.00000000
vn 1.00000000 0.00000000 0.00000000
vn 0.99567623 -0.08863730 0.02778999
vn 0.99559990 -0.09290570 0.01222176
vn 0.99563898 -0.09320328 -0.00402100
vn 0.99563084 -0.09119360 -0.02007367
vn 0.99561478 -0.08651684 -0.03558150
vn 0.99563483 -0.07890435 -0.04985360
vn 0.99561727 -0.06924183 -0.06286343
vn 0.99565710 -0.08268931 0.04277166
vn 1.00000000 0.00000000 0.00000000
vn 1.00000000 0.00000000 0.00000000
vn 1.00000000 0.00000000 0.00000000
vn 1.00000000 0.00000000 0.00000000
vn 1.00000000 0.00000000 0.00000000
vn 1.00000000 0.00000000 0.00000000
vn 0.99561485 0.08229091 -0.04448902
vn 0.99559287 0.07354176 -0.05819313
vn 0.99562116 0.06219831 -0.06978453
vn 0.99562440 0.04920462 -0.07944149
vn 0.99564215 0.03469763 -0.08656088
vn 0.99566713 0.01915642 -0.09099449
vn 0.99563598 0.00315410 -0.09326864
vn 0.99566247 -0.01292534 -0.09213681
vn 0.99564447 -0.02872789 -0.08869501
vn 0.99563645 -0.04363902 -0.08248454
vn 0.99564075 -0.05719265 -0.07367828
vn 1.00000000 0.00000000 0.00000000
vn 1.00000000 0.00000000 0.00000000
vn 1.00000000 0.00000000 0.00000000
vn -0.47478944 0.69295015 -0.54258186
vn -0.47540842 0.76978529 -0.42593126
vn -0.12200576 0.85814913 -0.49869295
vn -0.15591264 -0.55392458 -0.81783789
vn -0.12226432 -0.64277283 -0.75623708
vn -0.47570673 -0.55267343 -0.68429174
vn -0.17499699 -0.88013256 -0.44129665
vn -0.12248304 -0.93285703 -0.33878556
vn -0.47546224 -0.82102107 -0.31600644
vn -0.47307114 -0.86235707 -0.18039949
vn -0.47630693 -0.46780410 0.74450724
vn -0.47552673 -0.57913432 0.66217654
vn -0.12399712 -0.63203173 0.76495791
vn -0.47557320 -0.03109530 0.87912639
vn -0.47532044 -0.16868648 0.86349021
vn -0.12331848 -0.16899254 0.97787222
vn -0.47142730 0.41823478 0.77642512
vn -0.47517116 0.28550689 0.83228492
vn -0.12294440 0.33815461 0.93302526
vn -0.47614579 0.87103697 -0.12074680
vn -0.47541379 0.87959645 0.01708268
vn -0.12317312 0.99236254 -0.00670674
vn -0.47582068 0.81464291 0.33158952
vn -0.15142419 0.94467120 0.29097601
vn -0.47253162 0.86473171 0.17015565
vn -0.12565526 0.97388737 0.18908767
vn -0.14974848 0.98402007 0.09633226
vn -0.47556716 0.66253207 0.57869434
vn -0.13115372 0.81557015 0.56359918
vn -0.47399613 0.75279229 0.45676189
vn -0.12410894 0.86455039 0.48698007
vn -0.12363740 0.91288765 0.38903719
vn -0.47504405 0.54112421 0.69391480
vn -0.15412356 0.67792790 0.71879044
vn -0.12370947 0.75313708 0.64612731
vn -0.12242214 0.43298551 0.89304892
vn -0.12515755 0.51103372 0.85039998
vn -0.12180187 0.60096277 0.78994181
vn -0.12325999 -0.06270167 0.99039158
vn -0.13709165 0.03313279 0.99000409
vn -0.47087830 0.13259411 0.87217683
vn -0.12912274 0.14224056 0.98137401
vn -0.18164529 0.22386421 0.95754363
vn -0.12391962 -0.54463771 0.82946591
vn -0.14688316 -0.45593784 0.87780751
vn -0.47216755 -0.31904768 0.82174594
vn -0.12665706 -0.36037136 0.92417015
vn -0.16263416 -0.27377581 0.94794353
vn -0.12289342 -0.92827518 0.35100198
vn -0.12206273 -0.88465323 0.44998817
vn -0.47526715 -0.77786741 0.41114890
vn -0.15303646 -0.82858257 0.53854504
vn -0.47328747 -0.68551294 0.55323681
vn -0.12504963 -0.76887860 0.62704728
vn -0.14358912 -0.70427942 0.69525007
vn -0.12330626 -0.97845311 0.16560520
vn -0.12653472 -0.95572699 0.26565934
vn -0.47496272 -0.86953108 0.13537399
vn -0.47204427 -0.83543980 0.28145078
vn -0.12226149 -0.96374423 -0.23716913
vn -0.12857007 -0.98076045 -0.14689681
vn -0.46962524 -0.88258281 -0.02235410
vn -0.12829000 -0.99109617 -0.03563771
vn -0.19422193 -0.97989207 0.04570958
vn -0.12732620 -0.84487058 -0.51959767
vn -0.47135640 -0.75348130 -0.45835475
vn -0.14053270 -0.78206587 -0.60714376
vn -0.47639355 -0.65259396 -0.58921160
vn -0.12275287 -0.71939374 -0.68366979
vn -0.12516739 -0.47936567 -0.86864358
vn -0.47232553 -0.42504234 -0.77217071
vn -0.14955928 -0.38187711 -0.91203174
vn -0.47613006 -0.26945434 -0.83707498
vn -0.12253131 -0.28588712 -0.95039709
vn -0.12312724 -0.18289970 -0.97539089
vn -0.47525739 -0.13568196 -0.86932204
vn -0.13442707 -0.08819850 -0.98699057
vn -0.47522947 0.01867687 -0.87966364
vn -0.12194347 0.01332534 -0.99244759
vn -0.15402684 0.11705158 -0.98110889
vn -0.47476690 0.18486466 -0.86047745
vn -0.12205053 0.22261315 -0.96723681
vn -0.12253626 0.30845493 -0.94331353
vn -0.46963472 0.32379402 -0.82134077
vn -0.12301261 0.38976316 -0.91266236
vn -0.47502887 0.45433080 -0.75361203
vn -0.12269139 0.49890544 -0.85792784
vn -0.12238716 0.80067937 -0.58645880
vn -0.13295653 0.74003008 -0.65930118
vn -0.47069278 0.58353114 -0.66177014
vn -0.12864867 0.66246931 -0.73795931
vn -0.18801016 0.59232315 -0.78345738
vn -0.12418744 0.98564185 -0.11440117
vn -0.14402981 0.96653312 -0.21229496
vn -0.47169688 0.83507048 -0.28312426
vn -0.12690253 0.94035526 -0.31563861
vn -0.16854347 0.90308002 -0.39501844
vn -0.82930494 -0.41820199 -0.37062166
vn -0.82931578 -0.47622803 -0.29230499
vn -0.82937062 -0.51965827 -0.20518201
vn -0.82933539 -0.54745457 -0.11178691
vn -0.82943592 -0.55839720 -0.01512026
vn -0.82903885 -0.55310851 0.08225303
vn -0.82930725 -0.53005984 0.17687862
vn -0.82939135 -0.49117262 0.26619437
vn -0.82932072 -0.34751068 -0.43756539
vn -0.82939135 -0.26619437 -0.49117262
vn -0.82930725 -0.17687862 -0.53005984
vn -0.82903885 -0.08225303 -0.55310851
vn -0.82943592 0.01512026 -0.55839720
vn -0.82933539 0.11178691 -0.54745457
vn -0.82937062 0.20518201 -0.51965827
vn -0.82931578 0.29230499 -0.47622803
vn -0.82930494 0.37062166 -0.41820199
vn -0.82932072 0.43756539 -0.34751068
vn -0.82939135 0.49117262 -0.26619437
vn -0.82930725 0.53005984 -0.17687862
vn -0.82903885 0.55310851 -0.08225303
vn -0.82943592 0.55839720 0.01512026
vn -0.82933539 0.54745457 0.11178691
vn -0.82937062 0.51965827 0.20518201
vn -0.82931578 0.47622803 0.29230499
vn -0.82930494 0.41820199 0.37062166
vn -0.82932072 0.34751068 0.43756539
vn -0.82939135 0.26619437 0.49117262
vn -0.82930725 0.17687862 0.53005984
vn -0.82903885 0.08225303 0.55310851
vn -0.82943592 -0.01512026 0.55839720
vn -0.82933539 -0.11178691 0.54745457
vn -0.82937062 -0.20518201 0.51965827
vn -0.82931578 -0.29230499 0.47622803
vn -0.82930494 -0.37062166 0.41820199
vn -0.82932072 -0.43756539 0.34751068
vn -0.99493524 -0.07524726 -0.06664625
vn -0.99496084 -0.08542941 -0.05248572
vn -0.99493570 -0.09350693 -0.03687017
vn -0.99498375 -0.09800053 -0.02008075
vn -0.99493350 -0.10049958 -0.00267703
vn -0.99495703 -0.09921142 0.01475149
vn -0.99499180 -0.09482306 0.03162122
vn -0.99494709 -0.08825855 0.04786148
vn -0.99495690 -0.07855207 0.06237262
vn -0.99495690 -0.06237262 -0.07855207
vn -0.99494709 -0.04786148 -0.08825855
vn -0.99499180 -0.03162122 -0.09482306
vn -0.99495703 -0.01475149 -0.09921142
vn -0.99493350 0.00267703 -0.10049958
vn -0.99498375 0.02008075 -0.09800053
vn -0.99493570 0.03687017 -0.09350693
vn -0.99496084 0.05248572 -0.08542941
vn -0.99493524 0.06664625 -0.07524726
vn -0.99495690 0.07855207 -0.06237262
vn -0.99494709 0.08825855 -0.04786148
vn -0.99499180 0.09482306 -0.03162122
vn -0.99495703 0.09921142 -0.01475149
vn -0.99493350 0.10049958 0.00267703
vn -0.99498375 0.09800053 0.02008075
vn -0.99493570 0.09350693 0.03687017
vn -0.99496084 0.08542941 0.05248572
vn -0.99493524 0.07524726 0.06664625
vn -0.99495690 0.06237262 0.07855207
vn -0.99494709 0.04786148 0.08825855
vn -0.99499180 0.03162122 0.09482306
vn -0.99495703 0.01475149 0.09921142
vn -0.99493350 -0.00267703 0.10049958
vn -0.99498375 -0.02008075 0.09800053
vn -0.99493570 -0.03687017 0.09350693
vn -0.99496084 -0.05248572 0.08542941
vn -0.99493524 -0.06664625 0.07524726
vn -0.92317228 0.28766029 0.25495981
vn -0.92297799 0.32800180 0.20131184
vn -0.92314478 0.35757274 0.14122837
vn -0.92309277 0.37679430 0.07697913
vn -0.92303140 0.38458618 0.01032011
vn -0.92305068 0.38049993 -0.05654428
vn -0.92309568 0.36479914 -0.12172077
vn -0.92315260 0.33797656 -0.18319693
vn -0.92307032 0.30118668 -0.23922324
vn -0.92317228 0.25495981 -0.28766029
vn -0.92307032 0.23922324 0.30118668
vn -0.92307424 0.18329166 0.33813918
vn -0.92308948 0.12170628 0.36481967
vn -0.92305068 0.05654428 0.38049993
vn -0.92303140 -0.01032011 0.38458618
vn -0.92309277 -0.07697913 0.37679430
vn -0.92314478 -0.14122837 0.35757274
vn -0.92297799 -0.20131184 0.32800180
vn -0.92317228 -0.25495981 0.28766029
vn -0.92307032 -0.30118668 0.23922324
vn -0.92315260 -0.33797656 0.18319693
vn -0.92309568 -0.36479914 0.12172077
vn -0.92305068 -0.38049993 0.05654428
vn -0.92303140 -0.38458618 -0.01032011
vn -0.92309277 -0.37679430 -0.07697913
vn -0.92314478 -0.35757274 -0.14122837
vn -0.92297799 -0.32800180 -0.20131184
vn -0.92317228 -0.28766029 -0.25495981
vn -0.92307032 -0.23922324 -0.30118668
vn -0.92307424 -0.18329166 -0.33813918
vn -0.92308948 -0.12170628 -0.36481967
vn -0.92305068 -0.05654428 -0.38049993
vn -0.92303140 0.01032011 -0.38458618
vn -0.92309277 0.07697913 -0.37679430
vn -0.92314478 0.14122837 -0.35757274
vn -0.92297799 0.20131184 -0.32800180
vn -0.64133007 0.57563095 0.50729158
vn -0.63964004 0.65786826 0.39758013
vn -0.63702011 0.71964906 0.27624374
vn -0.63335444 0.75981090 0.14679762
vn -0.62981103 0.77662431 0.01388315
vn -0.62791626 0.76935658 -0.11752287
vn -0.63029944 0.73725887 -0.24325290
vn -0.63677156 0.68181536 -0.36006916
vn -0.64694808 0.60504379 -0.46409072
vn -0.65952327 0.51037923 -0.55185333
vn -0.67358591 0.40179915 -0.62035430
vn -0.68749595 0.43312691 0.58288112
vn -0.67370170 0.33641048 0.65799241
vn -0.66009783 0.22262632 0.71743179
vn -0.64678628 0.09954943 0.75614643
vn -0.63703644 -0.02913907 0.77028273
vn -0.63021789 -0.15808885 0.76015349
vn -0.62799511 -0.28295395 0.72495462
vn -0.62951127 -0.40043799 0.66585658
vn -0.63318591 -0.50716536 0.58468701
vn -0.63656328 -0.59924197 0.48548559
vn -0.63975854 -0.67326366 0.37070887
vn -0.62401698 -0.74296402 0.24208941
vn -0.68764422 -0.72104898 0.08505176
vn -0.67399126 -0.73777509 -0.03773191
vn -0.66022438 -0.73250472 -0.16595364
vn -0.64712786 -0.70430874 -0.29184711
vn -0.63692699 -0.65258139 -0.41044068
vn -0.63000525 -0.57942390 -0.51706994
vn -0.62744865 -0.48673620 -0.60777961
vn -0.62930103 -0.37655176 -0.67984482
vn -0.63304382 -0.25291558 -0.73163463
vn -0.63653207 -0.12075401 -0.76173840
vn -0.63978806 0.01546828 -0.76839571
vn -0.64138794 0.15138045 -0.75213394
vn -0.68733786 0.28837309 -0.66663905
vn -0.05455900 0.99639684 0.06493581
vn -0.06585158 0.98466661 0.16154022
vn -0.28177809 0.94835860 0.14566084
vn -0.06334189 0.93849210 0.33944127
vn -0.06233105 0.89700289 0.43760787
vn -0.28385693 0.85956071 0.42494780
vn -0.06253891 -0.65688246 0.75139492
vn -0.06738431 -0.71525328 0.69560916
vn -0.22120620 -0.66280721 0.71537013
vn -0.82051300 -0.17119575 0.54539017
vn -0.80530618 -0.23497319 0.54430649
vn -0.52836170 -0.47377348 0.70453716
vn -0.57665419 -0.36110319 0.73285362
vn -0.27939073 -0.55550561 0.78316942
vn -0.06533441 -0.57982942 0.81211407
vn -0.05806773 -0.49314705 0.86800583
vn -0.27927197 -0.41539329 0.86571102
vn -0.06810057 -0.41414163 0.90766129
vn -0.28050904 -0.28298552 0.91718803
vn -0.06605092 -0.31713984 0.94607590
vn -0.28084346 0.16238142 0.94591713
vn -0.06638739 0.05100294 0.99648955
vn -0.28134618 0.01866875 0.95942473
vn -0.06256156 -0.03194060 0.99752987
vn -0.28343866 -0.13481029 0.94946759
vn -0.06251233 -0.13604947 0.98872784
vn -0.04877958 -0.22555057 0.97300950
vn -0.06121467 0.33524925 0.94013866
vn -0.03236373 0.25867702 0.96542156
vn -0.06643042 0.15319015 0.98596135
vn -0.06212664 0.51071386 0.85750314
vn -0.06692801 0.43497951 0.89794959
vn -0.28217834 0.44747911 0.84860935
vn -0.28479484 0.31070086 0.90683895
vn -0.06682203 0.59076563 0.80407138
vn -0.28173343 0.57239221 0.77006067
vn -0.05836536 0.67065959 0.73946548
vn -0.27949648 0.69212037 0.66547059
vn -0.06692883 0.73360280 0.67627470
vn -0.28041750 0.78244666 0.55600653
vn -0.06623774 0.79992340 0.59643534
vn -0.04707609 0.85504888 0.51640609
vn -0.06668599 0.98864237 -0.13468203
vn -0.06648920 0.99728300 -0.03171432
vn -0.27461980 0.96125319 -0.02400555
vn -0.06054276 0.97388600 -0.21881646
vn -0.56687919 0.81543183 0.11712779
vn -0.81799755 0.55191197 0.16209005
vn -0.58027634 0.77728917 0.24310678
vn -0.96061538 0.24910501 0.12314539
vn -0.96126158 0.22520233 0.15893423
vn -0.96125273 0.19770268 0.19211150
vn -0.96124235 0.16534321 0.22062361
vn -0.96125068 0.12890580 0.24368100
vn -0.96145312 0.08972896 0.25991655
vn -0.96125258 0.04761262 0.27152628
vn -0.96123483 0.00465242 0.27569179
vn -0.96123591 -0.03839211 0.27304133
vn -0.96178083 -0.08403723 0.26060579
vn -0.57887551 -0.23801655 0.77990465
vn -0.57909753 -0.11339910 0.80733308
vn -0.57890914 0.01367092 0.81527745
vn -0.57892931 0.14070483 0.80314570
vn -0.57892704 0.26424101 0.77137550
vn -0.57908343 0.38132521 0.72059244
vn -0.57886349 0.48898522 0.65254158
vn -0.57882974 0.58479820 0.56830203
vn -0.57887596 0.66624615 0.47012625
vn -0.57898780 0.73132589 0.36046577
vn -0.06613036 0.96272448 0.26227533
vn -0.28220191 0.91672082 0.28281623
vn -0.82230946 -0.07919218 0.56350311
vn -0.82231775 0.00962832 0.56894711
vn -0.82227580 0.09824912 0.56054403
vn -0.82219837 0.18442695 0.53849469
vn -0.82228906 0.26612249 0.50301045
vn -0.82230083 0.34128723 0.45535083
vn -0.82224811 0.40814863 0.39663931
vn -0.82221552 0.46501694 0.32820860
vn -0.82228803 0.51042413 0.25161399
vn 0.92759644 -0.33177314 0.17173068
vn 0.92789208 -0.35576326 0.11157417
vn 0.92780068 -0.36991274 0.04848161
vn 0.92769596 -0.37298443 -0.01621150
vn 0.92820600 -0.36338536 -0.07990432
vn 0.92789627 -0.34485007 -0.14172842
vn 0.92791971 -0.31508308 -0.19921764
vn 0.92779794 -0.27626920 -0.25073155
vn 0.92775361 -0.22877669 -0.29484651
vn 0.92819272 -0.17403736 -0.32889097
vn 0.92763213 -0.11493260 -0.35537183
vn 0.92765649 -0.05180121 -0.36982438
vn 0.92815675 0.01257198 -0.37197714
vn 0.92766466 0.07699089 -0.36539113
vn 0.92806248 0.13849705 -0.34571463
vn 0.92804692 0.19615099 -0.31662865
vn 0.92819844 0.24753562 -0.27780168
vn 0.92789841 0.29238041 -0.23134009
vn 0.92791740 0.32793269 -0.17728352
vn 0.15461449 0.73069128 -0.66496963
vn 0.08936042 0.80374959 -0.58821876
vn 0.37107882 0.73597568 -0.56625109
vn 0.08792406 0.86181685 -0.49954086
vn 0.36782138 0.81154759 -0.45398012
vn 0.20643343 0.89398419 -0.39771535
vn 0.09029531 0.67428880 -0.73292658
vn 0.36497637 0.62606303 -0.68908442
vn 0.22057496 0.58031627 -0.78395135
vn 0.36640721 0.47993125 -0.79712718
vn 0.08694772 0.50307031 -0.85986066
vn 0.36511147 0.35120149 -0.86217813
vn 0.08688238 0.41528353 -0.90553357
vn 0.09659806 0.32972648 -0.93912154
vn 0.36884116 0.20150511 -0.90738740
vn 0.08975947 0.22627769 -0.96991837
vn 0.22287716 0.11874751 -0.96758710
vn 0.36672205 0.02367287 -0.93002932
vn 0.08821548 0.01694041 -0.99595735
vn 0.12276955 -0.08019852 -0.98918948
vn 0.36969043 -0.14120615 -0.91836257
vn 0.08614546 -0.17909381 -0.98005325
vn 0.36976237 -0.27403544 -0.88779523
vn 0.08979027 -0.28057750 -0.95562230
vn 0.21401937 -0.37389577 -0.90243984
vn 0.36581996 -0.43860401 -0.82085460
vn 0.08650555 -0.47285827 -0.87688189
vn 0.16836391 -0.54957517 -0.81830356
vn 0.37123935 -0.58065753 -0.72458138
vn 0.08911352 -0.63826646 -0.76464025
vn 0.36980814 -0.67860867 -0.63461186
vn 0.08847309 -0.71585082 -0.69262552
vn 0.19279296 -0.77333804 -0.60396950
vn 0.36557450 -0.78645898 -0.49783285
vn 0.08679452 -0.84155994 -0.53314499
vn 0.19825931 -0.87599711 -0.43968434
vn 0.36829815 -0.86500705 -0.34076279
vn 0.08679418 -0.93265901 -0.35016274
vn 0.36952941 -0.90457234 -0.21259562
vn 0.08718726 -0.96472759 -0.24839296
vn 0.11433429 -0.92917594 0.35151067
vn 0.08666983 -0.96204808 0.25875053
vn 0.36772891 -0.89003631 0.26946395
vn 0.08628568 -0.98407425 0.15541124
vn 0.36700373 -0.92065527 0.13304937
vn 0.21425402 -0.97556940 0.04857526
vn 0.36653655 -0.92916916 -0.04791267
vn 0.09031611 -0.99433656 -0.05601612
vn 0.17200898 -0.97500119 -0.14066128
vn 0.08746332 -0.89369810 0.44006122
vn 0.36651279 -0.83089168 0.41867337
vn 0.22184084 -0.82376567 0.52172480
vn 0.70197239 -0.63255968 0.32726598
vn 0.70118064 -0.68032540 0.21331448
vn 0.70218545 -0.70594041 0.09264840
vn 0.70203666 -0.71148269 -0.03060894
vn 0.70240310 -0.69515949 -0.15291558
vn 0.70189487 -0.65875918 -0.27088731
vn 0.70101057 -0.60286435 -0.38097081
vn 0.70131267 -0.52765771 -0.47930979
vn 0.70113361 -0.43727376 -0.56320806
vn 0.70184927 -0.33315454 -0.62961548
vn 0.70087477 -0.21967840 -0.67861326
vn 0.70180871 -0.09923402 -0.70541983
vn 0.70133050 0.02420283 -0.71242526
vn 0.70093599 0.14690334 -0.69793133
vn 0.70149558 0.26496611 -0.66158667
vn 0.70173877 0.37507879 -0.60570504
vn 0.70106505 0.47458974 -0.53223339
vn 0.70137604 0.55906317 -0.44217646
vn 0.70097914 0.62735379 -0.33919828
f 1//1 2//2 3//3
f 3//3 2//2 4//4
f 3//3 4//4 5//5
f 5//5 6//6 3//3
f 3//3 6//6 7//7
f 3//3 7//7 8//8
f 9//9 10//10 11//11
f 8//8 12//12 3//3
f 3//3 12//12 9//9
f 3//3 9//9 13//13
f 13//13 9//9 11//11
f 14//14 15//15 16//16
f 16//16 15//15 17//17
f 16//16 17//17 18//18
f 19//19 20//20 21//21
f 21//21 20//20 22//22
f 21//21 22//22 23//23
f 24//24 25//25 26//26
f 26//26 25//25 27//27
f 26//26 27//27 28//28
f 29//29 30//30 31//31
f 31//31 30//30 32//32
f 31//31 32//32 33//33
f 34//34 35//35 36//36
f 36//36 35//35 37//37
f 36//36 37//37 38//38
f 39//39 40//40 41//41
f 41//41 40//40 42//42
f 41//41 42//42 43//43
f 44//44 45//45 46//46
f 46//46 45//45 47//47
f 46//46 47//47 48//48
f 49//49 50//50 51//51
f 51//51 50//50 52//52
f 51//51 52//52 53//53
f 54//54 55//55 56//56
f 56//56 55//55 57//57
f 56//56 57//57 58//58
f 59//59 60//60 61//61
f 61//61 60//60 62//62
f 61//61 62//62 63//63
f 64//64 65//65 66//66
f 66//66 65//65 67//67
f 66//66 67//67 68//68
f 69//69 70//70 71//71
f 71//71 70//70 72//72
f 71//71 72//72 73//73
f 74//74 2//2 75//75
f 75//75 2//2 1//1
f 75//75 1//1 76//76
f 76//76 1//1 3//3
f 11//11 77//77 78//78
f 11//11 78//78 13//13
f 13//13 78//78 76//76
f 13//13 76//76 3//3
f 9//9 79//79 80//80
f 9//9 80//80 10//10
f 10//10 80//80 77//77
f 10//10 77//77 11//11
f 8//8 81//81 82//82
f 8//8 82//82 12//12
f 12//12 82//82 79//79
f 12//12 79//79 9//9
f 6//6 83//83 84//84
f 6//6 84//84 7//7
f 7//7 84//84 81//81
f 7//7 81//81 8//8
f 4//4 85//85 86//86
f 4//4 86//86 5//5
f 5//5 86//86 83//83
f 5//5 83//83 6//6
f 85//85 4//4 74//74
f 74//74 4//4 2//2
f 87//87 88//88 89//89
f 89//89 88//88 42//42
f 89//89 42//42 40//40
f 90//90 91//91 92//92
f 92//92 91//91 37//37
f 92//92 37//37 35//35
f 93//93 94//94 95//95
f 95//95 94//94 72//72
f 95//95 72//72 70//70
f 96//96 97//97 98//98
f 98//98 97//97 67//67
f 98//98 67//67 65//65
f 99//99 100//100 101//101
f 101//101 100//100 62//62
f 101//101 62//62 60//60
f 102//102 103//103 104//104
f 104//104 103//103 57//57
f 104//104 57//57 55//55
f 105//105 106//106 107//107
f 107//107 106//106 32//32
f 107//107 32//32 30//30
f 108//108 109//109 110//110
f 110//110 109//109 27//27
f 110//110 27//27 25//25
f 111//111 112//112 20//20
f 20//20 112//112 113//113
f 20//20 113//113 22//22
f 114//114 115//115 116//116
f 116//116 115//115 17//17
f 116//116 17//17 15//15
f 117//117 118//118 119//119
f 119//119 118//118 52//52
f 119//119 52//52 50//50
f 120//120 121//121 45//45
f 45//45 121//121 122//122
f 45//45 122//122 47//47
f 123//123 21//21 23//23
f 123//123 23//23 124//124
f 124//124 23//23 125//125
f 124//124 125//125 126//126
f 126//126 125//125 127//127
f 126//126 127//127 128//128
f 128//128 127//127 129//129
f 128//128 129//129 130//130
f 130//130 129//129 14//14
f 130//130 14//14 16//16
f 19//19 21//21 131//131
f 19//19 131//131 132//132
f 132//132 131//131 133//133
f 132//132 133//133 134//134
f 134//134 133//133 135//135
f 134//134 135//135 136//136
f 136//136 135//135 137//137
f 136//136 137//137 18//18
f 18//18 137//137 138//138
f 18//18 138//138 16//16
f 139//139 31//31 33//33
f 139//139 33//33 140//140
f 140//140 33//33 141//141
f 140//140 141//141 142//142
f 142//142 141//141 143//143
f 142//142 143//143 144//144
f 144//144 143//143 145//145
f 144//144 145//145 146//146
f 146//146 145//145 24//24
f 146//146 24//24 26//26
f 29//29 31//31 147//147
f 29//29 147//147 148//148
f 148//148 147//147 149//149
f 148//148 149//149 150//150
f 150//150 149//149 151//151
f 150//150 151//151 152//152
f 152//152 151//151 153//153
f 152//152 153//153 28//28
f 28//28 153//153 154//154
f 28//28 154//154 26//26
f 155//155 41//41 43//43
f 155//155 43//43 156//156
f 156//156 43//43 157//157
f 156//156 157//157 158//158
f 158//158 157//157 159//159
f 158//158 159//159 160//160
f 160//160 159//159 161//161
f 160//160 161//161 162//162
f 162//162 161//161 34//34
f 162//162 34//34 36//36
f 39//39 41//41 163//163
f 39//39 163//163 164//164
f 164//164 163//163 165//165
f 164//164 165//165 166//166
f 166//166 165//165 167//167
f 166//166 167//167 168//168
f 168//168 167//167 169//169
f 168//168 169//169 38//38
f 38//38 169//169 170//170
f 38//38 170//170 36//36
f 44//44 46//46 171//171
f 44//44 171//171 172//172
f 172//172 171//171 173//173
f 172//172 173//173 174//174
f 174//174 173//173 175//175
f 174//174 175//175 176//176
f 176//176 175//175 177//177
f 176//176 177//177 53//53
f 53//53 177//177 178//178
f 53//53 178//178 51//51
f 49//49 51//51 179//179
f 49//49 179//179 180//180
f 180//180 179//179 181//181
f 180//180 181//181 182//182
f 182//182 181//181 183//183
f 182//182 183//183 184//184
f 184//184 183//183 185//185
f 184//184 185//185 48//48
f 48//48 185//185 186//186
f 48//48 186//186 46//46
f 187//187 61//61 63//63
f 187//187 63//63 188//188
f 188//188 63//63 189//189
f 188//188 189//189 190//190
f 190//190 189//189 191//191
f 190//190 191//191 192//192
f 192//192 191//191 193//193
f 192//192 193//193 194//194
f 194//194 193//193 54//54
f 194//194 54//54 56//56
f 59//59 61//61 195//195
f 59//59 195//195 196//196
f 196//196 195//195 197//197
f 196//196 197//197 198//198
f 198//198 197//197 199//199
f 198//198 199//199 200//200
f 200//200 199//199 201//201
f 200//200 201//201 58//58
f 58//58 201//201 202//202
f 58//58 202//202 56//56
f 64//64 66//66 203//203
f 64//64 203//203 204//204
f 204//204 203//203 205//205
f 204//204 205//205 206//206
f 206//206 205//205 207//207
f 206//206 207//207 208//208
f 208//208 207//207 209//209
f 208//208 209//209 73//73
f 73//73 209//209 210//210
f 73//73 210//210 71//71
f 69//69 71//71 211//211
f 69//69 211//211 212//212
f 212//212 211//211 213//213
f 212//212 213//213 214//214
f 214//214 213//213 215//215
f 214//214 215//215 216//216
f 216//216 215//215 217//217
f 216//216 217//217 68//68
f 68//68 217//217 218//218
f 68//68 218//218 66//66
f 219//219 220//220 221//221
f 221//221 220//220 222//222
f 223//223 81//81 84//84
f 224//224 225//225 226//226
f 227//227 228//228 85//85
f 229//229 230//230 231//231
f 231//231 230//230 223//223
f 231//231 223//223 232//232
f 84//84 83//83 223//223
f 223//223 83//83 86//86
f 223//223 86//86 232//232
f 232//232 86//86 85//85
f 232//232 85//85 233//233
f 233//233 85//85 228//228
f 77//77 234//234 78//78
f 78//78 234//234 235//235
f 78//78 235//235 76//76
f 76//76 235//235 236//236
f 76//76 236//236 75//75
f 75//75 236//236 237//237
f 75//75 237//237 74//74
f 79//79 238//238 80//80
f 80//80 238//238 239//239
f 80//80 239//239 77//77
f 77//77 239//239 240//240
f 77//77 240//240 234//234
f 241//241 242//242 243//243
f 243//243 242//242 244//244
f 243//243 244//244 245//245
f 245//245 244//244 246//246
f 245//245 246//246 229//229
f 229//229 246//246 247//247
f 229//229 247//247 230//230
f 237//237 224//224 74//74
f 74//74 224//224 226//226
f 74//74 226//226 85//85
f 85//85 226//226 248//248
f 85//85 248//248 227//227
f 223//223 249//249 81//81
f 81//81 249//249 250//250
f 81//81 250//250 82//82
f 82//82 250//250 251//251
f 82//82 251//251 79//79
f 79//79 251//251 252//252
f 79//79 252//252 238//238
f 253//253 254//254 255//255
f 255//255 254//254 256//256
f 40//40 39//39 164//164
f 35//35 34//34 161//161
f 257//257 37//37 258//258
f 258//258 37//37 91//91
f 258//258 91//91 259//259
f 259//259 91//91 90//90
f 259//259 90//90 260//260
f 260//260 90//90 92//92
f 260//260 92//92 261//261
f 262//262 42//42 263//263
f 263//263 42//42 88//88
f 263//263 88//88 264//264
f 264//264 88//88 87//87
f 264//264 87//87 265//265
f 265//265 87//87 89//89
f 265//265 89//89 266//266
f 43//43 42//42 157//157
f 157//157 42//42 262//262
f 157//157 262//262 159//159
f 159//159 262//262 267//267
f 159//159 267//267 161//161
f 161//161 267//267 261//261
f 161//161 261//261 35//35
f 35//35 261//261 92//92
f 38//38 37//37 168//168
f 168//168 37//37 257//257
f 168//168 257//257 166//166
f 166//166 257//257 268//268
f 166//166 268//268 164//164
f 164//164 268//268 266//266
f 164//164 266//266 40//40
f 40//40 266//266 89//89
f 70//70 69//69 212//212
f 65//65 64//64 204//204
f 269//269 67//67 270//270
f 270//270 67//67 97//97
f 270//270 97//97 271//271
f 271//271 97//97 96//96
f 271//271 96//96 272//272
f 272//272 96//96 98//98
f 272//272 98//98 273//273
f 274//274 72//72 275//275
f 275//275 72//72 94//94
f 275//275 94//94 276//276
f 276//276 94//94 93//93
f 276//276 93//93 277//277
f 277//277 93//93 95//95
f 277//277 95//95 278//278
f 73//73 72//72 208//208
f 208//208 72//72 274//274
f 208//208 274//274 206//206
f 206//206 274//274 279//279
f 206//206 279//279 204//204
f 204//204 279//279 273//273
f 204//204 273//273 65//65
f 65//65 273//273 98//98
f 68//68 67//67 216//216
f 216//216 67//67 269//269
f 216//216 269//269 214//214
f 214//214 269//269 280//280
f 214//214 280//280 212//212
f 212//212 280//280 278//278
f 212//212 278//278 70//70
f 70//70 278//278 95//95
f 60//60 59//59 196//196
f 55//55 54//54 193//193
f 281//281 57//57 282//282
f 282//282 57//57 103//103
f 282//282 103//103 283//283
f 283//283 103//103 102//102
f 283//283 102//102 284//284
f 284//284 102//102 104//104
f 284//284 104//104 285//285
f 286//286 62//62 287//287
f 287//287 62//62 100//100
f 287//287 100//100 288//288
f 288//288 100//100 99//99
f 288//288 99//99 289//289
f 289//289 99//99 101//101
f 289//289 101//101 290//290
f 63//63 62//62 189//189
f 189//189 62//62 286//286
f 189//189 286//286 191//191
f 191//191 286//286 291//291
f 191//191 291//291 193//193
f 193//193 291//291 285//285
f 193//193 285//285 55//55
f 55//55 285//285 104//104
f 58//58 57//57 200//200
f 200//200 57//57 281//281
f 200//200 281//281 198//198
f 198//198 281//281 292//292
f 198//198 292//292 196//196
f 196//196 292//292 290//290
f 196//196 290//290 60//60
f 60//60 290//290 101//101
f 30//30 29//29 148//148
f 25//25 24//24 145//145
f 293//293 27//27 294//294
f 294//294 27//27 109//109
f 294//294 109//109 295//295
f 295//295 109//109 108//108
f 295//295 108//108 296//296
f 296//296 108//108 110//110
f 296//296 110//110 297//297
f 298//298 32//32 299//299
f 299//299 32//32 106//106
f 299//299 106//106 300//300
f 300//300 106//106 105//105
f 300//300 105//105 301//301
f 301//301 105//105 107//107
f 301//301 107//107 302//302
f 33//33 32//32 141//141
f 141//141 32//32 298//298
f 141//141 298//298 143//143
f 143//143 298//298 303//303
f 143//143 303//303 145//145
f 145//145 303//303 297//297
f 145//145 297//297 25//25
f 25//25 297//297 110//110
f 28//28 27//27 152//152
f 152//152 27//27 293//293
f 152//152 293//293 150//150
f 150//150 293//293 304//304
f 150//150 304//304 148//148
f 148//148 304//304 302//302
f 148//148 302//302 30//30
f 30//30 302//302 107//107
f 20//20 19//19 132//132
f 15//15 14//14 129//129
f 305//305 17//17 306//306
f 306//306 17//17 115//115
f 306//306 115//115 307//307
f 307//307 115//115 114//114
f 307//307 114//114 308//308
f 308//308 114//114 116//116
f 308//308 116//116 309//309
f 310//310 22//22 311//311
f 311//311 22//22 113//113
f 311//311 113//113 312//312
f 312//312 113//113 112//112
f 312//312 112//112 313//313
f 313//313 112//112 111//111
f 313//313 111//111 314//314
f 23//23 22//22 125//125
f 125//125 22//22 310//310
f 125//125 310//310 127//127
f 127//127 310//310 315//315
f 127//127 315//315 129//129
f 129//129 315//315 309//309
f 129//129 309//309 15//15
f 15//15 309//309 116//116
f 18//18 17//17 136//136
f 136//136 17//17 305//305
f 136//136 305//305 134//134
f 134//134 305//305 316//316
f 134//134 316//316 132//132
f 132//132 316//316 314//314
f 132//132 314//314 20//20
f 20//20 314//314 111//111
f 50//50 49//49 180//180
f 45//45 44//44 172//172
f 317//317 47//47 318//318
f 318//318 47//47 122//122
f 318//318 122//122 319//319
f 319//319 122//122 121//121
f 319//319 121//121 320//320
f 320//320 121//121 120//120
f 320//320 120//120 321//321
f 322//322 52//52 323//323
f 323//323 52//52 118//118
f 323//323 118//118 324//324
f 324//324 118//118 117//117
f 324//324 117//117 325//325
f 325//325 117//117 119//119
f 325//325 119//119 326//326
f 53//53 52//52 176//176
f 176//176 52//52 322//322
f 176//176 322//322 174//174
f 174//174 322//322 327//327
f 174//174 327//327 172//172
f 172//172 327//327 321//321
f 172//172 321//321 45//45
f 45//45 321//321 120//120
f 48//48 47//47 184//184
f 184//184 47//47 317//317
f 184//184 317//317 182//182
f 182//182 317//317 328//328
f 182//182 328//328 180//180
f 180//180 328//328 326//326
f 180//180 326//326 50//50
f 50//50 326//326 119//119
f 254//254 253//253 329//329
f 329//329 253//253 330//330
f 329//329 330//330 331//331
f 331//331 330//330 332//332
f 331//331 332//332 333//333
f 333//333 332//332 334//334
f 333//333 334//334 335//335
f 335//335 334//334 336//336
f 335//335 336//336 337//337
f 337//337 336//336 338//338
f 337//337 338//338 339//339
f 339//339 338//338 340//340
f 341//341 342//342 343//343
f 341//341 343//343 344//344
f 344//344 343//343 345//345
f 344//344 345//345 346//346
f 346//346 345//345 347//347
f 346//346 347//347 348//348
f 348//348 347//347 349//349
f 348//348 349//349 350//350
f 349//349 351//351 350//350
f 350//350 351//351 352//352
f 350//350 352//352 353//353
f 353//353 352//352 354//354
f 353//353 354//354 355//355
f 355//355 354//354 356//356
f 355//355 356//356 357//357
f 357//357 356//356 358//358
f 357//357 358//358 359//359
f 358//358 360//360 359//359
f 359//359 360//360 361//361
f 359//359 361//361 362//362
f 362//362 361//361 363//363
f 362//362 363//363 364//364
f 364//364 363//363 365//365
f 364//364 365//365 366//366
f 366//366 365//365 367//367
f 366//366 367//367 368//368
f 367//367 369//369 368//368
f 368//368 369//369 370//370
f 368//368 370//370 371//371
f 371//371 370//370 372//372
f 371//371 372//372 373//373
f 373//373 372//372 374//374
f 373//373 374//374 375//375
f 375//375 374//374 376//376
f 375//375 376//376 377//377
f 376//376 378//378 377//377
f 377//377 378//378 379//379
f 377//377 379//379 380//380
f 380//380 379//379 381//381
f 380//380 381//381 382//382
f 382//382 381//381 383//383
f 382//382 383//383 384//384
f 384//384 383//383 385//385
f 384//384 385//385 386//386
f 386//386 385//385 387//387
f 386//386 387//387 388//388
f 388//388 387//387 389//389
f 388//388 389//389 390//390
f 390//390 389//389 391//391
f 390//390 391//391 392//392
f 392//392 391//391 393//393
f 392//392 393//393 394//394
f 394//394 393//393 395//395
f 394//394 395//395 396//396
f 395//395 397//397 396//396
f 396//396 397//397 398//398
f 396//396 398//398 399//399
f 399//399 398//398 400//400
f 399//399 400//400 401//401
f 401//401 400//400 402//402
f 401//401 402//402 403//403
f 403//403 402//402 404//404
f 403//403 404//404 405//405
f 404//404 406//406 405//405
f 405//405 406//406 407//407
f 405//405 407//407 408//408
f 408//408 407//407 409//409
f 408//408 409//409 410//410
f 410//410 409//409 411//411
f 410//410 411//411 412//412
f 412//412 411//411 413//413
f 412//412 413//413 414//414
f 413//413 415//415 414//414
f 414//414 415//415 416//416
f 414//414 416//416 417//417
f 417//417 416//416 418//418
f 417//417 418//418 419//419
f 419//419 418//418 420//420
f 419//419 420//420 421//421
f 421//421 420//420 422//422
f 421//421 422//422 423//423
f 422//422 424//424 423//423
f 423//423 424//424 425//425
f 423//423 425//425 426//426
f 426//426 425//425 427//427
f 426//426 427//427 428//428
f 428//428 427//427 429//429
f 428//428 429//429 430//430
f 430//430 429//429 431//431
f 430//430 431//431 432//432
f 341//341 433//433 342//342
f 342//342 433//433 434//434
f 342//342 434//434 435//435
f 435//435 434//434 432//432
f 435//435 432//432 436//436
f 436//436 432//432 431//431
f 437//437 438//438 439//439
f 439//439 438//438 440//440
f 439//439 440//440 441//441
f 441//441 440//440 442//442
f 441//441 442//442 443//443
f 443//443 442//442 444//444
f 443//443 444//444 340//340
f 340//340 444//444 445//445
f 446//446 447//447 448//448
f 448//448 447//447 438//438
f 448//448 438//438 449//449
f 449//449 438//438 437//437
f 449//449 437//437 450//450
f 450//450 437//437 451//451
f 450//450 451//451 452//452
f 453//453 454//454 455//455
f 456//456 457//457 458//458
f 437//437 439//439 459//459
f 441//441 443//443 460//460
f 332//332 330//330 461//461
f 461//461 330//330 253//253
f 461//461 253//253 462//462
f 332//332 461//461 334//334
f 334//334 461//461 463//463
f 334//334 463//463 336//336
f 336//336 463//463 460//460
f 336//336 460//460 338//338
f 338//338 460//460 443//443
f 338//338 443//443 340//340
f 464//464 452//452 451//451
f 451//451 465//465 464//464
f 464//464 465//465 466//466
f 464//464 466//466 467//467
f 467//467 466//466 458//458
f 467//467 458//458 468//468
f 468//468 458//458 457//457
f 468//468 457//457 469//469
f 451//451 437//437 465//465
f 465//465 437//437 459//459
f 465//465 459//459 466//466
f 466//466 459//459 470//470
f 466//466 470//470 458//458
f 458//458 470//470 455//455
f 458//458 455//455 456//456
f 456//456 455//455 454//454
f 439//439 441//441 459//459
f 459//459 441//441 460//460
f 459//459 460//460 470//470
f 470//470 460//460 463//463
f 470//470 463//463 455//455
f 455//455 463//463 461//461
f 455//455 461//461 453//453
f 453//453 461//461 462//462
f 471//471 472//472 473//473
f 473//473 472//472 474//474
f 475//475 476//476 456//456
f 456//456 476//476 477//477
f 456//456 477//477 457//457
f 457//457 477//477 469//469
f 253//253 255//255 462//462
f 462//462 255//255 478//478
f 462//462 478//478 453//453
f 453//453 478//478 479//479
f 453//453 479//479 454//454
f 454//454 479//479 480//480
f 454//454 480//480 456//456
f 456//456 480//480 474//474
f 456//456 474//474 475//475
f 475//475 474//474 472//472
f 481//481 482//482 483//483
f 484//484 485//485 486//486
f 474//474 480//480 487//487
f 479//479 478//478 488//488
f 489//489 490//490 491//491
f 491//491 490//490 492//492
f 491//491 492//492 493//493
f 489//489 491//491 494//494
f 494//494 491//491 495//495
f 494//494 495//495 496//496
f 496//496 495//495 488//488
f 496//496 488//488 497//497
f 497//497 488//488 478//478
f 497//497 478//478 255//255
f 498//498 471//471 473//473
f 473//473 499//499 498//498
f 498//498 499//499 500//500
f 498//498 500//500 501//501
f 501//501 500//500 486//486
f 501//501 486//486 502//502
f 502//502 486//486 485//485
f 502//502 485//485 503//503
f 473//473 474//474 499//499
f 499//499 474//474 487//487
f 499//499 487//487 500//500
f 500//500 487//487 504//504
f 500//500 504//504 486//486
f 486//486 504//504 483//483
f 486//486 483//483 484//484
f 484//484 483//483 482//482
f 480//480 479//479 487//487
f 487//487 479//479 488//488
f 487//487 488//488 504//504
f 504//504 488//488 495//495
f 504//504 495//495 483//483
f 483//483 495//495 491//491
f 483//483 491//491 481//481
f 481//481 491//491 493//493
f 126//126 505//505 124//124
f 124//124 505//505 506//506
f 124//124 506//506 123//123
f 123//123 506//506 507//507
f 123//123 507//507 21//21
f 21//21 507//507 508//508
f 21//21 508//508 131//131
f 131//131 508//508 509//509
f 131//131 509//509 133//133
f 133//133 509//509 510//510
f 133//133 510//510 135//135
f 135//135 510//510 511//511
f 135//135 511//511 137//137
f 137//137 511//511 512//512
f 137//137 512//512 138//138
f 138//138 512//512 513//513
f 138//138 513//513 16//16
f 16//16 513//513 514//514
f 16//16 514//514 130//130
f 130//130 514//514 515//515
f 130//130 515//515 128//128
f 128//128 515//515 516//516
f 128//128 516//516 126//126
f 126//126 516//516 505//505
f 142//142 517//517 140//140
f 140//140 517//517 518//518
f 140//140 518//518 139//139
f 139//139 518//518 519//519
f 139//139 519//519 31//31
f 31//31 519//519 520//520
f 31//31 520//520 147//147
f 147//147 520//520 521//521
f 147//147 521//521 149//149
f 149//149 521//521 522//522
f 149//149 522//522 151//151
f 151//151 522//522 523//523
f 151//151 523//523 153//153
f 153//153 523//523 524//524
f 153//153 524//524 154//154
f 154//154 524//524 525//525
f 154//154 525//525 26//26
f 26//26 525//525 526//526
f 26//26 526//526 146//146
f 146//146 526//526 527//527
f 146//146 527//527 144//144
f 144//144 527//527 528//528
f 144//144 528//528 142//142
f 142//142 528//528 517//517
f 158//158 529//529 156//156
f 156//156 529//529 530//530
f 156//156 530//530 155//155
f 155//155 530//530 531//531
f 155//155 531//531 41//41
f 41//41 531//531 532//532
f 41//41 532//532 163//163
f 163//163 532//532 533//533
f 163//163 533//533 165//165
f 165//165 533//533 534//534
f 165//165 534//534 167//167
f 167//167 534//534 535//535
f 167//167 535//535 169//169
f 169//169 535//535 536//536
f 169//169 536//536 170//170
f 170//170 536//536 537//537
f 170//170 537//537 36//36
f 36//36 537//537 538//538
f 36//36 538//538 162//162
f 162//162 538//538 539//539
f 162//162 539//539 160//160
f 160//160 539//539 540//540
f 160//160 540//540 158//158
f 158//158 540//540 529//529
f 175//175 541//541 177//177
f 177//177 541//541 542//542
f 177//177 542//542 178//178
f 178//178 542//542 543//543
f 178//178 543//543 51//51
f 51//51 543//543 544//544
f 51//51 544//544 179//179
f 179//179 544//544 545//545
f 179//179 545//545 181//181
f 181//181 545//545 546//546
f 181//181 546//546 183//183
f 183//183 546//546 547//547
f 183//183 547//547 185//185
f 185//185 547//547 548//548
f 185//185 548//548 186//186
f 186//186 548//548 549//549
f 186//186 549//549 46//46
f 46//46 549//549 550//550
f 46//46 550//550 171//171
f 171//171 550//550 551//551
f 171//171 551//551 173//173
f 173//173 551//551 552//552
f 173//173 552//552 175//175
f 175//175 552//552 541//541
f 190//190 553//553 188//188
f 188//188 553//553 554//554
f 188//188 554//554 187//187
f 187//187 554//554 555//555
f 187//187 555//555 61//61
f 61//61 555//555 556//556
f 61//61 556//556 195//195
f 195//195 556//556 557//557
f 195//195 557//557 197//197
f 197//197 557//557 558//558
f 197//197 558//558 199//199
f 199//199 558//558 559//559
f 199//199 559//559 201//201
f 201//201 559//559 560//560
f 201//201 560//560 202//202
f 202//202 560//560 561//561
f 202//202 561//561 56//56
f 56//56 561//561 562//562
f 56//56 562//562 194//194
f 194//194 562//562 563//563
f 194//194 563//563 192//192
f 192//192 563//563 564//564
f 192//192 564//564 190//190
f 190//190 564//564 553//553
f 207//207 565//565 209//209
f 209//209 565//565 566//566
f 209//209 566//566 210//210
f 210//210 566//566 567//567
f 210//210 567//567 71//71
f 71//71 567//567 568//568
f 71//71 568//568 211//211
f 211//211 568//568 569//569
f 211//211 569//569 213//213
f 213//213 569//569 570//570
f 213//213 570//570 215//215
f 215//215 570//570 571//571
f 215//215 571//571 217//217
f 217//217 571//571 572//572
f 217//217 572//572 218//218
f 218//218 572//572 573//573
f 218//218 573//573 66//66
f 66//66 573//573 574//574
f 66//66 574//574 203//203
f 203//203 574//574 575//575
f 203//203 575//575 205//205
f 205//205 575//575 576//576
f 205//205 576//576 207//207
f 207//207 576//576 565//565
f 222//222 577//577 221//221
f 221//221 577//577 578//578
f 577//577 222//222 579//579
f 579//579 222//222 220//220
f 579//579 220//220 580//580
f 219//219 581//581 220//220
f 220//220 581//581 580//580
f 221//221 578//578 219//219
f 219//219 578//578 582//582
f 219//219 582//582 581//581
f 225//225 583//583 226//226
f 226//226 583//583 584//584
f 224//224 585//585 225//225
f 225//225 585//585 583//583
f 237//237 586//586 224//224
f 224//224 586//586 585//585
f 236//236 587//587 237//237
f 237//237 587//587 586//586
f 587//587 236//236 235//235
f 587//587 235//235 588//588
f 588//588 235//235 234//234
f 588//588 234//234 589//589
f 589//589 234//234 240//240
f 589//589 240//240 590//590
f 590//590 240//240 239//239
f 590//590 239//239 591//591
f 591//591 239//239 238//238
f 591//591 238//238 592//592
f 592//592 238//238 252//252
f 592//592 252//252 593//593
f 593//593 252//252 251//251
f 593//593 251//251 594//594
f 594//594 251//251 250//250
f 594//594 250//250 595//595
f 595//595 250//250 249//249
f 595//595 249//249 596//596
f 596//596 249//249 223//223
f 596//596 223//223 597//597
f 597//597 223//223 230//230
f 597//597 230//230 598//598
f 598//598 230//230 247//247
f 598//598 247//247 599//599
f 599//599 247//247 246//246
f 599//599 246//246 600//600
f 600//600 246//246 244//244
f 600//600 244//244 601//601
f 242//242 602//602 244//244
f 244//244 602//602 601//601
f 241//241 603//603 242//242
f 242//242 603//603 602//602
f 243//243 604//604 241//241
f 241//241 604//604 603//603
f 604//604 243//243 245//245
f 604//604 245//245 605//605
f 605//605 245//245 229//229
f 605//605 229//229 606//606
f 606//606 229//229 231//231
f 606//606 231//231 607//607
f 607//607 231//231 232//232
f 607//607 232//232 608//608
f 608//608 232//232 233//233
f 608//608 233//233 609//609
f 609//609 233//233 228//228
f 609//609 228//228 610//610
f 610//610 228//228 227//227
f 610//610 227//227 611//611
f 611//611 227//227 248//248
f 611//611 248//248 612//612
f 226//226 584//584 248//248
f 248//248 584//584 612//612
f 613//613 492//492 614//614
f 614//614 492//492 490//490
f 614//614 490//490 615//615
f 615//615 490//490 489//489
f 615//615 489//489 616//616
f 616//616 489//489 494//494
f 616//616 494//494 617//617
f 617//617 494//494 496//496
f 617//617 496//496 618//618
f 618//618 496//496 497//497
f 618//618 497//497 256//256
f 256//256 497//497 255//255
f 619//619 620//620 621//621
f 621//621 620//620 622//622
f 503//503 485//485 623//623
f 623//623 485//485 484//484
f 623//623 484//484 624//624
f 620//620 624//624 622//622
f 622//622 624//624 484//484
f 622//622 484//484 625//625
f 625//625 484//484 482//482
f 625//625 482//482 626//626
f 626//626 482//482 481//481
f 626//626 481//481 627//627
f 627//627 481//481 493//493
f 627//627 493//493 628//628
f 628//628 493//493 492//492
f 339//339 629//629 630//630
f 630//630 629//629 631//631
f 630//630 631//631 632//632
f 632//632 631//631 633//633
f 632//632 633//633 634//634
f 634//634 633//633 635//635
f 634//634 635//635 636//636
f 636//636 635//635 637//637
f 638//638 639//639 640//640
f 640//640 639//639 636//636
f 640//640 636//636 641//641
f 641//641 636//636 637//637
f 641//641 637//637 642//642
f 642//642 637//637 643//643
f 642//642 643//643 644//644
f 645//645 646//646 647//647
f 648//648 649//649 650//650
f 632//632 634//634 651//651
f 636//636 639//639 652//652
f 653//653 654//654 655//655
f 653//653 655//655 656//656
f 656//656 655//655 657//657
f 656//656 657//657 658//658
f 658//658 657//657 652//652
f 658//658 652//652 659//659
f 659//659 652//652 639//639
f 659//659 639//639 638//638
f 339//339 630//630 337//337
f 337//337 630//630 660//660
f 337//337 660//660 335//335
f 335//335 660//660 333//333
f 333//333 660//660 661//661
f 333//333 661//661 331//331
f 331//331 661//661 650//650
f 331//331 650//650 329//329
f 329//329 650//650 649//649
f 329//329 649//649 254//254
f 630//630 632//632 660//660
f 660//660 632//632 651//651
f 660//660 651//651 661//661
f 661//661 651//651 662//662
f 661//661 662//662 650//650
f 650//650 662//662 647//647
f 650//650 647//647 648//648
f 648//648 647//647 646//646
f 634//634 636//636 651//651
f 651//651 636//636 652//652
f 651//651 652//652 662//662
f 662//662 652//652 657//657
f 662//662 657//657 647//647
f 647//647 657//657 655//655
f 647//647 655//655 645//645
f 645//645 655//655 654//654
f 256//256 254//254 663//663
f 663//663 254//254 649//649
f 663//663 649//649 664//664
f 664//664 649//649 648//648
f 664//664 648//648 665//665
f 665//665 648//648 646//646
f 665//665 646//646 666//666
f 666//666 646//646 645//645
f 666//666 645//645 667//667
f 667//667 645//645 654//654
f 667//667 654//654 668//668
f 668//668 654//654 653//653
f 669//669 670//670 671//671
f 672//672 673//673 674//674
f 664//664 665//665 675//675
f 666//666 667//667 676//676
f 677//677 678//678 679//679
f 677//677 679//679 680//680
f 680//680 679//679 681//681
f 680//680 681//681 682//682
f 682//682 681//681 676//676
f 682//682 676//676 683//683
f 683//683 676//676 667//667
f 683//683 667//667 668//668
f 256//256 663//663 618//618
f 618//618 663//663 684//684
f 618//618 684//684 617//617
f 617//617 684//684 616//616
f 616//616 684//684 685//685
f 616//616 685//685 615//615
f 615//615 685//685 674//674
f 615//615 674//674 614//614
f 614//614 674//674 673//673
f 614//614 673//673 613//613
f 663//663 664//664 684//684
f 684//684 664//664 675//675
f 684//684 675//675 685//685
f 685//685 675//675 686//686
f 685//685 686//686 674//674
f 674//674 686//686 671//671
f 674//674 671//671 672//672
f 672//672 671//671 670//670
f 665//665 666//666 675//675
f 675//675 666//666 676//676
f 675//675 676//676 686//686
f 686//686 676//676 681//681
f 686//686 681//681 671//671
f 671//671 681//681 679//679
f 671//671 679//679 669//669
f 669//669 679//679 678//678
f 687//687 688//688 689//689
f 678//678 677//677 690//690
f 687//687 689//689 691//691
f 692//692 613//613 693//693
f 693//693 613//613 673//673
f 693//693 673//673 694//694
f 694//694 673//673 672//672
f 694//694 672//672 695//695
f 695//695 672//672 670//670
f 695//695 670//670 696//696
f 696//696 670//670 669//669
f 696//696 669//669 689//689
f 689//689 669//669 678//678
f 689//689 678//678 691//691
f 691//691 678//678 690//690
f 266//266 697//697 265//265
f 265//265 697//697 698//698
f 265//265 698//698 264//264
f 264//264 698//698 699//699
f 264//264 699//699 263//263
f 263//263 699//699 700//700
f 263//263 700//700 262//262
f 262//262 700//700 701//701
f 262//262 701//701 267//267
f 267//267 701//701 702//702
f 267//267 702//702 261//261
f 261//261 702//702 703//703
f 261//261 703//703 260//260
f 260//260 703//703 704//704
f 260//260 704//704 259//259
f 259//259 704//704 705//705
f 259//259 705//705 258//258
f 258//258 705//705 706//706
f 258//258 706//706 257//257
f 257//257 706//706 707//707
f 257//257 707//707 268//268
f 268//268 707//707 708//708
f 268//268 708//708 266//266
f 266//266 708//708 697//697
f 278//278 709//709 277//277
f 277//277 709//709 710//710
f 277//277 710//710 276//276
f 276//276 710//710 711//711
f 276//276 711//711 275//275
f 275//275 711//711 712//712
f 275//275 712//712 274//274
f 274//274 712//712 713//713
f 274//274 713//713 279//279
f 279//279 713//713 714//714
f 279//279 714//714 273//273
f 273//273 714//714 715//715
f 273//273 715//715 272//272
f 272//272 715//715 716//716
f 272//272 716//716 271//271
f 271//271 716//716 717//717
f 271//271 717//717 270//270
f 270//270 717//717 718//718
f 270//270 718//718 269//269
f 269//269 718//718 719//719
f 269//269 719//719 280//280
f 280//280 719//719 720//720
f 280//280 720//720 278//278
f 278//278 720//720 709//709
f 290//290 721//721 289//289
f 289//289 721//721 722//722
f 289//289 722//722 288//288
f 288//288 722//722 723//723
f 288//288 723//723 287//287
f 287//287 723//723 724//724
f 287//287 724//724 286//286
f 286//286 724//724 725//725
f 286//286 725//725 291//291
f 291//291 725//725 726//726
f 291//291 726//726 285//285
f 285//285 726//726 727//727
f 285//285 727//727 284//284
f 284//284 727//727 728//728
f 284//284 728//728 283//283
f 283//283 728//728 729//729
f 283//283 729//729 282//282
f 282//282 729//729 730//730
f 282//282 730//730 281//281
f 281//281 730//730 731//731
f 281//281 731//731 292//292
f 292//292 731//731 732//732
f 292//292 732//732 290//290
f 290//290 732//732 721//721
f 733//733 734//734 735//735
f 735//735 734//734 736//736
f 735//735 736//736 737//737
f 737//737 736//736 738//738
f 737//737 738//738 739//739
f 739//739 738//738 740//740
f 739//739 740//740 741//741
f 741//741 740//740 742//742
f 741//741 742//742 743//743
f 743//743 742//742 744//744
f 743//743 744//744 745//745
f 745//745 744//744 746//746
f 745//745 746//746 747//747
f 747//747 746//746 748//748
f 747//747 748//748 749//749
f 749//749 748//748 750//750
f 749//749 750//750 751//751
f 751//751 750//750 752//752
f 751//751 752//752 753//753
f 753//753 752//752 754//754
f 753//753 754//754 755//755
f 755//755 754//754 756//756
f 755//755 756//756 757//757
f 757//757 756//756 758//758
f 757//757 758//758 759//759
f 759//759 758//758 760//760
f 759//759 760//760 761//761
f 761//761 760//760 762//762
f 761//761 762//762 763//763
f 763//763 762//762 764//764
f 763//763 764//764 765//765
f 765//765 764//764 766//766
f 765//765 766//766 767//767
f 767//767 766//766 768//768
f 767//767 768//768 769//769
f 769//769 768//768 770//770
f 769//769 770//770 771//771
f 771//771 770//770 772//772
f 771//771 772//772 773//773
f 773//773 772//772 774//774
f 773//773 774//774 775//775
f 775//775 774//774 776//776
f 775//775 776//776 777//777
f 777//777 776//776 778//778
f 777//777 778//778 779//779
f 779//779 778//778 780//780
f 779//779 780//780 781//781
f 781//781 780//780 782//782
f 781//781 782//782 783//783
f 783//783 782//782 784//784
f 783//783 784//784 785//785
f 785//785 784//784 786//786
f 785//785 786//786 787//787
f 787//787 786//786 788//788
f 787//787 788//788 789//789
f 789//789 788//788 790//790
f 789//789 790//790 791//791
f 791//791 790//790 792//792
f 791//791 792//792 793//793
f 793//793 792//792 794//794
f 793//793 794//794 795//795
f 795//795 794//794 796//796
f 795//795 796//796 733//733
f 733//733 796//796 734//734
f 345//345 797//797 798//798
f 799//799 351//351 800//800
f 800//800 351//351 349//349
f 800//800 349//349 798//798
f 798//798 349//349 347//347
f 798//798 347//347 345//345
f 801//801 354//354 799//799
f 799//799 354//354 352//352
f 799//799 352//352 351//351
f 802//802 360//360 803//803
f 803//803 360//360 358//358
f 803//803 358//358 801//801
f 801//801 358//358 356//356
f 801//801 356//356 354//354
f 804//804 363//363 802//802
f 802//802 363//363 361//361
f 802//802 361//361 360//360
f 372//372 370//370 805//805
f 805//805 370//370 369//369
f 805//805 369//369 806//806
f 806//806 369//369 367//367
f 806//806 367//367 804//804
f 804//804 367//367 365//365
f 804//804 365//365 363//363
f 372//372 805//805 374//374
f 374//374 805//805 807//807
f 374//374 807//807 376//376
f 376//376 807//807 808//808
f 376//376 808//808 378//378
f 378//378 808//808 809//809
f 378//378 809//809 379//379
f 810//810 389//389 811//811
f 811//811 389//389 387//387
f 811//811 387//387 812//812
f 812//812 387//387 385//385
f 812//812 385//385 813//813
f 813//813 385//385 383//383
f 813//813 383//383 809//809
f 809//809 383//383 381//381
f 809//809 381//381 379//379
f 814//814 393//393 810//810
f 810//810 393//393 391//391
f 810//810 391//391 389//389
f 815//815 398//398 816//816
f 816//816 398//398 397//397
f 816//816 397//397 814//814
f 814//814 397//397 395//395
f 814//814 395//395 393//393
f 817//817 402//402 815//815
f 815//815 402//402 400//400
f 815//815 400//400 398//398
f 818//818 407//407 819//819
f 819//819 407//407 406//406
f 819//819 406//406 817//817
f 817//817 406//406 404//404
f 817//817 404//404 402//402
f 820//820 411//411 818//818
f 818//818 411//411 409//409
f 818//818 409//409 407//407
f 420//420 418//418 821//821
f 821//821 418//418 416//416
f 821//821 416//416 822//822
f 822//822 416//416 415//415
f 822//822 415//415 820//820
f 820//820 415//415 413//413
f 820//820 413//413 411//411
f 420//420 821//821 422//422
f 422//422 821//821 823//823
f 422//422 823//823 424//424
f 424//424 823//823 824//824
f 424//424 824//824 425//425
f 425//425 824//824 825//825
f 425//425 825//825 427//427
f 345//345 343//343 797//797
f 797//797 343//343 342//342
f 797//797 342//342 826//826
f 826//826 342//342 435//435
f 826//826 435//435 827//827
f 827//827 435//435 436//436
f 827//827 436//436 828//828
f 828//828 436//436 431//431
f 828//828 431//431 825//825
f 825//825 431//431 429//429
f 825//825 429//429 427//427
f 826//826 829//829 797//797
f 797//797 829//829 830//830
f 797//797 830//830 798//798
f 798//798 830//830 831//831
f 798//798 831//831 800//800
f 800//800 831//831 832//832
f 800//800 832//832 799//799
f 799//799 832//832 833//833
f 799//799 833//833 801//801
f 801//801 833//833 834//834
f 801//801 834//834 803//803
f 803//803 834//834 835//835
f 803//803 835//835 802//802
f 802//802 835//835 836//836
f 802//802 836//836 804//804
f 804//804 836//836 837//837
f 804//804 837//837 806//806
f 806//806 837//837 838//838
f 806//806 838//838 805//805
f 805//805 838//838 839//839
f 805//805 839//839 807//807
f 807//807 839//839 840//840
f 807//807 840//840 808//808
f 808//808 840//840 841//841
f 808//808 841//841 809//809
f 809//809 841//841 842//842
f 809//809 842//842 813//813
f 813//813 842//842 843//843
f 813//813 843//843 812//812
f 812//812 843//843 844//844
f 812//812 844//844 811//811
f 811//811 844//844 845//845
f 811//811 845//845 810//810
f 810//810 845//845 846//846
f 810//810 846//846 814//814
f 814//814 846//846 847//847
f 814//814 847//847 816//816
f 816//816 847//847 848//848
f 816//816 848//848 815//815
f 815//815 848//848 849//849
f 815//815 849//849 817//817
f 817//817 849//849 850//850
f 817//817 850//850 819//819
f 819//819 850//850 851//851
f 819//819 851//851 818//818
f 818//818 851//851 852//852
f 818//818 852//852 820//820
f 820//820 852//852 853//853
f 820//820 853//853 822//822
f 822//822 853//853 854//854
f 822//822 854//854 821//821
f 821//821 854//854 855//855
f 821//821 855//855 823//823
f 823//823 855//855 856//856
f 823//823 856//856 824//824
f 824//824 856//856 857//857
f 824//824 857//857 825//825
f 825//825 857//857 858//858
f 825//825 858//858 828//828
f 828//828 858//858 859//859
f 828//828 859//859 827//827
f 827//827 859//859 860//860
f 827//827 860//860 826//826
f 826//826 860//860 829//829
f 829//829 765//765 830//830
f 830//830 765//765 767//767
f 830//830 767//767 831//831
f 831//831 767//767 769//769
f 831//831 769//769 832//832
f 832//832 769//769 771//771
f 832//832 771//771 833//833
f 833//833 771//771 773//773
f 833//833 773//773 834//834
f 834//834 773//773 775//775
f 834//834 775//775 835//835
f 835//835 775//775 777//777
f 835//835 777//777 836//836
f 836//836 777//777 779//779
f 836//836 779//779 837//837
f 837//837 779//779 781//781
f 837//837 781//781 838//838
f 838//838 781//781 783//783
f 838//838 783//783 839//839
f 839//839 783//783 785//785
f 839//839 785//785 840//840
f 840//840 785//785 787//787
f 840//840 787//787 841//841
f 841//841 787//787 789//789
f 841//841 789//789 842//842
f 842//842 789//789 791//791
f 842//842 791//791 843//843
f 843//843 791//791 793//793
f 843//843 793//793 844//844
f 844//844 793//793 795//795
f 844//844 795//795 845//845
f 845//845 795//795 733//733
f 845//845 733//733 846//846
f 846//846 733//733 735//735
f 846//846 735//735 847//847
f 847//847 735//735 737//737
f 847//847 737//737 848//848
f 848//848 737//737 739//739
f 848//848 739//739 849//849
f 849//849 739//739 741//741
f 849//849 741//741 850//850
f 850//850 741//741 743//743
f 850//850 743//743 851//851
f 851//851 743//743 745//745
f 851//851 745//745 852//852
f 852//852 745//745 747//747
f 852//852 747//747 853//853
f 853//853 747//747 749//749
f 853//853 749//749 854//854
f 854//854 749//749 751//751
f 854//854 751//751 855//855
f 855//855 751//751 753//753
f 855//855 753//753 856//856
f 856//856 753//753 755//755
f 856//856 755//755 857//857
f 857//857 755//755 757//757
f 857//857 757//757 858//858
f 858//858 757//757 759//759
f 858//858 759//759 859//859
f 859//859 759//759 761//761
f 859//859 761//761 860//860
f 860//860 761//761 763//763
f 860//860 763//763 829//829
f 829//829 763//763 765//765
f 302//302 861//861 301//301
f 301//301 861//861 862//862
f 301//301 862//862 300//300
f 300//300 862//862 863//863
f 300//300 863//863 299//299
f 299//299 863//863 864//864
f 299//299 864//864 298//298
f 298//298 864//864 865//865
f 298//298 865//865 303//303
f 303//303 865//865 866//866
f 303//303 866//866 297//297
f 297//297 866//866 867//867
f 297//297 867//867 296//296
f 296//296 867//867 868//868
f 296//296 868//868 295//295
f 295//295 868//868 869//869
f 295//295 869//869 294//294
f 294//294 869//869 870//870
f 294//294 870//870 293//293
f 293//293 870//870 871//871
f 293//293 871//871 304//304
f 304//304 871//871 872//872
f 304//304 872//872 302//302
f 302//302 872//872 861//861
f 314//314 873//873 313//313
f 313//313 873//873 874//874
f 313//313 874//874 312//312
f 312//312 874//874 875//875
f 312//312 875//875 311//311
f 311//311 875//875 876//876
f 311//311 876//876 310//310
f 310//310 876//876 877//877
f 310//310 877//877 315//315
f 315//315 877//877 878//878
f 315//315 878//878 309//309
f 309//309 878//878 879//879
f 309//309 879//879 308//308
f 308//308 879//879 880//880
f 308//308 880//880 307//307
f 307//307 880//880 881//881
f 307//307 881//881 306//306
f 306//306 881//881 882//882
f 306//306 882//882 305//305
f 305//305 882//882 883//883
f 305//305 883//883 316//316
f 316//316 883//883 884//884
f 316//316 884//884 314//314
f 314//314 884//884 873//873
f 326//326 885//885 325//325
f 325//325 885//885 886//886
f 325//325 886//886 324//324
f 324//324 886//886 887//887
f 324//324 887//887 323//323
f 323//323 887//887 888//888
f 323//323 888//888 322//322
f 322//322 888//888 889//889
f 322//322 889//889 327//327
f 327//327 889//889 890//890
f 327//327 890//890 321//321
f 321//321 890//890 891//891
f 321//321 891//891 320//320
f 320//320 891//891 892//892
f 320//320 892//892 319//319
f 319//319 892//892 893//893
f 319//319 893//893 318//318
f 318//318 893//893 894//894
f 318//318 894//894 317//317
f 317//317 894//894 895//895
f 317//317 895//895 328//328
f 328//328 895//895 896//896
f 328//328 896//896 326//326
f 326//326 896//896 885//885
f 445//445 897//897 898//898
f 898//898 897//897 899//899
f 898//898 899//899 900//900
f 900//900 899//899 901//901
f 901//901 899//899 902//902
f 901//901 902//902 903//903
f 903//903 902//902 904//904
f 904//904 902//902 905//905
f 904//904 905//905 906//906
f 906//906 905//905 907//907
f 906//906 907//907 908//908
f 909//909 910//910 911//911
f 911//911 912//912 909//909
f 909//909 912//912 913//913
f 909//909 913//913 914//914
f 914//914 913//913 915//915
f 914//914 915//915 916//916
f 916//916 915//915 917//917
f 916//916 917//917 918//918
f 446//446 918//918 447//447
f 447//447 918//918 917//917
f 447//447 917//917 438//438
f 438//438 917//917 440//440
f 444//444 442//442 919//919
f 445//445 444//444 897//897
f 897//897 444//444 919//919
f 897//897 919//919 899//899
f 899//899 919//919 920//920
f 899//899 920//920 902//902
f 902//902 920//920 921//921
f 902//902 921//921 905//905
f 905//905 921//921 922//922
f 905//905 922//922 907//907
f 907//907 922//922 923//923
f 442//442 440//440 919//919
f 919//919 440//440 917//917
f 919//919 917//917 920//920
f 920//920 917//917 915//915
f 920//920 915//915 921//921
f 921//921 915//915 913//913
f 921//921 913//913 922//922
f 922//922 913//913 912//912
f 922//922 912//912 923//923
f 923//923 912//912 911//911
f 445//445 629//629 340//340
f 340//340 629//629 339//339
f 637//637 635//635 924//924
f 633//633 631//631 925//925
f 926//926 927//927 928//928
f 928//928 927//927 929//929
f 929//929 927//927 930//930
f 930//930 927//927 931//931
f 930//930 931//931 932//932
f 932//932 931//931 933//933
f 933//933 931//931 934//934
f 933//933 934//934 935//935
f 935//935 934//934 936//936
f 935//935 936//936 937//937
f 937//937 936//936 938//938
f 937//937 938//938 939//939
f 939//939 938//938 940//940
f 940//940 938//938 941//941
f 940//940 941//941 942//942
f 942//942 941//941 943//943
f 943//943 941//941 925//925
f 943//943 925//925 944//944
f 944//944 925//925 631//631
f 944//944 631//631 629//629
f 945//945 644//644 643//643
f 643//643 946//946 945//945
f 945//945 946//946 947//947
f 945//945 947//947 948//948
f 948//948 947//947 949//949
f 948//948 949//949 950//950
f 950//950 949//949 951//951
f 950//950 951//951 952//952
f 952//952 951//951 953//953
f 952//952 953//953 954//954
f 954//954 953//953 955//955
f 954//954 955//955 956//956
f 956//956 955//955 957//957
f 956//956 957//957 958//958
f 958//958 957//957 959//959
f 958//958 959//959 960//960
f 643//643 637//637 946//946
f 946//946 637//637 924//924
f 946//946 924//924 947//947
f 947//947 924//924 961//961
f 947//947 961//961 949//949
f 949//949 961//961 962//962
f 949//949 962//962 951//951
f 951//951 962//962 963//963
f 951//951 963//963 953//953
f 953//953 963//963 964//964
f 953//953 964//964 955//955
f 955//955 964//964 965//965
f 955//955 965//965 957//957
f 957//957 965//965 966//966
f 957//957 966//966 959//959
f 959//959 966//966 967//967
f 635//635 633//633 924//924
f 924//924 633//633 925//925
f 924//924 925//925 961//961
f 961//961 925//925 941//941
f 961//961 941//941 962//962
f 962//962 941//941 938//938
f 962//962 938//938 963//963
f 963//963 938//938 936//936
f 963//963 936//936 964//964
f 964//964 936//936 934//934
f 964//964 934//934 965//965
f 965//965 934//934 931//931
f 965//965 931//931 966//966
f 966//966 931//931 927//927
f 966//966 927//927 967//967
f 967//967 927//927 926//926
f 968//968 386//386 969//969
f 969//969 386//386 388//388
f 969//969 388//388 970//970
f 971//971 375//375 972//972
f 972//972 375//375 377//377
f 972//972 377//377 973//973
f 973//973 377//377 380//380
f 973//973 380//380 974//974
f 974//974 380//380 382//382
f 974//974 382//382 968//968
f 968//968 382//382 384//384
f 968//968 384//384 386//386
f 975//975 368//368 976//976
f 976//976 368//368 371//371
f 976//976 371//371 971//971
f 971//971 371//371 373//373
f 971//971 373//373 375//375
f 977//977 359//359 978//978
f 978//978 359//359 362//362
f 978//978 362//362 979//979
f 979//979 362//362 364//364
f 979//979 364//364 975//975
f 975//975 364//364 366//366
f 975//975 366//366 368//368
f 980//980 350//350 981//981
f 981//981 350//350 353//353
f 981//981 353//353 982//982
f 982//982 353//353 355//355
f 982//982 355//355 977//977
f 977//977 355//355 357//357
f 977//977 357//357 359//359
f 983//983 341//341 984//984
f 984//984 341//341 344//344
f 984//984 344//344 985//985
f 985//985 344//344 346//346
f 985//985 346//346 980//980
f 980//980 346//346 348//348
f 980//980 348//348 350//350
f 986//986 428//428 987//987
f 987//987 428//428 430//430
f 987//987 430//430 988//988
f 988//988 430//430 432//432
f 988//988 432//432 989//989
f 989//989 432//432 434//434
f 989//989 434//434 983//983
f 983//983 434//434 433//433
f 983//983 433//433 341//341
f 990//990 419//419 991//991
f 991//991 419//419 421//421
f 991//991 421//421 992//992
f 992//992 421//421 423//423
f 992//992 423//423 986//986
f 986//986 423//423 426//426
f 986//986 426//426 428//428
f 993//993 410//410 994//994
f 994//994 410//410 412//412
f 994//994 412//412 995//995
f 995//995 412//412 414//414
f 995//995 414//414 990//990
f 990//990 414//414 417//417
f 990//990 417//417 419//419
f 996//996 401//401 997//997
f 997//997 401//401 403//403
f 997//997 403//403 998//998
f 998//998 403//403 405//405
f 998//998 405//405 993//993
f 993//993 405//405 408//408
f 993//993 408//408 410//410
f 388//388 390//390 970//970
f 970//970 390//390 392//392
f 970//970 392//392 999//999
f 999//999 392//392 394//394
f 999//999 394//394 1000//1000
f 1000//1000 394//394 396//396
f 1000//1000 396//396 996//996
f 996//996 396//396 399//399
f 996//996 399//399 401//401
f 969//969 1001//1001 968//968
f 968//968 1001//1001 1002//1002
f 968//968 1002//1002 974//974
f 974//974 1002//1002 1003//1003
f 974//974 1003//1003 973//973
f 973//973 1003//1003 1004//1004
f 973//973 1004//1004 972//972
f 972//972 1004//1004 1005//1005
f 972//972 1005//1005 971//971
f 971//971 1005//1005 1006//1006
f 971//971 1006//1006 976//976
f 976//976 1006//1006 1007//1007
f 976//976 1007//1007 975//975
f 975//975 1007//1007 1008//1008
f 975//975 1008//1008 979//979
f 979//979 1008//1008 1009//1009
f 979//979 1009//1009 978//978
f 978//978 1009//1009 1010//1010
f 978//978 1010//1010 977//977
f 977//977 1010//1010 1011//1011
f 977//977 1011//1011 982//982
f 982//982 1011//1011 1012//1012
f 982//982 1012//1012 981//981
f 981//981 1012//1012 1013//1013
f 981//981 1013//1013 980//980
f 980//980 1013//1013 1014//1014
f 980//980 1014//1014 985//985
f 985//985 1014//1014 1015//1015
f 985//985 1015//1015 984//984
f 984//984 1015//1015 1016//1016
f 984//984 1016//1016 983//983
f 983//983 1016//1016 1017//1017
f 983//983 1017//1017 989//989
f 989//989 1017//1017 1018//1018
f 989//989 1018//1018 988//988
f 988//988 1018//1018 1019//1019
f 988//988 1019//1019 987//987
f 987//987 1019//1019 1020//1020
f 987//987 1020//1020 986//986
f 986//986 1020//1020 1021//1021
f 986//986 1021//1021 992//992
f 992//992 1021//1021 1022//1022
f 992//992 1022//1022 991//991
f 991//991 1022//1022 1023//1023
f 991//991 1023//1023 990//990
f 990//990 1023//1023 1024//1024
f 990//990 1024//1024 995//995
f 995//995 1024//1024 1025//1025
f 995//995 1025//1025 994//994
f 994//994 1025//1025 1026//1026
f 994//994 1026//1026 993//993
f 993//993 1026//1026 1027//1027
f 993//993 1027//1027 998//998
f 998//998 1027//1027 1028//1028
f 998//998 1028//1028 997//997
f 997//997 1028//1028 1029//1029
f 997//997 1029//1029 996//996
f 996//996 1029//1029 1030//1030
f 996//996 1030//1030 1000//1000
f 1000//1000 1030//1030 1031//1031
f 1000//1000 1031//1031 999//999
f 999//999 1031//1031 1032//1032
f 999//999 1032//1032 970//970
f 970//970 1032//1032 1033//1033
f 970//970 1033//1033 969//969
f 969//969 1033//1033 1001//1001
f 1034//1034 1035//1035 1027//1027
f 1027//1027 1035//1035 1036//1036
f 1027//1027 1036//1036 1028//1028
f 1028//1028 1036//1036 1037//1037
f 1028//1028 1037//1037 1029//1029
f 1029//1029 1037//1037 1038//1038
f 1029//1029 1038//1038 1030//1030
f 1030//1030 1038//1038 1039//1039
f 1030//1030 1039//1039 1031//1031
f 1031//1031 1039//1039 1040//1040
f 1031//1031 1040//1040 1032//1032
f 1032//1032 1040//1040 1041//1041
f 1032//1032 1041//1041 1033//1033
f 1033//1033 1041//1041 1042//1042
f 1033//1033 1042//1042 1001//1001
f 1001//1001 1042//1042 1043//1043
f 1001//1001 1043//1043 1002//1002
f 1002//1002 1043//1043 1044//1044
f 1002//1002 1044//1044 1003//1003
f 1003//1003 1044//1044 1045//1045
f 1003//1003 1045//1045 1004//1004
f 1004//1004 1045//1045 1046//1046
f 1004//1004 1046//1046 1005//1005
f 1005//1005 1046//1046 1047//1047
f 1005//1005 1047//1047 1006//1006
f 1006//1006 1047//1047 1048//1048
f 1006//1006 1048//1048 1007//1007
f 1007//1007 1048//1048 1049//1049
f 1007//1007 1049//1049 1008//1008
f 1008//1008 1049//1049 1050//1050
f 1008//1008 1050//1050 1009//1009
f 1009//1009 1050//1050 1051//1051
f 1009//1009 1051//1051 1010//1010
f 1010//1010 1051//1051 1052//1052
f 1010//1010 1052//1052 1011//1011
f 1011//1011 1052//1052 1053//1053
f 1011//1011 1053//1053 1012//1012
f 1012//1012 1053//1053 1054//1054
f 1012//1012 1054//1054 1013//1013
f 1013//1013 1054//1054 1055//1055
f 1013//1013 1055//1055 1014//1014
f 1014//1014 1055//1055 1056//1056
f 1014//1014 1056//1056 1015//1015
f 1015//1015 1056//1056 1057//1057
f 1015//1015 1057//1057 1016//1016
f 1016//1016 1057//1057 1058//1058
f 1016//1016 1058//1058 1017//1017
f 1017//1017 1058//1058 1059//1059
f 1017//1017 1059//1059 1018//1018
f 1018//1018 1059//1059 1060//1060
f 1018//1018 1060//1060 1019//1019
f 1019//1019 1060//1060 1061//1061
f 1019//1019 1061//1061 1020//1020
f 1020//1020 1061//1061 1062//1062
f 1020//1020 1062//1062 1021//1021
f 1021//1021 1062//1062 1063//1063
f 1021//1021 1063//1063 1022//1022
f 1022//1022 1063//1063 1064//1064
f 1022//1022 1064//1064 1023//1023
f 1023//1023 1064//1064 1065//1065
f 1023//1023 1065//1065 1024//1024
f 1024//1024 1065//1065 1066//1066
f 1024//1024 1066//1066 1025//1025
f 1025//1025 1066//1066 1067//1067
f 1025//1025 1067//1067 1026//1026
f 1026//1026 1067//1067 1034//1034
f 1026//1026 1034//1034 1027//1027
f 612//612 584//584 583//583
f 581//581 582//582 1068//1068
f 467//467 468//468 464//464
f 464//464 468//468 1069//1069
f 464//464 1069//1069 452//452
f 452//452 1069//1069 450//450
f 545//545 544//544 450//450
f 450//450 544//544 449//449
f 448//448 449//449 520//520
f 520//520 449//449 521//521
f 556//556 446//446 557//557
f 557//557 446//446 448//448
f 916//916 918//918 1070//1070
f 1070//1070 918//918 446//446
f 1070//1070 446//446 1071//1071
f 916//916 1070//1070 914//914
f 914//914 1070//1070 1072//1072
f 914//914 1072//1072 909//909
f 909//909 1072//1072 1073//1073
f 909//909 1073//1073 910//910
f 1068//1068 582//582 1074//1074
f 1074//1074 582//582 578//578
f 1074//1074 578//578 577//577
f 446//446 1074//1074 1071//1071
f 1071//1071 1074//1074 577//577
f 1071//1071 577//577 1075//1075
f 1075//1075 577//577 579//579
f 1075//1075 579//579 1076//1076
f 1076//1076 579//579 580//580
f 580//580 581//581 1077//1077
f 585//585 586//586 1078//1078
f 585//585 1079//1079 1080//1080
f 580//580 1077//1077 1076//1076
f 1076//1076 1077//1077 602//602
f 1076//1076 602//602 1081//1081
f 1081//1081 602//602 603//603
f 1081//1081 603//603 583//583
f 1080//1080 1082//1082 585//585
f 585//585 1082//1082 1083//1083
f 585//585 1083//1083 583//583
f 583//583 1083//1083 1084//1084
f 583//583 1084//1084 1081//1081
f 603//603 604//604 583//583
f 583//583 604//604 605//605
f 583//583 605//605 606//606
f 597//597 598//598 596//596
f 596//596 598//598 599//599
f 596//596 599//599 600//600
f 588//588 589//589 1077//1077
f 1077//1077 589//589 590//590
f 1077//1077 590//590 591//591
f 600//600 601//601 596//596
f 596//596 601//601 602//602
f 596//596 602//602 595//595
f 591//591 592//592 1077//1077
f 1077//1077 592//592 593//593
f 1077//1077 593//593 602//602
f 602//602 593//593 594//594
f 602//602 594//594 595//595
f 606//606 607//607 583//583
f 583//583 607//607 608//608
f 583//583 608//608 609//609
f 609//609 610//610 583//583
f 583//583 610//610 611//611
f 583//583 611//611 612//612
f 1078//1078 586//586 1077//1077
f 1077//1077 586//586 587//587
f 1077//1077 587//587 588//588
f 1078//1078 619//619 1085//1085
f 585//585 1078//1078 1079//1079
f 1079//1079 1078//1078 1086//1086
f 1079//1079 1086//1086 1087//1087
f 1085//1085 1088//1088 1078//1078
f 1078//1078 1088//1088 1089//1089
f 1078//1078 1089//1089 1086//1086
f 515//515 514//514 619//619
f 619//619 514//514 620//620
f 514//514 513//513 620//620
f 620//620 513//513 512//512
f 620//620 512//512 1090//1090
f 1090//1090 512//512 511//511
f 1090//1090 511//511 1091//1091
f 508//508 1077//1077 509//509
f 509//509 1077//1077 1091//1091
f 509//509 1091//1091 510//510
f 510//510 1091//1091 511//511
f 508//508 507//507 1077//1077
f 1077//1077 507//507 506//506
f 1077//1077 506//506 1078//1078
f 1078//1078 506//506 505//505
f 1078//1078 505//505 619//619
f 619//619 505//505 516//516
f 619//619 516//516 515//515
f 520//520 519//519 448//448
f 448//448 519//519 518//518
f 448//448 518//518 1092//1092
f 1092//1092 518//518 517//517
f 1092//1092 517//517 1093//1093
f 1093//1093 517//517 528//528
f 528//528 527//527 1093//1093
f 1093//1093 527//527 526//526
f 1093//1093 526//526 1094//1094
f 526//526 525//525 1094//1094
f 1094//1094 525//525 524//524
f 1094//1094 524//524 1095//1095
f 1095//1095 524//524 523//523
f 1095//1095 523//523 449//449
f 449//449 523//523 522//522
f 449//449 522//522 521//521
f 533//533 532//532 1096//1096
f 1096//1096 532//532 1097//1097
f 532//532 531//531 1097//1097
f 1097//1097 531//531 530//530
f 1097//1097 530//530 1098//1098
f 1098//1098 530//530 529//529
f 1098//1098 529//529 624//624
f 624//624 529//529 540//540
f 623//623 536//536 1099//1099
f 1099//1099 536//536 535//535
f 1099//1099 535//535 1096//1096
f 1096//1096 535//535 534//534
f 1096//1096 534//534 533//533
f 540//540 539//539 624//624
f 624//624 539//539 538//538
f 624//624 538//538 623//623
f 623//623 538//538 537//537
f 623//623 537//537 536//536
f 544//544 543//543 449//449
f 449//449 543//543 542//542
f 449//449 542//542 1095//1095
f 1095//1095 542//542 541//541
f 1095//1095 541//541 1094//1094
f 1094//1094 541//541 552//552
f 1100//1100 548//548 1069//1069
f 1069//1069 548//548 547//547
f 1069//1069 547//547 450//450
f 450//450 547//547 546//546
f 450//450 546//546 545//545
f 552//552 551//551 1094//1094
f 1094//1094 551//551 550//550
f 1094//1094 550//550 1100//1100
f 1100//1100 550//550 549//549
f 1100//1100 549//549 548//548
f 556//556 555//555 446//446
f 446//446 555//555 554//554
f 446//446 554//554 1074//1074
f 1074//1074 554//554 553//553
f 1074//1074 553//553 1068//1068
f 1068//1068 553//553 564//564
f 1093//1093 560//560 1092//1092
f 1092//1092 560//560 559//559
f 1092//1092 559//559 448//448
f 448//448 559//559 558//558
f 448//448 558//558 557//557
f 564//564 563//563 1068//1068
f 1068//1068 563//563 562//562
f 1068//1068 562//562 1093//1093
f 1093//1093 562//562 561//561
f 1093//1093 561//561 560//560
f 568//568 1091//1091 569//569
f 569//569 1091//1091 1097//1097
f 568//568 567//567 1091//1091
f 1091//1091 567//567 566//566
f 1091//1091 566//566 1090//1090
f 1090//1090 566//566 565//565
f 1090//1090 565//565 620//620
f 620//620 565//565 576//576
f 576//576 575//575 620//620
f 620//620 575//575 574//574
f 620//620 574//574 624//624
f 574//574 573//573 624//624
f 624//624 573//573 572//572
f 624//624 572//572 1098//1098
f 1098//1098 572//572 571//571
f 1098//1098 571//571 1097//1097
f 1097//1097 571//571 570//570
f 1097//1097 570//570 569//569
f 581//581 1068//1068 1077//1077
f 1077//1077 1068//1068 1093//1093
f 1077//1077 1093//1093 1091//1091
f 1091//1091 1093//1093 1094//1094
f 1091//1091 1094//1094 1097//1097
f 1097//1097 1094//1094 1100//1100
f 1097//1097 1100//1100 1096//1096
f 468//468 469//469 1069//1069
f 1069//1069 469//469 477//477
f 1069//1069 477//477 1100//1100
f 1100//1100 477//477 476//476
f 1100//1100 476//476 1096//1096
f 1096//1096 476//476 475//475
f 1096//1096 475//475 1099//1099
f 1099//1099 475//475 472//472
f 1099//1099 472//472 623//623
f 623//623 472//472 471//471
f 623//623 471//471 503//503
f 503//503 471//471 498//498
f 503//503 498//498 502//502
f 502//502 498//498 501//501
f 1101//1101 1102//1102 1103//1103
f 1104//1104 1105//1105 1106//1106
f 1106//1106 1105//1105 1107//1107
f 1106//1106 1107//1107 1108//1108
f 910//910 1108//1108 1109//1109
f 1109//1109 1108//1108 1107//1107
f 1109//1109 1107//1107 1110//1110
f 1110//1110 1107//1107 1111//1111
f 923//923 1112//1112 907//907
f 907//907 1112//1112 1113//1113
f 907//907 1113//1113 908//908
f 1114//1114 1115//1115 1116//1116
f 1116//1116 1115//1115 1117//1117
f 1116//1116 1117//1117 1118//1118
f 1117//1117 1113//1113 1118//1118
f 1118//1118 1113//1113 1112//1112
f 1118//1118 1112//1112 1119//1119
f 1119//1119 1112//1112 923//923
f 1119//1119 923//923 911//911
f 1101//1101 1103//1103 1120//1120
f 1120//1120 1103//1103 1121//1121
f 1120//1120 1121//1121 1122//1122
f 1122//1122 1121//1121 1123//1123
f 1122//1122 1123//1123 1124//1124
f 1125//1125 1126//1126 1127//1127
f 1127//1127 1126//1126 1128//1128
f 1104//1104 1102//1102 1105//1105
f 1105//1105 1102//1102 1101//1101
f 1105//1105 1101//1101 1107//1107
f 1107//1107 1101//1101 1120//1120
f 1107//1107 1120//1120 1111//1111
f 1111//1111 1120//1120 1122//1122
f 1111//1111 1122//1122 1126//1126
f 1126//1126 1122//1122 1124//1124
f 1126//1126 1124//1124 1128//1128
f 1125//1125 1114//1114 1126//1126
f 1126//1126 1114//1114 1116//1116
f 1126//1126 1116//1116 1111//1111
f 1111//1111 1116//1116 1118//1118
f 1111//1111 1118//1118 1110//1110
f 1110//1110 1118//1118 1119//1119
f 1110//1110 1119//1119 1109//1109
f 1109//1109 1119//1119 911//911
f 1109//1109 911//911 910//910
f 694//694 695//695 1129//1129
f 696//696 689//689 1130//1130
f 1131//1131 1132//1132 1133//1133
f 1131//1131 1133//1133 1134//1134
f 1134//1134 1133//1133 1135//1135
f 1134//1134 1135//1135 1136//1136
f 1136//1136 1135//1135 1137//1137
f 1136//1136 1137//1137 1138//1138
f 1138//1138 1137//1137 1139//1139
f 1138//1138 1139//1139 1140//1140
f 1140//1140 1139//1139 1141//1141
f 1140//1140 1141//1141 1142//1142
f 1142//1142 1141//1141 1130//1130
f 1142//1142 1130//1130 1143//1143
f 1143//1143 1130//1130 689//689
f 1143//1143 689//689 688//688
f 692//692 693//693 1144//1144
f 1144//1144 693//693 1145//1145
f 1144//1144 1145//1145 1146//1146
f 1146//1146 1145//1145 1147//1147
f 1146//1146 1147//1147 1148//1148
f 1148//1148 1147//1147 1149//1149
f 1149//1149 1147//1147 1150//1150
f 1149//1149 1150//1150 1151//1151
f 1151//1151 1150//1150 1152//1152
f 1151//1151 1152//1152 1153//1153
f 1153//1153 1152//1152 1154//1154
f 1153//1153 1154//1154 1155//1155
f 1155//1155 1154//1154 1156//1156
f 1156//1156 1154//1154 1157//1157
f 1156//1156 1157//1157 1158//1158
f 1158//1158 1157//1157 1159//1159
f 1158//1158 1159//1159 1160//1160
f 693//693 694//694 1145//1145
f 1145//1145 694//694 1129//1129
f 1145//1145 1129//1129 1147//1147
f 1147//1147 1129//1129 1161//1161
f 1147//1147 1161//1161 1150//1150
f 1150//1150 1161//1161 1162//1162
f 1150//1150 1162//1162 1152//1152
f 1152//1152 1162//1162 1163//1163
f 1152//1152 1163//1163 1154//1154
f 1154//1154 1163//1163 1164//1164
f 1154//1154 1164//1164 1157//1157
f 1157//1157 1164//1164 1165//1165
f 1157//1157 1165//1165 1159//1159
f 1159//1159 1165//1165 1166//1166
f 695//695 696//696 1129//1129
f 1129//1129 696//696 1130//1130
f 1129//1129 1130//1130 1161//1161
f 1161//1161 1130//1130 1141//1141
f 1161//1161 1141//1141 1162//1162
f 1162//1162 1141//1141 1139//1139
f 1162//1162 1139//1139 1163//1163
f 1163//1163 1139//1139 1137//1137
f 1163//1163 1137//1137 1164//1164
f 1164//1164 1137//1137 1135//1135
f 1164//1164 1135//1135 1165//1165
f 1165//1165 1135//1135 1133//1133
f 1165//1165 1133//1133 1166//1166
f 1166//1166 1133//1133 1132//1132
f 1167//1167 1168//1168 1169//1169
f 1170//1170 1167//1167 1171//1171
f 1172//1172 1173//1173 1174//1174
f 1170//1170 1171//1171 1175//1175
f 1175//1175 1171//1171 1176//1176
f 1175//1175 1176//1176 1177//1177
f 1177//1177 1176//1176 1178//1178
f 1177//1177 1178//1178 1179//1179
f 1179//1179 1178//1178 1180//1180
f 1180//1180 1178//1178 1181//1181
f 1180//1180 1181//1181 1182//1182
f 1183//1183 1184//1184 1185//1185
f 1185//1185 1184//1184 1186//1186
f 1167//1167 1169//1169 1171//1171
f 1171//1171 1169//1169 1187//1187
f 1171//1171 1187//1187 1176//1176
f 1176//1176 1187//1187 1184//1184
f 1176//1176 1184//1184 1178//1178
f 1178//1178 1184//1184 1183//1183
f 1178//1178 1183//1183 1181//1181
f 1188//1188 1189//1189 1190//1190
f 1191//1191 1189//1189 1188//1188
f 1190//1190 1192//1192 1188//1188
f 1188//1188 1192//1192 1193//1193
f 1188//1188 1193//1193 1172//1172
f 1182//1182 1087//1087 1180//1180
f 1180//1180 1087//1087 1194//1194
f 1180//1180 1194//1194 1179//1179
f 1179//1179 1194//1194 1195//1195
f 1179//1179 1195//1195 1177//1177
f 1177//1177 1195//1195 1196//1196
f 1177//1177 1196//1196 1175//1175
f 1175//1175 1196//1196 1197//1197
f 1175//1175 1197//1197 1170//1170
f 1192//1192 1198//1198 1193//1193
f 1193//1193 1198//1198 1199//1199
f 1193//1193 1199//1199 1172//1172
f 1172//1172 1199//1199 1200//1200
f 1172//1172 1200//1200 1173//1173
f 1168//1168 1191//1191 1169//1169
f 1169//1169 1191//1191 1188//1188
f 1169//1169 1188//1188 1187//1187
f 1187//1187 1188//1188 1172//1172
f 1187//1187 1172//1172 1184//1184
f 1184//1184 1172//1172 1174//1174
f 1184//1184 1174//1174 1186//1186
f 622//622 625//625 1201//1201
f 626//626 627//627 1202//1202
f 1197//1197 1196//1196 1203//1203
f 1197//1197 1203//1203 1204//1204
f 1204//1204 1203//1203 1205//1205
f 1204//1204 1205//1205 1206//1206
f 1206//1206 1205//1205 1207//1207
f 1207//1207 1205//1205 1208//1208
f 1207//1207 1208//1208 1209//1209
f 1209//1209 1208//1208 1210//1210
f 1210//1210 1208//1208 1202//1202
f 1210//1210 1202//1202 1211//1211
f 1211//1211 1202//1202 627//627
f 1211//1211 627//627 628//628
f 1085//1085 619//619 621//621
f 621//621 1212//1212 1085//1085
f 1085//1085 1212//1212 1213//1213
f 1085//1085 1213//1213 1088//1088
f 1088//1088 1213//1213 1214//1214
f 1088//1088 1214//1214 1089//1089
f 1089//1089 1214//1214 1215//1215
f 1089//1089 1215//1215 1086//1086
f 1086//1086 1215//1215 1194//1194
f 1086//1086 1194//1194 1087//1087
f 1196//1196 1195//1195 1203//1203
f 1203//1203 1195//1195 1216//1216
f 1203//1203 1216//1216 1205//1205
f 1205//1205 1216//1216 1217//1217
f 1205//1205 1217//1217 1208//1208
f 1208//1208 1217//1217 1218//1218
f 1208//1208 1218//1218 1202//1202
f 1202//1202 1218//1218 1201//1201
f 1202//1202 1201//1201 626//626
f 626//626 1201//1201 625//625
f 1195//1195 1194//1194 1216//1216
f 1216//1216 1194//1194 1215//1215
f 1216//1216 1215//1215 1217//1217
f 1217//1217 1215//1215 1214//1214
f 1217//1217 1214//1214 1218//1218
f 1218//1218 1214//1214 1213//1213
f 1218//1218 1213//1213 1201//1201
f 1201//1201 1213//1213 1212//1212
f 1201//1201 1212//1212 622//622
f 622//622 1212//1212 621//621
f 492//492 613//613 628//628
f 628//628 613//613 692//692
f 677//677 680//680 682//682
f 638//638 640//640 1219//1219
f 762//762 760//760 1220//1220
f 1220//1220 760//760 758//758
f 1220//1220 758//758 756//756
f 762//762 1220//1220 764//764
f 764//764 1220//1220 952//952
f 764//764 952//952 766//766
f 776//776 1221//1221 778//778
f 778//778 1221//1221 1222//1222
f 778//778 1222//1222 780//780
f 780//780 1222//1222 1223//1223
f 780//780 1223//1223 782//782
f 782//782 1223//1223 1224//1224
f 782//782 1224//1224 784//784
f 784//784 1224//1224 1225//1225
f 784//784 1225//1225 786//786
f 786//786 1225//1225 1226//1226
f 786//786 1226//1226 788//788
f 788//788 1226//1226 1227//1227
f 788//788 1227//1227 790//790
f 766//766 952//952 768//768
f 768//768 952//952 954//954
f 768//768 954//954 770//770
f 770//770 954//954 956//956
f 770//770 956//956 772//772
f 772//772 956//956 958//958
f 772//772 958//958 774//774
f 774//774 958//958 960//960
f 774//774 960//960 776//776
f 776//776 960//960 1228//1228
f 776//776 1228//1228 1221//1221
f 732//732 731//731 1229//1229
f 731//731 730//730 1229//1229
f 1229//1229 730//730 729//729
f 1229//1229 729//729 1220//1220
f 726//726 952//952 727//727
f 727//727 952//952 1220//1220
f 727//727 1220//1220 728//728
f 728//728 1220//1220 729//729
f 644//644 945//945 725//725
f 725//725 945//945 948//948
f 725//725 948//948 726//726
f 726//726 948//948 950//950
f 726//726 950//950 952//952
f 725//725 724//724 644//644
f 644//644 724//724 723//723
f 644//644 723//723 642//642
f 642//642 723//723 722//722
f 642//642 722//722 721//721
f 872//872 871//871 1230//1230
f 871//871 870//870 1230//1230
f 1230//1230 870//870 869//869
f 1230//1230 869//869 1229//1229
f 1229//1229 869//869 868//868
f 1229//1229 868//868 867//867
f 642//642 866//866 865//865
f 721//721 732//732 642//642
f 642//642 732//732 1229//1229
f 642//642 1229//1229 866//866
f 866//866 1229//1229 867//867
f 865//865 864//864 642//642
f 642//642 864//864 863//863
f 642//642 863//863 641//641
f 641//641 863//863 862//862
f 641//641 862//862 861//861
f 895//895 1219//1219 896//896
f 896//896 1219//1219 640//640
f 896//896 640//640 885//885
f 641//641 890//890 889//889
f 895//895 894//894 1219//1219
f 1219//1219 894//894 893//893
f 1219//1219 893//893 1230//1230
f 1230//1230 893//893 892//892
f 1230//1230 892//892 891//891
f 861//861 872//872 641//641
f 641//641 872//872 1230//1230
f 641//641 1230//1230 890//890
f 890//890 1230//1230 891//891
f 889//889 888//888 641//641
f 641//641 888//888 887//887
f 641//641 887//887 640//640
f 640//640 887//887 886//886
f 640//640 886//886 885//885
f 656//656 658//658 1219//1219
f 1219//1219 658//658 659//659
f 1219//1219 659//659 638//638
f 1231//1231 690//690 677//677
f 883//883 882//882 1232//1232
f 878//878 877//877 1233//1233
f 882//882 881//881 1232//1232
f 1232//1232 881//881 1143//1143
f 1232//1232 1143//1143 688//688
f 883//883 1232//1232 884//884
f 884//884 1232//1232 1234//1234
f 884//884 1234//1234 873//873
f 877//877 876//876 1233//1233
f 1233//1233 876//876 875//875
f 1233//1233 875//875 1234//1234
f 1234//1234 875//875 874//874
f 1234//1234 874//874 873//873
f 1235//1235 1131//1131 1233//1233
f 1233//1233 1131//1131 1134//1134
f 1233//1233 1134//1134 1136//1136
f 881//881 880//880 1143//1143
f 1143//1143 880//880 879//879
f 1143//1143 879//879 1142//1142
f 1142//1142 879//879 878//878
f 1142//1142 878//878 1140//1140
f 1140//1140 878//878 1233//1233
f 1140//1140 1233//1233 1138//1138
f 1138//1138 1233//1233 1136//1136
f 754//754 752//752 1233//1233
f 1235//1235 744//744 1236//1236
f 1236//1236 744//744 742//742
f 1236//1236 742//742 1237//1237
f 1237//1237 742//742 740//740
f 1237//1237 740//740 1238//1238
f 1238//1238 740//740 738//738
f 1238//1238 738//738 1239//1239
f 1239//1239 738//738 736//736
f 1239//1239 736//736 1240//1240
f 1240//1240 736//736 734//734
f 1240//1240 734//734 1241//1241
f 1241//1241 734//734 796//796
f 1241//1241 796//796 1242//1242
f 1242//1242 796//796 794//794
f 1242//1242 794//794 1243//1243
f 1243//1243 794//794 792//792
f 1243//1243 792//792 1244//1244
f 1244//1244 792//792 790//790
f 1244//1244 790//790 1245//1245
f 1245//1245 790//790 1227//1227
f 752//752 750//750 1233//1233
f 1233//1233 750//750 748//748
f 1233//1233 748//748 1235//1235
f 1235//1235 748//748 746//746
f 1235//1235 746//746 744//744
f 690//690 1231//1231 691//691
f 691//691 1231//1231 1246//1246
f 691//691 1246//1246 687//687
f 1246//1246 719//719 718//718
f 1232//1232 717//717 716//716
f 688//688 687//687 1232//1232
f 1232//1232 687//687 1246//1246
f 1232//1232 1246//1246 717//717
f 717//717 1246//1246 718//718
f 719//719 1246//1246 720//720
f 720//720 1246//1246 1247//1247
f 720//720 1247//1247 709//709
f 713//713 1234//1234 714//714
f 714//714 1234//1234 1232//1232
f 714//714 1232//1232 715//715
f 715//715 1232//1232 716//716
f 713//713 712//712 1234//1234
f 1234//1234 712//712 711//711
f 1234//1234 711//711 1247//1247
f 1247//1247 711//711 710//710
f 1247//1247 710//710 709//709
f 707//707 1231//1231 708//708
f 708//708 1231//1231 1248//1248
f 708//708 1248//1248 697//697
f 704//704 1246//1246 705//705
f 705//705 1246//1246 1231//1231
f 705//705 1231//1231 706//706
f 706//706 1231//1231 707//707
f 701//701 1247//1247 702//702
f 702//702 1247//1247 1246//1246
f 702//702 1246//1246 703//703
f 703//703 1246//1246 704//704
f 701//701 700//700 1247//1247
f 1247//1247 700//700 699//699
f 1247//1247 699//699 1248//1248
f 1248//1248 699//699 698//698
f 1248//1248 698//698 697//697
f 1248//1248 1219//1219 1247//1247
f 1247//1247 1219//1219 1230//1230
f 1247//1247 1230//1230 1234//1234
f 1234//1234 1230//1230 1229//1229
f 1234//1234 1229//1229 1233//1233
f 1233//1233 1229//1229 1220//1220
f 1233//1233 1220//1220 754//754
f 754//754 1220//1220 756//756
f 677//677 682//682 1231//1231
f 1231//1231 682//682 683//683
f 1231//1231 683//683 1248//1248
f 1248//1248 683//683 668//668
f 1248//1248 668//668 1219//1219
f 1219//1219 668//668 653//653
f 1219//1219 653//653 656//656
f 1117//1117 930//930 1113//1113
f 1113//1113 930//930 932//932
f 1113//1113 932//932 908//908
f 1117//1117 1115//1115 930//930
f 930//930 1115//1115 1114//1114
f 930//930 1114//1114 929//929
f 929//929 1114//1114 1125//1125
f 929//929 1125//1125 928//928
f 932//932 933//933 908//908
f 908//908 933//933 935//935
f 908//908 935//935 906//906
f 906//906 935//935 937//937
f 906//906 937//937 904//904
f 904//904 937//937 903//903
f 903//903 937//937 939//939
f 903//903 939//939 901//901
f 901//901 939//939 940//940
f 901//901 940//940 900//900
f 900//900 940//940 942//942
f 900//900 942//942 898//898
f 629//629 445//445 944//944
f 944//944 445//445 898//898
f 944//944 898//898 943//943
f 943//943 898//898 942//942
f 1249//1249 1250//1250 1251//1251
f 1252//1252 1253//1253 1254//1254
f 1255//1255 1256//1256 1257//1257
f 1257//1257 1256//1256 1258//1258
f 1259//1259 1260//1260 1261//1261
f 1262//1262 1263//1263 1264//1264
f 1265//1265 1266//1266 1267//1267
f 1268//1268 1269//1269 1270//1270
f 1271//1271 1272//1272 1273//1273
f 1273//1273 1272//1272 1274//1274
f 1273//1273 1274//1274 1269//1269
f 1269//1269 1274//1274 1275//1275
f 1269//1269 1275//1275 1270//1270
f 1276//1276 1277//1277 1278//1278
f 1278//1278 1277//1277 1279//1279
f 1278//1278 1279//1279 1271//1271
f 1271//1271 1279//1279 1280//1280
f 1271//1271 1280//1280 1272//1272
f 1281//1281 1282//1282 1276//1276
f 1276//1276 1282//1282 1283//1283
f 1276//1276 1283//1283 1277//1277
f 1267//1267 1284//1284 1265//1265
f 1265//1265 1284//1284 1285//1285
f 1265//1265 1285//1285 1281//1281
f 1281//1281 1285//1285 1286//1286
f 1281//1281 1286//1286 1282//1282
f 1264//1264 1287//1287 1262//1262
f 1262//1262 1287//1287 1288//1288
f 1262//1262 1288//1288 1289//1289
f 1289//1289 1288//1288 1290//1290
f 1289//1289 1290//1290 1266//1266
f 1266//1266 1290//1290 1291//1291
f 1266//1266 1291//1291 1267//1267
f 1261//1261 1292//1292 1259//1259
f 1259//1259 1292//1292 1293//1293
f 1259//1259 1293//1293 1294//1294
f 1294//1294 1293//1293 1295//1295
f 1294//1294 1295//1295 1263//1263
f 1263//1263 1295//1295 1296//1296
f 1263//1263 1296//1296 1264//1264
f 1297//1297 1298//1298 1299//1299
f 1299//1299 1298//1298 1300//1300
f 1299//1299 1300//1300 1301//1301
f 1301//1301 1300//1300 1302//1302
f 1301//1301 1302//1302 1260//1260
f 1260//1260 1302//1302 1303//1303
f 1260//1260 1303//1303 1261//1261
f 1304//1304 1305//1305 1306//1306
f 1306//1306 1305//1305 1307//1307
f 1256//1256 1308//1308 1258//1258
f 1258//1258 1308//1308 1309//1309
f 1258//1258 1309//1309 1310//1310
f 1310//1310 1309//1309 1311//1311
f 1310//1310 1311//1311 1306//1306
f 1306//1306 1311//1311 1312//1312
f 1306//1306 1312//1312 1304//1304
f 1255//1255 1257//1257 1313//1313
f 1313//1313 1257//1257 1314//1314
f 1313//1313 1314//1314 1315//1315
f 1315//1315 1314//1314 1316//1316
f 1315//1315 1316//1316 1317//1317
f 1252//1252 1254//1254 1318//1318
f 1318//1318 1254//1254 1319//1319
f 1318//1318 1319//1319 1320//1320
f 1320//1320 1319//1319 1321//1321
f 1320//1320 1321//1321 1322//1322
f 1322//1322 1321//1321 1323//1323
f 1323//1323 1321//1321 1324//1324
f 1323//1323 1324//1324 1325//1325
f 1325//1325 1324//1324 1326//1326
f 1325//1325 1326//1326 1327//1327
f 1327//1327 1326//1326 1328//1328
f 1328//1328 1326//1326 1329//1329
f 1328//1328 1329//1329 1330//1330
f 1330//1330 1329//1329 1331//1331
f 1331//1331 1329//1329 1332//1332
f 1331//1331 1332//1332 1333//1333
f 1333//1333 1332//1332 1334//1334
f 1333//1333 1334//1334 1335//1335
f 1251//1251 1336//1336 1249//1249
f 1249//1249 1336//1336 1337//1337
f 1249//1249 1337//1337 1338//1338
f 1338//1338 1337//1337 1339//1339
f 1338//1338 1339//1339 1334//1334
f 1334//1334 1339//1339 1340//1340
f 1334//1334 1340//1340 1335//1335
f 1270//1270 1341//1341 1268//1268
f 1268//1268 1341//1341 1342//1342
f 1268//1268 1342//1342 1343//1343
f 1343//1343 1342//1342 1344//1344
f 1343//1343 1344//1344 1250//1250
f 1250//1250 1344//1344 1345//1345
f 1250//1250 1345//1345 1251//1251
f 1346//1346 1316//1316 1347//1347
f 1347//1347 1316//1316 1314//1314
f 1347//1347 1314//1314 1348//1348
f 1348//1348 1314//1314 1257//1257
f 1348//1348 1257//1257 1349//1349
f 1349//1349 1257//1257 1258//1258
f 1349//1349 1258//1258 1350//1350
f 1350//1350 1258//1258 1310//1310
f 1350//1350 1310//1310 1351//1351
f 1351//1351 1310//1310 1306//1306
f 1351//1351 1306//1306 1352//1352
f 1352//1352 1306//1306 1307//1307
f 1352//1352 1307//1307 1353//1353
f 1254//1254 1354//1354 1319//1319
f 1319//1319 1354//1354 1355//1355
f 1319//1319 1355//1355 1321//1321
f 1321//1321 1355//1355 1356//1356
f 1321//1321 1356//1356 1324//1324
f 1324//1324 1356//1356 1357//1357
f 1324//1324 1357//1357 1326//1326
f 1326//1326 1357//1357 1358//1358
f 1326//1326 1358//1358 1329//1329
f 1329//1329 1358//1358 1359//1359
f 1329//1329 1359//1359 1332//1332
f 1332//1332 1359//1359 1360//1360
f 1332//1332 1360//1360 1334//1334
f 1334//1334 1360//1360 1361//1361
f 1334//1334 1361//1361 1338//1338
f 1338//1338 1361//1361 1362//1362
f 1338//1338 1362//1362 1249//1249
f 1249//1249 1362//1362 1363//1363
f 1249//1249 1363//1363 1250//1250
f 1250//1250 1363//1363 1364//1364
f 1250//1250 1364//1364 1343//1343
f 1343//1343 1364//1364 1365//1365
f 1343//1343 1365//1365 1268//1268
f 1268//1268 1365//1365 1366//1366
f 1268//1268 1366//1366 1269//1269
f 1269//1269 1366//1366 1367//1367
f 1269//1269 1367//1367 1273//1273
f 1273//1273 1367//1367 1368//1368
f 1273//1273 1368//1368 1271//1271
f 1271//1271 1368//1368 1369//1369
f 1271//1271 1369//1369 1278//1278
f 1278//1278 1369//1369 1370//1370
f 1278//1278 1370//1370 1276//1276
f 1276//1276 1370//1370 1371//1371
f 1276//1276 1371//1371 1281//1281
f 1281//1281 1371//1371 1372//1372
f 1281//1281 1372//1372 1265//1265
f 1265//1265 1372//1372 1373//1373
f 1265//1265 1373//1373 1266//1266
f 1266//1266 1373//1373 1374//1374
f 1266//1266 1374//1374 1289//1289
f 1289//1289 1374//1374 1375//1375
f 1289//1289 1375//1375 1262//1262
f 1262//1262 1375//1375 1376//1376
f 1262//1262 1376//1376 1263//1263
f 1263//1263 1376//1376 1377//1377
f 1263//1263 1377//1377 1294//1294
f 1294//1294 1377//1377 1378//1378
f 1294//1294 1378//1378 1259//1259
f 1259//1259 1378//1378 1379//1379
f 1259//1259 1379//1379 1260//1260
f 1260//1260 1379//1379 1380//1380
f 1260//1260 1380//1380 1301//1301
f 1301//1301 1380//1380 1381//1381
f 1301//1301 1381//1381 1299//1299
f 1382//1382 1346//1346 1383//1383
f 1383//1383 1346//1346 1347//1347
f 1383//1383 1347//1347 1384//1384
f 1384//1384 1347//1347 1348//1348
f 1384//1384 1348//1348 1385//1385
f 1385//1385 1348//1348 1349//1349
f 1385//1385 1349//1349 1386//1386
f 1386//1386 1349//1349 1350//1350
f 1386//1386 1350//1350 1387//1387
f 1387//1387 1350//1350 1351//1351
f 1387//1387 1351//1351 1388//1388
f 1388//1388 1351//1351 1352//1352
f 1388//1388 1352//1352 1389//1389
f 1389//1389 1352//1352 1353//1353
f 1389//1389 1353//1353 1390//1390
f 1354//1354 1391//1391 1355//1355
f 1355//1355 1391//1391 1392//1392
f 1355//1355 1392//1392 1356//1356
f 1356//1356 1392//1392 1393//1393
f 1356//1356 1393//1393 1357//1357
f 1357//1357 1393//1393 1394//1394
f 1357//1357 1394//1394 1358//1358
f 1358//1358 1394//1394 1395//1395
f 1358//1358 1395//1395 1359//1359
f 1359//1359 1395//1395 1396//1396
f 1359//1359 1396//1396 1360//1360
f 1360//1360 1396//1396 1397//1397
f 1360//1360 1397//1397 1361//1361
f 1361//1361 1397//1397 1398//1398
f 1361//1361 1398//1398 1362//1362
f 1362//1362 1398//1398 1399//1399
f 1362//1362 1399//1399 1363//1363
f 1363//1363 1399//1399 1400//1400
f 1363//1363 1400//1400 1364//1364
f 1364//1364 1400//1400 1401//1401
f 1364//1364 1401//1401 1365//1365
f 1365//1365 1401//1401 1402//1402
f 1365//1365 1402//1402 1366//1366
f 1366//1366 1402//1402 1403//1403
f 1366//1366 1403//1403 1367//1367
f 1367//1367 1403//1403 1404//1404
f 1367//1367 1404//1404 1368//1368
f 1368//1368 1404//1404 1405//1405
f 1368//1368 1405//1405 1369//1369
f 1369//1369 1405//1405 1406//1406
f 1369//1369 1406//1406 1370//1370
f 1370//1370 1406//1406 1407//1407
f 1370//1370 1407//1407 1371//1371
f 1371//1371 1407//1407 1408//1408
f 1371//1371 1408//1408 1372//1372
f 1372//1372 1408//1408 1409//1409
f 1372//1372 1409//1409 1373//1373
f 1373//1373 1409//1409 1410//1410
f 1373//1373 1410//1410 1374//1374
f 1374//1374 1410//1410 1411//1411
f 1374//1374 1411//1411 1375//1375
f 1375//1375 1411//1411 1412//1412
f 1375//1375 1412//1412 1376//1376
f 1376//1376 1412//1412 1413//1413
f 1376//1376 1413//1413 1377//1377
f 1377//1377 1413//1413 1414//1414
f 1377//1377 1414//1414 1378//1378
f 1378//1378 1414//1414 1415//1415
f 1378//1378 1415//1415 1379//1379
f 1379//1379 1415//1415 1416//1416
f 1379//1379 1416//1416 1380//1380
f 1380//1380 1416//1416 1417//1417
f 1380//1380 1417//1417 1381//1381
f 1418//1418 1382//1382 1419//1419
f 1419//1419 1382//1382 1383//1383
f 1419//1419 1383//1383 1420//1420
f 1420//1420 1383//1383 1384//1384
f 1420//1420 1384//1384 1421//1421
f 1421//1421 1384//1384 1385//1385
f 1421//1421 1385//1385 1422//1422
f 1422//1422 1385//1385 1386//1386
f 1422//1422 1386//1386 1423//1423
f 1423//1423 1386//1386 1387//1387
f 1423//1423 1387//1387 1424//1424
f 1424//1424 1387//1387 1388//1388
f 1424//1424 1388//1388 1425//1425
f 1425//1425 1388//1388 1389//1389
f 1425//1425 1389//1389 1426//1426
f 1426//1426 1389//1389 1390//1390
f 1426//1426 1390//1390 1427//1427
f 1391//1391 1428//1428 1392//1392
f 1392//1392 1428//1428 1429//1429
f 1392//1392 1429//1429 1393//1393
f 1393//1393 1429//1429 1430//1430
f 1393//1393 1430//1430 1394//1394
f 1394//1394 1430//1430 1431//1431
f 1394//1394 1431//1431 1395//1395
f 1395//1395 1431//1431 1432//1432
f 1395//1395 1432//1432 1396//1396
f 1396//1396 1432//1432 1433//1433
f 1396//1396 1433//1433 1397//1397
f 1397//1397 1433//1433 1434//1434
f 1397//1397 1434//1434 1398//1398
f 1398//1398 1434//1434 1435//1435
f 1398//1398 1435//1435 1399//1399
f 1399//1399 1435//1435 1436//1436
f 1399//1399 1436//1436 1400//1400
f 1400//1400 1436//1436 1437//1437
f 1400//1400 1437//1437 1401//1401
f 1401//1401 1437//1437 1438//1438
f 1401//1401 1438//1438 1402//1402
f 1402//1402 1438//1438 1439//1439
f 1402//1402 1439//1439 1403//1403
f 1403//1403 1439//1439 1440//1440
f 1403//1403 1440//1440 1404//1404
f 1404//1404 1440//1440 1441//1441
f 1404//1404 1441//1441 1405//1405
f 1405//1405 1441//1441 1442//1442
f 1405//1405 1442//1442 1406//1406
f 1406//1406 1442//1442 1443//1443
f 1406//1406 1443//1443 1407//1407
f 1407//1407 1443//1443 1444//1444
f 1407//1407 1444//1444 1408//1408
f 1408//1408 1444//1444 1445//1445
f 1408//1408 1445//1445 1409//1409
f 1409//1409 1445//1445 1446//1446
f 1409//1409 1446//1446 1410//1410
f 1410//1410 1446//1446 1447//1447
f 1410//1410 1447//1447 1411//1411
f 1411//1411 1447//1447 1448//1448
f 1411//1411 1448//1448 1412//1412
f 1412//1412 1448//1448 1449//1449
f 1412//1412 1449//1449 1413//1413
f 1413//1413 1449//1449 1450//1450
f 1413//1413 1450//1450 1414//1414
f 1414//1414 1450//1450 1451//1451
f 1414//1414 1451//1451 1415//1415
f 1415//1415 1451//1451 1452//1452
f 1415//1415 1452//1452 1416//1416
f 1416//1416 1452//1452 1453//1453
f 1416//1416 1453//1453 1417//1417
f 1454//1454 1418//1418 1455//1455
f 1455//1455 1418//1418 1419//1419
f 1455//1455 1419//1419 1456//1456
f 1456//1456 1419//1419 1420//1420
f 1456//1456 1420//1420 1457//1457
f 1457//1457 1420//1420 1421//1421
f 1457//1457 1421//1421 1458//1458
f 1458//1458 1421//1421 1422//1422
f 1458//1458 1422//1422 1459//1459
f 1459//1459 1422//1422 1423//1423
f 1459//1459 1423//1423 1460//1460
f 1460//1460 1423//1423 1424//1424
f 1460//1460 1424//1424 1461//1461
f 1461//1461 1424//1424 1425//1425
f 1461//1461 1425//1425 1462//1462
f 1462//1462 1425//1425 1426//1426
f 1462//1462 1426//1426 1463//1463
f 1463//1463 1426//1426 1427//1427
f 1463//1463 1427//1427 1464//1464
f 1428//1428 1465//1465 1429//1429
f 1429//1429 1465//1465 1466//1466
f 1429//1429 1466//1466 1430//1430
f 1430//1430 1466//1466 1467//1467
f 1430//1430 1467//1467 1431//1431
f 1431//1431 1467//1467 1468//1468
f 1431//1431 1468//1468 1432//1432
f 1432//1432 1468//1468 1469//1469
f 1432//1432 1469//1469 1433//1433
f 1433//1433 1469//1469 1470//1470
f 1433//1433 1470//1470 1434//1434
f 1434//1434 1470//1470 1471//1471
f 1434//1434 1471//1471 1435//1435
f 1435//1435 1471//1471 1472//1472
f 1435//1435 1472//1472 1436//1436
f 1436//1436 1472//1472 1473//1473
f 1436//1436 1473//1473 1437//1437
f 1437//1437 1473//1473 1474//1474
f 1437//1437 1474//1474 1438//1438
f 1438//1438 1474//1474 1475//1475
f 1438//1438 1475//1475 1439//1439
f 1439//1439 1475//1475 1476//1476
f 1439//1439 1476//1476 1440//1440
f 1440//1440 1476//1476 1477//1477
f 1440//1440 1477//1477 1441//1441
f 1441//1441 1477//1477 1478//1478
f 1441//1441 1478//1478 1442//1442
f 1442//1442 1478//1478 1479//1479
f 1442//1442 1479//1479 1443//1443
f 1443//1443 1479//1479 1480//1480
f 1443//1443 1480//1480 1444//1444
f 1444//1444 1480//1480 1481//1481
f 1444//1444 1481//1481 1445//1445
f 1445//1445 1481//1481 1482//1482
f 1445//1445 1482//1482 1446//1446
f 1446//1446 1482//1482 1483//1483
f 1446//1446 1483//1483 1447//1447
f 1447//1447 1483//1483 1484//1484
f 1447//1447 1484//1484 1448//1448
f 1448//1448 1484//1484 1485//1485
f 1448//1448 1485//1485 1449//1449
f 1449//1449 1485//1485 1486//1486
f 1449//1449 1486//1486 1450//1450
f 1450//1450 1486//1486 1487//1487
f 1450//1450 1487//1487 1451//1451
f 1451//1451 1487//1487 1488//1488
f 1451//1451 1488//1488 1452//1452
f 1452//1452 1488//1488 1489//1489
f 1452//1452 1489//1489 1453//1453
f 1047//1047 1454//1454 1048//1048
f 1048//1048 1454//1454 1455//1455
f 1048//1048 1455//1455 1049//1049
f 1049//1049 1455//1455 1456//1456
f 1049//1049 1456//1456 1050//1050
f 1050//1050 1456//1456 1457//1457
f 1050//1050 1457//1457 1051//1051
f 1051//1051 1457//1457 1458//1458
f 1051//1051 1458//1458 1052//1052
f 1052//1052 1458//1458 1459//1459
f 1052//1052 1459//1459 1053//1053
f 1053//1053 1459//1459 1460//1460
f 1053//1053 1460//1460 1054//1054
f 1054//1054 1460//1460 1461//1461
f 1054//1054 1461//1461 1055//1055
f 1055//1055 1461//1461 1462//1462
f 1055//1055 1462//1462 1056//1056
f 1056//1056 1462//1462 1463//1463
f 1056//1056 1463//1463 1057//1057
f 1057//1057 1463//1463 1464//1464
f 1057//1057 1464//1464 1058//1058
f 1305//1305 1297//1297 1307//1307
f 1307//1307 1297//1297 1299//1299
f 1307//1307 1299//1299 1353//1353
f 1353//1353 1299//1299 1381//1381
f 1353//1353 1381//1381 1390//1390
f 1390//1390 1381//1381 1417//1417
f 1390//1390 1417//1417 1427//1427
f 1427//1427 1417//1417 1453//1453
f 1427//1427 1453//1453 1464//1464
f 1464//1464 1453//1453 1489//1489
f 1464//1464 1489//1489 1058//1058
f 1058//1058 1489//1489 1488//1488
f 1058//1058 1488//1488 1059//1059
f 1059//1059 1488//1488 1487//1487
f 1059//1059 1487//1487 1060//1060
f 1060//1060 1487//1487 1486//1486
f 1060//1060 1486//1486 1061//1061
f 1061//1061 1486//1486 1485//1485
f 1061//1061 1485//1485 1062//1062
f 1062//1062 1485//1485 1484//1484
f 1062//1062 1484//1484 1063//1063
f 1063//1063 1484//1484 1483//1483
f 1063//1063 1483//1483 1064//1064
f 1064//1064 1483//1483 1482//1482
f 1064//1064 1482//1482 1065//1065
f 1065//1065 1482//1482 1481//1481
f 1065//1065 1481//1481 1066//1066
f 1066//1066 1481//1481 1480//1480
f 1066//1066 1480//1480 1067//1067
f 1067//1067 1480//1480 1479//1479
f 1067//1067 1479//1479 1034//1034
f 1034//1034 1479//1479 1478//1478
f 1034//1034 1478//1478 1035//1035
f 1035//1035 1478//1478 1477//1477
f 1035//1035 1477//1477 1036//1036
f 1036//1036 1477//1477 1476//1476
f 1036//1036 1476//1476 1037//1037
f 1037//1037 1476//1476 1475//1475
f 1037//1037 1475//1475 1038//1038
f 1038//1038 1475//1475 1474//1474
f 1038//1038 1474//1474 1039//1039
f 1039//1039 1474//1474 1473//1473
f 1039//1039 1473//1473 1040//1040
f 1040//1040 1473//1473 1472//1472
f 1040//1040 1472//1472 1041//1041
f 1041//1041 1472//1472 1471//1471
f 1041//1041 1471//1471 1042//1042
f 1042//1042 1471//1471 1470//1470
f 1042//1042 1470//1470 1043//1043
f 1043//1043 1470//1470 1469//1469
f 1043//1043 1469//1469 1044//1044
f 1044//1044 1469//1469 1468//1468
f 1044//1044 1468//1468 1045//1045
f 1045//1045 1468//1468 1467//1467
f 1045//1045 1467//1467 1046//1046
f 1046//1046 1467//1467 1466//1466
f 1046//1046 1466//1466 1047//1047
f 1047//1047 1466//1466 1465//1465
f 1047//1047 1465//1465 1454//1454
f 1454//1454 1465//1465 1428//1428
f 1454//1454 1428//1428 1418//1418
f 1418//1418 1428//1428 1391//1391
f 1418//1418 1391//1391 1382//1382
f 1382//1382 1391//1391 1354//1354
f 1382//1382 1354//1354 1346//1346
f 1346//1346 1354//1354 1254//1254
f 1346//1346 1254//1254 1316//1316
f 1316//1316 1254//1254 1253//1253
f 1316//1316 1253//1253 1317//1317
f 1490//1490 1491//1491 1492//1492
f 1493//1493 1494//1494 1495//1495
f 1496//1496 1497//1497 1498//1498
f 1106//1106 1499//1499 1104//1104
f 1104//1104 1499//1499 1500//1500
f 1104//1104 1500//1500 1102//1102
f 1123//1123 1121//1121 1501//1501
f 1501//1501 1121//1121 1103//1103
f 1501//1501 1103//1103 1502//1502
f 1502//1502 1103//1103 1102//1102
f 1123//1123 1503//1503 1124//1124
f 1124//1124 1503//1503 1498//1498
f 1124//1124 1498//1498 1128//1128
f 1128//1128 1498//1498 1127//1127
f 1127//1127 1498//1498 1497//1497
f 1127//1127 1497//1497 1125//1125
f 1496//1496 1498//1498 1504//1504
f 1504//1504 1498//1498 1503//1503
f 1504//1504 1503//1503 1505//1505
f 1505//1505 1503//1503 1506//1506
f 1505//1505 1506//1506 1507//1507
f 1507//1507 1506//1506 1508//1508
f 1507//1507 1508//1508 1509//1509
f 1510//1510 1511//1511 1512//1512
f 1512//1512 1511//1511 1513//1513
f 1512//1512 1513//1513 1514//1514
f 1514//1514 1513//1513 1515//1515
f 1514//1514 1515//1515 1508//1508
f 1508//1508 1515//1515 1516//1516
f 1508//1508 1516//1516 1509//1509
f 1517//1517 1518//1518 1510//1510
f 1510//1510 1518//1518 1519//1519
f 1510//1510 1519//1519 1511//1511
f 1520//1520 1521//1521 1522//1522
f 1522//1522 1521//1521 1517//1517
f 1522//1522 1517//1517 1523//1523
f 1523//1523 1517//1517 1510//1510
f 1520//1520 1522//1522 1524//1524
f 1524//1524 1522//1522 1525//1525
f 1524//1524 1525//1525 1526//1526
f 1526//1526 1525//1525 1527//1527
f 1526//1526 1527//1527 1528//1528
f 1528//1528 1527//1527 1529//1529
f 1528//1528 1529//1529 1530//1530
f 1495//1495 1494//1494 1529//1529
f 1529//1529 1494//1494 1531//1531
f 1529//1529 1531//1531 1530//1530
f 1532//1532 1533//1533 1192//1192
f 1192//1192 1533//1533 1534//1534
f 1192//1192 1534//1534 1198//1198
f 1532//1532 1192//1192 1535//1535
f 1535//1535 1192//1192 1190//1190
f 1535//1535 1190//1190 1189//1189
f 1173//1173 1200//1200 1534//1534
f 1534//1534 1200//1200 1199//1199
f 1534//1534 1199//1199 1198//1198
f 1186//1186 1174//1174 1536//1536
f 1536//1536 1174//1174 1173//1173
f 1536//1536 1173//1173 1492//1492
f 1492//1492 1173//1173 1534//1534
f 1492//1492 1534//1534 1490//1490
f 1490//1490 1534//1534 1533//1533
f 1181//1181 1183//1183 1537//1537
f 1537//1537 1183//1183 1185//1185
f 1537//1537 1185//1185 1538//1538
f 1079//1079 1087//1087 1182//1182
f 1181//1181 1537//1537 1182//1182
f 1182//1182 1537//1537 1539//1539
f 1182//1182 1539//1539 1079//1079
f 1079//1079 1539//1539 1540//1540
f 1079//1079 1540//1540 1080//1080
f 1080//1080 1540//1540 1541//1541
f 1080//1080 1541//1541 1082//1082
f 1082//1082 1541//1541 1542//1542
f 1082//1082 1542//1542 1083//1083
f 1083//1083 1542//1542 1543//1543
f 1083//1083 1543//1543 1084//1084
f 1084//1084 1543//1543 1544//1544
f 1084//1084 1544//1544 1081//1081
f 1071//1071 1075//1075 1544//1544
f 1544//1544 1075//1075 1076//1076
f 1544//1544 1076//1076 1081//1081
f 1544//1544 1545//1545 1071//1071
f 1071//1071 1545//1545 1546//1546
f 1071//1071 1546//1546 1070//1070
f 1070//1070 1546//1546 1547//1547
f 1070//1070 1547//1547 1072//1072
f 1072//1072 1547//1547 1548//1548
f 1072//1072 1548//1548 1073//1073
f 1073//1073 1548//1548 1108//1108
f 1073//1073 1108//1108 910//910
f 1123//1123 1501//1501 1503//1503
f 1503//1503 1501//1501 1502//1502
f 1503//1503 1502//1502 1506//1506
f 1506//1506 1502//1502 1549//1549
f 1506//1506 1549//1549 1508//1508
f 1508//1508 1549//1549 1550//1550
f 1508//1508 1550//1550 1514//1514
f 1514//1514 1550//1550 1551//1551
f 1514//1514 1551//1551 1512//1512
f 1512//1512 1551//1551 1552//1552
f 1512//1512 1552//1552 1510//1510
f 1510//1510 1552//1552 1553//1553
f 1510//1510 1553//1553 1523//1523
f 1523//1523 1553//1553 1554//1554
f 1523//1523 1554//1554 1522//1522
f 1522//1522 1554//1554 1555//1555
f 1522//1522 1555//1555 1525//1525
f 1525//1525 1555//1555 1556//1556
f 1525//1525 1556//1556 1527//1527
f 1527//1527 1556//1556 1557//1557
f 1527//1527 1557//1557 1529//1529
f 1529//1529 1557//1557 1558//1558
f 1529//1529 1558//1558 1495//1495
f 1491//1491 1559//1559 1492//1492
f 1492//1492 1559//1559 1560//1560
f 1492//1492 1560//1560 1536//1536
f 1536//1536 1560//1560 1538//1538
f 1536//1536 1538//1538 1186//1186
f 1186//1186 1538//1538 1185//1185
f 1102//1102 1500//1500 1502//1502
f 1502//1502 1500//1500 1499//1499
f 1502//1502 1499//1499 1549//1549
f 1549//1549 1499//1499 1561//1561
f 1549//1549 1561//1561 1550//1550
f 1550//1550 1561//1561 1562//1562
f 1550//1550 1562//1562 1551//1551
f 1551//1551 1562//1562 1563//1563
f 1551//1551 1563//1563 1552//1552
f 1552//1552 1563//1563 1564//1564
f 1552//1552 1564//1564 1553//1553
f 1553//1553 1564//1564 1565//1565
f 1553//1553 1565//1565 1554//1554
f 1554//1554 1565//1565 1566//1566
f 1554//1554 1566//1566 1555//1555
f 1555//1555 1566//1566 1567//1567
f 1555//1555 1567//1567 1556//1556
f 1556//1556 1567//1567 1568//1568
f 1556//1556 1568//1568 1557//1557
f 1557//1557 1568//1568 1569//1569
f 1557//1557 1569//1569 1558//1558
f 1559//1559 1493//1493 1560//1560
f 1560//1560 1493//1493 1495//1495
f 1560//1560 1495//1495 1538//1538
f 1538//1538 1495//1495 1558//1558
f 1538//1538 1558//1558 1537//1537
f 1537//1537 1558//1558 1569//1569
f 1537//1537 1569//1569 1539//1539
f 1539//1539 1569//1569 1568//1568
f 1539//1539 1568//1568 1540//1540
f 1540//1540 1568//1568 1567//1567
f 1540//1540 1567//1567 1541//1541
f 1541//1541 1567//1567 1566//1566
f 1541//1541 1566//1566 1542//1542
f 1542//1542 1566//1566 1565//1565
f 1542//1542 1565//1565 1543//1543
f 1543//1543 1565//1565 1564//1564
f 1543//1543 1564//1564 1544//1544
f 1544//1544 1564//1564 1563//1563
f 1544//1544 1563//1563 1545//1545
f 1545//1545 1563//1563 1562//1562
f 1545//1545 1562//1562 1546//1546
f 1546//1546 1562//1562 1561//1561
f 1546//1546 1561//1561 1547//1547
f 1547//1547 1561//1561 1499//1499
f 1547//1547 1499//1499 1548//1548
f 1548//1548 1499//1499 1106//1106
f 1548//1548 1106//1106 1108//1108
f 1189//1189 1191//1191 1160//1160
f 1160//1160 1191//1191 1168//1168
f 1160//1160 1168//1168 1158//1158
f 1158//1158 1168//1168 1167//1167
f 1158//1158 1167//1167 1156//1156
f 1156//1156 1167//1167 1155//1155
f 1167//1167 1170//1170 1155//1155
f 1155//1155 1170//1170 1197//1197
f 1155//1155 1197//1197 1153//1153
f 1153//1153 1197//1197 1204//1204
f 1153//1153 1204//1204 1151//1151
f 1151//1151 1204//1204 1206//1206
f 1151//1151 1206//1206 1149//1149
f 1149//1149 1206//1206 1207//1207
f 1149//1149 1207//1207 1148//1148
f 1148//1148 1207//1207 1209//1209
f 1148//1148 1209//1209 1146//1146
f 1146//1146 1209//1209 1210//1210
f 1146//1146 1210//1210 1144//1144
f 1144//1144 1210//1210 1211//1211
f 1144//1144 1211//1211 692//692
f 692//692 1211//1211 628//628
f 960//960 959//959 1570//1570
f 960//960 1570//1570 1228//1228
f 1228//1228 1570//1570 1571//1571
f 1228//1228 1571//1571 1221//1221
f 1221//1221 1571//1571 1572//1572
f 1221//1221 1572//1572 1222//1222
f 1222//1222 1572//1572 1573//1573
f 1222//1222 1573//1573 1223//1223
f 1223//1223 1573//1573 1574//1574
f 1223//1223 1574//1574 1224//1224
f 1224//1224 1574//1574 1575//1575
f 1224//1224 1575//1575 1225//1225
f 1225//1225 1575//1575 1576//1576
f 1225//1225 1576//1576 1226//1226
f 1226//1226 1576//1576 1577//1577
f 1226//1226 1577//1577 1227//1227
f 1227//1227 1577//1577 1578//1578
f 1227//1227 1578//1578 1245//1245
f 1245//1245 1578//1578 1579//1579
f 1245//1245 1579//1579 1244//1244
f 1244//1244 1579//1579 1580//1580
f 1244//1244 1580//1580 1243//1243
f 1243//1243 1580//1580 1581//1581
f 1243//1243 1581//1581 1242//1242
f 1242//1242 1581//1581 1582//1582
f 1242//1242 1582//1582 1241//1241
f 1241//1241 1582//1582 1583//1583
f 1241//1241 1583//1583 1240//1240
f 1240//1240 1583//1583 1584//1584
f 1240//1240 1584//1584 1239//1239
f 1239//1239 1584//1584 1585//1585
f 1239//1239 1585//1585 1238//1238
f 1238//1238 1585//1585 1586//1586
f 1238//1238 1586//1586 1237//1237
f 1237//1237 1586//1586 1587//1587
f 1237//1237 1587//1587 1236//1236
f 1236//1236 1587//1587 1588//1588
f 1236//1236 1588//1588 1235//1235
f 1235//1235 1588//1588 1132//1132
f 1235//1235 1132//1132 1131//1131
f 1589//1589 1590//1590 1591//1591
f 1591//1591 1590//1590 1592//1592
f 1591//1591 1592//1592 1593//1593
f 1593//1593 1592//1592 1594//1594
f 1593//1593 1594//1594 1159//1159
f 1159//1159 1594//1594 1160//1160
f 1589//1589 1591//1591 1595//1595
f 1595//1595 1591//1591 1596//1596
f 1595//1595 1596//1596 1597//1597
f 1597//1597 1596//1596 1598//1598
f 1597//1597 1598//1598 1599//1599
f 1599//1599 1598//1598 1600//1600
f 1599//1599 1600//1600 1601//1601
f 1601//1601 1600//1600 1602//1602
f 1602//1602 1600//1600 1603//1603
f 1602//1602 1603//1603 1604//1604
f 1604//1604 1603//1603 1605//1605
f 1605//1605 1603//1603 1606//1606
f 1605//1605 1606//1606 1607//1607
f 1607//1607 1606//1606 1608//1608
f 1608//1608 1606//1606 1609//1609
f 1608//1608 1609//1609 1610//1610
f 1610//1610 1609//1609 1611//1611
f 1610//1610 1611//1611 1612//1612
f 1612//1612 1611//1611 1613//1613
f 1613//1613 1611//1611 1614//1614
f 1613//1613 1614//1614 1615//1615
f 1615//1615 1614//1614 1616//1616
f 1616//1616 1614//1614 1617//1617
f 1616//1616 1617//1617 1618//1618
f 1618//1618 1617//1617 1619//1619
f 1618//1618 1619//1619 1620//1620
f 1620//1620 1619//1619 1621//1621
f 1621//1621 1619//1619 1622//1622
f 1621//1621 1622//1622 1623//1623
f 1623//1623 1622//1622 1624//1624
f 1624//1624 1622//1622 1625//1625
f 1624//1624 1625//1625 1626//1626
f 1626//1626 1625//1625 1627//1627
f 1626//1626 1627//1627 1628//1628
f 1629//1629 1630//1630 1631//1631
f 1631//1631 1630//1630 1632//1632
f 1631//1631 1632//1632 1633//1633
f 1633//1633 1632//1632 1634//1634
f 1633//1633 1634//1634 1635//1635
f 1635//1635 1634//1634 1636//1636
f 1635//1635 1636//1636 1627//1627
f 1627//1627 1636//1636 1637//1637
f 1627//1627 1637//1637 1628//1628
f 1629//1629 1631//1631 1638//1638
f 1638//1638 1631//1631 1639//1639
f 1638//1638 1639//1639 1640//1640
f 1640//1640 1639//1639 926//926
f 1640//1640 926//926 928//928
f 967//967 926//926 1641//1641
f 1641//1641 926//926 1639//1639
f 1641//1641 1639//1639 1642//1642
f 1642//1642 1639//1639 1631//1631
f 1642//1642 1631//1631 1643//1643
f 1643//1643 1631//1631 1633//1633
f 1643//1643 1633//1633 1644//1644
f 1644//1644 1633//1633 1635//1635
f 1644//1644 1635//1635 1645//1645
f 1645//1645 1635//1635 1627//1627
f 1645//1645 1627//1627 1646//1646
f 1646//1646 1627//1627 1625//1625
f 1646//1646 1625//1625 1647//1647
f 1647//1647 1625//1625 1622//1622
f 1647//1647 1622//1622 1648//1648
f 1648//1648 1622//1622 1619//1619
f 1648//1648 1619//1619 1649//1649
f 1649//1649 1619//1619 1617//1617
f 1649//1649 1617//1617 1650//1650
f 1650//1650 1617//1617 1614//1614
f 1650//1650 1614//1614 1651//1651
f 1651//1651 1614//1614 1611//1611
f 1651//1651 1611//1611 1652//1652
f 1652//1652 1611//1611 1609//1609
f 1652//1652 1609//1609 1653//1653
f 1653//1653 1609//1609 1606//1606
f 1653//1653 1606//1606 1654//1654
f 1654//1654 1606//1606 1603//1603
f 1654//1654 1603//1603 1655//1655
f 1655//1655 1603//1603 1600//1600
f 1655//1655 1600//1600 1656//1656
f 1656//1656 1600//1600 1598//1598
f 1656//1656 1598//1598 1657//1657
f 1657//1657 1598//1598 1596//1596
f 1657//1657 1596//1596 1658//1658
f 1658//1658 1596//1596 1591//1591
f 1658//1658 1591//1591 1659//1659
f 1659//1659 1591//1591 1593//1593
f 1659//1659 1593//1593 1166//1166
f 1166//1166 1593//1593 1159//1159
f 959//959 967//967 1570//1570
f 1570//1570 967//967 1641//1641
f 1570//1570 1641//1641 1571//1571
f 1571//1571 1641//1641 1642//1642
f 1571//1571 1642//1642 1572//1572
f 1572//1572 1642//1642 1643//1643
f 1572//1572 1643//1643 1573//1573
f 1573//1573 1643//1643 1644//1644
f 1573//1573 1644//1644 1574//1574
f 1574//1574 1644//1644 1645//1645
f 1574//1574 1645//1645 1575//1575
f 1575//1575 1645//1645 1646//1646
f 1575//1575 1646//1646 1576//1576
f 1576//1576 1646//1646 1647//1647
f 1576//1576 1647//1647 1577//1577
f 1577//1577 1647//1647 1648//1648
f 1577//1577 1648//1648 1578//1578
f 1578//1578 1648//1648 1649//1649
f 1578//1578 1649//1649 1579//1579
f 1579//1579 1649//1649 1650//1650
f 1579//1579 1650//1650 1580//1580
f 1580//1580 1650//1650 1651//1651
f 1580//1580 1651//1651 1581//1581
f 1581//1581 1651//1651 1652//1652
f 1581//1581 1652//1652 1582//1582
f 1582//1582 1652//1652 1653//1653
f 1582//1582 1653//1653 1583//1583
f 1583//1583 1653//1653 1654//1654
f 1583//1583 1654//1654 1584//1584
f 1584//1584 1654//1654 1655//1655
f 1584//1584 1655//1655 1585//1585
f 1585//1585 1655//1655 1656//1656
f 1585//1585 1656//1656 1586//1586
f 1586//1586 1656//1656 1657//1657
f 1586//1586 1657//1657 1587//1587
f 1587//1587 1657//1657 1658//1658
f 1587//1587 1658//1658 1588//1588
f 1588//1588 1658//1658 1659//1659
f 1588//1588 1659//1659 1132//1132
f 1132//1132 1659//1659 1166//1166
f 1283//1283 1282//1282 1526//1526
f 1189//1189 1160//1160 1594//1594
f 1526//1526 1282//1282 1524//1524
f 1524//1524 1282//1282 1286//1286
f 1524//1524 1286//1286 1520//1520
f 1286//1286 1285//1285 1520//1520
f 1520//1520 1285//1285 1284//1284
f 1520//1520 1284//1284 1521//1521
f 1521//1521 1284//1284 1267//1267
f 1505//1505 1507//1507 1295//1295
f 1295//1295 1507//1507 1509//1509
f 1295//1295 1509//1509 1296//1296
f 1296//1296 1509//1509 1516//1516
f 1296//1296 1516//1516 1264//1264
f 1264//1264 1516//1516 1515//1515
f 1264//1264 1515//1515 1287//1287
f 1287//1287 1515//1515 1513//1513
f 1287//1287 1513//1513 1288//1288
f 1288//1288 1513//1513 1511//1511
f 1288//1288 1511//1511 1290//1290
f 1290//1290 1511//1511 1519//1519
f 1290//1290 1519//1519 1291//1291
f 1291//1291 1519//1519 1518//1518
f 1291//1291 1518//1518 1267//1267
f 1267//1267 1518//1518 1517//1517
f 1267//1267 1517//1517 1521//1521
f 1640//1640 928//928 1125//1125
f 1526//1526 1528//1528 1283//1283
f 1283//1283 1528//1528 1530//1530
f 1283//1283 1530//1530 1277//1277
f 1277//1277 1530//1530 1531//1531
f 1277//1277 1531//1531 1279//1279
f 1279//1279 1531//1531 1494//1494
f 1279//1279 1494//1494 1280//1280
f 1280//1280 1494//1494 1493//1493
f 1280//1280 1493//1493 1272//1272
f 1272//1272 1493//1493 1559//1559
f 1272//1272 1559//1559 1274//1274
f 1274//1274 1559//1559 1491//1491
f 1274//1274 1491//1491 1275//1275
f 1275//1275 1491//1491 1490//1490
f 1275//1275 1490//1490 1270//1270
f 1270//1270 1490//1490 1533//1533
f 1270//1270 1533//1533 1341//1341
f 1341//1341 1533//1533 1532//1532
f 1341//1341 1532//1532 1342//1342
f 1342//1342 1532//1532 1535//1535
f 1342//1342 1535//1535 1344//1344
f 1344//1344 1535//1535 1189//1189
f 1344//1344 1189//1189 1345//1345
f 1345//1345 1189//1189 1594//1594
f 1345//1345 1594//1594 1251//1251
f 1251//1251 1594//1594 1592//1592
f 1251//1251 1592//1592 1336//1336
f 1336//1336 1592//1592 1590//1590
f 1336//1336 1590//1590 1337//1337
f 1337//1337 1590//1590 1589//1589
f 1337//1337 1589//1589 1339//1339
f 1339//1339 1589//1589 1595//1595
f 1339//1339 1595//1595 1340//1340
f 1340//1340 1595//1595 1597//1597
f 1340//1340 1597//1597 1335//1335
f 1597//1597 1599//1599 1335//1335
f 1335//1335 1599//1599 1601//1601
f 1335//1335 1601//1601 1333//1333
f 1333//1333 1601//1601 1602//1602
f 1333//1333 1602//1602 1331//1331
f 1331//1331 1602//1602 1604//1604
f 1331//1331 1604//1604 1330//1330
f 1256//1256 1628//1628 1308//1308
f 1308//1308 1628//1628 1637//1637
f 1308//1308 1637//1637 1309//1309
f 1330//1330 1604//1604 1328//1328
f 1328//1328 1604//1604 1605//1605
f 1328//1328 1605//1605 1327//1327
f 1327//1327 1605//1605 1607//1607
f 1327//1327 1607//1607 1325//1325
f 1325//1325 1607//1607 1608//1608
f 1325//1325 1608//1608 1323//1323
f 1323//1323 1608//1608 1610//1610
f 1323//1323 1610//1610 1322//1322
f 1322//1322 1610//1610 1612//1612
f 1322//1322 1612//1612 1320//1320
f 1320//1320 1612//1612 1613//1613
f 1320//1320 1613//1613 1318//1318
f 1318//1318 1613//1613 1615//1615
f 1318//1318 1615//1615 1252//1252
f 1252//1252 1615//1615 1616//1616
f 1252//1252 1616//1616 1253//1253
f 1253//1253 1616//1616 1618//1618
f 1253//1253 1618//1618 1317//1317
f 1317//1317 1618//1618 1620//1620
f 1317//1317 1620//1620 1315//1315
f 1315//1315 1620//1620 1621//1621
f 1315//1315 1621//1621 1313//1313
f 1313//1313 1621//1621 1623//1623
f 1313//1313 1623//1623 1255//1255
f 1255//1255 1623//1623 1624//1624
f 1255//1255 1624//1624 1256//1256
f 1256//1256 1624//1624 1626//1626
f 1256//1256 1626//1626 1628//1628
f 1309//1309 1637//1637 1311//1311
f 1311//1311 1637//1637 1636//1636
f 1311//1311 1636//1636 1312//1312
f 1312//1312 1636//1636 1634//1634
f 1312//1312 1634//1634 1304//1304
f 1295//1295 1293//1293 1505//1505
f 1505//1505 1293//1293 1292//1292
f 1505//1505 1292//1292 1504//1504
f 1504//1504 1292//1292 1261//1261
f 1504//1504 1261//1261 1496//1496
f 1496//1496 1261//1261 1303//1303
f 1496//1496 1303//1303 1497//1497
f 1497//1497 1303//1303 1302//1302
f 1497//1497 1302//1302 1125//1125
f 1125//1125 1302//1302 1300//1300
f 1125//1125 1300//1300 1640//1640
f 1640//1640 1300//1300 1638//1638
f 1634//1634 1632//1632 1304//1304
f 1304//1304 1632//1632 1630//1630
f 1304//1304 1630//1630 1305//1305
f 1305//1305 1630//1630 1629//1629
f 1305//1305 1629//1629 1297//1297
f 1297//1297 1629//1629 1638//1638
f 1297//1297 1638//1638 1298//1298
f 1298//1298 1638//1638 1300//1300

